tree
version=v4
num_class=1
num_tree_per_iteration=1
label_index=0
max_feature_idx=17
objective=quantile
feature_names=log_tiv tiv_per_building_age building_age_winsor inspection_score_imputed prior_claim_count deductible report_lag_days state_freq occ_freq state_mean_loss state_loss_prob tiv_x_sprinkler sprinkler_flag state occupancy_class equipment_type construction_type_imputed peril
feature_infos=[9.1760902404785156:16.46375846862793] [178.92013549804688:3383716.25] [0:50] [60:100] [0:3] [1000:25000] [0:44] [416769:424163] [1044854:1054362] [6647.80078125:8052.443359375] [0.19909045100212097:0.20603416860103607] [0:15.882904052734375] [0:1] -1:48:49:31:41:19:14:16:12:24:35:4:40:10:8:21:3:20:17:9:32:29:44:2:28:5:30:0:27:22:43:37:33:26:45:34:38:7:1:11:36:23:6:15:25:13:18:47:39:46:42 -1:7:14:1:4:12:5:19:0:10:3:8:18:16:11:13:2:15:9:6:17 -1:6:2:5:7:9:8:0:10:4:1:11:3 -1:3:0:5:1:4:2:6 -1:1:4:0:3:2
tree_sizes=5739 5964 5988 5995 6032 6006 6057 6042 6082 6145 6118 6164 6158 6211 6188 6212 6255 6215 6274 6267 6335 6339 6350 6365 6385 6449 6383 6373 6390 6398 6399 6425 6426 6476 6471 6488 6441 6483 6411 6472 6439 6456 6481 6487 6470 6510 6470 6522 6470 6455 6466 6452 6483 6502 6494 6529 6452 6455 6480 6469 6482 6442 6490 6481 6472 6448 6475 6472 6464 6467 6457 6468 6407 6419 6454 6409 6436 6362 6547 6321 6400 6402 6424 6404 6322 6293 6346 6335 6330 6411 6376 6423 6366 6398 6278 6330 6361 6285 6326 6306 6309 6341 6213 6273 6290 6228 6264 6350 6280 6424 6246 6246 6109 6247 6134 6243 6216 6277 6262 6166 6209 6183

Tree=0
num_leaves=63
num_cat=34
split_feature=0 0 0 17 11 17 17 11 11 17 17 0 0 11 17 17 11 11 0 0 0 11 0 11 11 0 17 0 17 17 11 13 0 13 13 0 13 17 0 13 13 13 0 14 13 11 17 13 13 13 17 13 13 0 14 13 14 13 11 13 14 14
split_gain=6030.02 1259.39 853.137 828.863 583.877 450.978 420.998 330.605 179.307 165.033 148.038 116.503 115.395 107.263 88.5115 76.8565 102.76 76.0224 68.3414 65.9207 60.9783 60.9288 57.9699 53.2042 49.6619 45.5133 44.566 39.6654 36.8778 34.3271 33.7898 29.3202 27.7026 27.2414 26.4845 25.4135 30.7093 24.0481 21.8898 20.4644 20.3546 19.7874 19.3465 19.0178 24.8345 18.8559 19.5956 18.4789 17.8334 17.4175 16.7508 17.5404 16.1559 15.8506 15.801 14.4473 14.2351 14.1499 14.0092 15.6499 13.7288 13.5397
threshold=13.909818172454836 14.432618141174318 13.400704860687258 0 13.909296512603762 1 2 13.399506568908693 13.399506568908693 3 4 12.955071449279787 14.622321128845217 14.313736915588381 5 6 12.947035789489748 13.909296512603762 14.155711174011232 13.629689216613771 14.155711174011232 14.155622959136965 13.69789505004883 14.313736915588381 14.623640537261965 13.651602268218996 7 14.622321128845217 8 9 14.434037685394289 10 13.251674175262453 11 12 14.096644878387453 13 14 14.155711174011232 15 16 17 12.392510890960695 18 19 12.947035789489748 20 21 22 23 24 25 26 13.651602268218996 27 28 29 30 14.313736915588381 31 32 33
decision_type=2 2 2 1 2 1 1 2 2 1 1 2 2 2 1 1 2 2 2 2 2 2 2 2 2 2 1 2 1 1 2 1 2 1 1 2 1 1 2 1 1 1 2 1 1 2 1 1 1 1 1 1 1 2 1 1 1 1 2 1 1 1
left_child=2 3 11 4 14 7 12 19 10 21 22 42 23 27 35 16 32 28 -11 -4 49 55 -7 31 -15 -9 47 48 38 40 33 -3 -13 -31 -32 36 -2 53 -5 -37 61 -29 -1 44 -22 46 -17 60 -8 -16 51 -26 -28 -10 -53 -6 -35 -20 -23 -60 -25 -14
right_child=1 6 5 17 9 8 13 25 37 18 -12 15 29 24 20 45 -18 -19 57 -21 43 58 -24 26 50 -27 52 41 -30 30 34 -33 -34 56 -36 39 -38 -39 -40 -41 -42 -43 -44 -45 -46 -47 -48 -49 -50 -51 -52 54 -54 -55 -56 -57 -58 -59 59 -61 -62 -63
leaf_value=87302.544042968744 106002.669140625 107238.63333425336 97821.803515624997 97059.047265625006 97377.97625237405 94552.435546875 134117.84414062501 93116.429296874994 91124.546484374994 94594.788671874994 92066.088671874997 93441.545703124997 157648.86535495816 94983.919921875 101991.05370671302 91758.785937499997 90956.769921875006 92613.421093750003 104405.33887231947 101223.556640625 103467.41202324927 101144.28164758607 97208.552734375 105147.40041039287 102653.22427248582 95712.748828124997 105048.54257812499 105555.82070312501 93874.789793877309 125648.51914062499 116218.49551685974 117149.616015625 96380.759765625 119616.34414062501 105458.62851562499 141889.09156689941 104241.091015625 89831.719140625006 99685.950390625003 118268.64471483231 125860.61601562501 143011.92226562501 88778.544798354531 104463.369140625 161376.70976562501 89159.437109374994 89711.912109375 108185.01904531009 96945.123046875 99661.478515625 99683.125390625006 155632.56319070459 99613.755078125003 92572.972044894661 108170.11690002083 100260.442578125 136825.53930626361 96620.593359374994 104775.747265625 102667.64882812501 217900.166015625 125353.20976562501
leaf_weight=9377837 7816 7216 63806 24793 26737 159241 3774 161305 324271 117022 228620 140101 3356 22617 20904 390026 453329 181713 27799 50530 5675 22107 70887 1797 5155 106604 9276 4813 38883 2446 11574 7281 54576 2808 11725 8643 12621 537722 14405 10577 8449 5414 5648115 15799 7421 1817035 390107 6470 6270 28998 11399 2315 13152 210406 4149 31684 4555 38389 3406 7719 3042 4868
leaf_count=9377837 7816 7216 63806 24793 26737 159241 3774 161305 324271 117022 228620 140101 3356 22617 20904 390026 453329 181713 27799 50530 5675 22107 70887 1797 5155 106604 9276 4813 38883 2446 11574 7281 54576 2808 11725 8643 12621 537722 14405 10577 8449 5414 5648115 15799 7421 1817035 390107 6470 6270 28998 11399 2315 13152 210406 4149 31684 4555 38389 3406 7719 3042 4868
internal_value=90666.1 90666.2 90666.1 90666.2 90666.2 90666.1 90666.2 90666.2 90666.1 90666.2 90666.1 90666.1 90666.2 90666.2 90666.2 90666.1 90666.1 90666.1 90666.2 90666.2 90666.2 90666.2 90666.2 90666.2 90666.2 90666.1 90666.2 90666.2 90666.2 90666.2 90666.2 90666.2 90666.1 90666.2 90666.2 90666.2 90666.2 90666.1 90666.2 90666.2 90666.2 90666.2 90666.1 90666.2 90666.2 90666.1 90666.1 90666.2 90666.2 90666.2 90666.2 90666.2 90666.2 90666.1 90666.2 90666.2 90666.2 90666.2 90666.2 90666.2 90666.2 90666.2
internal_weight=2.10016e+07 817032 2.01845e+07 653111 393317 1.91339e+06 163921 382245 1.53115e+06 274863 458748 1.82711e+07 98015 65906 118454 3.24517e+06 648006 259794 183210 114336 78797 91653 230128 48234 45635 267909 33737 20271 78081 49781 33108 14497 194677 9809 23299 39657 20437 1.0724e+06 39198 19220 16673 10227 1.5026e+07 28895 13096 2.59717e+06 780133 11309 10044 49902 23018 11619 22428 534677 6464 58421 7363 66188 33232 11125 4839 8224
internal_count=21001550 817032 20184518 653111 393317 1913392 163921 382245 1531147 274863 458748 18271126 98015 65906 118454 3245174 648006 259794 183210 114336 78797 91653 230128 48234 45635 267909 33737 20271 78081 49781 33108 14497 194677 9809 23299 39657 20437 1072399 39198 19220 16673 10227 15025952 28895 13096 2597168 780133 11309 10044 49902 23018 11619 22428 534677 6464 58421 7363 66188 33232 11125 4839 8224
cat_boundaries=0 1 2 3 4 5 6 7 8 9 10 12 14 16 18 19 21 23 25 26 28 29 31 33 35 36 38 40 41 43 44 46 48 49 50
cat_threshold=19 2 19 2 17 2 2 2 8 2 954505639 151766 2571177601 65664 764987570 226407 831259394 128085 17 3327293191 173392 954477756 165723 2068494070 49665 213655 365015566 121108 17 1194634369 23612 2483753202 84801 3162589292 169254 8 739396896 159677 773547185 75424 418688 1308526048 10480 788938 426159448 186376 693180448 87808 42539 598574
is_linear=0
shrinkage=1


Tree=1
num_leaves=63
num_cat=30
split_feature=0 0 0 17 17 11 17 11 0 11 17 11 17 0 11 17 0 0 17 11 11 11 11 11 0 0 17 17 0 0 13 13 17 17 13 0 13 17 13 2 2 13 2 14 13 14 0 13 0 0 13 14 2 13 13 2 13 13 14 13 1 2
split_gain=3934.55 831.527 555.119 466.27 406.542 348.558 287.856 213.774 138.714 116.522 99.5252 98.1367 92.1981 73.724 71.1246 67.6616 47.3078 44.2294 43.8476 60.3326 40.6625 34.0372 33.4097 32.1842 31.5182 29.8425 27.1262 26.8613 26.1345 23.9395 22.8675 21.76 20.9822 20.9498 20.4867 17.6722 17.453 16.1736 14.3776 19.045 12.5683 14.2405 12.4211 13.6463 12.1167 11.2804 11.2024 11.097 11.0441 11.0342 11.1001 10.959 10.9275 12.1617 11.7077 10.3652 12.5331 10.1678 10.09 9.78251 10.3749 9.73147
threshold=13.839263916015627 14.314603328704836 13.302617073059084 0 1 13.83748769760132 2 13.302361011505129 14.622321128845217 13.302361011505129 3 14.313736915588381 4 12.779411792755129 14.313736915588381 5 13.548122406005861 13.566926002502443 6 12.779411792755129 13.83748769760132 14.623640537261965 14.041472911834719 14.434037685394289 13.587957859039308 14.096644878387453 7 8 13.993391513824465 14.622321128845217 9 10 11 12 13 13.157667160034181 14 15 16 46.500000000000007 24.500000000000004 17 20.500000000000004 18 19 20 11.953825473785402 21 13.587957859039308 14.096644878387453 22 23 41.500000000000007 24 25 40.500000000000007 26 27 28 29 17798.624023437504 42.500000000000007
decision_type=2 2 2 1 1 2 1 2 2 2 1 2 1 2 2 1 2 2 1 2 2 2 2 2 2 2 1 1 2 2 1 1 1 1 1 2 1 1 1 2 2 1 2 1 1 1 2 1 2 2 1 1 2 1 1 2 1 1 1 1 2 2
left_child=2 3 13 5 8 15 7 16 11 12 25 26 17 46 29 38 59 -8 19 35 33 -16 -12 30 -9 -7 31 47 55 32 -10 -3 44 49 42 -15 -28 48 39 -2 -29 -42 51 -44 45 -6 -1 -13 -11 -5 -51 -25 53 -30 -54 -17 -57 -18 -41 -4 -61 -59
right_child=1 4 6 20 14 10 9 24 23 37 22 27 -14 18 21 28 57 -19 -20 -21 -22 -23 -24 34 -26 -27 36 40 52 -31 -32 -33 -34 -35 -36 -37 -38 -39 -40 58 41 -43 43 -45 -46 -47 -48 -49 -50 50 -52 -53 54 -55 -56 56 -58 61 -60 60 -62 -63
leaf_value=-3590.3997119140622 17119.12060546875 224363.24419921875 4638.9557617187502 5680.7094757496197 54191.056347656253 6743.2438085937501 2685.72900390625 1833.8441601562504 57182.029284686818 82.731099370420282 3079.1146790052671 11232.892797734496 894.16981928894313 1928.9544007072736 4018.1187890625001 6084.8997070312507 8561.8363867187491 5293.3079101562507 -1211.5649217637535 -300.2256054687503 1310.7070703125 12389.24034887571 6512.1262943799802 131717.69357421875 4332.9547977970542 10151.544833674037 15623.072512670071 10433.762743884028 12824.059660429433 17810.496464843753 37894.009870114154 22710.262083287336 5889.6417603061345 2327.8087902919201 20543.486386718752 4501.4338867187498 15580.192422071994 -1140.8476959860143 15248.368795148135 19734.316542968751 14258.994257377759 7808.6497478322317 31257.102011718755 18614.512949218752 8961.1532226562504 10435.527986024246 -2445.6905220015879 21515.086308593753 1323.545929005267 8219.8376881843815 7349.0235742187506 17814.411386718752 10768.63076171875 10606.533261718751 12322.998886718749 80285.041113281259 6039.298735866696 8004.5331054687504 18979.536230468751 8591.9934523859611 4887.7012232173975 10667.008105468751
leaf_weight=5197135 13900 3684 28053 30708 2224 71100 168399 208186 4273 418833 117819 6298 277934 200603 44662 27336 18345 111523 3454311 603539 207587 23018 90935 1742 117799 33057 8542 18018 16016 10227 10511 6010 9341 44401 17551 59425 10640 653778 27004 1444 11264 14660 4631 6641 5255 2656 8171934 16045 232738 4444 9826 4432 7031 18418 7435 3337 9714 30359 2570 19040 31487 11722
leaf_count=5197135 13900 3684 28053 30708 2224 71100 168399 208186 4273 418833 117819 6298 277934 200603 44662 27336 18345 111523 3454311 603539 207587 23018 90935 1742 117799 33057 8542 18018 16016 10227 10511 6010 9341 44401 17551 59425 10640 653778 27004 1444 11264 14660 4631 6641 5255 2656 8171934 16045 232738 4444 9826 4432 7031 18418 7435 3337 9714 30359 2570 19040 31487 11722
internal_value=-4.30666e-05 0.00303972 -0.000194995 0.00221126 0.00558357 0.00323129 0.000530777 0.00164366 0.00726226 0.00025303 0.0023171 0.006144 0.000857878 -0.000290531 0.00308398 0.00536305 0.00328545 0.00149836 -0.000110908 0.00020776 0.000675365 0.00218913 0.00168694 0.00940137 0.000943625 0.00357956 0.00857674 0.00508422 0.00456462 0.00512401 0.0113574 0.0107485 0.0040954 0.00156704 0.00857506 0.000844471 0.00746973 -5.45745e-06 0.00694758 0.00805864 0.00436224 0.0050682 0.00980047 0.0107935 0.00567102 0.00747648 -0.000348545 0.00649928 0.000170838 0.00232753 0.00347688 0.0080034 0.00534254 0.00485808 0.00649571 0.00362385 0.00478312 0.00433732 0.0110969 0.00247658 0.00289266 0.00476728
internal_weight=2.10016e+07 986407 2.00151e+07 744082 242325 447116 2.3282e+06 464991 144942 1.8632e+06 312911 95161 557856 1.76869e+07 97383 134205 139006 279922 4.31788e+06 863567 296966 67680 208754 49781 325985 104157 28876 66285 89287 29703 14784 9694 19476 89379 34997 260028 19182 1.30535e+06 44918 17914 43942 25924 17446 11272 10135 4880 1.33691e+07 22343 651571 44978 14270 6174 48900 34434 14466 40387 13051 60426 4014 78580 50527 42081
internal_count=21001550 986407 20015143 744082 242325 447116 2328196 464991 144942 1863205 312911 95161 557856 17686947 97383 134205 139006 279922 4317878 863567 296966 67680 208754 49781 325985 104157 28876 66285 89287 29703 14784 9694 19476 89379 34997 260028 19182 1305349 44918 17914 43942 25924 17446 11272 10135 4880 13369069 22343 651571 44978 14270 6174 48900 34434 14466 40387 13051 60426 4014 78580 50527 42081
cat_boundaries=0 1 2 3 4 5 6 7 8 9 11 13 14 15 17 19 20 22 24 25 27 28 30 32 33 35 37 39 41 42 44
cat_threshold=19 19 2 2 17 2 2 2 2 539013258 22558 2232850056 135009 8 8 1016625556 152407 1690623288 186444 17 3771469570 91413 452260027 45064 659690 2427542763 197443 406298 13383427 2144 329925313 172176 700432 104267410 76088 2580451923 148937 304089218 174118 1381761284 39956 154696 421272596 132803
is_linear=0
shrinkage=0.05


Tree=2
num_leaves=63
num_cat=30
split_feature=0 17 0 0 11 17 11 0 0 11 17 17 17 0 11 11 11 0 0 0 11 17 11 0 0 17 0 17 2 1 13 2 13 0 13 11 13 13 13 13 17 13 11 17 0 13 11 14 2 13 13 13 11 2 0 13 14 14 13 17 13 13
split_gain=2672.21 530.544 417.329 380.377 271.665 182.918 144.629 123.317 84.9449 78.6192 73.0948 64.2711 60.7424 48.5414 41.632 39.0233 34.4339 32.5453 30.3987 29.5082 28.4704 24.4444 31.4471 24.0282 23.0744 22.7833 19.7208 18.0647 14.2156 15.3542 31.592 14.1988 17.58 13.2719 13.7334 12.6897 17.3335 12.202 11.9149 11.569 11.4715 11.3727 10.9504 10.0607 9.89099 9.80203 9.7796 9.66584 9.03562 9.01041 8.99468 8.85809 8.79127 8.74716 8.55634 8.26295 9.15897 8.20594 12.6727 8.19919 8.15307 7.92801
threshold=13.779185295104982 0 14.314603328704836 13.203817367553713 13.777431964874269 1 13.203726291656496 14.432618141174318 14.622321128845217 13.203726291656496 2 3 4 12.656338214874269 13.777431964874269 14.313736915588381 13.99107074737549 13.51217555999756 13.566926002502443 13.993391513824465 14.313736915588381 5 12.65617895126343 14.096644878387453 13.478944778442385 6 14.096644878387453 7 39.500000000000007 81508.265625000015 8 45.500000000000007 9 14.622321128845217 10 14.434037685394289 11 12 13 14 15 16 14.623640537261965 17 13.022127628326418 18 13.547282218933107 19 18.500000000000004 20 21 22 14.095565319061281 24.500000000000004 11.953825473785402 23 24 25 26 27 28 29
decision_type=2 1 2 2 2 1 2 2 2 2 1 1 1 2 2 2 2 2 2 2 2 1 2 2 2 1 2 1 2 2 1 2 1 2 1 2 1 1 1 1 1 1 2 1 2 1 2 1 2 1 1 1 2 2 2 1 1 1 1 1 1 1
left_child=3 2 4 13 12 6 17 14 15 11 23 18 31 54 26 39 -12 -5 -7 -14 33 22 44 49 -8 35 59 55 41 45 -31 38 -33 -9 -35 36 47 48 -2 -4 46 -27 -22 50 -15 -30 -11 -10 -37 -6 -28 -25 -16 61 -1 -17 -57 58 -36 -3 -19 -29
right_child=1 7 8 5 10 9 24 20 25 40 16 -13 19 21 52 27 -18 60 -20 -21 42 -23 -24 51 -26 28 43 53 29 30 -32 32 -34 34 57 37 -38 -39 -40 -41 -42 -43 -44 -45 -46 -47 -48 -49 -50 -51 -52 -53 -54 -55 -56 56 -58 -59 -60 -61 -62 -63
leaf_value=-3410.8797263183587 14175.58057450098 5346.0348191812691 16660.966364257813 4970.6659568956129 7690.7856009861898 2339.0656591796878 998.10429589843773 10218.35473514578 51797.411103381637 -213.86426981227052 2336.4737888050036 364.42131249443776 6480.1272802734384 1106.05668067191 396.70564257812441 13405.283775997401 5331.1163610622516 7626.268286132813 4661.5404289977259 10987.268403697279 3900.9769707031251 -1492.2325351618122 -624.54980842223813 12772.066488436994 3127.4902333984378 17233.410514196075 6464.4106767578123 55341.503483899549 19878.827244835436 31931.07469545248 27529.981754882814 10916.932903320314 14005.450505506247 12909.813438476564 145428.69156347655 30932.798583007814 47533.304710871627 22288.226129882813 16263.164575195313 21574.748979122967 -1345.3519316069492 24643.584453734409 11769.778331431924 3872.1815472908274 2812.1796823083869 17774.722035210023 1193.556707455987 37716.75080621105 29694.246911132814 4540.49212195161 8157.8199710595309 6710.4107496215865 2676.4170292968747 10346.922219639639 -2481.0757216301472 24680.363164050668 14115.979407847772 21561.696641601564 15887.109141601564 1469.799417214017 7433.6402001953138 6525.7712573370491
leaf_weight=5197135 19873 40455 10585 108435 45551 247698 231806 10044 486 556720 139487 339408 60329 209583 187128 9297 115649 27745 91581 48900 22617 3914939 684857 13674 163395 8156 8033 5317 5085 428 603 4258 8756 4524 895 1781 3592 5965 22002 18291 792381 13953 23018 18688 85182 4883 235482 897 3952 49252 11060 19383 88782 25924 6930718 5356 7690 3899 909 39829 32548 12701
leaf_count=5197135 19873 40455 10585 108435 45551 247698 231806 10044 486 556720 139487 339408 60329 209583 187128 9297 115649 27745 91581 48900 22617 3914939 684857 13674 163395 8156 8033 5317 5085 428 603 4258 8756 4524 895 1781 3592 5965 22002 18291 792381 13953 23018 18688 85182 4883 235482 897 3952 49252 11060 19383 88782 25924 6930718 5356 7690 3899 909 39829 32548 12701
internal_value=-7.6307e-05 0.00226491 0.00313962 -0.000212175 0.00250769 0.000324898 0.00113059 0.000948507 0.00552517 0.000124141 0.00177835 0.000574428 0.00420972 -0.000301376 0.00061365 0.00464969 0.00128919 0.00235608 0.00106107 0.00352654 0.00295037 -0.000168468 5.49078e-05 0.00275413 0.000607412 0.00719872 0.00139938 0.00398141 0.00642992 0.00790076 0.0137095 0.0055676 0.00701114 0.00450962 0.0057775 0.00871627 0.0108367 0.00782194 0.0051203 0.00618375 -6.87189e-05 0.0057011 0.00225775 0.00234138 0.000486719 0.00729996 6.58276e-05 0.0156558 0.00948694 0.00234959 0.0031489 0.0039151 0.000277428 0.00338958 -0.000355015 0.00514153 0.00596101 0.00741266 0.0102525 0.000956081 0.00328734 0.00254418
internal_weight=2.10016e+07 1.15194e+06 692056 1.98496e+07 547114 2.8272e+06 563929 459881 144942 2.26327e+06 382996 678687 164118 1.70224e+07 393975 95161 255136 168728 339279 109229 65906 4.89456e+06 979622 127860 395201 49781 118065 66285 33108 10999 1031 54889 13014 20271 10227 16673 4975 11698 41875 28876 1.58458e+06 22109 45635 37781 294765 9968 792202 1383 5733 94803 19093 33057 275910 43942 1.21279e+07 22343 13046 5703 1804 80284 60293 18018
internal_count=21001550 1151937 692056 19849613 547114 2827199 563929 459881 144942 2263270 382996 678687 164118 17022414 393975 95161 255136 168728 339279 109229 65906 4894561 979622 127860 395201 49781 118065 66285 33108 10999 1031 54889 13014 20271 10227 16673 4975 11698 41875 28876 1584583 22109 45635 37781 294765 9968 792202 1383 5733 94803 19093 33057 275910 43942 12127853 22343 13046 5703 1804 80284 60293 18018
cat_boundaries=0 1 2 3 4 5 6 7 8 10 12 14 16 18 20 22 23 25 26 28 29 31 33 35 37 38 39 41 42 44 46
cat_threshold=19 2 2 17 2 2 2 2 2693554384 71528 489859244 67616 3502953653 166432 10789096 131381 486027573 14683 2396582064 46789 1104450840 137321 17 2487764669 131888 8 1545135375 217691 722256 441333382 259424 541425966 26479 3373156116 27753 73839903 98868 833808 173128 756285704 9603 8 2156018939 205261 33974689 67152
is_linear=0
shrinkage=0.05


Tree=3
num_leaves=63
num_cat=30
split_feature=0 0 17 0 11 17 17 11 0 11 11 11 17 0 17 17 0 11 17 11 11 17 11 11 0 0 17 17 13 11 2 1 13 2 0 17 11 13 2 13 2 13 2 13 3 17 13 13 2 13 2 0 13 14 13 13 13 14 1 13 13 13
split_gain=1935.68 393.376 252.783 232.946 164.892 160.786 107.08 86.7113 75.6661 64.1484 45.8947 45.8102 41.767 37.4996 34.7297 29.763 25.066 23.4664 21.3974 20.7318 19.0901 16.9202 20.4217 16.0892 15.8051 15.6592 14.3574 14.091 14.015 13.6072 13.3188 16.1515 24.6955 12.6882 11.797 11.7245 11.5268 11.1911 10.8759 11.0292 10.7243 13.2776 10.7199 10.1807 10.0469 9.85982 9.37163 9.18297 8.93419 10.0311 8.91751 8.88025 8.38767 11.5974 8.20505 8.19294 7.92085 7.88726 7.79819 7.62036 7.58557 7.46948
threshold=13.674160003662111 14.224736690521242 0 13.135868549346926 13.673645973205568 1 2 13.135715961456301 14.622321128845217 13.673645973205568 13.135715961456301 14.223823547363283 3 12.57583522796631 4 5 13.993391513824465 14.223823547363283 6 13.909296512603762 14.434037685394289 7 12.575569629669191 14.623640537261965 13.463879108428957 13.400704860687258 8 9 10 13.99107074737549 20.500000000000004 90885.257812500015 11 24.500000000000004 13.478944778442385 12 14.041472911834719 13 41.500000000000007 14 48.500000000000007 15 32.500000000000007 16 61.649999618530281 17 18 19 29.500000000000004 20 24.500000000000004 13.950327873229982 21 22 23 24 25 26 70193.441406250015 27 28 29
decision_type=2 2 1 2 2 1 1 2 2 2 2 2 1 2 1 1 2 2 1 2 2 1 2 2 2 2 1 1 1 2 2 2 1 2 2 1 2 1 2 1 2 1 2 1 2 1 1 1 2 1 2 2 1 1 1 1 1 1 2 1 1 1
left_child=3 2 4 13 16 8 7 25 11 14 12 46 24 -1 51 19 27 35 48 -6 28 22 -15 -19 -8 -5 29 47 40 -11 37 42 -33 -20 -9 43 -17 57 39 58 44 -42 -32 50 -10 -16 -3 -2 49 -13 -7 -4 53 -40 -50 -25 -29 -22 -18 -38 -37 -53
right_child=1 5 9 6 15 17 10 34 20 26 -12 18 -14 21 45 36 38 23 33 -21 30 -23 -24 55 -26 -27 -28 56 -30 -31 31 32 -34 -35 -36 60 59 -39 52 -41 41 -43 -44 -45 -46 -47 -48 -49 54 -51 -52 61 -54 -55 -56 -57 -58 -59 -60 -61 -62 -63
leaf_value=-2750.28297070489 10610.183533935548 20520.977513227583 4470.4709162597665 4127.870161392394 4423.0356195339764 38058.64036382865 1639.5944074707033 809.78165922851554 685531.94234776578 1136.9519743647536 -650.25230632165699 13241.610013455916 -158.6890177468635 1199.0546825679673 4913.254445409706 2332.702324815175 19732.933267812943 3124.2322251102287 7147.4267604693487 7081.2991015151456 106740.53793213435 -1623.0757238927899 -841.95728711113998 26161.840919370152 3803.4533332519532 6172.1424787546721 -559.97179091796932 5385.6502588235517 30106.372451776326 3326.7380428948027 13730.660165437803 31852.858003076173 18401.900760888671 9829.5761086576567 2621.7375967285161 53782.063094926292 7999.9021736119148 11185.649754111271 210642.20235639357 11964.728155701578 442390.40249944088 42221.573840772326 18263.553696508487 8230.0493657048355 38419.464515471307 1500.679258251535 17582.405158241214 10089.930487420001 9084.366074412419 9803.1454415273965 14123.12313726615 6726.6016159479477 9737.7708169174584 12618.124769122311 16096.656914015144 5447.8666584835773 6886.4229374742426 113269.66293213435 17528.232857393297 4366.1828086341393 5738.5102121769978 8716.7424835124148
leaf_weight=11294565 25769 22179 45792 104129 95027 3030 250024 301064 220 233426 1675572 5364 357869 315350 70171 128688 7807 67383 27788 69324 1703 4182820 731194 10421 109194 73933 163313 21053 8796 91964 2107 2934 3173 39545 115429 3355 11174 7922 1185 13626 317 810 14406 12978 4641 69991 21801 24971 7604 11560 4162 10046 7468 2803 9290 12597 29330 2752 6275 22630 15599 14137
leaf_count=11294565 25769 22179 45792 104129 95027 3030 250024 301064 220 233426 1675572 5364 357869 315350 70171 128688 7807 67383 27788 69324 1703 4182820 731194 10421 109194 73933 163313 21053 8796 91964 2107 2934 3173 39545 115429 3355 11174 7922 1185 13626 317 810 14406 12978 4641 69991 21801 24971 7604 11560 4162 10046 7468 2803 9290 12597 29330 2752 6275 22630 15599 14137
internal_value=-0.000100977 0.00163583 0.00120733 -0.000233647 0.00210779 0.00317575 0.000172684 0.000773209 0.00408314 0.000605395 2.34557e-05 0.00350638 0.000358195 -0.000307104 0.00133595 0.00149239 0.00354171 0.00180984 0.00292063 0.00196686 0.00576544 -0.000196406 -1.65988e-05 0.00136724 0.00073906 0.00169671 0.000291279 0.00312578 0.00727192 0.000483267 0.00512905 0.00585058 0.00804757 0.00240387 0.000378407 0.00283299 0.00101232 0.00381041 0.00461567 0.00407991 0.00915405 0.0135639 0.00503806 0.0036727 0.00815048 0.000881553 0.00485357 0.00371488 0.00394765 0.00313685 0.00518662 0.00224566 0.00591149 0.00778039 0.00476222 0.00250852 0.00253127 0.00581691 0.0050638 0.00183404 0.00193646 0.00302107
internal_weight=2.10016e+07 1.49041e+06 1.16597e+06 1.95111e+07 467130 324437 2.98721e+06 594555 194912 698840 2.39266e+06 145131 717087 1.65239e+07 210137 326843 140287 129525 101151 164351 49781 5.22936e+06 1.04654e+06 90401 359218 178062 488703 101123 14784 325390 34997 22620 6107 67333 416493 39124 162492 12377 39164 27708 5988 1127 16513 20170 4861 140162 43980 50740 33818 16924 7192 69975 11456 3988 16894 23018 50383 4455 14082 33804 18954 24183
internal_count=21001550 1490407 1165970 19511143 467130 324437 2987214 594555 194912 698840 2392659 145131 717087 16523929 210137 326843 140287 129525 101151 164351 49781 5229364 1046544 90401 359218 178062 488703 101123 14784 325390 34997 22620 6107 67333 416493 39124 162492 12377 39164 27708 5988 1127 16513 20170 4861 140162 43980 50740 33818 16924 7192 69975 11456 3988 16894 23018 50383 4455 14082 33804 18954 24183
cat_boundaries=0 1 2 3 4 5 6 7 8 9 10 12 14 15 17 19 21 23 24 26 28 30 32 33 35 37 39 40 42 44 46
cat_threshold=18 19 2 17 1 2 2 2 9 2 574402792 137990 3897143771 14419 8 531713028 49801 2024604473 185683 536916104 2048 380181568 227329 8 2815114823 94225 3375718178 221838 1210043008 16776 660084992 141098 346208 57138245 71966 390314908 49924 1313643268 189736 668179 146847048 198670 2233999424 1280 1141536259 7997
is_linear=0
shrinkage=0.05


Tree=4
num_leaves=63
num_cat=29
split_feature=0 17 0 0 11 17 11 0 11 11 11 17 17 17 0 17 11 0 2 0 0 11 0 1 2 2 13 11 17 17 13 2 17 0 2 13 13 1 13 11 13 13 0 13 0 13 14 0 14 13 13 17 2 0 14 15 13 2 14 13 11 13
split_gain=1420.23 269.175 209.373 196.123 126.799 83.9249 65.9337 59.2981 57.4173 36.4402 33.618 32.8061 32.5948 25.6689 24.6005 22.9249 21.8703 20.8594 17.1619 17.038 15.9835 13.3648 12.57 11.8375 17.0078 10.3836 11.4332 10.0656 12.3042 9.85502 8.49162 8.47702 8.34859 8.01911 7.50796 13.5978 7.34742 7.31906 7.20763 7.13404 6.88182 6.82934 6.62042 7.54581 6.51922 6.43128 8.86029 6.3734 6.25397 7.8265 7.73665 6.24634 6.13517 5.99741 5.57062 5.69853 5.54286 5.3077 6.34042 5.18923 5.03638 5.01504
threshold=13.651602268218996 0 14.096644878387453 13.012022018432619 13.651471614837648 1 13.003661632537844 14.314603328704836 14.095565319061281 13.003661632537844 14.623640537261965 2 3 4 12.45578193664551 5 13.651471614837648 13.289359569549562 20.500000000000004 14.432618141174318 13.342944145202638 14.313736915588381 13.314807891845705 51569.533203125007 46.500000000000007 42.500000000000007 6 12.455625534057619 7 8 9 21.500000000000004 10 13.87321186065674 24.500000000000004 11 12 103178.58593750001 13 13.83748769760132 14 15 14.096644878387453 16 14.314603328704836 17 18 13.779185295104982 19 20 21 22 30.500000000000004 13.342944145202638 23 24 25 40.500000000000007 26 27 14.095565319061281 28
decision_type=2 1 2 2 2 1 2 2 2 2 2 1 1 1 2 1 2 2 2 2 2 2 2 2 2 2 1 2 1 1 1 2 1 2 2 1 1 2 1 2 1 1 2 1 2 1 1 2 1 1 1 1 2 2 1 1 1 2 1 1 2 1
left_child=3 2 4 14 13 6 17 16 19 12 15 39 20 25 -1 45 29 -5 -12 48 -7 32 -8 38 -25 36 -27 28 -16 42 54 61 34 -13 40 -36 -2 -37 -20 -6 -9 -19 -3 -44 -33 46 -10 59 50 -50 -4 53 -43 -11 55 -21 -41 -32 -59 -15 -18 -17
right_child=1 7 8 5 11 9 22 21 10 51 18 33 -14 47 27 31 60 41 23 30 -22 -23 -24 24 -26 26 -28 -29 -30 -31 57 44 -34 -35 35 37 -38 -39 -40 56 -42 52 43 -45 -46 -47 -48 -49 49 -51 -52 -53 -54 -55 -56 -57 -58 58 -60 -61 -62 -63
leaf_value=-2731.9947609628562 8091.663715214283 3763.5564125465958 44439.071600600357 2644.8853397110192 3878.8674896975499 934.76569029091775 115.32745702640544 63244.930220637216 9636.3536343761662 -812.0497604525001 12821.24643121645 1443.7512545209656 -381.44172679557596 6260.0053567989598 521.87359302035918 11038.709605702432 93.611576440536822 4200.6095057009388 30848.771513563246 36498.49128969774 2709.4916924269783 5828.9272318093981 1786.3857883358608 17900.772987991371 24308.78984329689 12911.996046691895 7242.6675567989996 -1978.9120108475083 -1134.360143376809 1383.8130372084017 22065.923388186173 6909.8881038262907 8233.1234082876344 2710.6042997581339 6653.8390287362417 13540.253501392493 9379.9940447387689 17884.363074533176 7530.0361453156165 6461.2974927026016 4145.0441064809065 5248.9180990789555 7338.4265042213119 4544.4353963415288 9338.0973032247748 9168.0994273360502 19555.110060120467 6520.0513327923691 16086.570885569143 20330.732051798259 8656.7739902865706 -1700.6361728355196 6946.7548860669385 330.6157777444256 19791.267660080644 41234.613997381995 5258.3475850340456 27780.187627128926 15686.412575113727 3259.1336875981888 2122.2228478265192 2523.2076455092292
leaf_weight=10038814 22633 65303 11109 125119 82424 290511 313166 2203 6776 677239 12312 187005 468858 24332 329441 19560 305019 43255 1991 3592 179460 67680 232290 14472 3450 8647 10009 3835853 1316424 79517 10235 42133 14303 118531 3837 4892 24579 207 2623 24585 4261 33503 3204 11066 28229 36546 12131 80378 15407 16432 14675 1093885 31870 418965 7038 3669 47157 2414 2333 26579 66737 20682
leaf_count=10038814 22633 65303 11109 125119 82424 290511 313166 2203 6776 677239 12312 187005 468858 24332 329441 19560 305019 43255 1991 3592 179460 67680 232290 14472 3450 8647 10009 3835853 1316424 79517 10235 42133 14303 118531 3837 4892 24579 207 2623 24585 4261 33503 3204 11066 28229 36546 12131 80378 15407 16432 14675 1093885 31870 418965 7038 3669 47157 2414 2333 26579 66737 20682
internal_value=-0.000121227 0.00132386 0.00185726 -0.000238219 0.00136456 7.83603e-05 0.000542661 0.000521753 0.00298182 -3.72676e-05 0.00251735 0.000909609 0.000223348 0.00242533 -0.000317934 0.00222105 0.000313702 0.00124526 0.00392924 0.0040556 0.000517605 0.00165592 0.000241582 0.00474938 0.00533082 0.00323122 0.00423038 -0.000232748 -0.000129313 0.000804294 0.00503772 0.00180446 0.0025401 0.000609506 0.00334848 0.00428962 0.00283708 0.00597974 0.0024909 0.00150424 0.0020526 0.00175218 0.00119766 0.00217344 0.00213566 0.00305111 0.00380327 0.00202062 0.00355654 0.00402777 0.00297193 -0.000148986 0.00207491 -6.46329e-05 0.00591589 0.00690682 0.00186891 0.00419284 0.00557752 0.00158305 0.000103757 0.00122581
internal_weight=2.10016e+07 1.5729e+06 944668 1.94287e+07 656859 3.90812e+06 779203 628229 287809 3.12892e+06 200905 459702 938829 197157 1.55205e+07 166057 530846 233747 34848 86904 469971 97383 545456 22536 17922 65868 18656 5.48172e+06 1.64586e+06 159090 29281 110604 29703 305536 15400 8936 47212 5099 4614 154166 6464 108628 79573 14270 70362 55453 18907 131289 57623 31839 25784 2.19009e+06 65373 1.0962e+06 14299 7261 71742 14982 4747 50911 371756 40242
internal_count=21001550 1572897 944668 19428653 656859 3908121 779203 628229 287809 3128918 200905 459702 938829 197157 15520532 166057 530846 233747 34848 86904 469971 97383 545456 22536 17922 65868 18656 5481718 1645865 159090 29281 110604 29703 305536 15400 8936 47212 5099 4614 154166 6464 108628 79573 14270 70362 55453 18907 131289 57623 31839 25784 2190089 65373 1096204 14299 7261 71742 14982 4747 50911 371756 40242
cat_boundaries=0 1 2 3 4 5 6 8 9 10 12 13 15 17 19 21 23 25 27 28 29 31 33 34 35 36 38 39 41 43
cat_threshold=19 2 2 17 2 2 685465090 22095 2 8 1320888435 145542 8 693477571 1974 785057174 169861 2399213596 46053 3003396163 25132 190585872 151235 455623296 131216 1209682592 25033 164690 464770 1355469529 207654 2427113597 139572 17 244261 2913 839299078 250144 282413 897939658 211043 1424682594 143750
is_linear=0
shrinkage=0.05


Tree=5
num_leaves=63
num_cat=34
split_feature=0 17 0 0 0 11 17 11 11 17 11 0 17 11 0 17 0 0 2 11 17 13 0 11 0 17 13 2 1 15 17 17 17 13 2 14 13 13 2 13 11 0 13 14 13 13 13 13 13 13 15 11 13 17 0 17 13 13 2 1 14 15
split_gain=1078.6 206.499 159.1 101.032 79.6349 77.5033 64.6263 48.8166 33.8845 29.2755 26.9207 24.7479 24.134 21.6325 20.9695 18.3825 17.9706 14.8011 12.3825 9.77988 11.009 9.42076 9.01337 8.814 8.74579 8.56864 8.22861 8.05365 18.2412 12.3576 8.03866 7.62553 7.50277 6.98034 6.98018 9.00698 6.91992 6.86287 6.85432 7.16063 6.3847 6.32708 6.26175 6.67839 6.23077 6.10964 5.89008 5.61394 5.51859 5.49811 5.3326 5.32637 7.23451 5.01488 4.95924 4.8623 4.84732 4.57924 5.37647 10.0058 4.51039 5.47296
threshold=13.607105255126955 0 13.012022018432619 14.224736690521242 14.096644878387453 13.606108188629152 1 13.003661632537844 13.606108188629152 2 13.003661632537844 12.45578193664551 3 14.095565319061281 14.622321128845217 4 13.909818172454836 13.276327610015871 42.500000000000007 12.455625534057619 5 6 13.302617073059084 14.623640537261965 13.302617073059084 7 8 39.500000000000007 57254.009765625007 9 10 11 12 13 29.500000000000004 14 15 16 30.500000000000004 17 14.223823547363283 14.622321128845217 18 19 20 21 22 23 24 25 26 14.434037685394289 27 28 11.953825473785402 29 30 31 36.500000000000007 81508.265625000015 32 33
decision_type=2 1 2 2 2 2 1 2 2 1 2 2 1 2 2 1 2 2 2 2 1 1 2 2 2 1 1 2 2 1 1 1 1 1 2 1 1 1 2 1 2 2 1 1 1 1 1 1 1 1 1 2 1 1 2 1 1 1 2 2 1 1
left_child=2 3 11 5 8 18 7 17 15 13 12 54 22 21 38 48 25 -4 37 20 -13 34 -8 56 -9 -7 60 51 47 -30 42 33 -10 -20 -6 -36 -25 -2 40 -40 49 -11 43 -18 -42 -19 -33 -29 -3 50 -5 52 -28 -12 -1 -17 -15 58 -43 -60 61 -16
right_child=1 4 6 14 9 16 10 24 32 41 53 19 -14 23 26 55 30 45 31 -21 -22 -23 -24 36 -26 -27 27 28 29 -31 -32 46 -34 -35 35 -37 -38 -39 39 -41 44 57 -44 -45 -46 -47 -48 -49 -50 -51 -52 -53 -54 -55 -56 -57 -58 -59 59 -61 -62 -63
leaf_value=-2966.2218534190538 9142.5448044146051 8121.9055480972474 2456.9964601500824 187237.74147726328 23908.420060880602 3792.3443703223998 787.78211449112212 89.49180107201974 1410.0387071856896 1794.9426286540011 -374.9375936079494 495.77991336934139 -455.48435164535044 6692.6890012980848 7598.7307138724982 3102.9221353349249 34858.169687967922 3488.8317640652517 8009.1322175735231 -1879.9664103051332 -1077.6421362079689 8656.9496556568974 2258.826402582622 16474.734776468929 1480.6829268432573 1731.8417953979465 31427.455280444574 28956.564750391404 34906.622783095758 21271.798678140211 3896.2813394242085 6668.2775256920786 -52.25616106874368 11177.975461513628 12465.552353743871 12017.760835899466 10428.443928089035 6872.8921955698625 15006.337126648759 10058.081023388542 10936.315331494094 21242.078101938721 4893.2153209038652 7933.4103027390229 8569.0360364224052 5517.1129608486071 4655.0093802109122 8173.8642518583019 3828.6257312716357 18263.337014907196 43043.339283232744 20914.27810133098 39200.441680744887 -1683.6735438812439 -2298.3589877584632 714.92074634400421 3462.5676624163116 3344.0375503732521 37697.591888894392 192264.72678123577 18642.860553171337 122982.6959826427
leaf_weight=5197135 61663 18177 120012 1240 13413 130585 260902 302537 177549 79193 1048896 329441 448174 43883 885 75850 5840 32568 11546 3835853 1316424 31600 188571 9037 218938 127837 874 1813 1165 1676 69216 11221 353499 12729 4554 8752 14002 60930 20617 26281 13542 4244 40008 23296 21133 70847 12731 2338 57767 10877 3435 9396 3240 1045896 4841679 75575 66117 9650 2179 352 10378 1792
leaf_count=5197135 61663 18177 120012 1240 13413 130585 260902 302537 177549 79193 1048896 329441 448174 43883 885 75850 5840 32568 11546 3835853 1316424 31600 188571 9037 218938 127837 874 1813 1165 1676 69216 11221 353499 12729 4554 8752 14002 60930 20617 26281 13542 4244 40008 23296 21133 70847 12731 2338 57767 10877 3435 9396 3240 1045896 4841679 75575 66117 9650 2179 352 10378 1792
internal_value=-0.000137091 0.00105373 -0.000244912 0.00171949 0.000609003 0.00143093 4.79569e-05 0.000464685 0.000340567 0.00131845 -5.57798e-05 -0.000315434 0.000173316 0.00167542 0.00297293 0.000851328 0.00104758 0.00108307 0.00232139 -0.000229993 -0.000128037 0.00247845 0.000432194 0.00132353 0.000199746 0.00080136 0.00405047 0.0046777 0.00605749 0.00914449 0.00150744 0.00300011 0.000121884 0.00362621 0.00317036 0.00398294 0.00221279 0.00205439 0.00260064 0.00303533 0.00219477 0.000603809 0.00188894 0.0024474 0.00181723 0.00152147 0.00236308 0.00394471 0.00148614 0.00303652 0.00447439 0.00396706 0.00546743 -0.000153951 -0.00036209 0.00053282 0.00113727 0.00149696 0.00249263 0.00432023 0.00305951 0.00489821
internal_weight=2.10016e+07 1.74368e+06 1.92579e+07 698284 1.04539e+06 567602 3.73734e+06 744902 758417 286976 2.99244e+06 1.55205e+07 897647 191358 130682 227369 396782 223427 170820 5.48172e+06 1.64586e+06 58319 449473 133039 521475 258422 33557 20502 6992 2841 138360 48227 531048 24275 26719 13306 23039 122593 97125 46898 50227 95618 69144 29136 34675 103415 23952 4151 75944 15552 4675 13510 4114 2.09479e+06 1.00388e+07 151425 110000 16425 6775 2531 13055 2677
internal_count=21001550 1743677 19257873 698284 1045393 567602 3737341 744902 758417 286976 2992439 15520532 897647 191358 130682 227369 396782 223427 170820 5481718 1645865 58319 449473 133039 521475 258422 33557 20502 6992 2841 138360 48227 531048 24275 26719 13306 23039 122593 97125 46898 50227 95618 69144 29136 34675 103415 23952 4151 75944 15552 4675 13510 4114 2094792 10038814 151425 110000 16425 6775 2531 13055 2677
cat_boundaries=0 1 2 3 4 5 6 8 9 11 12 13 14 15 17 18 20 22 24 26 27 29 31 33 35 37 39 40 42 43 44 46 48 49 50
cat_threshold=18 2 9 17 1 2 2679788096 207241 2 1930381000 155792 1123 2 2 1 3540300221 231792 328026 3842563794 5252 2576687947 88667 1585459121 61705 1375866919 242541 81944 1479401156 17160 136059920 27846 405910679 6583 136321044 66409 298064064 53248 577247330 32853 2320 10485778 1284 17 8 421814457 91786 132309773 73996 286724 582
is_linear=0
shrinkage=0.05


Tree=6
num_leaves=63
num_cat=31
split_feature=0 17 0 0 11 17 11 0 11 0 17 17 0 17 11 0 11 11 0 13 11 17 2 2 2 11 17 13 2 2 1 17 13 17 13 0 13 13 0 13 13 17 14 2 13 0 0 0 13 2 13 17 14 13 13 0 0 17 13 14 15 13
split_gain=833.335 145.3 140.108 95.9866 62.2394 53.8589 57.1917 31.8295 30.4001 21.3399 16.6782 16.4252 15.9318 15.3355 11.6192 11.0613 10.4354 10.3432 10.2844 10.9279 9.21372 8.22042 8.04527 7.92452 7.57762 7.49908 8.41606 7.467 7.45412 7.36899 7.27578 6.97876 6.57586 6.47136 6.25351 6.09671 6.09544 6.02826 5.74049 5.56133 5.46853 7.5592 5.35216 5.17642 5.11167 4.65812 4.3099 4.2807 4.2781 4.2752 4.65658 4.20025 4.09026 4.04522 3.94775 3.9376 3.93754 3.93536 3.83041 3.70282 3.698 3.67149
threshold=13.587957859039308 0 12.955071449279787 14.042400836944582 13.58706045150757 1 12.947035789489748 14.096644878387453 14.041472911834719 12.368473529815676 2 3 13.227429866790773 4 14.095565319061281 13.314807891845705 13.58706045150757 14.434037685394289 14.622321128845217 5 12.947035789489748 6 31.500000000000004 29.500000000000004 39.500000000000007 12.368712425231935 7 8 21.500000000000004 18.500000000000004 103178.58593750001 9 10 11 12 14.314603328704836 13 14 13.751679420471193 15 16 17 18 23.500000000000004 19 13.839263916015627 13.779185295104982 12.770995616912844 20 33.500000000000007 21 22 23 24 25 11.654356479644777 13.463879108428957 26 27 28 29 30
decision_type=2 1 2 2 2 1 2 2 2 2 1 1 2 1 2 2 2 2 2 1 2 1 2 2 2 2 1 1 2 2 2 1 1 1 1 2 1 1 2 1 1 1 1 2 1 2 2 2 1 2 1 1 1 1 1 2 2 1 1 1 1 1
left_child=2 3 9 4 13 6 12 16 18 55 43 17 -4 24 23 -8 51 54 22 -20 21 56 36 -9 37 26 47 29 -13 -19 40 49 52 -16 -26 44 -5 -2 -36 -37 41 -25 -38 48 -30 -12 -45 -11 -6 -14 -51 53 -24 -3 60 -1 -7 -17 -48 -34 -10 -15
right_child=1 7 5 8 10 20 15 14 11 25 45 28 31 61 33 57 -18 27 19 -21 -22 -23 32 30 34 -27 -28 -29 35 -31 -32 -33 59 -35 38 39 42 -39 -40 -41 -42 -43 -44 46 -46 -47 58 -49 -50 50 -52 -53 -54 -55 -56 -57 -58 -59 -60 -61 -62 -63
leaf_value=-3011.6455441680214 9794.6912639733382 5877.7550223076441 1455.5677195797189 13045.408547609397 6104.975860974766 611.43988376656569 -322.291382731581 5292.6469182750279 8812.1985817240839 -196.45947292412603 978.36370568618304 5325.3225584460997 3325.3165369371109 5217.1912269004779 4746.5050663519387 1470.8374217581347 -97.413274890306639 40291.062213633675 20715.580760143559 34240.719242430016 -1289.209744439253 -536.56869392324222 19564.606129098869 8777.9355310400242 6353.0187265600543 -1906.4780605072956 -1181.6529963122616 17937.470428638899 2782.8909805141261 28433.033425864229 182651.49044217402 2346.430394953491 7222.48008991385 1541.4716052524936 6989.1676758551621 14299.050288934246 61210.275791304528 6049.9622327233374 11247.532669578977 7086.2668938851994 6563.4176210922305 5097.5539495250277 11014.667988314513 3232.4795851584518 8630.0124118182921 2344.7533994109422 3592.7897139868046 1422.764921565431 1418.7942448786207 4588.5301758551623 6837.5071585093019 610.80385347700212 15233.069946680926 1524.13873515252 6660.9110584166965 -2380.4890531871661 3400.0637677790601 425.89241541260128 9722.59433650547 13465.417304689379 7183.5906174378906 3646.7244116371689
leaf_weight=3049488 20143 36926 260544 18123 29451 215064 765884 29321 9074 248075 232738 57762 67182 62643 66690 197557 375674 3694 6556 8228 1744503 498067 4160 5127 9054 4125900 1417920 11298 19155 7862 366 119892 10705 67236 7299 18157 7213 30501 8838 24691 18168 5070 21586 56201 38067 118163 21813 105172 41343 24112 27220 80414 9516 43620 29302 6079397 33939 199343 28046 15895 17913 88489
leaf_count=3049488 20143 36926 260544 18123 29451 215064 765884 29321 9074 248075 232738 57762 67182 62643 66690 197557 375674 3694 6556 8228 1744503 498067 4160 5127 9054 4125900 1417920 11298 19155 7862 366 119892 10705 67236 7299 18157 7213 30501 8838 24691 18168 5070 21586 56201 38067 118163 21813 105172 41343 24112 27220 80414 9516 43620 29302 6079397 33939 199343 28046 15895 17913 88489
internal_value=-0.000150054 0.000871735 -0.000247138 0.00123615 0.000922246 9.9074e-06 0.000230381 0.000324715 0.00193512 -0.000318187 0.000624481 0.00162449 0.000678175 0.00161463 0.000877242 3.82346e-05 0.000127057 0.00221253 0.00265693 0.00387635 -0.000137136 9.79206e-06 0.00245018 0.00146806 0.00219504 -0.00024405 -0.000157993 0.00310987 0.00132939 0.00400502 0.00205821 0.000973537 0.00296857 0.000621142 0.00290399 0.00159054 0.00200522 0.00184282 0.00349486 0.00204154 0.00196783 0.00289522 0.00245758 0.00102041 0.00125282 0.000424893 0.00124147 6.03715e-05 0.000689367 0.00124568 0.00158934 0.000463905 0.00386249 0.00071909 0.00184859 -0.000366078 0.000244359 0.000252457 0.00157987 0.00250658 0.00228568 0.00132315
internal_weight=2.10016e+07 1.82229e+06 1.91793e+07 1.09368e+06 754722 4.15331e+06 1.66173e+06 728612 338957 1.5026e+07 527755 236975 498950 226967 191978 1.16278e+06 536634 79143 101982 14784 2.49157e+06 747070 87198 58052 75835 5.89707e+06 1.77117e+06 22854 157832 11556 28731 238406 40276 133926 25191 100070 46922 50644 16137 42848 28365 10197 28799 176854 57222 350901 106060 353247 70794 118514 51332 160960 13676 80546 56289 9.12888e+06 249003 396900 49859 26600 26987 151132
internal_count=21001550 1822291 19179259 1093679 754722 4153307 1661734 728612 338957 15025952 527755 236975 498950 226967 191978 1162784 536634 79143 101982 14784 2491573 747070 87198 58052 75835 5897067 1771167 22854 157832 11556 28731 238406 40276 133926 25191 100070 46922 50644 16137 42848 28365 10197 28799 176854 57222 350901 106060 353247 70794 118514 51332 160960 13676 80546 56289 9128885 249003 396900 49859 26600 26987 151132
cat_boundaries=0 1 2 3 4 5 7 8 9 11 12 14 15 17 19 21 23 25 26 27 29 31 33 34 35 37 39 40 42 43 44 46
cat_threshold=19 18 2 2 2 4194424713 76824 1 2 3967549759 39400 2 2685624576 127824 8 1392685468 51248 1208147008 87004 3383026498 90147 195604659 56580 2510845544 198656 8 2332 2711232738 8305 436501543 108043 1496599920 20430 8 102674 1046573745 88092 1814281620 26157 2 590465319 92686 400800 1192 429136042 88123
is_linear=0
shrinkage=0.05


Tree=7
num_leaves=63
num_cat=36
split_feature=0 17 0 0 0 17 11 11 11 11 17 11 17 0 0 17 11 0 0 13 0 2 11 2 17 13 13 17 11 11 13 14 11 13 2 13 16 15 17 17 13 13 13 13 2 14 13 13 2 17 0 17 11 17 13 13 13 15 13 13 14 15
split_gain=667.917 119.877 100.392 58.7745 53.8353 37.6874 31.6388 27.1334 21.4662 19.3215 16.9716 16.8691 15.4176 14.2138 12.9782 11.8593 10.8176 8.5896 8.26449 11.4968 7.7741 7.28685 7.24559 6.88056 6.6363 5.81359 5.14281 5.10055 4.88279 4.75315 7.56581 5.71422 4.56221 4.45137 4.39782 4.95929 4.34069 7.05714 4.30152 4.24007 4.70937 4.10263 4.02071 3.94734 4.15373 3.99959 3.7891 3.7671 3.75758 3.70145 3.68009 3.56074 3.50779 3.48354 3.4248 3.26409 3.20274 3.13776 3.12084 3.11774 3.10107 3.04625
threshold=13.478944778442385 0 12.804709911346437 13.909818172454836 13.993391513824465 1 13.47723436355591 12.796295642852785 13.909296512603762 13.47723436355591 2 12.796295642852785 3 14.432618141174318 12.120216846466066 4 14.223823547363283 13.157667160034181 14.622321128845217 5 13.157667160034181 39.500000000000007 13.99107074737549 31.500000000000004 6 7 8 9 13.99107074737549 14.313736915588381 10 11 13.238087654113771 12 31.500000000000004 13 14 15 16 17 18 19 20 21 18.500000000000004 22 23 24 30.500000000000004 25 13.839263916015627 26 12.119895935058596 27 28 29 30 31 32 33 34 35
decision_type=2 1 2 2 2 1 2 2 2 2 1 2 1 2 2 1 2 2 2 1 2 2 2 2 1 1 1 1 2 2 1 1 2 1 2 1 1 1 1 1 1 1 1 1 2 1 1 1 2 1 2 1 2 1 1 1 1 1 1 1 1 1
left_child=2 3 14 6 9 7 21 17 18 15 13 12 20 22 -1 41 -10 -4 23 36 -7 33 34 42 43 60 -26 48 -12 30 -15 -32 -9 -2 46 -36 37 -20 50 40 61 -3 -5 44 -18 -45 -6 57 -8 56 -11 52 -16 -27 -31 -29 -17 -41 -50 -34 -25 -23
right_child=1 4 5 8 10 11 27 32 16 38 28 -13 -14 29 51 49 24 -19 19 -21 -22 39 -24 25 26 53 -28 55 -30 54 31 -33 59 -35 35 -37 -38 -39 -40 47 -42 -43 -44 45 -46 -47 -48 -49 58 -51 -52 -53 -54 -55 -56 -57 -58 -59 -60 -61 -62 -63
leaf_value=-2612.8431482111819 3216.9838386806823 4555.910158201069 1530.457193472922 9086.7166013193255 19697.961395334794 207.53390909848386 2167.2647850452277 -205.02290165707296 4390.1326638175742 101.8191088443251 3820.6495773629817 -1245.2249230812085 -847.83861049973279 7336.9141559767659 -344.64502774917423 4030.3800446297628 62886.762027722318 3702.7830836007329 134348.45475548154 35695.041612505585 1501.9505882651627 9949.6704787652761 2886.152439210528 11717.173234775782 21557.664483327895 12131.886556849862 5554.3089923684429 2110.3423468356982 906.18982186486903 11784.430192582879 10039.347423492114 49010.326390826434 1688.7953162952276 5820.6245266344358 7389.4715321108342 5157.1257369024788 28144.046554300843 19078.18018263577 -1062.5000790672784 7333.8762170605914 6417.9185391208857 2627.7608225106037 15702.457438932299 16510.186164842307 14537.716131355914 10931.929888636272 1229.0526528495297 3465.069023341201 4838.2818853516192 214.46183329179041 1522.9793489797603 -2030.0925622736818 -1446.6756569176534 6794.025611396728 6495.7469641306006 751.79427901697136 1285.4447895656963 4239.9226906185086 2788.4162311130149 264.61976942022812 22386.337291557909 8257.6517187713598
leaf_weight=6666368 43576 50415 185790 23141 14780 369056 108988 508719 138147 373736 38586 2837631 608506 7181 415253 39523 2776 118740 606 6945 239309 4678 135173 3750 15555 14262 30242 92133 90647 21313 5892 7016 83640 77489 12771 14369 1583 881 235503 2998 18681 49895 24714 14757 6417 21682 16380 17287 37063 99853 94157 5558306 975632 14514 23926 116325 59879 9646 64585 115192 8668 6324
leaf_count=6666368 43576 50415 185790 23141 14780 369056 108988 508719 138147 373736 38586 2837631 608506 7181 415253 39523 2776 118740 606 6945 239309 4678 135173 3750 15555 14262 30242 92133 90647 21313 5892 7016 83640 77489 12771 14369 1583 881 235503 2998 18681 49895 24714 14757 6417 21682 16380 17287 37063 99853 94157 5558306 975632 14514 23926 116325 59879 9646 64585 115192 8668 6324
internal_value=-0.000160786 0.000639472 -0.000260139 0.00107946 0.000345795 -7.01339e-05 0.000784987 0.000202808 0.00161691 0.000152319 0.000845888 -0.000138265 1.74752e-05 0.00107955 -0.000330844 0.000488601 0.00135146 0.000597429 0.00223207 0.00359386 0.000195468 0.00133807 0.000864274 0.00207892 0.00177335 0.00255263 0.00134699 0.000546544 0.000377843 0.00171727 0.00235729 0.00308066 3.29656e-05 0.00111525 0.00133019 0.00179551 0.00614123 0.00812057 9.10204e-06 0.00179057 0.00221461 0.000931968 0.00167114 0.00220047 0.0031298 0.00196523 0.000924904 0.00136884 0.000720081 0.000265338 9.68229e-05 -0.000283032 -0.000211477 0.00215945 0.00143307 0.000371141 0.000481321 0.00202529 0.000938789 0.000236049 0.00345921 0.00303751
internal_weight=2.10016e+07 2.31941e+06 1.86821e+07 928413 1.391e+06 5.06658e+06 599773 1.01208e+06 328640 1.00296e+06 388034 4.0545e+06 1.21687e+06 258801 1.36156e+07 299565 229576 304530 99064 10015 608365 180679 193473 89049 91429 41194 45797 419094 129233 65328 20089 12908 707551 121065 58300 27140 3070 1487 703396 59614 29683 100310 47855 45632 9193 36439 31160 29931 210636 199255 467893 6.94919e+06 1.39088e+06 28776 45239 208458 99402 12644 101648 198832 12418 11002
internal_count=21001550 2319408 18682142 928413 1390995 5066583 599773 1012081 328640 1002961 388034 4054502 1216871 258801 13615559 299565 229576 304530 99064 10015 608365 180679 193473 89049 91429 41194 45797 419094 129233 65328 20089 12908 707551 121065 58300 27140 3070 1487 703396 59614 29683 100310 47855 45632 9193 36439 31160 29931 210636 199255 467893 6949191 1390885 28776 45239 208458 99402 12644 101648 198832 12418 11002
cat_boundaries=0 1 2 3 4 5 7 8 10 12 13 15 16 18 20 21 22 23 24 26 28 30 32 33 35 37 38 39 40 42 44 46 47 49 51 52 53
cat_threshold=18 2 9 17 1 31991824 133927 2 2836874368 4628 346134704 186370 2 1212534673 1796 1007882 1114244148 58705 968711760 6426 108 3110 9 2 2919261768 67467 465901994 130073 3729838163 88966 1275068672 21440 4839 3927179935 173485 308778435 34979 8 2 2 756082421 67459 3402908058 31755 803222177 153610 35 1752040984 166049 3470529106 98347 140484 488
is_linear=0
shrinkage=0.05


Tree=8
num_leaves=63
num_cat=34
split_feature=0 17 0 0 11 17 11 0 11 11 0 17 17 0 17 17 11 2 0 2 11 13 17 13 13 2 0 2 0 13 14 13 13 14 0 11 13 17 1 13 14 13 11 13 1 15 13 13 14 2 13 2 17 14 13 2 1 13 14 13 13 13
split_gain=537.214 96.8013 79.6897 72.5182 36.8787 27.8702 29.5238 27.1213 21.8512 14.0119 12.6405 8.71928 8.18119 7.98077 7.91788 7.44455 6.42777 5.80659 5.30709 5.07632 5.01306 4.90494 4.88333 4.85467 4.72638 4.52617 4.45103 4.26127 4.09411 4.00248 3.96821 5.76784 4.16773 3.89802 3.88617 3.87242 3.65954 3.61465 3.58395 3.46989 3.57061 3.41838 3.33616 3.323 3.94182 4.12842 3.3104 3.09292 2.81635 2.81208 4.99515 2.74064 2.73437 2.71099 2.70235 2.66871 3.68014 8.12942 10.6541 3.72649 3.13387 2.65757
threshold=13.400704860687258 0 12.78769636154175 13.839263916015627 13.399506568908693 1 12.779411792755129 14.042400836944582 13.83748769760132 14.623640537261965 12.120216846466066 2 3 13.168878555297853 4 5 13.399506568908693 39.500000000000007 14.432618141174318 31.500000000000004 12.779411792755129 6 7 8 9 20.500000000000004 13.751679420471193 17.500000000000004 13.191593170166017 10 11 12 13 14 14.622321128845217 14.041472911834719 15 16 59378.062500000007 17 18 19 12.119895935058596 20 38736.220703125007 21 22 23 24 45.500000000000007 25 30.500000000000004 26 27 28 34.500000000000007 81508.265625000015 29 30 31 32 33
decision_type=2 1 2 2 2 1 2 2 2 2 2 1 1 2 1 1 2 2 2 2 2 1 1 1 1 2 2 2 2 1 1 1 1 1 2 2 1 1 2 1 1 1 2 1 2 1 1 1 1 2 1 2 1 1 1 2 2 1 1 1 1 1
left_child=2 3 10 4 14 6 13 16 12 15 -1 51 23 -4 17 49 52 29 35 36 22 27 -7 33 26 -17 -16 -11 -8 -2 31 -19 -32 34 -5 43 48 42 -29 40 -21 -27 -12 -9 45 -45 -37 -15 -14 53 -51 -6 54 -10 -3 60 59 58 -58 -57 -20 -53
right_child=1 7 5 8 11 20 28 18 9 21 37 -13 19 47 24 25 -18 30 55 39 -22 -23 -24 -25 -26 41 -28 38 -30 -31 32 -33 -34 -35 -36 46 -38 -39 -40 -41 -42 -43 -44 44 -46 -47 -48 -49 -50 50 -52 61 -54 -55 -56 56 57 -59 -60 -61 -62 -63
leaf_value=-2482.200990800623 5271.2225315007126 3993.5774223212425 892.6959751325769 20111.963754229626 1615.4788317304665 340.46858121311891 -596.60015660413262 1502.1304185485403 6558.8598244740679 9497.4585282744574 -349.87965902535871 604.69401808465773 27328.248461009174 1994.2115793702092 3317.2051280398696 2123.076663324824 -510.1264423014145 159230.57568877851 11944.719305479026 19962.698832287908 -1536.5931290380915 10580.226480312969 -914.32434446553168 13736.043195151849 2407.3195135751594 5913.3671002807723 8129.0072998489604 16511.325260909416 278.05675336285134 3257.1809322520962 6456.9208287001184 8941.8997085094325 4722.8961841746668 14956.732278278902 163600.79886388732 3412.8092912599818 5857.9152902094647 -1945.7669146826408 21870.233481119343 7267.5497694217083 8624.2559457771076 3175.9250745657173 -1388.0411152692593 2032.2713839444762 4598.9692014255224 8478.5727137986414 353.08292314961 3087.7353356706963 5777.6938626231158 18455.689134373282 3978.6577767377444 5133.187706787332 158.32945587774145 4861.3840880757689 840.25820154154576 16690.170067395462 173327.88344119716 5728.428345108744 3177.963874825492 4164.4513845693873 2793.401374825492 2009.4807984927058
leaf_weight=6666368 34768 59706 399340 4574 126588 290127 975926 18726 33799 5048 405279 487619 4527 85953 68299 88587 607811 1385 13778 11291 2022416 18047 578709 39279 130741 69188 11046 3594 375092 35037 9813 9217 14028 15346 388 44610 47687 5426634 8159 30497 13491 95017 952208 4397 18352 6376 67014 93074 10785 13408 15552 30888 129510 63794 69634 9792 429 1108 371 15501 24927 86895
leaf_count=6666368 34768 59706 399340 4574 126588 290127 975926 18726 33799 5048 405279 487619 4527 85953 68299 88587 607811 1385 13778 11291 2022416 18047 578709 39279 130741 69188 11046 3594 375092 35037 9813 9217 14028 15346 388 44610 47687 5426634 8159 30497 13491 95017 952208 4397 18352 6376 67014 93074 10785 13408 15552 30888 129510 63794 69634 9792 429 1108 371 15501 24927 86895
internal_value=-0.000169333 0.000484829 -0.000267091 0.000727884 0.000477661 -9.26675e-05 5.45033e-05 0.000120168 0.00117011 0.000971054 -0.000329604 0.00028314 0.00163364 0.000353438 0.000930644 0.00088291 -6.90015e-06 0.00128696 0.00060879 0.00139246 -0.000190877 0.00193056 -9.04286e-05 0.00211179 0.000753737 0.000726079 0.00105825 0.00254592 -7.34693e-05 0.00102496 0.00181832 0.00262429 0.0014582 0.00274122 0.00396601 0.000452814 0.00108574 -0.000281556 0.0030693 0.00174226 0.00218252 0.000881505 -0.000208577 0.000829126 0.00116312 0.00192272 0.000291497 0.000630835 0.00175852 0.00119603 0.0016288 0.000526901 0.000201758 0.00106774 0.000364361 0.000986208 0.00136574 0.00348323 0.00728395 0.00120601 0.000719481 0.000700513
internal_weight=2.10016e+07 2.73042e+06 1.82711e+07 1.63838e+06 1.04632e+06 4.82064e+06 1.92938e+06 1.09204e+06 592058 414193 1.34505e+07 731990 177865 578367 314334 379345 866661 104248 225381 118278 2.89125e+06 34848 868836 59587 210086 252792 79345 16801 1.35102e+06 69805 34443 10602 23841 20308 4962 159475 62999 6.78412e+06 11753 55279 24782 164205 1.35749e+06 47851 29125 10773 111624 179027 15312 126553 28960 244371 258850 97593 129340 65906 27201 1908 800 25293 38705 117783
internal_count=21001550 2730424 18271126 1638382 1046324 4820637 1929385 1092042 592058 414193 13450489 731990 177865 578367 314334 379345 866661 104248 225381 118278 2891252 34848 868836 59587 210086 252792 79345 16801 1351018 69805 34443 10602 23841 20308 4962 159475 62999 6784121 11753 55279 24782 164205 1357487 47851 29125 10773 111624 179027 15312 126553 28960 244371 258850 97593 129340 65906 27201 1908 800 25293 38705 117783
cat_boundaries=0 1 2 3 4 5 6 8 9 11 13 15 16 18 20 21 23 24 26 27 29 31 32 34 36 37 39 40 41 43 45 46 48 50 52
cat_threshold=19 18 2 2 2 2 748203403 73510 1 1074620966 86284 433330338 92312 2577519568 220008 674560 536871936 8746 2937227787 13835 16489 562036763 164881 2 489901781 21280 241747 23513497 249096 616784364 49738 117 1242826160 124459 487616893 201958 30786 3500280954 176253 8 5731 3210819237 6170 2884769298 7234 233659 336523849 155907 3568444180 140291 1750664720 32864
is_linear=0
shrinkage=0.05


Tree=9
num_leaves=63
num_cat=35
split_feature=0 0 0 17 17 11 17 11 0 11 0 11 17 11 17 11 0 2 17 13 17 13 2 2 1 14 17 13 11 0 13 13 13 0 13 1 13 13 14 13 14 16 13 11 13 13 0 13 13 13 13 13 0 2 14 13 14 0 11 13 13 0
split_gain=450.353 81.4809 65.0864 51.3724 30.9578 26.0308 23.0287 15.2529 14.2922 12.9245 12.571 9.32818 9.41121 7.6278 6.58331 6.48612 6.0775 5.25018 4.71357 4.4467 4.27213 3.70908 3.66717 3.54888 11.5523 6.42244 3.45966 3.26728 3.20651 3.19456 3.43467 3.05107 2.93082 2.8406 3.07424 2.8254 3.42167 2.81587 2.80934 6.59099 2.71197 3.10474 2.70733 2.69793 2.66402 2.66042 2.60207 2.55748 2.53996 2.51057 2.49971 2.38082 2.36265 2.31007 2.30715 2.30443 2.27356 2.21774 2.144 2.46264 2.12571 2.047
threshold=13.342944145202638 13.950327873229982 12.779411792755129 0 1 13.341787815093996 2 12.779411792755129 14.622321128845217 13.341787815093996 12.120216846466066 12.779411792755129 3 13.948962688446047 4 13.566032886505129 13.723642349243166 31.500000000000004 5 6 7 8 18.500000000000004 46.500000000000007 53378.183593750007 9 10 11 12.119895935058596 13.168878555297853 12 13 14 13.651602268218996 15 24086.048828125004 16 17 18 19 20 21 22 13.948962688446047 23 24 13.124651908874513 25 26 27 28 29 14.314603328704836 32.500000000000007 30 31 32 11.564560890197756 13.948962688446047 33 34 13.102679252624513
decision_type=2 2 2 1 1 2 1 2 2 2 2 2 1 2 1 2 2 2 1 1 1 1 2 2 2 1 1 1 2 2 1 1 1 2 1 2 1 1 1 1 1 1 1 2 1 1 2 1 1 1 1 1 2 2 1 1 1 2 2 1 1 2
left_child=2 3 10 5 8 16 7 29 13 14 57 12 46 17 33 47 35 42 45 56 -11 40 60 38 32 -26 28 -19 -12 48 -31 -24 -25 55 -35 37 -37 -2 39 -21 -18 -42 -3 50 -17 -6 -8 -7 -4 -48 -20 -40 -33 -47 -51 -5 -10 -1 59 -55 -15 -9
right_child=1 4 6 9 18 15 11 61 19 20 26 -13 -14 22 -16 44 21 27 43 23 -22 -23 31 24 25 -27 -28 -29 -30 30 -32 52 -34 34 -36 36 -38 -39 51 -41 41 -43 -44 -45 -46 53 49 -49 -50 54 -52 -53 -54 58 -56 -57 -58 -59 -60 -61 -62 -63
leaf_value=-2655.0052804953607 2595.1834051905989 15866.467391524093 2023.3192869140673 2069.8751908145241 2393.4933589346851 1496.9946355558313 107.00115423627649 -347.1831726565419 87734.001317479619 358.01413253630562 -343.14505107409059 -1308.7160211858472 -955.03458715990337 2634.5153205013794 -8.7409215367096795 1497.8786499280557 4341.6157420292675 16776.977079208489 582.27869756569999 10704.698740336942 -672.24214346052327 5812.6712100338082 3893.7106108955631 17760.893685032897 18964.563890673511 98648.20318678231 -1855.7590024957274 7565.8743236034934 -1325.5524282551189 4566.0461714408775 2712.9351298800038 5716.9854839729642 7585.2519376603777 6836.1226113992743 2170.3133090354163 5553.7902573774454 2016.0240621406263 4356.9242457882474 26050.042066828213 16530.069049719321 10537.709522115592 12690.241516515454 7945.9806105113576 519.21530135250066 2572.2120284364605 3618.5541133787733 243.10246582139808 251.08861416188958 690.07181403725338 3250.8950439463983 4930.2898426359989 10516.497471237592 10224.922939646412 6880.0497272327821 865.95051269639816 487.73123769589586 10994.004079258812 -2216.5995796537782 4652.3253444036982 5412.4886638826492 4622.4058432001593 357.06500747607424
leaf_weight=2542138 30818 18736 102259 88850 62010 142777 368814 405439 3198 327258 400440 2555906 548711 39338 139030 125060 11349 16501 19995 409 655527 45217 71341 1295 1105 1825 5361504 37855 940757 26346 43175 86791 3053 38673 62345 29470 77210 72243 8446 4693 281 13843 44413 102305 204898 45817 78537 180134 103198 29854 23413 12411 28436 5704 71434 89276 13346 4124230 26696 5856 46982 232579
leaf_count=2542138 30818 18736 102259 88850 62010 142777 368814 405439 3198 327258 400440 2555906 548711 39338 139030 125060 11349 16501 19995 409 655527 45217 71341 1295 1105 1825 5361504 37855 940757 26346 43175 86791 3053 38673 62345 29470 77210 72243 8446 4693 281 13843 44413 102305 204898 45817 78537 180134 103198 29854 23413 12411 28436 5704 71434 89276 13346 4124230 26696 5856 46982 232579
internal_value=-0.000176354 0.000383627 -0.000272089 0.000239293 0.000843908 0.000526674 -0.00010911 0.0001155 0.00110866 4.78392e-05 -0.000327755 -0.000165243 -4.33084e-05 0.00100694 0.000280656 0.000353617 0.000929586 0.00134375 0.000444481 0.00190654 -5.12238e-05 0.00133053 0.000861915 0.00224025 0.00321668 0.00564335 -0.000279402 0.00170399 -0.000207573 0.000426802 0.000719776 0.00098659 0.00158142 0.000420657 0.000632472 0.000794454 0.00061408 0.000981162 0.00196735 0.00302211 0.0018135 0.00227735 0.00103367 0.000243226 0.000509523 0.000645196 0.000103127 0.000194309 0.000327668 0.000259072 0.000573535 0.00170707 0.00114578 0.000828509 0.000423563 0.000300557 0.00123402 -0.000376371 0.00111543 0.00168426 0.000592447 -1.86651e-05
internal_weight=2.10016e+07 3.06623e+06 1.79353e+07 2.33426e+06 731970 933300 4.56625e+06 912996 440174 1.40096e+06 1.33691e+07 3.65326e+06 1.09735e+06 390393 418174 652869 280431 117505 291796 49781 982785 70690 272888 33237 7278 2930 6.7027e+06 54356 1.3412e+06 274978 69521 186568 4348 279144 101018 209741 106680 103061 25959 5102 25473 14124 63149 145713 329958 146083 548639 322911 205457 179825 43408 20857 115227 84073 101288 178126 16544 6.66637e+06 38256 11560 86320 638018
internal_count=21001550 3066229 17935321 2334259 731970 933300 4566252 912996 440174 1400959 13369069 3653256 1097350 390393 418174 652869 280431 117505 291796 49781 982785 70690 272888 33237 7278 2930 6702701 54356 1341197 274978 69521 186568 4348 279144 101018 209741 106680 103061 25959 5102 25473 14124 63149 145713 329958 146083 548639 322911 205457 179825 43408 20857 115227 84073 101288 178126 16544 6666368 38256 11560 86320 638018
cat_boundaries=0 1 2 3 4 5 6 8 9 11 12 13 15 17 19 21 23 25 27 28 30 31 32 34 36 38 40 42 44 46 48 49 51 52 54 56
cat_threshold=18 19 2 17 9 8 2454147656 122888 1 2335785474 215054 870474 2 3767747072 86816 3798663684 76339 706290790 10451 203423744 135860 937449505 52744 293618626 68384 1084517648 197154 33538 8192 5120 117783 64 8729245 4369 285452898 132084 628047878 38388 1587298930 198762 3614784256 61874 237064633 94836 737192927 51200 546310565 2434 559776 489991908 63641 18438 142654152 215040 1796407513 36342
is_linear=0
shrinkage=0.05


Tree=10
num_leaves=63
num_cat=38
split_feature=0 0 0 17 17 17 11 11 0 11 17 0 11 17 11 0 17 17 13 13 11 17 0 13 13 14 2 1 13 13 13 11 2 1 13 14 13 14 13 15 13 14 15 13 6 13 11 13 14 13 17 11 14 14 13 13 14 2 13 2 0 13
split_gain=386.616 65.9625 57.7043 38.4117 29.5715 20.3285 20.8712 18.6401 13.4197 12.7857 7.91889 7.78341 7.07695 5.55593 5.21128 5.19319 4.75048 3.78082 3.81975 3.38484 3.29841 3.42911 3.14085 3.03445 2.99701 3.16893 2.9397 5.57967 7.01811 3.82949 2.90531 2.88296 2.72657 4.35316 7.40885 6.05543 3.33223 3.50245 2.70794 2.75597 2.6666 2.61959 3.47077 2.58667 2.46948 2.42988 2.34914 2.60107 2.25706 2.91818 2.23065 2.25915 2.21388 2.20397 2.0786 2.05758 2.02165 1.9986 1.9966 1.97356 1.95136 2.59685
threshold=13.302617073059084 13.69789505004883 12.616340160369875 0 1 2 12.60800886154175 13.302361011505129 14.314603328704836 13.697071552276613 3 11.933642864227297 14.155622959136965 4 13.697071552276613 12.908501148223879 5 6 7 8 12.60800886154175 9 13.072339057922365 10 11 12 18.500000000000004 90885.257812500015 13 14 15 13.302361011505129 39.500000000000007 67082.714843750015 16 17 18 19 20 21 22 23 24 25 25.500000000000004 26 13.697071552276613 27 28 29 30 11.933449268341066 31 32 33 34 35 36.500000000000007 36 19.500000000000004 13.87321186065674 37
decision_type=2 2 2 1 1 1 2 2 2 2 1 2 2 1 2 2 1 1 1 1 2 1 2 1 1 1 2 2 1 1 1 2 2 2 1 1 1 1 1 1 1 1 1 1 2 1 2 1 1 1 1 2 1 1 1 1 1 2 1 2 2 1
left_child=2 4 11 9 7 6 15 13 10 17 14 -1 43 23 30 -4 54 24 48 -15 21 -7 -8 56 25 45 38 29 -29 -28 53 -6 55 36 35 -35 -34 -38 39 -14 -17 42 -26 -11 -27 -3 47 -12 49 -19 51 -13 -25 -5 -9 -10 -2 -42 -43 -45 -16 -62
right_child=1 3 5 8 31 20 22 16 32 12 46 50 26 19 60 40 -18 18 -20 -21 -22 -23 -24 52 41 44 27 28 -30 -31 -32 -33 33 34 -36 -37 37 -39 -40 -41 57 58 -44 59 -46 -47 -48 -49 -50 -51 -52 -53 -54 -55 -56 -57 -58 -59 -60 -61 61 -63
leaf_value=-2331.6692274587781 8490.7072121519577 48669.701844922529 233.88411536967615 4558.008187549598 181.06500856469387 -87.774827434351039 -857.31231197812895 1717.5303257503047 2567.0688284345288 3369.4741247453348 4684.5962414354135 -967.00602408654595 5713.1169138231407 952.79138861021352 540.5103080769652 1874.7280153983738 273.84512444582077 68928.776690800645 5100.3645161239147 2573.8437099895632 -1638.1990376079805 -1122.6977737045629 -93.104308076710012 5659.6806518020212 31986.191788409473 12582.972232213335 4732.5784178528183 7833.9571654072151 30216.973690976891 11733.169472997737 2637.1315400059498 -984.62891497375824 4010.6587436768491 6189.8749968413122 9185.284640207361 164632.37533425901 29825.753453537596 6538.9642693999376 3356.5760004070544 96936.98160061524 461.12161536967619 6878.2958031749995 8048.8157073827015 1419.8092667422557 4417.9627203398122 15671.823492507561 -393.02143859757052 267.06583856061917 7195.671458750734 11569.051822720741 -2331.8968951884031 -1833.1651539260793 2199.4818038554909 6609.8169534500548 781.50919028461942 11682.645213432079 3990.8094098820557 1476.5536007428041 5874.7622607888788 3011.3709650788851 686.01470141780965 2815.4619342652531
leaf_weight=5032035 10944 5540 347891 20305 227916 359185 1205620 133168 44708 101749 20693 1198842 4079 91932 141424 141082 534253 4480 42306 137145 2503864 716416 467007 14924 9565 13760 31707 2718 3406 39664 94931 535707 17091 732 2107 761 11027 16401 25056 5962 141768 4166 13261 60350 10144 10064 163226 48849 29839 8189 2675778 2809468 43739 24649 132520 52154 43804 87991 18682 120683 85454 98669
leaf_count=5032035 10944 5540 347891 20305 227916 359185 1205620 133168 44708 101749 20693 1198842 4079 91932 141424 141082 534253 4480 42306 137145 2503864 716416 467007 14924 9565 13760 31707 2718 3406 39664 94931 535707 17091 732 2107 761 11027 16401 25056 5962 141768 4166 13261 60350 10144 10064 163226 48849 29839 8189 2675778 2809468 43739 24649 132520 52154 43804 87991 18682 120683 85454 98669
internal_value=-0.000181192 0.000314366 -0.000274062 0.000573835 0.000122623 -0.000147552 -3.46782e-05 0.000283635 0.000360013 0.000892701 0.000269121 -0.000338534 0.000736804 0.000592302 0.000388199 0.000190661 0.000151486 0.00125534 0.0010185 0.000450535 -0.00022296 -0.00014973 -0.000131507 0.000878537 0.00149086 0.00181047 0.00107205 0.00124398 0.00269236 0.00111971 0.00064344 -0.000118265 0.000797757 0.0011054 0.00277778 0.00545808 0.000970159 0.00131154 0.00069241 0.00138588 0.000320837 0.00121406 0.00159341 0.000603324 0.00144677 0.00236634 3.1e-05 0.000274353 0.00135345 0.00191383 -0.000303174 -0.000279569 0.000628373 0.000974625 0.000324263 0.000644928 0.00114643 0.000215741 0.000834544 0.000489848 0.000278536 0.000385821
internal_weight=2.10016e+07 3.3146e+06 1.76869e+07 1.40855e+06 1.90605e+06 5.97082e+06 2.39136e+06 1.14243e+06 843181 565370 698200 1.17161e+07 395374 342488 465432 718732 799941 169996 84814 229077 3.57946e+06 1.0756e+06 1.67263e+06 113411 85182 39508 112592 77495 6124 71371 139885 763623 144981 48119 3600 1493 44519 27428 35097 10041 370841 45674 22826 282782 23904 15604 232768 69542 42508 12669 6.68409e+06 4.00831e+06 58663 44954 265688 96862 54748 229759 22848 181033 325547 184123
internal_count=21001550 3314603 17686947 1408551 1906052 5970824 2391359 1142429 843181 565370 698200 11716123 395374 342488 465432 718732 799941 169996 84814 229077 3579465 1075601 1672627 113411 85182 39508 112592 77495 6124 71371 139885 763623 144981 48119 3600 1493 44519 27428 35097 10041 370841 45674 22826 282782 23904 15604 232768 69542 42508 12669 6684088 4008310 58663 44954 265688 96862 54748 229759 22848 181033 325547 184123
cat_boundaries=0 1 2 3 4 5 6 7 9 11 12 14 16 17 19 21 23 25 26 28 29 31 32 34 35 36 38 40 42 43 45 46 47 48 50 52 53 55 57
cat_threshold=18 19 18 9 2 2 2 3683853467 215573 3257103644 136304 1 2627929063 88393 2700081730 20764 273016 60218730 66788 2205772007 100865 737155073 51224 2708239592 13336 640496 547818342 144464 21165 7376384 47752 2691 3548199424 402 869269 632 3232003332 119841 12861952 4108 3523317800 1649 262761 17958016 81940 19 68360 570666 1851545178 103018 2848580617 53733 917632 1073742112 2049 2758432326 235828
is_linear=0
shrinkage=0.05


Tree=11
num_leaves=63
num_cat=36
split_feature=0 0 17 0 17 11 11 0 17 0 17 17 0 0 0 11 13 17 13 11 17 0 13 13 2 2 14 13 1 13 14 17 11 1 13 14 16 15 2 14 0 13 13 17 2 13 13 13 14 13 14 13 11 13 11 13 15 14 13 0 2 0
split_gain=324.542 57.1915 52.5397 31.7816 19.2283 18.8117 18.0875 14.4071 9.68951 8.13027 5.79506 5.48702 4.68505 4.54094 4.10445 3.85101 3.45416 3.44534 3.36669 3.33563 3.28634 2.97174 2.90238 2.68485 2.50789 2.34174 2.30914 3.11837 2.619 2.52041 2.30133 2.1597 2.31307 2.11322 2.13467 2.10466 3.28936 2.11441 2.0871 2.29018 1.99374 2.05747 1.95886 1.88866 1.87856 1.84994 1.84581 1.78478 1.68927 1.64809 2.10113 1.63597 1.61839 1.61537 1.52167 2.09879 1.58379 1.70491 1.5009 1.49888 1.49258 1.46393
threshold=13.302617073059084 12.616340160369875 0 13.807003498077394 1 12.60800886154175 13.302361011505129 13.950327873229982 2 11.963081359863283 3 4 12.946054935455324 14.622321128845217 14.224736690521242 13.302361011505129 5 6 7 12.60800886154175 8 13.072339057922365 9 10 31.500000000000004 22.500000000000004 11 12 27377.916015625004 13 14 15 11.962632179260256 16822.340820312504 16 17 18 19 36.500000000000007 20 13.69789505004883 21 22 23 22.500000000000004 24 25 26 27 28 29 30 13.566032886505129 31 13.948962688446047 32 33 34 35 13.135868549346926 37.500000000000007 12.345084190368654
decision_type=2 2 1 2 1 2 2 2 1 2 1 1 2 2 2 2 1 1 1 2 1 2 1 1 2 2 1 1 2 1 1 1 2 2 1 1 1 1 2 1 2 1 1 1 2 1 1 1 1 1 1 1 2 1 2 1 1 1 1 2 2 2
left_child=1 9 3 6 5 12 11 15 13 -1 46 23 -3 18 24 43 -15 42 25 20 -6 -7 -13 -2 58 53 27 -16 -29 -28 -24 32 61 34 59 36 -18 -37 -25 -40 -17 -42 -9 47 -12 -35 -8 -4 -27 -26 -51 -46 -48 -5 55 56 57 -19 -10 -14 -23 -11
right_child=2 4 7 8 19 21 10 17 14 31 44 22 33 16 26 40 35 54 -20 -21 -22 60 30 38 49 48 29 28 -30 -31 -32 -33 -34 45 -36 37 -38 -39 39 -41 41 -43 -44 -45 51 -47 52 -49 -50 50 -52 -53 -54 -55 -56 -57 -58 -59 -60 -61 -62 -63
leaf_value=-2200.3701146835592 5151.7021620360019 242.66132175905369 154.59785301205486 6799.8412254958648 -83.386086062633694 -814.44669637922277 2269.5445465477965 4505.7744739222753 3147.6572575206737 -1134.0176923235756 -119.29479529521706 1164.6143191797025 1574.4183464189964 13599.028076230024 4251.835115684542 -935.39746922507038 291448.40612803696 17978.362512827422 5091.7420819979852 -1556.2890857275816 -1066.5628850193345 -370.61627270978727 1632.2675474198966 2401.1823418228655 2613.0864652497216 16351.20975087825 9694.9263550418509 58407.955591131387 13507.511091257889 2619.2572077282225 2984.2107028426271 -2210.4683560416593 -1730.9935187893077 1508.7611760564644 898.02906623202944 28577.880859838526 36595.210463083255 10163.682225649012 11580.718401576538 3248.9584162337474 1597.4413373099337 -426.91021435761871 1963.8830555741138 -194.18768466162146 208.21298845019192 115.08183423354785 397.63549643299706 2231.8787487625968 10319.362259649921 6536.2688660772365 2860.8024168249412 1071.8016069427104 1923.5878977105031 5024.804667024885 285.03103449548144 229.45811756676267 2947.4649612021421 6914.8963768877165 1468.1731845151089 3019.0748302779775 417.82139844077392 -596.28731365925194
leaf_weight=5274686 51263 389185 74300 9169 359185 1205620 131888 69003 41929 648080 240651 102268 52097 7366 23767 535707 589 2334 103255 2503864 716416 296518 74815 50950 67760 9134 25798 663 41285 38246 92109 2578603 2708397 76154 84978 2263 3256 3199 6389 25293 60473 129181 77080 154360 186053 83757 113149 80244 50079 28854 42758 200561 68647 26887 102305 21318 13068 6688 118249 32561 170489 506357
leaf_count=5274686 51263 389185 74300 9169 359185 1205620 131888 69003 41929 648080 240651 102268 52097 7366 23767 535707 589 2334 103255 2503864 716416 296518 74815 50950 67760 9134 25798 663 41285 38246 92109 2578603 2708397 76154 84978 2263 3256 3199 6389 25293 60473 129181 77080 154360 186053 83757 113149 80244 50079 28854 42758 200561 68647 26887 102305 21318 13068 6688 118249 32561 170489 506357
internal_value=-0.000186568 -0.000271656 0.000267468 0.000430026 -0.00014571 -3.59327e-05 0.000291609 2.36942e-05 0.000718686 -0.000335841 0.000171557 0.000571853 0.000178 0.00099254 0.000581376 -6.38444e-05 0.00178513 0.000333974 0.000926025 -0.000219049 -0.000145407 -0.00012786 0.000441691 0.000833446 0.000479637 0.0011405 0.000816287 0.00102461 0.00128405 0.000602274 0.000570214 -0.00029815 -0.000274491 0.000316728 0.00043966 0.0024253 0.0033275 0.00178527 0.000656858 0.000975602 -0.000126806 1.25127e-05 0.000505559 8.40007e-05 8.38034e-05 0.00018632 0.00034702 0.000207553 0.00133406 0.000634733 0.000802045 0.000152072 0.000243678 0.000822943 0.000161907 0.000409971 0.000751358 0.00126096 0.000344686 0.000617365 -2.07776e-05 -0.000215229
internal_weight=2.10016e+07 1.76869e+07 3.3146e+06 1.98854e+06 5.97082e+06 2.39136e+06 1.34404e+06 1.32606e+06 644506 1.17161e+07 940949 403087 718732 215197 429309 1.03426e+06 16673 291796 198524 3.57946e+06 1.0756e+06 1.67263e+06 269192 133895 299550 95269 129759 65715 41948 64044 166924 6.44144e+06 3.86283e+06 329547 169636 9307 3845 5462 82632 31682 725361 189654 146083 308904 627265 159911 313684 154544 59213 139372 71612 386614 181796 36056 145713 43408 22090 9022 160178 84658 467007 1.15444e+06
internal_count=21001550 17686947 3314603 1988542 5970824 2391359 1344036 1326061 644506 11716123 940949 403087 718732 215197 429309 1034265 16673 291796 198524 3579465 1075601 1672627 269192 133895 299550 95269 129759 65715 41948 64044 166924 6441437 3862834 329547 169636 9307 3845 5462 82632 31682 725361 189654 146083 308904 627265 159911 313684 154544 59213 139372 71612 386614 181796 36056 145713 43408 22090 9022 160178 84658 467007 1154437
cat_boundaries=0 1 2 3 4 5 7 8 10 11 13 15 16 18 20 21 22 24 25 26 27 28 30 32 33 35 37 39 40 42 43 45 47 49 50 51 53
cat_threshold=19 18 2 2 2 453234383 204868 8 4228851268 30501 1 3257099549 136706 2560836546 86344 739098 2751606056 165981 638138801 51761 145190 19 3680448000 94363 113172 8 1189 688384 547074564 49796 3666907000 221707 8 2205006726 35130 1712083026 230123 3800994078 115681 17410 4271571527 14545 860259 1028176717 165313 268771332 16384 3492488490 210363 1099 608320 1753227297 156737
is_linear=0
shrinkage=0.05


Tree=12
num_leaves=63
num_cat=36
split_feature=0 0 0 17 17 11 17 17 11 11 0 11 17 17 11 11 17 13 11 2 13 13 11 13 0 13 0 17 13 6 13 2 14 14 13 2 0 0 13 13 14 2 1 13 17 11 16 13 13 13 0 13 13 5 3 13 15 14 14 13 14 14
split_gain=290.106 51.1609 39.5796 29.2208 20.755 18.1735 14.0231 10.7717 7.66688 6.68954 6.44093 6.10367 5.67783 5.56031 4.01899 4.01728 3.66035 3.1094 2.66277 2.61872 2.71193 2.63273 2.51829 3.92086 2.46321 3.27973 2.36348 2.36057 2.322 2.14232 3.09533 2.03886 2.92317 2.02464 2.01108 1.98175 1.96122 1.86226 1.84728 1.79792 2.10324 1.79031 2.61073 1.7749 1.76946 1.77086 1.76306 2.31332 1.92627 1.70089 1.67832 1.64554 1.58972 1.584 1.49419 1.47909 1.47862 1.69678 1.4752 1.46839 1.43722 1.42132
threshold=13.168878555297853 13.69789505004883 12.527451992034914 0 1 13.168436050415041 2 3 12.527050018310549 13.697071552276613 11.933642864227297 12.527050018310549 4 5 13.697071552276613 14.095565319061281 6 7 13.168436050415041 33.500000000000007 8 9 14.313736915588381 10 14.314603328704836 11 12.813135623931887 12 13 30.500000000000004 14 45.500000000000007 15 16 17 24.500000000000004 12.829913139343263 14.155711174011232 18 19 20 40.500000000000007 29600.778320312504 21 22 11.933449268341066 23 24 25 26 12.864533424377443 27 28 7500.0000000000009 61.049999237060554 29 30 31 32 33 34 35
decision_type=2 2 2 1 1 2 1 1 2 2 2 2 1 1 2 2 1 1 2 2 1 1 2 1 2 1 2 1 1 2 1 2 1 1 1 2 2 2 1 1 1 2 2 1 1 2 1 1 1 1 2 1 1 2 2 1 1 1 1 1 1 1
left_child=2 3 10 5 14 12 8 37 26 24 -1 13 19 50 17 55 34 -3 27 21 54 61 39 31 41 -26 51 49 -14 46 33 53 -33 -31 -7 -18 -10 -6 56 40 -16 -9 -43 -39 45 -12 48 -48 -19 -5 -8 -4 58 -24 -21 -11 57 -28 -17 -37 -32 -2
right_child=1 4 6 18 7 16 11 9 36 15 44 -13 28 -15 22 52 35 29 -20 20 -22 -23 23 -25 25 -27 38 -29 -30 30 60 32 -34 -35 -36 59 -38 43 -40 -41 -42 42 -44 -45 -46 -47 47 -49 -50 -51 -52 -53 -54 -55 -56 -57 -58 -59 -60 -61 -62 -63
leaf_value=-2105.0672603516609 5655.3961734694421 6347.698831347232 781.31188837114689 1293.1696330183936 -114.38776174882406 191.50692774649144 -423.89435408890171 3295.5970620000721 -801.17840813971497 606.81189921605062 -925.51280545133386 -1487.4595477039504 1999.0583548650488 -1227.6154050965631 15590.574358094153 2779.270039175371 -335.53813639973015 10488.825255989208 -1041.4499473131204 6009.2841873821089 3051.5392320085798 1544.604940252287 97175.226202520324 6811.2129857026712 5283.7635485751462 12332.731518984079 6249.3559454089454 -659.29823867242237 1098.0304043593387 30800.627211252217 8566.3541203090717 15448.869205897372 114278.7262879738 4285.5692543635423 1184.321351281432 -11.337055012225029 -128.82409326067864 -92.069759316410639 726.28244936164924 3161.7887865284461 2696.7169034593994 3172.6909608390433 7008.03022133798 2800.0917131420351 -2130.274846772541 -1708.6236284294619 3299.8747322662707 20961.318561742122 22431.016477154171 -92.91726295727932 200.52385655859399 -250.19473736692453 3247.2102712886031 6971.4589171279167 5679.7990525628893 1405.1938791746543 1503.2718245587612 1596.147746945313 8828.6275815405515 723.40527464149864 -1096.3712058286876 3241.0844156674229
leaf_weight=5032035 13113 30119 70088 77430 201478 125620 409276 143887 429545 186760 1032309 3348603 128826 718780 17882 26853 329790 6141 791354 605 49067 51636 6046 20566 20531 23860 11576 169130 210470 3700 3909 1164 2155 3706 267859 220653 406596 33250 115815 125067 21414 60061 6039 46665 2302409 2421544 8132 10447 13226 91828 310068 104303 133616 4201 22975 201150 41037 17497 40724 240576 5802 30586
leaf_count=5032035 13113 30119 70088 77430 201478 125620 409276 143887 429545 186760 1032309 3348603 128826 718780 17882 26853 329790 6141 791354 605 49067 51636 6046 20566 20531 23860 11576 169130 210470 3700 3909 1164 2155 3706 267859 220653 406596 33250 115815 125067 21414 60061 6039 46665 2302409 2421544 8132 10447 13226 91828 310068 104303 133616 4201 22975 201150 41037 17497 40724 240576 5802 30586
internal_value=-0.000189649 0.000180379 -0.000282976 5.75195e-05 0.000426485 0.000189009 -0.000179836 0.000330091 -2.6727e-05 0.000419459 -0.000340178 -0.000218105 0.000439426 -0.000131951 0.000808679 0.000326936 8.17659e-05 0.00109599 -0.000139385 0.00067717 0.000903362 0.000504878 0.000685421 0.00107623 0.000633746 0.000972146 0.000166082 -2.19979e-05 0.000321692 0.00131949 0.000855378 0.00173593 0.00281425 0.00162446 0.000206386 1.97728e-05 -0.000109814 6.22013e-05 0.000290104 0.000604264 0.000899405 0.000562209 0.00077761 0.00026644 -0.000304056 -0.000281417 0.0015292 0.00117868 0.00186389 0.000110009 -3.36714e-05 3.38583e-05 0.000508236 0.00138836 0.00134421 0.000232902 0.000492656 0.000765516 0.000705928 8.66939e-05 0.000266897 0.000790467
internal_weight=2.10016e+07 4.23007e+06 1.67715e+07 2.82152e+06 1.40855e+06 1.69178e+06 5.98318e+06 1.12487e+06 1.19646e+06 843481 1.07883e+07 4.78673e+06 507278 1.43812e+06 283677 589103 1.1845e+06 85182 1.12974e+06 167982 72647 95335 198495 34132 254378 44391 360316 338388 339296 55063 17117 13566 3319 7406 393479 791019 836141 281393 185925 164363 39296 209987 66100 79915 5.75626e+06 3.45385e+06 37946 18579 19367 169258 719344 174391 201193 10247 23580 387910 70110 29073 67577 461229 9711 43699
internal_count=21001550 4230069 16771481 2821518 1408551 1691776 5983184 1124874 1196457 843481 10788297 4786727 507278 1438124 283677 589103 1184498 85182 1129742 167982 72647 95335 198495 34132 254378 44391 360316 338388 339296 55063 17117 13566 3319 7406 393479 791019 836141 281393 185925 164363 39296 209987 66100 79915 5756262 3453853 37946 18579 19367 169258 719344 174391 201193 10247 23580 387910 70110 29073 67577 461229 9711 43699
cat_boundaries=0 1 2 3 4 5 6 7 9 11 13 15 17 18 20 22 23 24 26 28 30 31 33 34 35 37 39 41 43 45 47 48 49 50 52 53 54
cat_threshold=19 2 2 4 2 17 2 1565524105 43241 2282422795 126993 4188129350 68395 3028947240 3998 88139469 179230 8 1908705986 67725 44900880 21250 458805 801178 824289285 16789 123026176 45362 67969156 54273 46516 1669913172 213585 19 102 44076836 21506 44126224 4612 264351456 46134 3649347940 18990 1375841688 9738 739241027 233878 167 330069 47181 2087238413 156481 485634 403465
is_linear=0
shrinkage=0.05


Tree=13
num_leaves=63
num_cat=37
split_feature=0 0 0 17 17 11 17 11 11 11 17 0 17 11 11 17 0 13 0 17 0 13 2 13 14 11 13 17 17 13 13 13 13 0 0 2 0 13 13 2 1 13 15 14 14 13 1 14 13 17 13 13 13 14 14 13 14 1 13 0 13 0
split_gain=258.736 42.0858 38.3564 23.1623 18.0953 13.7662 12.8202 8.8972 6.73675 6.07064 5.49655 5.38147 4.3671 3.6543 3.50896 3.22538 2.69535 3.19398 2.46531 2.31915 2.18842 2.18567 2.18256 2.57218 2.43794 2.06726 1.99335 1.9804 1.89165 2.29768 1.80952 1.77507 1.70587 1.70504 1.69627 1.64563 1.63318 1.76311 1.63232 1.62924 6.71357 1.54013 1.53173 2.76466 1.78117 1.49991 1.45066 1.43827 1.6779 1.43538 1.3978 1.39657 1.3378 1.32155 1.31574 1.30076 1.27676 2.82371 1.2677 1.25199 1.73392 1.24796
threshold=13.157667160034181 13.651602268218996 12.45578193664551 0 1 13.157455921173097 2 13.651471614837648 12.455625534057619 12.455625534057619 3 11.933642864227297 4 13.651471614837648 14.041472911834719 5 14.432618141174318 6 12.813135623931887 7 12.76298236846924 8 31.500000000000004 9 10 13.157455921173097 11 12 13 14 15 16 17 12.632721424102785 12.829913139343263 24.500000000000004 14.042400836944582 18 19 26.500000000000004 139907.17187500003 20 21 22 23 24 22518.399414062504 25 26 27 28 29 30 31 32 33 34 53378.183593750007 35 14.224736690521242 36 11.29636335372925
decision_type=2 2 2 1 1 2 1 2 2 2 1 2 1 2 2 1 2 1 2 1 2 1 2 1 1 2 1 1 1 1 1 1 1 2 2 2 2 1 1 2 2 1 1 1 1 1 2 1 1 1 1 1 1 1 1 1 1 2 1 2 1 2
left_child=2 3 11 5 7 12 8 16 20 10 33 61 21 36 28 26 22 42 -10 52 32 -2 45 24 -24 27 -7 41 -9 -30 -14 -22 -4 -8 -11 -17 37 -6 56 58 50 -5 43 -18 -44 54 -40 -23 -49 -13 -41 -35 -15 -25 -3 -37 57 -38 -16 -21 -61 -1
right_child=1 4 6 25 13 15 9 14 18 34 -12 49 30 19 39 35 17 -19 -20 59 31 47 23 53 -26 -27 -28 -29 29 -31 -32 -33 -34 51 -36 55 38 -39 46 40 -42 -43 44 -45 -46 -47 -48 48 -50 -51 -52 -53 -54 -55 -56 -57 -58 -59 -60 60 -62 -63
leaf_value=-2316.5004381584799 1977.2435904073909 -260.07891525280576 741.8136136396696 1261.0099741444596 153.0407084160579 1206.5898026793661 -680.34663949481114 2735.1973427366993 -819.59070355304141 -1664.8596848823422 -1223.171160222176 -1398.8512199224679 823.84186662174909 2562.5758058835231 5629.2087708323934 -398.68584649685948 138228.00509910454 11210.172821488546 -136.74901574419025 -549.85194211652924 1818.0759559977437 2305.2339154407282 13830.789070982159 4603.3106546854915 6349.3530751137841 -1038.5249108849646 314.27390227152574 -687.30861707054146 1826.2323908538792 534.07653295890054 1627.7089925641071 466.38559453050402 -347.89783178548169 406.21396082396313 -1194.6631995981145 796.09605854859626 96517.345321975852 2007.6809949379779 4294.8618431481937 3372.0147123783595 529643.85190107697 -111.42358404621483 183234.2011575333 5733.3990422440374 6682.997199020675 5467.8232877697483 2123.3858563442295 5744.0729765656179 2989.1516445592397 -2035.2613792527727 7924.0382731525788 -225.97444913158779 453.48487713756549 2526.3325777191162 4228.6034527843649 -15.364954615748511 5448.6475422751009 2791.4536477568577 2573.7407034888747 -783.57546607908159 2769.3815339273315 -1914.5031531427678
leaf_weight=1389074 71386 17555 61097 69155 57674 168201 220667 141925 512566 2138564 798349 3002929 145847 70044 53389 320472 1573 18862 417651 175009 96180 36307 20666 23477 38651 768300 214356 163922 101043 180124 183529 114266 128557 206977 1583246 178905 1639 62997 338 63340 399 95552 2551 1875 4420 97304 48711 23093 32302 2003850 67356 371255 148776 35965 21162 269137 15269 2165 53031 17907 27700 3642961
leaf_count=1389074 71386 17555 61097 69155 57674 168201 220667 141925 512566 2138564 798349 3002929 145847 70044 53389 320472 1573 18862 417651 175009 96180 36307 20666 23477 38651 768300 214356 163922 101043 180124 183529 114266 128557 206977 1583246 178905 1639 62997 338 63340 399 95552 2551 1875 4420 97304 48711 23093 32302 2003850 67356 371255 148776 35965 21162 269137 15269 2165 53031 17907 27700 3642961
internal_value=-0.000192586 0.000152612 -0.000281809 3.42896e-05 0.000358766 0.000153043 -0.00018867 0.000497065 -4.98433e-05 -0.00022339 -0.000141852 -0.000343502 0.000374278 0.000150796 0.000396449 5.83935e-05 0.000731074 0.00118539 -0.000123636 7.17561e-05 0.00012172 0.000585881 0.000678861 0.000835478 0.00106851 -0.00014364 0.000177019 -3.8689e-05 0.000310108 0.000234965 0.000269478 0.00023273 -1.46008e-06 -4.91284e-05 -0.000258383 -6.59229e-07 0.000334777 0.000224284 0.000530505 0.00055025 0.000668237 8.37593e-05 0.00188805 0.00275477 0.00145602 0.000542119 0.000377617 0.000747438 0.000907906 -0.000306801 0.000648467 -4.00484e-06 0.000187086 0.000602655 0.000278656 6.12202e-05 0.000922995 0.00174305 0.000404906 -4.26418e-05 0.000190684 -0.000380018
internal_weight=2.10016e+07 4.31336e+06 1.66882e+07 2.74046e+06 1.5729e+06 1.64354e+06 6.64938e+06 944668 1.33032e+06 5.31906e+06 1.59725e+06 1.00388e+07 492464 628229 660607 1.15107e+06 284061 29281 930217 439436 400100 163088 254780 118759 59317 1.09693e+06 382557 328629 423092 281167 329376 210446 189654 798899 3.72181e+06 768514 188793 120671 68122 237515 131095 164707 10419 3448 6971 136021 49049 91702 55395 5.00678e+06 130696 578232 218820 59442 38717 448042 19073 3804 106420 220616 45607 5.03204e+06
internal_count=21001550 4313361 16688189 2740464 1572897 1643535 6649375 944668 1330317 5319058 1597248 10038814 492464 628229 660607 1151071 284061 29281 930217 439436 400100 163088 254780 118759 59317 1096929 382557 328629 423092 281167 329376 210446 189654 798899 3721810 768514 188793 120671 68122 237515 131095 164707 10419 3448 6971 136021 49049 91702 55395 5006779 130696 578232 218820 59442 38717 448042 19073 3804 106420 220616 45607 5032035
cat_boundaries=0 1 2 3 4 5 6 8 9 11 13 14 16 17 18 20 22 24 26 28 30 32 33 34 35 37 38 40 41 43 45 47 48 49 51 52 54 56
cat_threshold=19 19 2 17 2 2 44720154 202433 8 115145745 132214 720204898 83766 624710 244204914 233578 8 2 3278897580 25129 3458294077 135794 3612883716 45492 3506741362 17926 966659524 210337 2553152000 204945 218214113 13374 326 418870 119616 7013404 2571 53820 3355508998 84104 19 2853906534 232369 3264394704 16769 169051024 17059 870676 126064 2189836530 103606 10432 4102257104 239202 3793340486 201362
is_linear=0
shrinkage=0.05


Tree=14
num_leaves=63
num_cat=39
split_feature=0 0 17 0 17 0 11 11 11 11 17 0 17 17 17 17 0 11 0 2 13 14 17 13 17 13 0 13 13 14 0 13 2 14 13 13 13 13 3 13 2 14 14 13 17 13 14 13 15 3 17 0 0 13 13 14 14 15 13 1 11 13
split_gain=232.009 38.5762 35.0722 22.2897 12.4403 12.0401 10.7928 6.17541 6.02063 6.00443 5.32325 5.17467 3.70895 2.97212 2.60483 2.5443 2.36245 2.24969 2.21063 2.15835 2.85669 2.43457 2.12878 1.9202 1.91329 1.90951 1.86023 1.85598 1.84111 1.8729 1.71819 1.57256 1.52146 1.50484 2.48441 2.31771 1.46667 1.44815 1.53627 5.34131 1.38755 1.44203 1.36212 1.35942 1.3417 1.33114 1.35922 1.32048 1.3108 1.43491 1.29436 1.28185 1.24757 2.00381 1.34089 1.34131 1.25753 1.44455 1.23512 1.21337 1.20585 1.45679
threshold=13.157667160034181 12.440037727355959 0 13.607105255126955 1 13.723642349243166 13.157455921173097 13.606108188629152 12.432333469390871 12.432333469390871 2 11.933642864227297 3 4 5 6 12.813135623931887 13.157455921173097 12.813135623931887 39.500000000000007 7 8 9 10 11 12 12.829913139343263 13 14 15 12.864533424377443 16 24.500000000000004 17 18 19 20 21 99.350002288818374 22 41.500000000000007 23 24 25 26 27 28 29 30 99.049999237060561 31 11.29636335372925 14.314603328704836 32 33 34 35 36 37 15758.975585937502 13.722758293151857 38
decision_type=2 2 1 2 1 2 2 2 2 2 1 2 1 1 1 1 2 2 2 2 1 1 1 1 1 1 2 1 1 1 2 1 2 1 1 1 1 1 2 1 2 1 1 1 1 1 1 1 1 2 1 2 2 1 1 1 1 1 1 2 2 1
left_child=1 11 3 6 9 17 12 22 10 18 30 51 19 -9 60 25 58 24 37 28 21 -21 27 -15 36 -8 -10 42 29 -2 -6 48 -17 35 -35 59 -4 38 -3 -40 -25 -42 43 -5 -13 46 -14 -32 -20 -50 -28 -1 54 -54 -16 -56 57 -55 -11 -24 61 -7
right_child=2 4 5 7 8 14 15 13 26 16 -12 44 45 23 52 32 -18 -19 31 20 -22 -23 33 40 -26 -27 50 -29 -30 -31 47 -33 -34 34 -36 -37 -38 -39 39 -41 41 -43 -44 -45 -46 -47 -48 -49 49 -51 -52 -53 53 56 55 -57 -58 -59 -60 -61 -62 -63
leaf_value=-2200.6754162505563 4185.0387069037988 498.70914378253514 1165.4606526602511 9514.8164924859284 -434.88057169563399 1306.6519401690857 20.064299236197986 3459.2608218191963 -1588.8911007239615 -488.97763768337467 -1171.2868378328312 -1340.9396026355107 2863.9037677417496 836.3409629531867 1125.7147327889597 -432.87710940182882 -129.91156495698056 -928.8353110565422 986.42128245192077 27516.078919456428 2135.5045737606792 3203.1298184510047 4230.6551966070083 1683.8272926695718 -569.20598129073028 968.45422893667637 -778.23562959228229 5639.9628227457715 1462.8028871642309 2550.998930660362 527.26974581459217 775.49089888828723 235.56264000439916 1236.2213354036169 4410.0506756001605 2600.6104942026841 -84.551492988433097 -244.1576068202121 125982.91695628256 975.50638863630161 3803.3415301757836 1639.4194848991547 11325.858389531319 2177.6661850748696 -1938.151788421007 817.5914708222889 975.02096158408244 -172.2042800921925 2429.433104481835 22260.167766826922 -1693.010195963381 -1818.7779954856296 -225.05848098789389 3948.1243430548875 294.30710957328688 -720.51896854399456 939.04400795194817 54154.685528439091 -935.61729554177373 9564.3186077490282 1109.1454502391309 5162.4218345735344
leaf_weight=1389074 14004 76684 82230 9474 518701 38558 136187 245245 2230093 204208 818739 2905362 45867 204922 72568 301127 417651 838253 16692 10341 25127 15484 1115 196914 179101 222389 791645 61264 60995 26817 143020 141545 420079 49507 55187 58986 97352 150325 234 1235 42747 42068 24223 10289 1937124 155306 107705 156960 22297 537 791601 3642961 22317 5556 57525 85624 13134 7618 331501 44834 183782 41540
leaf_count=1389074 14004 76684 82230 9474 518701 38558 136187 245245 2230093 204208 818739 2905362 45867 204922 72568 301127 417651 838253 16692 10341 25127 15484 1115 196914 179101 222389 791645 61264 60995 26817 143020 141545 420079 49507 55187 58986 97352 150325 234 1235 42747 42068 24223 10289 1937124 155306 107705 156960 22297 537 791601 3642961 22317 5556 57525 85624 13134 7618 331501 44834 183782 41540
internal_value=-0.000194639 -0.000279128 0.000132245 0.000248646 -0.000187613 -4.2389e-05 0.00012773 0.000426704 -0.000221396 -5.25004e-05 -0.000141203 -0.000342275 0.000330074 0.000347047 0.000156448 4.12208e-05 -0.000121286 -0.000130138 0.00010762 0.000531595 0.0007973 0.00116654 0.000611856 0.000275499 -2.53464e-05 0.000150068 -0.00025583 0.000795412 0.00039868 0.000658556 -5.1045e-05 0.000238109 -1.28986e-05 0.000519634 0.000385401 0.000653509 8.99766e-05 4.20657e-06 0.000178774 0.00178046 0.000360212 0.0005293 0.00104344 0.000734259 -0.000305378 0.000230378 0.000334766 4.42034e-05 0.000516922 0.000763133 -0.000214384 -0.000377783 4.55042e-05 0.000274294 -6.06534e-06 -9.48207e-05 0.000569801 0.000914973 -0.000190783 0.000919853 0.000267574 0.000429487
internal_weight=2.10016e+07 1.66882e+07 4.31336e+06 2.5882e+06 6.81367e+06 1.72516e+06 1.54143e+06 1.04678e+06 5.45076e+06 1.36291e+06 1.63742e+06 9.87452e+06 461646 731896 528222 1.07978e+06 953360 1.19694e+06 409549 152768 50952 25825 314879 486651 358683 358576 3.81334e+06 105250 101816 40821 818681 181071 721206 209629 104694 104935 179582 228478 78153 1469 281729 84815 43986 19763 4.84249e+06 308878 153572 299980 39526 22834 1.58325e+06 5.03204e+06 264342 48625 215717 143149 26308 13174 535709 45949 263880 80098
internal_count=21001550 16688189 4313361 2588203 6813668 1725158 1541428 1046775 5450759 1362909 1637420 9874521 461646 731896 528222 1079782 953360 1196936 409549 152768 50952 25825 314879 486651 358683 358576 3813339 105250 101816 40821 818681 181071 721206 209629 104694 104935 179582 228478 78153 1469 281729 84815 43986 19763 4842486 308878 153572 299980 39526 22834 1583246 5032035 264342 48625 215717 143149 26308 13174 535709 45949 263880 80098
cat_boundaries=0 1 2 3 4 5 6 7 9 10 11 13 14 16 18 20 21 23 24 26 28 30 32 34 35 36 38 39 41 42 44 45 46 48 50 51 52 53 55 57
cat_threshold=19 2 17 2 2 8 2 3323659183 127633 139762 2 469960262 166871 8 824289805 27412 2324609344 87394 2434876006 117546 961536 55581184 45072 855131 2356044752 57805 2904904672 180613 255962849 46260 3515130166 16902 8192 6 677171 431251 790592 87298 19 290365090 126364 575648 2482017712 246170 2644 17 717867252 214673 2698240032 136737 77648 635572 242 907055636 31367 1081287014 38895
is_linear=0
shrinkage=0.05


Tree=15
num_leaves=63
num_cat=38
split_feature=0 0 0 17 17 17 11 11 17 0 0 0 11 0 0 11 17 2 13 13 11 13 13 14 13 17 11 13 13 13 11 13 13 13 14 0 1 0 2 14 15 1 13 14 13 17 2 13 13 14 14 14 15 14 3 13 17 14 13 13 14 2
split_gain=211.18 40.1178 26.3556 20.5485 14.4213 8.86185 8.39211 8.29623 6.71588 4.74385 4.43665 3.41623 3.02162 2.74248 2.47805 2.46668 2.42644 2.23585 2.01998 1.82918 1.82089 1.71729 1.70812 1.67761 1.63772 1.62673 1.67277 1.61029 1.60434 1.51335 1.49888 1.54928 1.46304 1.45666 1.32459 1.31147 1.27667 1.6273 1.25333 1.24588 1.19817 1.18156 3.76993 1.17801 1.16663 1.1478 1.14586 1.1309 1.11822 1.11556 1.11418 1.10644 1.09934 1.12196 1.09606 1.07879 1.06817 1.06713 1.15739 1.05637 1.04862 1.03507
threshold=13.012022018432619 13.478944778442385 12.288928031921388 0 1 2 13.003661632537844 12.288261890411379 3 13.950327873229982 14.042400836944582 11.654356479644777 13.47723436355591 12.640696048736574 12.722423553466799 13.47723436355591 4 25.500000000000004 5 6 13.013398170471193 7 8 9 10 11 12.288261890411379 12 13 14 13.47723436355591 15 16 17 18 14.622321128845217 8228.2973632812518 12.973885536193849 22.500000000000004 19 20 7964.8867187500009 21 22 23 24 49.500000000000007 25 26 27 28 29 30 31 81.049999237060561 32 33 34 35 36 37 39.500000000000007
decision_type=2 2 2 1 1 1 2 2 1 2 2 2 2 2 2 2 1 2 1 1 2 1 1 1 1 1 2 1 1 1 2 1 1 1 1 2 2 2 2 1 1 2 1 1 1 1 2 1 1 1 1 1 1 1 2 1 1 1 1 1 1 2
left_child=2 4 11 10 6 7 16 13 9 12 15 -1 32 46 -9 21 22 -8 23 52 28 57 41 -12 -17 26 -7 -19 -6 -15 31 39 43 -11 -24 51 37 -31 49 -10 -34 42 -2 -5 -37 -13 48 -48 -4 -26 -23 -35 54 -54 -18 -32 -29 58 -3 -16 -43 -52
right_child=1 3 5 8 20 25 17 14 30 33 18 45 -14 29 59 24 19 27 -20 -21 -22 50 34 -25 38 -27 -28 56 -30 36 55 -33 40 35 -36 44 -38 -39 -40 -41 -42 60 -44 -45 -46 -47 47 -49 -50 -51 61 -53 53 -55 -56 -57 -58 -59 -60 -61 -62 -63
leaf_value=-1952.4663819066911 3387.5516431571386 5365.4262705136689 -703.29172770772641 1764.628102029684 177.52852771512553 -540.56700798764643 -468.74228157609468 -1099.7708611827377 88.82930462391451 1600.9270828647468 20578.774371330535 -1427.8372632676073 136.18542402485255 849.96363719837382 -266.56647484386485 936.24219036118598 646.81578869377415 522.11586086074828 5092.0381597041387 224.07914589961149 -1221.719829569065 1162.0615367653081 2468.4880617560602 6097.9950355218207 163.14335966887157 -1658.8134672047604 -1288.5980105315136 319.62399013521281 -603.54808854709268 582.25962409340866 71.849266794838329 -148.70267722579658 637.54349859448837 6328.31132398708 497.8550382132795 29326.13262011711 -206.7919119008715 25356.472709109832 2578.6079818998951 3259.803511777417 3202.3902015907211 3911.3714614230166 -1123.7284085298786 -19.251589138476994 5414.6004933698687 -1937.5617657909588 962.13077956156349 -193.02975523252681 -281.99876284777929 1882.3561511234261 2468.7399507956852 1900.83177320509 2233.8187191428233 358.58817298081129 13703.992153882224 -856.1310326135856 -302.2932210948573 4215.2553408986514 535.61422572968593 -706.01092085371363 1633.6487561653501 4560.7926336979672
leaf_weight=3049488 201 10484 145046 31668 160761 432557 575162 1255310 30159 128460 47066 3157810 444942 136448 244456 215042 12624 287074 122956 236288 880362 47097 39359 56883 47431 2882398 1008137 155581 222364 71417 116845 71884 24613 58042 59537 7274 216738 3276 169402 36396 74353 26795 338 59282 11207 2108746 23429 49531 217957 58304 38407 86565 36227 83780 10985 209305 311003 79900 16245 517788 63169 19196
leaf_count=3049488 201 10484 145046 31668 160761 432557 575162 1255310 30159 128460 47066 3157810 444942 136448 244456 215042 12624 287074 122956 236288 880362 47097 39359 56883 47431 2882398 1008137 155581 222364 71417 116845 71884 24613 58042 59537 7274 216738 3276 169402 36396 74353 26795 338 59282 11207 2108746 23429 49531 217957 58304 38407 86565 36227 83780 10985 209305 311003 79900 16245 517788 63169 19196
internal_value=-0.000196427 7.03781e-05 -0.000290648 0.000228311 -4.54843e-05 -0.000220646 4.16406e-05 -0.000152719 0.000106724 0.000184526 0.000410474 -0.000351293 0.000107853 -2.30605e-05 -0.000208235 0.000348316 0.000202263 -2.7174e-05 0.000602665 0.000129367 -0.00017637 0.000491109 0.000348455 0.00076497 0.000286754 -0.000265919 -0.000222528 2.94847e-05 -8.53829e-05 6.68663e-05 -4.84165e-05 8.94298e-05 0.000274817 0.00035149 0.000204761 0.000450687 2.52071e-06 0.000180787 0.000367555 0.000263239 0.000407847 0.000505436 0.00283952 0.000130003 0.00084733 -0.000326907 -0.00011132 6.94906e-05 -0.000147661 0.000232492 0.00034715 0.000400026 0.000270091 0.000208692 0.000581968 -0.000106929 -2.78439e-05 0.000632372 0.000358484 -0.000137124 0.000491508 0.000494654
internal_weight=2.10016e+07 5.48102e+06 1.55205e+07 2.31941e+06 3.16161e+06 7.20449e+06 1.89812e+06 2.8814e+06 1.391e+06 926406 928413 8.31604e+06 634858 863842 2.01755e+06 701508 569303 1.32882e+06 226905 379904 1.26349e+06 211329 189399 103949 490179 4.32309e+06 1.44069e+06 753658 383125 427879 464589 138439 189916 291548 98896 163088 291431 74693 275137 66555 98966 90503 539 90950 18481 5.26656e+06 435963 72960 363003 105735 104700 144607 143616 120007 23609 326150 466584 106629 26729 762244 89964 57603
internal_count=21001550 5481018 15520532 2319408 3161610 7204488 1898123 2881396 1390995 926406 928413 8316044 634858 863842 2017554 701508 569303 1328820 226905 379904 1263487 211329 189399 103949 490179 4323092 1440694 753658 383125 427879 464589 138439 189916 291548 98896 163088 291431 74693 275137 66555 98966 90503 539 90950 18481 5266556 435963 72960 363003 105735 104700 144607 143616 120007 23609 326150 466584 106629 26729 762244 89964 57603
cat_boundaries=0 1 2 3 4 5 7 9 11 13 14 16 17 19 21 23 25 27 29 30 31 32 34 35 37 38 40 42 43 44 45 46 47 49 50 51 53 55 56
cat_threshold=18 19 18 9 2 3231922588 194054 2446231424 65948 2642686403 73503 3946420742 183058 668788 690142821 164246 1 2240173194 37270 398788075 1698 44147620 24769 3262218795 135155 3827257694 197510 91817478 40444 191568 808205 2072 2164785154 18450 476256 1107462640 2 19 3645217792 20640 887169540 162197 830546 715312 639529 130 32947 873717793 46612 2 208900 2172915840 4865 554816064 150053 76066
is_linear=0
shrinkage=0.05


Tree=16
num_leaves=63
num_cat=38
split_feature=0 0 0 17 17 17 11 11 17 0 11 0 11 0 0 17 17 11 17 11 2 13 14 13 14 13 0 13 1 13 13 13 13 13 13 0 2 13 17 13 2 2 13 13 14 13 15 3 14 11 13 13 15 0 13 2 13 14 13 13 13 13
split_gain=193.35 33.4392 26.6369 16.2919 13.2602 9.00655 7.51234 6.90764 5.72508 3.52197 3.49949 3.49574 2.84555 2.52928 2.5041 2.13682 1.96985 1.88689 1.69252 1.71143 1.67443 2.05362 2.02907 1.85255 1.71925 1.59694 1.59397 2.36353 1.54745 1.50377 1.50275 1.48386 1.47693 1.45753 1.39686 1.386 1.27956 1.61527 1.2541 1.23431 1.22994 1.19893 1.57468 1.42675 1.1694 1.142 1.11872 1.06686 1.54159 1.06492 1.69196 1.10419 1.05643 1.05012 1.1087 1.04393 1.09104 1.07591 3.18074 1.20716 1.03441 1.02958
threshold=13.012022018432619 13.478944778442385 12.288928031921388 0 1 2 12.288261890411379 13.003661632537844 3 11.654356479644777 13.47723436355591 14.096644878387453 13.47723436355591 12.722423553466799 12.640696048736574 4 5 13.003661632537844 6 12.288261890411379 34.500000000000007 7 8 9 10 11 14.432618141174318 12 57254.009765625007 13 14 15 16 17 18 13.723642349243166 25.500000000000004 19 20 21 45.500000000000007 23.500000000000004 22 23 24 25 26 69.450000762939467 27 13.722758293151857 28 29 30 13.629689216613771 31 49.500000000000007 32 33 34 35 36 37
decision_type=2 2 2 1 1 1 2 2 1 2 2 2 2 2 2 1 1 2 1 2 2 1 1 1 1 1 2 1 2 1 1 1 1 1 1 2 2 1 1 1 2 2 1 1 1 1 1 2 1 2 1 1 1 2 1 2 1 1 1 1 1 1
left_child=2 4 9 10 7 6 14 16 11 -1 20 12 39 -8 55 25 41 29 19 -7 23 44 -23 -3 32 -9 33 47 -24 -6 -16 -13 -25 -12 -18 -10 -17 -38 -11 -5 -35 42 52 -43 61 -26 -41 -28 -49 50 -37 -51 -2 -14 -55 56 -4 58 -57 -59 -42 -22
right_child=1 3 5 8 17 18 13 15 35 38 26 31 53 -15 30 36 34 -19 -20 -21 21 22 28 24 45 -27 27 -29 -30 -31 -32 -33 -34 40 -36 49 37 -39 -40 46 60 43 -44 -45 -46 -47 -48 48 -50 51 -52 -53 -54 54 -56 57 -58 59 -60 -61 -62 -63
leaf_value=-1854.8430628113565 27577.494995523473 1750.6940927645076 -668.4249154536767 683.28879839894944 309.13194352875666 -513.5386575882643 -1044.7823181236006 725.66676013519395 -699.57913251082937 -1356.4454001042272 1033.1953152181268 1668.91518748526 -168.40116707804873 -572.34576300748233 762.95989120774755 -611.86355107024508 14.473705196703669 -1161.3433692469364 -1575.8727938445224 -1224.1681100049379 2088.0257599673409 3355.5404284928359 6594.8037932358293 9591.7589153503977 1594.3649785251059 -32.423262228454405 10891.540006753326 3750.1882721034222 706884.47420584725 -555.70681693223821 -15.486759053008427 6195.3111021536724 16439.241166507021 1597.7990681989859 711.83766453965643 -459.63864558631906 395.66974147704536 -327.9567220838515 -1840.6836775014108 1360.949126586743 5454.4907352499031 2883.819919982484 -175.08448740883489 1381.1231654450085 1825.9600462622275 4170.1874112343085 3126.8016158895643 92362.582924246002 6591.7147981053049 515.93709610978476 2046.6006140978761 -517.26228387120432 1732.480853035755 -42.89740855888013 777.97271032832418 10933.445642730434 -252.69901128964705 -545.89085363098093 74.830849913847132 414.10374248773343 2242.0173107039504 21815.707991568688
leaf_weight=3049488 8416 56430 159464 88022 127977 432557 1255310 159178 200247 3157810 192533 91812 186611 762244 145211 384503 159780 883643 2882398 1008137 7117 26338 38035 15950 27794 282246 4568 26005 725 251867 282668 99546 21723 314092 220124 20545 181414 321479 2108746 54629 36026 45050 41292 68599 35377 42069 77131 7792 7676 73719 58096 111982 26042 124631 204024 4557 203539 26300 13861 28242 59978 8185
leaf_count=3049488 8416 56430 159464 88022 127977 432557 1255310 159178 200247 3157810 192533 91812 186611 762244 145211 384503 159780 883643 2882398 1008137 7117 26338 38035 15950 27794 282246 4568 26005 725 251867 282668 99546 21723 314092 220124 20545 181414 321479 2108746 54629 36026 45050 41292 68599 35377 42069 77131 7792 7676 73719 58096 111982 26042 124631 204024 4557 203539 26300 13861 28242 59978 8185
internal_value=-0.000197686 5.76067e-05 -0.000287842 0.000201796 -4.81728e-05 -0.000217467 -0.000148989 3.53713e-05 9.35318e-05 -0.00034881 0.000363998 0.000165366 0.000115811 -0.000201817 -2.56072e-05 -2.70611e-05 0.000181096 -0.000173679 -0.000263108 -0.000218849 0.000511822 0.000657398 0.00084323 0.00040903 0.000530769 6.28366e-05 0.000300253 0.000583817 0.00107351 -8.04852e-05 6.03224e-05 0.000355726 0.000803108 0.000278589 0.000115416 -4.9708e-05 -7.17795e-05 -1.9281e-05 -0.00032405 0.000266442 0.000331871 0.000312818 0.000158746 0.000415539 0.000418444 0.000383818 0.000363285 0.000991819 0.00119059 2.54561e-05 0.000179671 -3.98512e-05 0.000408234 5.15603e-05 0.000105347 -0.000109943 -0.000144631 6.26375e-05 0.000392935 -4.8962e-05 0.000488501 0.000783634
internal_weight=2.10016e+07 5.48102e+06 1.55205e+07 2.31941e+06 3.16161e+06 7.20449e+06 2.8814e+06 1.89812e+06 1.391e+06 8.31604e+06 928413 926406 735048 2.01755e+06 863842 1.32882e+06 569303 1.26349e+06 4.32309e+06 1.44069e+06 279743 115777 65098 163966 107536 441424 648670 46041 38760 379844 427879 191358 37673 602629 379904 464589 887396 502893 5.26656e+06 219782 410096 189399 75750 113649 50679 69863 131760 20036 15468 264342 78641 185701 34458 515266 328655 435963 363003 72960 18418 54542 96004 15302
internal_count=21001550 5481018 15520532 2319408 3161610 7204488 2881396 1898123 1390995 8316044 928413 926406 735048 2017554 863842 1328820 569303 1263487 4323092 1440694 279743 115777 65098 163966 107536 441424 648670 46041 38760 379844 427879 191358 37673 602629 379904 464589 887396 502893 5266556 219782 410096 189399 75750 113649 50679 69863 131760 20036 15468 264342 78641 185701 34458 515266 328655 435963 363003 72960 18418 54542 96004 15302
cat_boundaries=0 1 2 3 4 5 6 7 9 10 12 13 15 17 19 21 23 25 27 29 31 32 34 36 38 39 41 42 43 45 47 48 50 52 53 55 57 59 61
cat_threshold=18 19 18 9 2 2 1 1529107246 78050 145858 3262645765 52353 2936 2383549506 168975 615519161 2811 499451105 1696 44147620 25281 1911567494 7614 268619922 135976 688038439 33172 773931101 147041 3238445224 102806 19 3255550236 199558 4247552583 100914 2304464898 186690 196899 755312672 86 2075 813988 562039504 57604 550955296 178724 28 335939664 234847 1021387268 162261 73892 2551218721 131240 2922922621 206476 2216712584 28704 2118404 73824
is_linear=0
shrinkage=0.05


Tree=17
num_leaves=63
num_cat=44
split_feature=0 0 0 17 17 17 11 0 11 17 0 11 17 2 11 17 17 17 13 0 17 11 17 13 13 11 13 13 13 13 2 13 14 13 14 13 13 13 11 13 0 14 14 13 15 0 13 13 14 14 11 13 16 13 15 13 15 14 14 14 14 14
split_gain=177.039 27.2563 26.8264 16.8292 8.8335 8.13628 7.32328 4.57158 3.84534 3.86027 3.25937 3.20172 3.11375 2.2484 2.20404 1.99086 1.96693 1.88643 1.77973 1.74932 1.64698 1.79052 1.57336 1.52019 1.45048 1.41301 1.48131 1.41275 1.39893 1.37771 1.3135 1.59225 1.28145 1.27332 1.26675 1.26353 1.22558 1.2195 1.16869 1.08282 1.05113 1.0432 1.02583 1.08712 1.17673 1.01641 1.84956 1.13784 1.27574 1.0146 1.01103 1.12331 1.33344 1.07 1.0067 1.0025 1.19336 0.963306 0.949538 0.941906 0.94086 0.940339
threshold=13.012022018432619 13.629689216613771 12.376563072204592 0 1 2 13.003661632537844 11.780675888061525 12.368712425231935 3 13.302617073059084 12.368712425231935 4 24.500000000000004 13.003661632537844 5 6 7 8 12.632721424102785 9 11.779021739959719 10 11 12 13.629426479339601 13 14 15 16 38.500000000000007 17 18 19 20 21 22 23 12.648645877838137 24 12.779411792755129 25 26 27 28 14.155711174011232 29 30 31 32 13.629426479339601 33 34 35 36 37 38 39 40 41 42 43
decision_type=2 2 2 1 1 1 2 2 2 1 2 2 1 2 2 1 1 1 1 2 1 2 1 1 1 2 1 1 1 1 2 1 1 1 1 1 1 1 2 1 2 1 1 1 1 2 1 1 1 1 2 1 1 1 1 1 1 1 1 1 1 1
left_child=2 3 7 6 11 12 13 -1 9 19 30 36 33 29 15 35 24 45 34 -6 21 -9 23 32 54 39 -27 38 -21 -2 -8 -32 -12 42 -18 -5 -4 -24 -13 -14 -10 -26 43 44 -3 47 60 48 -7 -38 51 52 58 59 -15 -44 -57 -54 -19 -52 -47 -39
right_child=1 5 4 14 8 17 10 20 40 -11 22 27 25 16 -16 -17 18 50 -20 28 -22 -23 37 -25 41 26 -28 -29 -30 -31 31 -33 -34 -35 -36 -37 49 61 -40 -41 -42 -43 55 -45 -46 46 -48 -49 -50 -51 53 -53 57 -55 -56 56 -58 -59 -60 -61 -62 -63
leaf_value=-1720.9375345153965 1173.8516642649527 35452.668115184257 -172.5716757623799 680.80307941343108 -637.07197706588852 180.9285916262379 -466.05446859508521 -444.98786034588693 -1426.0621443463608 -1096.7553698375516 3054.46364780873 -688.74810408840358 1518.7977730267799 3494.8857907855477 -1003.8826337323649 -789.41665110988254 638.61949046900702 41370.975556194528 336.29964241454604 307.38626235432315 -1547.0542435400498 -1213.7638519603479 -215.22460477658751 273.91840158213012 2870.0528910796438 465.70260936445032 1656.1100141429451 -705.21718161952526 -342.42179977301203 -20.213498950230683 -321.4675074421437 515.23866227073393 771.94121576534963 2916.5449180223745 1823.0397525811591 -254.51506943433839 894.94142338887468 -37.456942678004545 48.838903636043703 3995.3190810960718 -1135.9875476628993 630.82687159225463 2636.5681110463265 3344.1417760496247 6228.5753701496087 19421.589330012892 992.86203766090046 69.41681586017512 3398.8256027847892 30.991652237233531 -498.3924644986721 34.051795815773339 4192.0870247431349 -653.79124732727053 2362.5433869324188 6559.1539946412513 3771.2389893629388 -572.28147834688787 1716.7305047297837 2672.9144182087766 4866.7590530265234 895.46954727871491
leaf_weight=3872523 126951 11973 165791 108851 320034 46161 592332 319828 2325164 757274 48206 167056 67400 22581 1070718 229825 55707 5308 144044 209899 4272033 749185 195715 124262 26160 185540 277091 512439 227738 161764 146297 171889 58719 173236 66904 120293 105797 119950 205025 131672 1204557 40089 36138 36514 24649 11961 46358 134714 69020 106189 43668 67003 10866 134988 44478 13046 37469 10315 5070 53508 22345 149270
leaf_count=3872523 126951 11973 165791 108851 320034 46161 592332 319828 2325164 757274 48206 167056 67400 22581 1070718 229825 55707 5308 144044 209899 4272033 749185 195715 124262 26160 185540 277091 512439 227738 161764 146297 171889 58719 173236 66904 120293 105797 119950 205025 131672 1204557 40089 36138 36514 24649 11961 46358 134714 69020 106189 43668 67003 10866 134988 44478 13046 37469 10315 5070 53508 22345 149270
internal_value=-0.000199015 4.52733e-05 -0.000285284 -2.80916e-05 -0.000205833 0.000214729 5.75265e-05 -0.000339671 -0.000235432 -0.000168799 -9.45597e-07 -8.75365e-05 0.000305092 0.000193939 -0.000156562 -6.48939e-05 0.000270697 7.87966e-05 0.000192274 -8.9002e-05 -0.000309681 -0.000254163 8.05022e-05 0.000187098 0.00042752 0.000242324 0.000194398 -0.000139578 -2.40343e-05 8.76042e-05 -6.32152e-05 1.87222e-05 0.000325315 0.000429798 0.00033228 3.93976e-05 3.43104e-05 2.7493e-05 -6.5415e-05 0.000353712 -0.000264032 0.000261482 0.00053164 0.000669647 0.000862334 0.000163266 0.000317589 0.000113458 0.000228833 0.000113951 -5.63241e-06 0.000128539 0.000374434 -6.25932e-05 0.000591488 0.000415097 0.000558981 0.000146737 0.000838564 6.39191e-05 0.000595845 9.6535e-05
internal_weight=2.10016e+07 5.48102e+06 1.55205e+07 3.825e+06 6.30696e+06 1.65601e+06 2.29532e+06 9.21357e+06 5.04467e+06 1.51494e+06 1.60664e+06 1.2623e+06 994728 688678 1.52969e+06 458969 399963 661285 266655 757671 5.34105e+06 1.06901e+06 696122 231187 133308 661703 462631 884520 437637 288715 910518 318186 106925 333025 122611 229144 377777 464935 372081 199072 3.52972e+06 66249 159789 73136 36622 330559 80664 249895 115181 211986 330726 98562 31559 232164 67059 86653 50515 21181 10378 97176 34306 269220
internal_count=21001550 5481018 15520532 3825005 6306963 1656013 2295318 9213569 5044666 1514945 1606640 1262297 994728 688678 1529687 458969 399963 661285 266655 757671 5341046 1069013 696122 231187 133308 661703 462631 884520 437637 288715 910518 318186 106925 333025 122611 229144 377777 464935 372081 199072 3529721 66249 159789 73136 36622 330559 80664 249895 115181 211986 330726 98562 31559 232164 67059 86653 50515 21181 10378 97176 34306 269220
cat_boundaries=0 1 2 3 4 5 6 7 8 10 11 12 14 16 18 20 22 24 26 27 29 30 32 34 36 38 39 40 42 43 45 47 48 49 51 52 54 55 57 58 59 60 61 62 63
cat_threshold=19 2 19 17 2 8 2 8 64491488 183708 2 2 1859929040 33003 268113930 187730 2551382596 167414 907137588 153735 1119614673 26785 3503075878 99115 976304918 217637 231518 105352268 259851 468235 233155808 21182 205214785 200169 3787791304 181408 2218967701 94344 189720 193424 4521984 250633 2344 2157399484 205377 3143201329 27170 76242 30661 2149679658 136049 48 3034046496 63008 163 4521984 250120 56 109290 780944 150250 596640 559294
is_linear=0
shrinkage=0.05


Tree=18
num_leaves=63
num_cat=39
split_feature=0 0 0 17 17 17 11 11 0 11 17 0 0 0 11 17 17 17 2 13 17 11 11 13 13 13 17 15 2 13 0 13 13 13 0 13 13 13 0 14 11 13 13 14 13 14 13 13 13 14 13 3 1 13 14 15 1 13 14 14 3 13
split_gain=164.556 26.5617 23.7297 12.7627 11.8603 8.01615 6.14885 5.78254 3.58183 3.41669 2.35674 2.27289 2.11746 2.09402 2.07156 1.84646 1.84627 1.73467 1.71905 1.60603 1.46059 1.45294 1.42522 1.40463 1.37505 1.36541 1.33668 1.29507 1.29451 1.52333 1.28751 1.27326 1.26546 1.24146 1.2214 1.61081 1.19041 1.16738 1.35673 2.50533 1.10775 1.14075 1.108 1.10124 1.08745 1.15228 1.3088 1.07771 1.07744 1.06748 1.89738 1.16134 1.01919 1.01375 0.990939 1.46881 0.982201 0.979059 0.998797 0.977756 1.53417 0.971964
threshold=12.955071449279787 13.478944778442385 12.280593872070314 0 1 2 12.947035789489748 12.279781818389894 11.654356479644777 13.47723436355591 3 13.839263916015627 12.705722332000734 12.640696048736574 12.947035789489748 4 5 6 31.500000000000004 7 8 12.279781818389894 11.652648448944094 9 10 11 12 13 20.500000000000004 14 14.042400836944582 15 16 17 13.807003498077394 18 19 20 14.622321128845217 21 13.168436050415041 22 23 24 25 26 27 28 29 30 31 99.350002288818374 110373.05078125001 32 33 34 128595.94140625001 35 36 37 99.450000762939467 38
decision_type=2 2 2 1 1 1 2 2 2 2 1 2 2 2 2 1 1 1 2 1 1 2 2 1 1 1 1 1 2 1 2 1 1 1 2 1 1 1 2 1 2 1 1 1 1 1 1 1 1 1 1 2 2 1 1 1 2 1 1 1 2 1
left_child=2 3 8 6 9 7 19 13 -1 18 34 17 -9 57 16 31 33 25 37 56 22 26 -10 27 -15 -11 53 -20 48 52 49 -8 -19 59 35 -6 -36 -3 -39 -40 41 -17 -42 -29 45 46 -32 -14 -13 50 51 -12 -30 -7 55 -25 -2 -4 -59 60 -5 -18
right_child=1 4 5 14 10 21 15 12 20 11 30 28 47 24 -16 40 61 32 23 -21 -22 -23 -24 54 -26 -27 -28 43 29 -31 44 -33 -34 -35 36 -37 -38 38 39 -41 42 -43 -44 -45 -46 -47 -48 -49 -50 -51 -52 -53 -54 -55 -56 -57 -58 58 -60 -61 -62 -63
leaf_value=-1676.0540329450189 1134.7102746661578 1197.3533512370122 -514.72295247201771 1764.504174729861 1125.879359331532 -239.72316302913532 540.51731459566315 -961.38540841137842 -518.75612052283395 236.38989176685865 4801.9034986088327 170.88264128051776 -338.09766090528069 651.41860787642656 -1102.2971081604708 -95.385023051293956 -523.91128883511772 467.05007509115035 1976.5128394526926 381.14421113253485 -1525.0593449565383 -1450.7020225058632 -1248.4316163935805 10428.495188358771 -116.1466864031143 1295.7796460035142 -1094.9938661513113 3286.3917026701488 3866.9120052870744 2252.525121502264 82216.96690367785 -101.48011268305419 -272.12109584792125 -260.60412042120589 2591.3807676598112 -305.3581196476116 525.20871510888526 2850.7540932791803 87185.948992129997 -17.585908139642562 203.92316324579036 -705.91357563089696 -337.38067973821018 7941.1023678798665 -95.316589822121415 681.57645401596028 2234.7715270973381 -674.8984314944197 2286.1930449933657 -679.3751916238607 -350.68482641865489 62190.933436900661 15628.82919227548 -665.53078790936127 1702.0579578575591 3642.908037749512 -593.63486742331736 876.28375134610326 -246.73388997201766 119.15535018226001 18838.040558300447 -1083.6718357101179
leaf_weight=3049488 270464 76815 204784 29792 99153 163584 224759 1231099 309354 110731 22462 69705 335707 147443 1023004 137081 104838 90289 21827 369903 4146854 2853183 726061 3436 220916 261493 814846 22533 121188 146545 3436 285843 96741 132499 98281 149364 116098 141779 2667 2438 257631 350557 279617 41849 69314 31949 7444 336841 75415 211211 118410 363 1340 244475 65682 39450 18059 36250 205067 56418 469 115256
leaf_count=3049488 270464 76815 204784 29792 99153 163584 224759 1231099 309354 110731 22462 69705 335707 147443 1023004 137081 104838 90289 21827 369903 4146854 2853183 726061 3436 220916 261493 814846 22533 121188 146545 3436 285843 96741 132499 98281 149364 116098 141779 2667 2438 257631 350557 279617 41849 69314 31949 7444 336841 75415 211211 118410 363 1340 244475 65682 39450 18059 36250 205067 56418 469 115256
internal_value=-0.000199705 2.22327e-05 -0.000287966 -6.17291e-05 0.000154586 -0.000218804 1.45374e-05 -0.000152294 -0.000345051 0.000246879 1.60733e-05 0.000195519 -0.000199996 -4.07996e-05 -0.000176154 -4.0276e-05 -8.53362e-05 0.000129768 0.000366358 0.000142366 -0.00031975 -0.000263154 -0.000266612 0.000474962 4.74284e-05 0.000192186 -0.000217557 0.00062568 0.000284297 0.000349212 -6.34833e-05 3.74046e-05 5.53405e-06 1.73874e-05 9.59206e-05 2.0488e-05 0.00018337 0.000271797 0.000354392 0.00115524 -7.89763e-05 -0.000133539 -2.94533e-05 0.000738586 8.40762e-05 0.000282115 0.000726355 -0.000128651 0.000163934 -0.000110436 -4.01736e-06 0.000413291 0.000479329 -0.000143675 0.000355192 0.000542172 0.000230783 -0.000113652 -4.54089e-05 0.000164502 0.00039376 -0.000187624
internal_weight=2.10016e+07 5.9756e+06 1.5026e+07 3.65619e+06 2.31941e+06 6.7942e+06 2.19391e+06 2.71811e+06 8.23176e+06 1.39192e+06 927485 973447 1.90365e+06 814460 1.46228e+06 1.53549e+06 439272 559254 418476 658426 5.18227e+06 4.07609e+06 1.03542e+06 194777 368359 372224 1.2229e+06 86209 414193 269073 464589 510602 187030 219178 462896 248517 214379 223699 146884 5105 1.02489e+06 487638 537248 64382 112143 42829 10880 672548 145120 352446 141235 22825 122528 408059 108568 42886 288523 446101 241317 86679 30261 220094
internal_count=21001550 5975598 15025952 3656190 2319408 6794195 2193914 2718107 8231757 1391923 927485 973447 1903647 814460 1462276 1535488 439272 559254 418476 658426 5182269 4076088 1035415 194777 368359 372224 1222905 86209 414193 269073 464589 510602 187030 219178 462896 248517 214379 223699 146884 5105 1024886 487638 537248 64382 112143 42829 10880 672548 145120 352446 141235 22825 122528 408059 108568 42886 288523 446101 241317 86679 30261 220094
cat_boundaries=0 1 2 3 4 5 6 7 9 10 12 14 16 17 18 20 22 24 26 28 30 32 33 35 37 38 40 41 43 45 47 48 50 52 53 54 56 57 58 60
cat_threshold=19 19 18 8 2 8 18 2448166786 49566 2 619777633 36631 1655808932 25281 2432831333 276 1 2072 1985355417 94217 647648454 185358 661251631 8805 231066784 18098 2482254001 38952 1862375337 221699 2756904452 49691 601191 26542488 35120 285890213 81342 13201 7734577 128049 526640 263440 4112 3004290624 163637 3882819209 198944 77362 1611702304 80 1275392242 22573 344469 128 888218148 146901 18464 543377 400425323 71393
is_linear=0
shrinkage=0.05


Tree=19
num_leaves=63
num_cat=38
split_feature=0 0 0 17 17 17 11 0 0 11 11 17 2 17 17 13 11 17 17 13 0 13 0 13 13 17 11 11 13 13 11 13 13 14 13 13 14 0 13 2 13 14 13 13 11 14 13 1 0 15 14 5 14 13 14 17 6 15 3 13 2 14
split_gain=156.45 28.2396 18.8102 13.2884 11.7576 6.46886 5.99286 3.51056 3.32496 2.73786 2.62823 2.52447 2.51858 2.46458 2.31244 1.90482 1.77174 1.71661 1.67837 1.55193 1.46149 1.39671 1.36807 1.55439 1.35481 1.33417 1.31711 1.30606 1.73708 1.26708 1.26681 1.24213 1.23154 1.18893 1.64104 1.2457 1.17982 1.4491 1.97424 1.17133 1.41146 1.41899 1.30666 1.12811 1.12557 1.42344 1.23894 1.10563 1.09994 1.02856 1.01571 0.992111 0.987275 0.961839 0.946339 1.07972 1.05116 1.81546 1.04029 0.937055 0.90509 0.903684
threshold=12.864533424377443 13.431216716766359 12.257157325744631 0 1 2 12.86552143096924 14.042400836944582 11.654356479644777 12.25605344772339 12.25605344772339 3 24.500000000000004 4 5 6 12.857064723968508 7 8 9 13.807003498077394 10 12.632721424102785 11 12 13 11.652648448944094 13.4299693107605 14 15 12.648645877838137 16 17 18 19 20 21 12.804709911346437 22 35.500000000000007 23 24 25 26 14.041472911834719 27 28 15951.166503906252 13.723642349243166 29 30 17500.000000000004 31 32 33 34 41.500000000000007 35 99.850002288818374 36 24.500000000000004 37
decision_type=2 2 2 1 1 1 2 2 2 2 2 1 2 1 1 1 2 1 1 1 2 1 2 1 1 1 2 2 1 1 2 1 1 1 1 1 1 2 1 2 1 1 1 1 2 1 1 2 2 1 1 2 1 1 1 1 2 1 2 1 2 1
left_child=2 3 8 6 7 9 21 14 -1 24 13 20 59 22 39 -9 17 32 19 -14 33 60 -7 -24 36 26 -10 28 61 30 -11 -20 47 34 -6 -35 37 -4 -39 40 -3 -42 49 -22 45 46 -17 -5 -13 -41 -45 -47 -30 -50 56 58 -23 -58 -56 -8 -2 -16
right_child=1 4 5 16 11 10 12 15 25 29 -12 48 18 -15 27 44 -18 -19 31 -21 43 54 23 -25 -26 -27 -28 -29 52 -31 -32 -33 -34 35 -36 -37 -38 38 -40 42 41 -43 -44 50 -46 51 -48 -49 53 -51 -52 -53 -54 -55 55 -57 57 -59 -60 -61 -62 -63
leaf_value=-1592.251331297768 -233.02510973182362 501.04703857441928 651.70749689423087 1125.4362907380348 7344.4171858755408 -595.69179037363722 -304.19524744028865 2802.3666113602139 -512.63916128240351 -664.74970483060213 -1313.5172492612046 -735.35614099220265 -117.30973460295209 -1091.8165414017828 1616.9550599646814 11920.617538772658 -1138.9270501325625 -956.64796984251814 80.452175091046598 740.38584918434492 2679.4996759210976 938.88347982168125 -502.31880237744048 271.27712638418018 -264.56190683703971 -1457.8082086290317 -1199.0901809946795 359.33654260622234 1441.0229904305138 -763.61671274502885 72.187556529878208 -400.89640451929881 -287.96537596924549 382.60797302633296 38.632829128155635 -501.73426424168503 16.702551690652037 44220.504404057974 432.9195450009924 10034.818271371318 738.41816061123541 3204.4373594000085 1207.8717969479228 3031.0038242927012 4804.752799420331 3998.9496653862243 32206.323469403091 -125.57678866915408 621.14389327036054 3552.5548570870656 -208.59622156508269 12406.027721128285 3355.7100795376209 -267.48157676184201 606.80935439247219 -219.74525271932663 16572.657261280467 855.39975276342727 1367.9668422216769 -689.50442896903473 457.03959931460054 -94.891438551569649
leaf_weight=3049488 135860 115454 45869 36158 29697 465281 280210 163046 295247 237901 3468950 249096 159224 742708 25373 11391 1188581 255789 293493 186341 107084 206437 128141 150111 199494 3957156 693301 559174 62264 504425 127209 399717 179002 84073 58009 125689 120436 1598 3137 22229 56224 68143 92966 32387 122856 23151 12857 39459 104577 45532 74908 5656 76537 159765 148029 74483 7157 7641 487 459691 189018 76183
leaf_count=3049488 135860 115454 45869 36158 29697 465281 280210 163046 295247 237901 3468950 249096 159224 742708 25373 11391 1188581 255789 293493 186341 107084 206437 128141 150111 199494 3957156 693301 559174 62264 504425 127209 399717 179002 84073 58009 125689 120436 1598 3137 22229 56224 68143 92966 32387 122856 23151 12857 39459 104577 45532 74908 5656 76537 159765 148029 74483 7157 7641 487 459691 189018 76183
internal_value=-0.000199255 -2.27507e-06 -0.000293801 -8.1388e-05 0.000128744 -0.000228405 -9.16194e-06 0.000216129 -0.000344475 -0.000126269 -0.000253964 -2.43053e-06 -5.95877e-05 -0.000198332 0.000175998 0.000358221 -0.000189696 -0.000111781 -9.37355e-06 8.06414e-05 7.61477e-05 0.000107454 -0.000133975 -4.62741e-05 -1.24599e-05 -0.000319156 -0.000267181 0.000126866 0.00022434 -0.000174768 -0.000103815 -5.42464e-05 -1.98696e-05 4.42448e-06 0.000159002 -6.02125e-05 9.07926e-05 0.000293358 0.00112619 0.000274058 0.000204067 0.000320932 0.000378509 0.000175673 0.00047234 0.000664829 0.000947152 0.000149306 -8.07652e-05 0.000545507 6.10647e-05 0.00042671 0.000339307 -9.72556e-06 0.000165074 9.23757e-05 0.000238345 0.000645426 0.000170287 -0.000130085 2.86596e-05 6.71686e-05
internal_weight=2.10016e+07 6.8111e+06 1.41905e+07 4.24678e+06 2.56432e+06 6.19526e+06 2.54779e+06 1.53904e+06 7.99519e+06 1.24007e+06 4.95519e+06 1.02528e+06 1.77868e+06 1.48624e+06 1.20008e+06 338957 1.69899e+06 510408 1.03878e+06 345565 511847 769112 743533 278252 370534 4.9457e+06 988548 799531 240357 869535 365110 693210 254619 297468 87706 209762 171040 50604 4735 400548 239821 124367 160727 214379 175911 53055 24248 75617 513438 67761 107295 28807 138801 264342 444234 222999 221235 14798 148516 739901 324878 101556
internal_count=21001550 6811098 14190452 4246777 2564321 6195260 2547788 1539036 7995192 1240069 4955191 1025285 1778676 1486241 1200079 338957 1698989 510408 1038775 345565 511847 769112 743533 278252 370534 4945704 988548 799531 240357 869535 365110 693210 254619 297468 87706 209762 171040 50604 4735 400548 239821 124367 160727 214379 175911 53055 24248 75617 513438 67761 107295 28807 138801 264342 444234 222999 221235 14798 148516 739901 324878 101556
cat_boundaries=0 1 2 3 4 5 6 8 9 10 12 14 16 18 19 21 23 25 27 28 30 32 33 35 37 38 40 42 43 45 46 47 48 50 51 52 53 55 56
cat_threshold=19 19 2 8 17 2 2570651364 68861 8 2 1366305117 90550 472014973 208480 963383598 230494 3550259632 49742 2 3796026653 152338 907317782 219271 3515274410 33174 893387936 17974 759808 301250624 45376 2468545205 104616 25349 51382544 32832 3950123765 51728 687376 1892355780 54384 1862506413 221699 92788 616956168 25090 1217 7752 146228 2229268512 7713 232118 18 622 52025429 25768 787468
is_linear=0
shrinkage=0.05


Tree=20
num_leaves=63
num_cat=39
split_feature=0 0 0 17 17 17 11 0 11 17 0 11 17 0 11 0 13 11 17 13 11 13 14 17 13 13 13 2 2 13 14 15 2 13 13 14 11 11 13 13 17 13 15 13 2 13 13 17 2 13 13 13 2 14 11 13 13 13 11 13 13 13
split_gain=147.012 28.0716 16.2723 12.0551 11.1048 6.05746 5.8363 3.13418 2.83798 2.65418 2.63896 2.4548 2.35129 2.21526 2.03791 1.64462 1.59779 1.4724 1.49523 1.42827 1.40565 1.39823 1.30403 1.30151 1.60269 1.29073 1.28675 1.26751 1.26073 1.27828 1.17363 1.19184 1.16736 1.48258 1.16711 1.16856 1.16078 1.14656 1.44523 1.13576 1.1329 1.11659 1.39441 1.1206 1.11637 1.11107 1.08064 1.062 1.00428 1.39976 0.999509 0.990022 0.984389 1.32272 0.95244 0.949941 0.928077 0.909564 0.92552 1.57177 0.908729 0.891247
threshold=12.804709911346437 13.372135162353517 12.120216846466066 0 1 2 12.796295642852785 13.909818172454836 12.119895935058596 3 13.807003498077394 12.119895935058596 4 11.533604145050051 13.371111869812013 12.448048114776613 5 12.805435180664064 6 7 13.371111869812013 8 9 10 11 12 13 36.500000000000007 22.500000000000004 14 15 16 33.500000000000007 17 18 19 13.805543422698976 12.511250495910646 20 21 22 23 24 25 25.500000000000004 26 27 28 33.500000000000007 29 30 31 24.500000000000004 32 12.937386989593508 33 34 35 14.623640537261965 36 37 38
decision_type=2 2 2 1 1 1 2 2 2 1 2 2 1 2 2 2 1 2 1 1 2 1 1 1 1 1 1 2 2 1 1 1 2 1 1 1 2 2 1 1 1 1 1 1 2 1 1 1 2 1 1 1 2 1 2 1 1 1 2 1 1 1
left_child=2 3 13 6 7 8 19 14 26 32 20 12 15 -1 16 -7 30 18 25 -2 21 -6 47 24 52 -5 27 -4 29 -16 31 -3 45 -34 -25 51 41 -10 -39 -11 -15 42 43 -12 -27 -8 -44 60 55 -50 -30 -36 -9 -54 -41 -23 -14 -38 -59 -60 -21 -17
right_child=1 4 5 17 10 11 9 23 37 39 36 -13 56 40 28 61 -18 -19 -20 22 -22 48 -24 34 -26 44 -28 -29 50 -31 -32 -33 33 -35 35 -37 57 38 -40 54 -42 -43 46 -45 -46 -47 -48 -49 49 -51 -52 -53 53 -55 -56 -57 -58 58 59 -61 -62 -63
leaf_value=-1566.2122510610047 7.7327568015760342 9836.7538035362177 -116.41227195058183 -504.79289232793309 -440.29444250663369 -677.04523172431004 348.33576249034962 4165.9509692253059 -860.10007937286287 -312.14760346050173 3310.6339939966583 -1317.8659154548077 -1146.850472378889 -1158.8689939963476 -277.29575631252811 115.23215326107675 875.05308300423212 -1164.9913232867516 -979.23341933864504 5104.4958410158633 -498.03198522542226 1288.1740888965696 983.61851661108085 1178.3182537123737 3222.959395193971 -382.70169291758651 -298.2810886093568 729.15818067990369 1205.9737222330359 570.73346091780184 1495.9614993420009 2342.8506049323564 -195.304341723134 657.6834518623059 12672.340147647687 2147.3252487640552 -262.22831416708067 -706.06121074418706 -310.86868191426026 -874.03166241833389 -1572.7333550003204 269.38366443218109 8991.3164466262551 18058.950005035265 548.82131932322989 -425.88358900746243 -38.616888723213258 -234.56895304540888 3720.6779688896695 514.91083806662755 370.68015562602523 3822.2727169531195 28500.335344182109 5813.9571351619043 -500.15829850473023 -539.76156201947288 -1016.5421169026112 415.39694163312743 79819.199737115094 1514.6663806674726 574.47017492489249 -445.04781063170805
leaf_weight=2381638 341401 27810 107759 102464 77863 393783 121083 31133 556651 529490 7061 3891668 365967 2569438 160927 114251 187594 1254227 271779 11270 511553 27361 303913 156525 88678 73163 241200 66294 247562 173980 102156 56083 103683 168382 28390 102829 144485 184123 234858 203553 1715292 67161 17497 13361 94384 234726 24099 109712 21889 37975 289036 39429 21957 22391 525099 52030 467682 143319 5178 6653 43697 324955
leaf_count=2381638 341401 27810 107759 102464 77863 393783 121083 31133 556651 529490 7061 3891668 365967 2569438 160927 114251 187594 1254227 271779 11270 511553 27361 303913 156525 88678 73163 241200 66294 247562 173980 102156 56083 103683 168382 28390 102829 144485 184123 234858 203553 1715292 67161 17497 13361 94384 234726 24099 109712 21889 37975 289036 39429 21957 22391 525099 52030 467682 143319 5178 6653 43697 324955
internal_value=-0.000199181 -1.95697e-05 -0.000296615 -9.78091e-05 0.000101874 -0.000243078 -3.09542e-05 0.000181839 -0.000149754 -7.91653e-05 -1.80925e-05 -0.00026643 -0.000215655 -0.000352423 0.000139643 -0.000156236 0.000237335 -0.000198164 -0.000129284 8.13018e-05 -7.60084e-05 3.05875e-05 0.000137973 0.000288775 0.000403673 -4.59422e-05 -4.02798e-05 6.3331e-05 9.77595e-05 2.16378e-05 0.000341158 0.000479763 4.79913e-06 8.27656e-05 0.000231105 0.000321556 8.0322e-05 -0.00019635 -0.000133873 -0.000121067 -0.000330934 0.000205611 0.000358564 0.000696898 3.95482e-05 -5.48169e-05 0.000192329 2.4656e-05 0.000125463 0.000280102 0.000145269 0.000482692 0.000573042 0.000724407 -0.000161564 8.87428e-06 -0.000275021 2.63075e-05 0.00011037 0.000535416 0.000204022 -8.97137e-05
internal_weight=2.10016e+07 7.38599e+06 1.36156e+07 4.49203e+06 2.89396e+06 6.94919e+06 2.69601e+06 1.73648e+06 1.39088e+06 1.88602e+06 1.15748e+06 5.55831e+06 1.66664e+06 6.66637e+06 1.24515e+06 832989 373643 1.79602e+06 541790 809993 728671 217118 468592 491332 164159 270011 415253 174053 871505 334907 186049 83893 627874 272065 327173 170648 428814 975632 418981 1.25814e+06 4.28473e+06 129179 62018 20422 167547 355809 41596 164679 139255 59864 536598 67819 75481 44348 728652 79391 833649 299635 155150 11831 54967 439206
internal_count=21001550 7385991 13615559 4492026 2893965 6949191 2696009 1736480 1390885 1886016 1157485 5558306 1666638 6666368 1245148 832989 373643 1796017 541790 809993 728671 217118 468592 491332 164159 270011 415253 174053 871505 334907 186049 83893 627874 272065 327173 170648 428814 975632 418981 1258142 4284730 129179 62018 20422 167547 355809 41596 164679 139255 59864 536598 67819 75481 44348 728652 79391 833649 299635 155150 11831 54967 439206
cat_boundaries=0 1 2 3 4 5 7 8 10 12 13 14 16 18 20 22 23 24 26 28 29 31 33 34 36 37 38 40 42 43 45 47 49 50 52 54 56 58 60 62
cat_threshold=19 19 2 2 17 430543330 77293 8 469942395 208484 613144850 74881 799816 2 931334413 145253 3225033284 176205 3684469112 16398 3780349780 181156 934345 452 1512061215 82305 2601583332 8127 86571 3381354979 33912 2173554888 46514 19 4262286375 214097 2316 2550730757 303173746 181389 2550730757 65552 2 1358956228 133888 3394749074 26857 9211160 196608 451670 23330849 32846 2267570896 245380 3110881495 67960 67282696 164352 896 32898 1149267138 4225
is_linear=0
shrinkage=0.05


Tree=21
num_leaves=63
num_cat=36
split_feature=0 0 0 17 17 17 11 11 17 0 17 11 17 2 11 0 17 13 17 11 17 0 0 11 0 13 6 13 13 14 2 13 14 13 13 1 13 14 13 0 13 0 13 13 11 2 1 1 14 13 13 2 13 13 14 14 13 17 13 11 14 13
split_gain=138.77 24.889 15.947 11.794 10.0807 5.84218 4.8438 3.34715 2.69692 2.56421 2.31644 2.62087 2.08245 2.03921 1.99057 1.43523 1.41258 1.39228 1.37922 1.37141 1.5164 1.35235 1.27017 1.19736 1.19391 1.69246 1.75361 1.17806 1.17627 1.33785 1.16566 1.23901 1.20438 1.12465 1.11512 1.11463 3.35058 1.09187 1.09147 1.08252 1.08224 1.08181 1.07099 1.03836 1.07085 0.998315 0.998152 0.994017 0.952427 0.93683 0.931114 0.87844 1.08935 1.01069 0.884664 0.877301 0.83675 0.831998 0.821949 0.817657 0.811482 0.811091
threshold=12.78769636154175 13.302617073059084 12.171544075012209 0 1 2 12.779411792755129 13.302361011505129 3 11.533604145050051 4 12.170740604400637 5 22.500000000000004 12.170740604400637 13.69789505004883 6 7 8 12.779411792755129 9 13.629689216613771 13.529273033142092 11.533303260803224 14.096644878387453 10 5.5000000000000009 11 12 13 31.500000000000004 14 15 16 17 90885.257812500015 18 19 20 13.587957859039308 21 12.448048114776613 22 23 12.648645877838137 36.500000000000007 20895.864257812504 7152.1198730468759 24 25 26 34.500000000000007 27 28 29 30 31 32 33 13.341787815093996 34 35
decision_type=2 2 2 1 1 1 2 2 1 2 1 2 1 2 2 2 1 1 1 2 1 2 2 2 2 1 2 1 1 1 2 1 1 1 1 2 1 1 1 2 1 2 1 1 2 2 2 2 1 1 1 2 1 1 1 1 1 1 1 2 1 1
left_child=2 4 9 7 6 14 34 16 15 -1 11 41 30 39 17 42 24 -4 23 20 27 -10 33 57 40 26 -26 45 -18 49 58 -32 -33 48 46 37 -37 -24 -14 50 55 -7 59 44 -16 -6 -2 -19 -15 -30 -9 53 54 -23 -53 -3 -43 -11 -8 -5 -54 -12
right_child=1 3 5 8 19 10 12 13 21 18 61 -13 38 22 43 -17 28 47 -20 -21 -22 51 35 -25 25 -27 -28 -29 29 -31 31 32 -34 -35 -36 36 -38 -39 -40 -41 -42 56 -44 -45 -46 -47 -48 -49 -50 -51 -52 52 60 -55 -56 -57 -58 -59 -60 -61 -62 -63
leaf_value=-1487.9016385079544 216.15939568400063 4430.7556000653967 -365.31165949235583 1692.0865632914233 -241.45842090469742 -610.08926186367171 317.66397184795062 352.42147859269244 -842.76938280029208 -463.85730820596621 -1347.5945371311541 -1028.1067995613603 -338.78717287030889 4100.8537228982696 -629.6847859491653 875.81242561055478 507.40092686539867 537.45244107539042 -1490.4181324629485 -1169.3748772308161 -989.2314394459595 155.76260206816733 749.0209331694947 -1309.5598470829236 393321.69963912945 7331.5209863459959 47848.808252214447 -427.68343536297863 1720.0577073359805 1093.7554940656744 -266.12036308809184 -30.407716595587409 965.59262564528478 14.164587458547613 496.27547438186815 106707.36532470403 -406.02639156642255 1808.834774379703 -621.75020542845527 565.90396482090807 1410.8485516305227 -12.406553386237647 -298.50343283915134 -750.97248903358127 50.615816241932045 813.18973559191807 -514.52875912348543 -154.38500663464802 464.97225622478948 3481.1679159009905 -474.83247432848151 5607.5257287471168 -736.7155980920005 -737.17077594688317 190.2703671736148 1753.8871513487106 -458.26798525748166 -929.82347620226074 -458.47023812519478 -52.999435166811864 444.39348310725836 -1305.0770566624042
leaf_weight=2381638 168290 39067 172878 47216 75298 335403 94650 91878 332964 284521 1160568 1761832 499318 40444 343716 281045 119078 77737 1910814 1184818 255173 73130 214895 2004265 1434 18106 9522 131937 60375 139502 99842 79424 96995 204112 501723 1759 3254 318684 687669 293099 90986 159986 259757 441252 99073 46257 93887 125735 74504 79245 149120 27608 30583 120662 41072 39478 259872 572127 221177 74353 37671 1359072
leaf_count=2381638 168290 39067 172878 47216 75298 335403 94650 91878 332964 284521 1160568 1761832 499318 40444 343716 281045 119078 77737 1910814 1184818 255173 73130 214895 2004265 1434 18106 9522 131937 60375 139502 99842 79424 96995 204112 501723 1759 3254 318684 687669 293099 90986 159986 259757 441252 99073 46257 93887 125735 74504 79245 149120 27608 30583 120662 41072 39478 259872 572127 221177 74353 37671 1359072
internal_value=-0.000199146 -2.7609e-05 -0.000295446 7.50165e-05 -0.000107903 -0.000237419 -4.49614e-05 0.000152035 -4.04804e-05 -0.000346526 -0.000261511 -0.000227581 -9.01798e-05 0.000109557 -0.000141142 3.08958e-05 0.000251098 -4.48381e-05 -0.000325377 -0.000202416 -0.000133747 -0.000111714 0.000157318 -0.0003034 0.000360033 0.000656149 0.00114645 -4.71234e-05 0.000196756 0.000252888 -1.35851e-05 6.14261e-05 0.00014108 7.82616e-05 6.03487e-05 0.000204151 0.00094624 0.000197179 -0.000128385 3.28625e-05 0.000309292 -0.000149657 -3.22895e-05 -0.000182141 -0.000128036 6.51714e-05 -2.32215e-05 4.38078e-05 0.000203344 0.000362315 -4.56389e-05 -4.01022e-05 5.68381e-05 -0.0001086 0.000197409 0.000445262 -9.61725e-05 -0.000253924 -7.91995e-05 9.01929e-05 -8.46269e-05 -0.000295406
internal_weight=2.10016e+07 7.55106e+06 1.34505e+07 3.3146e+06 4.23646e+06 6.29712e+06 2.54298e+06 1.98854e+06 1.32606e+06 7.15336e+06 5.03673e+06 2.51709e+06 1.77908e+06 1.39175e+06 1.26039e+06 662371 596793 376350 4.77173e+06 1.69348e+06 508665 663690 857652 2.86091e+06 198593 29062 10956 253492 398200 279122 592088 276261 176419 319060 763900 538592 5013 533579 1.18699e+06 534097 169531 755261 381326 884041 442789 121555 262177 203472 114948 139620 240998 330726 136934 193792 68680 78545 419858 856648 315827 121569 68254 2.51964e+06
internal_count=21001550 7551061 13450489 3314603 4236458 6297124 2542975 1988542 1326061 7153365 5036733 2517093 1779075 1391749 1260391 662371 596793 376350 4771727 1693483 508665 663690 857652 2860913 198593 29062 10956 253492 398200 279122 592088 276261 176419 319060 763900 538592 5013 533579 1186987 534097 169531 755261 381326 884041 442789 121555 262177 203472 114948 139620 240998 330726 136934 193792 68680 78545 419858 856648 315827 121569 68254 2519640
cat_boundaries=0 1 2 3 4 5 6 7 9 10 11 13 15 17 18 20 21 23 25 27 28 30 32 34 36 37 39 41 43 45 46 47 49 50 52 53 55
cat_threshold=19 19 2 8 17 2 2 610473604 245169 19 8 2147948857 188965 801482168 82864 3326231828 20490 641227 1478502463 16809 218945 3760668720 36989 469778539 208452 741155521 208906 688588 26073289 38322 3550724454 87364 18933956 170040 1042077207 219269 212000 161555080 164433 504939023 10441 2227131948 187554 3169034272 12828 106962 461149 3296750722 211337 2 303235186 149644 684236 372098000 113702
is_linear=0
shrinkage=0.05


Tree=22
num_leaves=63
num_cat=37
split_feature=0 0 0 17 17 17 11 11 11 17 0 17 0 17 13 17 11 17 13 11 0 13 11 17 2 0 13 13 2 1 13 13 13 15 14 13 3 2 13 0 13 13 17 13 0 14 14 13 14 13 0 14 14 13 1 13 13 0 14 6 13 11
split_gain=131.48 21.7074 16.1498 10.6802 9.08917 5.86968 4.68286 3.97862 3.62333 2.76692 2.57058 2.11506 1.64225 1.52219 1.5016 1.46822 1.53942 1.40461 1.33062 1.31134 1.29349 1.28698 1.23625 1.14203 1.13248 1.10179 1.17803 1.0821 1.07719 2.32581 1.51353 1.33932 1.07297 1.07035 1.36617 1.05788 1.04589 1.01815 1.56861 0.985159 0.970704 0.942185 0.905274 0.904758 0.883155 0.951734 0.88084 0.877235 0.974037 1.01567 0.833785 1.82644 0.875506 0.805266 0.792137 0.772054 0.756286 0.743313 0.723461 1.11772 0.717502 0.712758
threshold=12.78769636154175 13.342944145202638 12.171544075012209 0 1 2 12.779411792755129 12.170740604400637 13.341787815093996 3 11.533604145050051 4 13.839263916015627 5 6 7 12.779411792755129 8 9 11.533303260803224 13.723642349243166 10 12.511250495910646 11 35.500000000000007 12.927468776702883 12 13 24.500000000000004 153767.46875000003 14 15 16 17 18 19 99.850002288818374 36.500000000000007 20 14.042400836944582 21 22 23 24 12.599718093872072 25 26 27 28 29 13.314807891845705 30 31 32 11813.657714843752 33 34 14.155711174011232 35 41.500000000000007 36 12.179073333740236
decision_type=2 2 2 1 1 1 2 2 2 1 2 1 2 1 1 1 2 1 1 2 2 1 2 1 2 2 1 1 2 2 1 1 1 1 1 1 2 2 1 2 1 1 1 1 2 1 1 1 1 1 2 1 1 1 2 1 1 2 1 2 1 2
left_child=2 3 10 6 39 7 17 24 28 20 -1 35 32 19 -14 16 40 18 -2 42 21 46 -9 61 43 26 -13 -24 31 30 -30 58 -11 34 -33 50 -35 53 -39 -3 54 -26 -12 -4 -43 -46 -10 -19 49 -49 52 -52 -8 -27 -5 -25 -44 -32 59 -6 -41 -7
right_child=1 4 5 15 8 23 11 22 9 12 13 25 14 -15 -16 -17 -18 47 -20 -21 -22 -23 27 55 41 37 -28 -29 29 -31 57 33 -34 36 -36 -37 -38 38 -40 60 -42 44 56 -45 45 -47 -48 48 -50 -51 51 -53 -54 -55 -56 -57 -58 -59 -60 -61 -62 -63
leaf_value=-1413.5065565825569 1374.1038408419283 -578.13174446004564 -130.62944657370832 820.59324286416961 706.29631235762906 -590.5989470011333 -208.26023096866629 -913.93058776240434 250.49049928197275 -359.68590254003584 -440.66444279566787 -75.18477445731078 1963.0194772700227 -1415.8972258398012 140.95631825484961 -1265.9737737236615 -847.30164037510849 -225.95691555581072 284.90817994301324 -1244.0818547287774 1797.8823680375267 7.6609332088827546 -456.14680810884749 -1280.2148102745964 -272.82772909311609 161.46589513353334 -814.55948605548247 -728.07235043898254 1140.6343463749743 38904.055853904247 1861.6815281650547 -200.9464927768073 85.703100516650011 -366.042305020291 4047.0753601998254 -219.57835375230499 49839.970200837408 404.18332962846836 -377.59341366005248 1721.3824073985904 -371.28873035231373 -12.847803500881856 -961.72733923641727 -512.96468720236123 1389.3136504107433 178.81653226202545 1184.8075674299464 1673.3485814388639 -49.932930537005916 238.32405477142748 40668.983658450787 628.63359774723028 487.41016929686606 -576.23879162267338 -148.3727512440033 -1239.8232038292838 -826.89238237135623 7520.2286712506802 2937.9441020867921 32699.53369472417 -142.09606367546149 -1004.9545314562246
leaf_weight=2381638 135428 501268 153650 38431 55067 387710 124982 972360 85481 256874 284521 81437 109608 1910814 164961 896940 628215 204994 134711 2004265 370730 243616 364168 1160568 115281 65461 289830 427663 162155 236 230998 29404 326037 104243 45024 339106 401 136456 203816 40690 155996 130327 253062 296792 29049 29068 158943 58723 166788 107815 2859 8015 151605 479245 73979 1359072 319065 35141 70140 3759 71453 871416
leaf_count=2381638 135428 501268 153650 38431 55067 387710 124982 972360 85481 256874 284521 81437 109608 1910814 164961 896940 628215 204994 134711 2004265 370730 243616 364168 1160568 115281 65461 289830 427663 162155 236 230998 29404 326037 104243 45024 339106 401 136456 203816 40690 155996 130327 253062 296792 29049 29068 158943 58723 166788 107815 2859 8015 151605 479245 73979 1359072 319065 35141 70140 3759 71453 871416
internal_value=-0.000198519 -3.15488e-05 -0.000292256 -0.000101646 7.09787e-05 -0.000233862 -3.8656e-05 -0.000174727 0.000114028 7.42175e-05 -0.000343661 -8.18749e-05 1.06828e-05 -0.000322485 0.000111504 -0.000196162 -0.000150909 6.19956e-05 0.000155028 -0.000299398 0.000137655 8.41739e-05 -0.000215818 -0.000273271 -7.86074e-05 -0.000119301 -0.000191596 -0.000169437 0.000206792 0.000258057 0.000255323 0.000135474 -3.6807e-05 4.69845e-05 0.000191919 -6.83587e-06 -5.61082e-05 -8.89724e-05 -2.11179e-05 -0.000101163 -5.06802e-05 -3.99162e-06 -0.00024762 -0.00012892 6.48863e-05 0.000226982 0.000165231 1.53071e-05 6.5361e-05 0.000150894 6.37269e-05 0.000493195 4.68447e-05 -0.00013136 6.1333e-05 -0.000292707 -0.000283871 0.00032869 0.00025832 0.000128952 3.28023e-05 -0.000234377
internal_weight=2.10016e+07 7.55106e+06 1.34505e+07 4.48483e+06 3.06623e+06 6.29712e+06 2.69127e+06 2.51836e+06 2.45282e+06 1.71625e+06 7.15336e+06 1.88281e+06 857480 4.77173e+06 274569 1.79356e+06 896621 808459 270139 2.86091e+06 858770 488040 1.76419e+06 3.77877e+06 754167 1.25624e+06 371267 791831 736568 428530 428294 308038 582911 179072 74428 626567 104644 884978 340272 613411 268406 303725 856648 450442 188444 58117 244424 538320 333326 166538 287461 10874 276587 544706 112410 2.51964e+06 572127 266139 128966 58826 112143 1.25913e+06
internal_count=21001550 7551061 13450489 4484832 3066229 6297124 2691271 2518358 2452818 1716250 7153365 1882812 857480 4771727 274569 1793561 896621 808459 270139 2860913 858770 488040 1764191 3778766 754167 1256245 371267 791831 736568 428530 428294 308038 582911 179072 74428 626567 104644 884978 340272 613411 268406 303725 856648 450442 188444 58117 244424 538320 333326 166538 287461 10874 276587 544706 112410 2519640 572127 266139 128966 58826 112143 1259126
cat_boundaries=0 1 2 3 4 5 6 8 9 10 12 14 15 17 19 21 23 25 26 27 29 31 33 35 36 38 39 40 42 43 45 46 47 49 51 53 54 56
cat_threshold=19 4 18 18 2 19 1778428345 25290 8 2 3881646732 45458 1855734010 104654 1 2148123202 45056 324325909 84879 3259292438 234 3643063074 14412 1956122576 157506 244 192561 2249655536 187919 1103545513 166290 801439930 18352 2792509953 80288 2 3250241697 81986 610061 549697 1023426603 179284 101047 3263169668 139 67330 71022 17895424 1056 372098000 113702 2770224045 169504 684740 70648993 128035
is_linear=0
shrinkage=0.05


Tree=23
num_leaves=63
num_cat=40
split_feature=0 0 0 17 17 17 11 11 0 0 17 17 11 2 17 17 13 17 17 11 11 13 17 13 13 13 0 13 15 13 1 13 0 13 14 13 1 2 13 2 13 0 13 14 17 13 0 13 14 11 15 2 13 17 13 14 13 14 13 14 11 13
split_gain=126.877 19.6595 16.2522 10.4545 8.40511 5.9762 4.43632 2.60572 2.59741 2.22953 2.19389 1.91128 1.79604 1.79503 1.77615 1.58067 1.57226 1.53517 1.47551 1.45273 1.40705 1.30088 1.25613 1.30589 1.1867 1.13384 1.11588 1.16365 1.09126 1.08593 1.06632 1.05814 1.01364 1.0131 1.01273 1.0043 1.02935 0.989224 1.51519 0.982749 1.22414 0.955289 1.53734 0.922339 0.911575 0.910532 0.891641 0.85304 0.851706 0.84575 0.839426 0.82554 0.821091 0.814937 0.809999 0.792418 0.788076 0.773107 0.768761 0.757384 0.756681 0.875988
threshold=12.78769636154175 13.342944145202638 12.171544075012209 0 1 2 12.779411792755129 12.170740604400637 11.533604145050051 14.042400836944582 3 4 12.170740604400637 23.500000000000004 5 6 7 8 9 12.779411792755129 11.533303260803224 10 11 12 13 14 12.927468776702883 15 16 17 7152.1198730468759 18 13.69789505004883 19 20 21 10569.545898437502 35.500000000000007 22 31.500000000000004 23 12.632721424102785 24 25 26 27 13.723642349243166 28 29 12.511250495910646 30 47.500000000000007 31 32 33 34 35 36 37 38 12.60800886154175 39
decision_type=2 2 2 1 1 1 2 2 2 2 1 1 2 2 1 1 1 1 1 2 2 1 1 1 1 1 2 1 1 1 2 1 2 1 1 1 2 2 1 2 1 2 1 1 1 1 2 1 1 2 1 2 1 1 1 1 1 1 1 1 2 1
left_child=2 3 8 6 9 12 22 10 -1 13 41 32 21 16 39 20 -3 24 19 45 44 30 23 -2 28 34 27 -16 -15 49 -4 -11 35 -12 -19 50 -37 58 -39 54 43 -7 48 -41 -10 -5 -13 -48 -43 -14 55 -25 -53 60 -8 -6 -46 -35 -28 -27 -9 -62
right_child=1 4 5 18 11 7 14 53 15 31 33 46 29 17 26 -17 -18 25 -20 -21 -22 -23 -24 51 -26 59 37 -29 -30 -31 -32 -33 -34 57 -36 36 -38 38 -40 40 -42 42 -44 -45 56 -47 47 -49 -50 -51 -52 52 -54 -55 -56 -57 -58 -59 -60 -61 61 -63
leaf_value=-1342.8312287534291 10.612547762321306 -236.69625537371201 655.11253042783028 244.62846265110494 6064.5924731232753 -527.51958404718675 124.97435554933764 -1035.2458090448106 -418.63122065588436 5521.5056415843419 -973.82611810087917 -665.99531885315594 -610.94532361567587 4132.826273867242 -71.42553573444529 -1345.1023645478112 607.95200408141682 2005.0148010416299 -1202.6750850374781 -804.93655835635298 -1181.8777619923385 -291.71490336518184 55.397084102128225 1025.1498857251086 948.68641094977284 950.81207401577785 -250.78892506282756 -773.83151175270814 1738.35274556268 -658.79272030716493 -122.87387811938243 2389.0228430585557 728.93992922827829 -600.18266403183191 516.66722585247328 7001.5297092118126 -419.81967499342284 340.9301730516076 -375.18598516396816 -33.796553958884033 -108.596149701572 -214.51828504273217 -382.78738491716433 1145.2526083092635 -914.16050352459649 -329.36289618594458 458.59207547688789 -302.50136785385985 1398.1165464700725 -77.289364305881833 -178.27656602144927 1144.112167482396 3432.1490436868589 -1366.5847425876623 -455.10178317587855 443.7066200026988 -792.16438934254484 -891.06556009351198 -662.66900363391107 20.049587823081676 -543.13337869941608 -788.61441537152825
leaf_weight=2381638 97120 228298 63241 107085 13110 565433 133876 1252648 284521 155533 302122 349069 194874 52195 81437 1910814 373447 90076 896940 628215 2004265 210651 538320 138155 173666 167850 243585 289830 74060 530344 102458 183424 281045 112830 90017 203 172456 156943 197941 46732 158800 25840 132501 87196 241800 161321 110070 154272 31487 158823 105647 16433 18431 1764275 199963 40111 330327 340413 286509 251680 223906 285278
leaf_count=2381638 97120 228298 63241 107085 13110 565433 133876 1252648 284521 155533 302122 349069 194874 52195 81437 1910814 373447 90076 896940 628215 2004265 210651 538320 138155 173666 167850 243585 289830 74060 530344 102458 183424 281045 112830 90017 203 172456 156943 197941 46732 158800 25840 132501 87196 241800 161321 110070 154272 31487 158823 105647 16433 18431 1764275 199963 40111 330327 340413 286509 251680 223906 285278
internal_value=-0.000197398 -3.33764e-05 -0.000289479 -0.000100085 6.41951e-05 -0.0002309 -3.77643e-05 -0.000255267 -0.000341046 0.000131763 -0.000200322 -3.72277e-05 -0.000133525 0.000105613 -7.98301e-05 -0.000319761 3.87669e-05 0.00015033 -0.000193597 -0.000148233 -0.000296235 -4.20481e-05 6.0202e-05 0.00014818 0.000242688 0.000104128 -0.000114126 -0.000186883 0.000359344 -0.000172469 6.27641e-05 0.000247588 2.52444e-05 -0.000260575 0.000209067 -3.39741e-05 -0.000117447 -8.3605e-05 -1.89973e-05 -1.10652e-05 5.58065e-05 -0.000140056 -4.30069e-05 0.000167138 -0.000242601 -5.08665e-05 -9.96138e-05 -3.03428e-05 0.0001733 -0.000104602 5.67484e-05 0.000230543 0.00044797 -0.000278807 -6.97023e-05 0.000218661 -0.000278977 -0.000213283 -0.000126858 5.90771e-05 -0.000254742 -0.000203348
internal_weight=2.10016e+07 7.55106e+06 1.34505e+07 4.48483e+06 3.06623e+06 6.29712e+06 2.69127e+06 5.03673e+06 7.15336e+06 1.84025e+06 1.51063e+06 1.22598e+06 1.26039e+06 1.50129e+06 1.88281e+06 4.77173e+06 601745 899544 1.79356e+06 896621 2.86091e+06 376350 808459 270139 299921 599623 1.25624e+06 371267 126255 884041 165699 338957 612572 755365 180093 331527 172659 884978 354884 626567 292728 755261 189828 133928 856648 268406 613411 264342 57327 353697 158868 173019 34864 3.52611e+06 333839 53221 572127 453243 530094 419530 1.76183e+06 509184
internal_count=21001550 7551061 13450489 4484832 3066229 6297124 2691271 5036733 7153365 1840246 1510626 1225983 1260391 1501289 1882812 4771727 601745 899544 1793561 896621 2860913 376350 808459 270139 299921 599623 1256245 371267 126255 884041 165699 338957 612572 755365 180093 331527 172659 884978 354884 626567 292728 755261 189828 133928 856648 268406 613411 264342 57327 353697 158868 173019 34864 3526107 333839 53221 572127 453243 530094 419530 1761832 509184
cat_boundaries=0 1 2 3 4 5 6 7 9 10 11 13 14 16 18 20 22 23 25 27 29 30 32 34 36 38 39 40 42 44 45 46 48 49 51 52 54 55 57 58 60
cat_threshold=19 19 2 17 8 2 19 3788702804 164642 2 8 3683426680 16974 2 411091313 216644 1758169616 234597 18104491 10892 2148123202 45056 838 907317782 219269 1657206809 176914 2401780304 210596 858143 3139578084 235641 1103545577 166802 2799650432 40530 1083336833 14721 21317 2 801177784 83888 2231365664 39457 694550 294 41881734 50 17 303237238 158861 53328 2769699757 169504 135249 26328208 98232 800352 2435905953 82892
is_linear=0
shrinkage=0.05


Tree=24
num_leaves=63
num_cat=38
split_feature=0 0 0 17 17 17 11 17 11 0 0 11 17 17 13 11 11 11 11 17 17 13 13 0 2 17 13 13 13 13 2 13 13 2 13 14 13 13 13 2 13 0 14 13 16 14 13 13 13 0 2 13 13 1 14 14 6 1 3 13 14 13
split_gain=122.314 18.3179 16.3915 8.84915 8.49057 5.99995 4.07015 3.90608 3.42393 2.66277 2.58425 1.88898 1.70297 1.64073 1.53621 1.49095 1.39638 1.2279 1.21583 1.19353 1.18773 1.1772 1.12365 1.10767 1.03033 0.994129 0.980775 0.950692 0.938889 0.935428 0.915723 1.1353 0.906006 0.902665 1.73007 1.20304 2.91059 1.3436 0.85775 0.840051 1.11877 0.829805 0.97652 0.823623 0.91411 1.02733 0.808525 0.80174 0.799977 0.794888 0.792292 1.38785 1.3484 1.23593 0.966432 0.787818 0.768873 0.768116 0.752349 1.51049 0.74579 0.814645
threshold=12.78769636154175 13.264259815216066 12.171544075012209 0 1 2 12.170740604400637 3 12.779411792755129 13.839263916015627 11.533604145050051 13.263793468475344 4 5 6 11.533303260803224 13.263793468475344 12.779411792755129 12.511250495910646 7 8 9 10 13.674160003662111 35.500000000000007 11 12 13 14 15 35.500000000000007 16 17 28.500000000000004 18 19 20 21 22 25.500000000000004 23 12.607837200164797 24 25 26 27 28 29 30 13.723642349243166 13.500000000000002 31 32 217355.42187500003 33 34 24.500000000000004 19365.343750000004 98.850002288818374 35 36 37
decision_type=2 2 2 1 1 1 2 1 2 2 2 2 1 1 1 2 2 2 2 1 1 1 1 2 2 1 1 1 1 1 2 1 1 2 1 1 1 1 1 2 1 2 1 1 1 1 1 1 1 2 2 1 1 2 1 1 2 2 2 1 1 1
left_child=2 4 10 23 8 6 24 16 38 11 -1 14 30 15 -9 25 33 19 -8 21 -7 -6 -20 29 28 -12 -18 41 -4 -3 -10 -32 -14 34 56 36 -35 -37 57 -13 -41 -26 -43 44 45 -25 -27 -21 -22 -28 52 -52 54 -53 -11 -51 -5 -2 -59 -60 61 -45
right_child=1 3 5 7 17 20 18 9 12 50 13 39 32 -15 -16 -17 26 -19 22 47 48 -23 -24 43 27 46 49 -29 -30 -31 31 -33 -34 35 -36 37 -38 -39 -40 40 -42 42 -44 60 -46 -47 -48 -49 -50 55 51 53 -54 -55 -56 -57 -58 58 59 -61 -62 -63
leaf_value=-1275.6896673157576 162.03942862426194 -971.2769608270072 -129.81696473612786 12292.748657429376 341.97950604000511 -805.542918710094 -828.79383863495389 -6.9693754795007408 -277.75410631111663 40834.512207402993 -397.69965962308999 -256.10288432869856 -338.27145933211909 -1277.8472463204207 1042.5502291973946 -1122.7838738927219 1508.9202786664785 -1046.5562438575814 -404.13419446531771 -1129.4509010981042 -1118.0736962859335 -383.79793264879993 -658.53554018471186 -452.61140541211648 14.824333181340627 -882.10831433788485 34.332408705301354 -174.03687972950502 -488.35830095066922 -549.55831118949936 -179.98461049081104 581.56457511974884 -567.51051913558479 32820.793346169427 14.015918204239206 3180.2931405331956 1200.9136026829613 1050.3696768216791 417.81349511329756 592.15942741828474 -56.057247810405535 1924.2080506613624 238.92991974435063 1645.1292430012518 -361.34485343092496 14985.325553026829 -739.12740641445498 -670.62140891060415 -1160.6505956133167 3966.8145571309942 438.87993304126286 2257.6298816938447 -474.86512062321856 27387.665058157414 1912.3890698144562 827.59073448670506 1901.2961113146775 -562.4783318482871 10927.192287632366 -1367.0914954508357 -462.32471264528868 -227.65904547143001
leaf_weight=2381638 187966 167267 171672 25690 95328 1259126 972360 195054 334792 11060 284521 468112 536903 1910814 268521 2004265 220244 1116207 364168 86046 1208652 143208 427663 9532 107195 242377 175202 151931 278770 248574 107152 114992 580721 13808 57552 41598 13851 40699 415054 169993 442747 18201 26398 35299 33265 22290 329750 154105 1310988 47090 153837 299655 93401 520 33000 56799 20219 112930 1630 1669 151562 45917
leaf_count=2381638 187966 167267 171672 25690 95328 1259126 972360 195054 334792 11060 284521 468112 536903 1910814 268521 2004265 220244 1116207 364168 86046 1208652 143208 427663 9532 107195 242377 175202 151931 278770 248574 107152 114992 580721 13808 57552 41598 13851 40699 415054 169993 442747 18201 26398 35299 33265 22290 329750 154105 1310988 47090 153837 299655 93401 520 33000 56799 20219 112930 1630 1669 151562 45917
internal_value=-0.000196143 -3.5098e-05 -0.000286554 4.73065e-05 -0.000108694 -0.000227724 -0.000167937 8.67514e-05 -4.91488e-05 5.29287e-05 -0.000338341 1.83804e-05 -8.83391e-05 -0.00031711 0.000102816 -0.000293141 0.000188105 -0.000198066 -0.000209498 -0.000131074 -0.000267568 -5.1847e-05 -0.000163501 -0.000110132 -7.07179e-05 -0.000237932 0.000142355 4.53189e-07 -0.000118707 -0.000162851 -1.69096e-05 6.17982e-05 -0.000123933 0.000295157 0.000189149 0.000394904 0.000680202 0.0002989 4.20937e-05 -1.78336e-05 2.06944e-05 8.89507e-05 0.000270197 -3.65345e-05 0.00012069 0.000312233 -0.000275919 -0.000209757 -0.000287389 8.00951e-05 0.000143141 0.000174983 3.79712e-05 0.000237562 0.000265941 0.000189679 0.00041803 -2.16872e-05 -0.000122727 0.000621552 -8.04977e-05 4.17605e-05
internal_weight=2.10016e+07 7.55106e+06 1.34505e+07 3.56236e+06 3.9887e+06 6.29712e+06 2.51836e+06 2.84865e+06 2.39381e+06 2.1359e+06 7.15336e+06 1.54443e+06 1.67456e+06 4.77173e+06 463575 2.86091e+06 712752 1.59489e+06 1.76419e+06 478687 3.77877e+06 238536 791831 713706 754167 856648 499335 303725 450442 415841 556936 222144 1.11762e+06 213417 103461 109956 27659 82297 719249 1.08085e+06 612740 151794 44599 297865 65087 31822 572127 240151 2.51964e+06 279091 591473 454012 137461 300175 44060 103889 45909 304195 116229 3299 232778 81216
internal_count=21001550 7551061 13450489 3562358 3988703 6297124 2518358 2848652 2393809 2135900 7153365 1544427 1674560 4771727 463575 2860913 712752 1594894 1764191 478687 3778766 238536 791831 713706 754167 856648 499335 303725 450442 415841 556936 222144 1117624 213417 103461 109956 27659 82297 719249 1080852 612740 151794 44599 297865 65087 31822 572127 240151 2519640 279091 591473 454012 137461 300175 44060 103889 45909 304195 116229 3299 232778 81216
cat_boundaries=0 1 2 3 4 5 6 8 9 10 12 14 15 17 19 21 23 25 27 29 30 32 34 36 38 39 41 42 43 45 47 49 51 53 54 55 57 58 60
cat_threshold=4 19 18 2 2 19 3264925468 196912 8 1 700753336 17328 324325909 84879 2 39604434 169707 1493478877 132703 3250245795 81986 2157759036 100968 1495332919 213433 30267610 54705 4053850982 14472 147732 3168772153 202370 1267402508 122229 480297067 212548 2181185691 71686 346381 2148786208 37376 50 805184 2702590893 169760 2869011072 157452 3385998379 148425 2294350048 168373 142678496 151956 197144 620594 413171784 70656 339472 1820854294 76814
is_linear=0
shrinkage=0.05


Tree=25
num_leaves=63
num_cat=38
split_feature=0 17 0 0 0 17 11 0 11 0 17 11 17 11 11 17 11 11 17 2 13 13 2 17 11 13 13 13 13 13 14 17 0 13 13 13 13 1 14 17 14 13 2 1 13 13 13 13 13 13 13 14 15 13 14 2 11 13 14 2 14 1
split_gain=117.107 16.5947 15.9726 10.2996 6.65705 6.35796 2.99715 2.79025 2.63698 2.23814 1.9243 1.87898 1.72672 1.7184 1.65163 1.43217 1.39314 1.33775 1.30245 1.08709 1.57004 1.07044 1.04744 1.03185 0.990764 1.19699 0.987529 0.984857 0.97585 0.966045 0.963462 0.94267 0.942192 0.938174 0.891555 0.884941 0.876193 0.960654 0.879538 0.866113 0.857232 0.837048 0.852165 1.22383 0.833761 0.805598 0.803901 0.792636 0.788679 0.757548 0.753816 0.950151 0.746065 0.794756 0.744057 0.958089 0.712841 0.685876 0.700346 0.685646 0.922226 0.670951
threshold=12.770995616912844 0 12.120216846466066 13.168878555297853 13.372135162353517 1 12.119895935058596 13.674160003662111 12.763036251068117 11.533604145050051 2 12.119895935058596 3 13.168436050415041 13.371111869812013 4 12.763036251068117 11.533303260803224 5 25.500000000000004 6 7 7.5000000000000009 8 12.511250495910646 9 10 11 12 13 14 15 12.448048114776613 16 17 18 19 20895.864257812504 20 21 22 23 23.500000000000004 139907.17187500003 24 25 26 27 28 29 30 31 32 33 34 39.500000000000007 12.377147674560549 35 36 25.500000000000004 37 7152.1198730468759
decision_type=2 1 2 2 2 1 2 2 2 2 1 2 1 2 2 1 2 2 1 2 1 1 2 1 2 1 1 1 1 1 1 1 2 1 1 1 1 2 1 1 1 1 2 2 1 1 1 1 1 1 1 1 1 1 1 2 2 1 1 2 1 2
left_child=2 3 9 8 12 11 10 13 36 -1 32 28 16 27 21 17 26 48 50 35 40 22 -6 57 -13 -26 -3 -5 -4 -12 -31 34 47 -20 52 -15 37 -2 -38 56 -21 -33 -43 -44 -25 -14 -18 -7 -11 -34 51 -10 53 -9 -29 -56 -8 -16 -59 60 -28 -30
right_child=1 4 5 7 14 6 39 31 18 15 29 24 45 19 23 -17 46 -19 33 20 -22 -23 -24 44 25 -27 59 54 61 30 -32 41 49 -35 -36 -37 38 -39 -40 -41 -42 42 43 -45 -46 -47 -48 -49 -50 -51 -52 -53 -54 -55 55 -57 -58 58 -60 -61 -62 -63
leaf_value=-1211.9051839499696 120.09788157713629 -392.28638313798729 -332.10804141428383 1421.1866298077512 -577.01882983413668 -671.46813079517131 -1072.8893344733222 3244.9051087219377 780.20867097563246 -536.99503180321085 -863.88790642379081 -655.42555973646165 -1178.8433649652359 223.72656668395018 -415.0658090130803 -1217.6334387917552 -583.0791895689207 -1068.8223891304422 -632.69225281502122 2943.2685821996852 -35.213757331301167 -93.629893731938509 1610.180476770179 -824.66561095723944 -555.00322407234603 -204.12440039382636 887.68316909719942 -274.36920535089951 346.70107956943798 -517.71168808280424 -844.52081439699214 522.1566076329018 -469.89699885479581 -389.01258581740194 1697.4479952170573 -306.59110494751496 850.89514750348098 -621.63819267463339 85.306749789300127 -1253.9417669305374 504.42300140030278 665.33330419607671 1875.156089618634 44498.717757195933 -374.89258266053588 -1006.6738799793893 -803.71825206892072 -401.82029282655242 -703.06467664193553 -145.77171865226774 -291.92813905696966 -120.72969144963355 5513.0974665652939 -34.570572713153119 156.09328159365978 1232.8359738368672 -765.36510506316449 792.4608719817021 -146.4284368977751 338.65573263209154 -609.39839795367004 -173.6558568896333
leaf_weight=2381638 193578 116407 119479 246456 20264 188253 714818 27642 64198 368225 364428 556651 425728 170237 145850 1715292 282903 1800099 427589 44600 352150 194113 131920 180007 134347 238213 26023 74506 110798 172045 257703 285831 168008 548103 168163 328398 118279 97100 220341 1855459 254990 124206 184843 308 226874 538508 391582 205530 401114 231564 302999 120097 76941 27023 114687 56908 1137542 128877 129580 97448 48987 165100
leaf_count=2381638 193578 116407 119479 246456 20264 188253 714818 27642 64198 368225 364428 556651 425728 170237 145850 1715292 282903 1800099 427589 44600 352150 194113 131920 180007 134347 238213 26023 74506 110798 172045 257703 285831 168008 548103 168163 328398 118279 97100 220341 1855459 254990 124206 184843 308 226874 538508 391582 205530 401114 231564 302999 120097 76941 27023 114687 56908 1137542 128877 129580 97448 48987 165100
internal_value=-0.000195129 -4.0189e-05 -0.000285102 1.96678e-05 -0.000130024 -0.000230088 -0.000254595 8.73784e-05 -6.24633e-05 -0.000339732 -0.000197108 -0.000132111 -0.00018694 4.86842e-05 -3.52419e-05 -0.000318133 -0.000139589 -0.000294506 -9.9278e-05 1.52238e-05 5.77382e-05 5.61705e-05 0.000155447 -7.42659e-05 -0.000170957 -0.000107848 -4.77121e-05 0.000126831 -4.08175e-05 -0.000252129 -0.000201331 0.000158412 -0.000142024 -0.000132618 0.000230722 -4.03447e-05 2.31231e-05 -4.0555e-05 7.77845e-05 -0.000279209 0.000141873 0.000121987 0.000178984 0.000246958 -0.000130478 -0.000234243 -0.00017894 -0.000196914 -0.000239321 -8.79336e-05 -3.25193e-05 4.72184e-05 0.000328205 0.000186877 5.60707e-05 0.000113357 -0.000255013 -1.76923e-05 3.12288e-05 2.82434e-05 -8.53881e-05 1.08773e-05
internal_weight=2.10016e+07 7.71524e+06 1.32863e+07 4.63017e+06 3.08507e+06 6.61994e+06 5.29535e+06 2.53789e+06 2.09228e+06 6.66637e+06 1.58753e+06 1.32459e+06 1.92759e+06 1.64293e+06 1.15748e+06 4.28473e+06 963350 2.56944e+06 1.46299e+06 1.15038e+06 651740 346297 152184 811188 929211 372560 288865 492557 395377 794176 429748 894957 793355 975692 299769 498635 629298 290678 338620 3.70782e+06 299590 595188 309357 185151 406881 964236 674485 393783 769339 399572 487294 184295 131606 54665 246101 171595 1.85236e+06 404307 258457 172458 75010 275898
internal_count=21001550 7715244 13286306 4630173 3085071 6619938 5295350 2537889 2092284 6666368 1587531 1324588 1927586 1642932 1157485 4284730 963350 2569438 1462986 1150375 651740 346297 152184 811188 929211 372560 288865 492557 395377 794176 429748 894957 793355 975692 299769 498635 629298 290678 338620 3707819 299590 595188 309357 185151 406881 964236 674485 393783 769339 399572 487294 184295 131606 54665 246101 171595 1852360 404307 258457 172458 75010 275898
cat_boundaries=0 1 2 3 4 5 6 8 10 11 13 15 17 19 21 22 23 25 27 29 31 32 33 34 36 38 40 42 44 46 48 50 51 52 54 55 57 58 59
cat_threshold=19 2 17 8 19 2 2202420466 105190 3715376361 135280 8 3364037089 34360 3493731652 168012 3520005058 117453 539169796 179584 2401854032 212868 152689 2 1851929860 224270 726142476 178009 237557769 11337 755452011 204357 38966 17 197632 3691053911 112051 3255568123 199018 3777360648 156268 4114834456 166292 3471641228 223632 1054973010 27411 996741460 49750 638670064 138772 797201 3345 527368 136969 287876 877424162 9492 776724 673409
is_linear=0
shrinkage=0.05


Tree=26
num_leaves=63
num_cat=41
split_feature=0 0 0 17 17 17 11 0 11 11 0 11 17 17 17 17 11 13 17 11 2 13 2 13 13 2 13 13 14 11 13 0 13 2 13 0 13 14 13 13 15 1 14 14 14 13 13 13 14 13 0 14 13 13 13 13 13 15 13 14 14 1
split_gain=113.85 17.2273 14.2483 10.0028 7.38792 5.82753 3.59158 2.91778 2.56681 2.32524 1.94943 1.80228 1.76313 1.65606 1.58053 1.40688 1.65573 1.27635 1.22254 1.33257 0.970918 0.964378 0.950784 1.03 0.947068 0.943316 1.24097 1.22168 1.0034 0.927562 0.897975 0.897151 1.02164 0.935045 1.60698 0.892098 0.88486 1.08584 0.873436 0.867768 0.94729 0.853773 0.841516 0.824893 0.822209 0.816916 0.807134 0.802481 0.801832 0.799417 0.802744 0.788656 0.784656 0.780455 0.774138 0.763754 0.739444 0.728986 0.952679 1.19056 0.833747 0.772169
threshold=12.722423553466799 13.264259815216066 12.067407608032228 0 1 2 12.722423553466799 14.096644878387453 12.06630849838257 13.263793468475344 11.533604145050051 12.06630849838257 3 4 5 6 12.722423553466799 7 8 11.533303260803224 35.500000000000007 9 22.500000000000004 10 11 14.500000000000002 12 13 14 12.377147674560549 15 12.927468776702883 16 48.500000000000007 17 14.042400836944582 18 19 20 21 22 15951.166503906252 23 24 25 26 27 28 29 30 12.480510234832765 31 32 33 34 35 36 37 38 39 40 8583.7290039062518
decision_type=2 2 2 1 1 1 2 2 2 2 2 2 1 1 1 1 2 1 1 2 2 1 2 1 1 2 1 1 1 2 1 2 1 2 1 2 1 1 1 1 1 2 1 1 1 1 1 1 1 1 2 1 1 1 1 1 1 1 1 1 1 2
left_child=2 3 10 6 35 11 38 9 13 25 -1 47 20 -7 21 16 17 41 19 54 55 44 30 -24 43 27 51 28 -6 -10 -16 32 -14 52 -35 -3 37 39 57 40 -9 42 -5 -22 -11 -15 -18 -4 -43 50 -13 -27 -33 -31 -12 -8 -17 58 59 -2 -60 -59
right_child=1 4 5 15 7 8 12 36 29 14 18 49 31 45 22 56 46 -19 -20 -21 24 -23 23 -25 -26 26 -28 -29 -30 53 -32 33 -34 34 -36 -37 -38 -39 -40 -41 -42 48 -44 -45 -46 -47 -48 -49 -50 -51 -52 -53 -54 -55 -56 -57 -58 61 60 -61 -62 -63
leaf_value=-1151.3099247524713 -642.83445142247729 -549.72917585776383 -305.55750317677484 1538.0861060064708 4460.5423588693629 -456.77355212654948 -484.9745827546991 4456.2753618182969 -1126.2358924580392 2530.5425537266465 -691.77234442437555 -572.71665019680847 -329.06346788439998 -840.06907198740362 -500.19409606892515 -1169.6650910758979 -902.22988526821757 -350.49310328353022 -1167.5927824771677 -1023.2242467266429 1188.6662626491641 218.65374211307062 481.08648298256162 -54.971660863008914 -135.5806854856788 3268.6876443385645 653.61241167867274 -405.3726607292665 477.12090500953639 -912.16786443821877 6.6573276372342667 -141.26458178599316 -657.94545885716889 727.37374423675146 -469.39666155470627 122.76287665310083 1589.4113123954216 2806.8660117445343 -37.845034103439531 5890.7425609078291 32716.823415434686 14443.863740152134 48.275751073206266 235.97487422357153 533.27835551746398 -735.57686529173372 -679.40293440969765 19.881726760385575 -481.57250600167026 -612.12407629056213 -192.51037714930573 1185.7842308606503 -508.92038398497903 -962.17290635576046 -553.38607045356366 -68.814279093939149 -1040.0289265604595 1176.1539336831252 -227.78036923262698 6576.6600507970525 1536.2645693554268 42.609723836308696
leaf_weight=2381638 4205 601563 190362 25765 25373 793270 147864 7853 1701981 81999 301857 252250 199072 301141 238976 390106 299314 184803 1522291 1596863 36447 267436 285501 511425 134581 63136 343122 100236 60008 763029 257270 197126 354043 65462 70672 112143 207866 122999 470196 29541 15910 6284 25712 87527 82802 492893 350413 204692 35110 521862 154498 147199 413097 1241960 380253 241925 535955 46716 33815 12261 41244 228637
leaf_count=2381638 4205 601563 190362 25765 25373 793270 147864 7853 1701981 81999 301857 252250 199072 301141 238976 390106 299314 184803 1522291 1596863 36447 267436 285501 511425 134581 63136 343122 100236 60008 763029 257270 197126 354043 65462 70672 112143 207866 122999 470196 29541 15910 6284 25712 87527 82802 492893 350413 204692 35110 521862 154498 147199 413097 1241960 380253 241925 535955 46716 33815 12261 41244 228637
internal_value=-0.000193436 -4.79899e-05 -0.000286615 -0.000111499 3.47025e-05 -0.000235627 -5.15974e-05 7.07439e-05 -0.000259088 5.07651e-05 -0.000341191 -0.000141788 -8.88211e-05 -0.000205884 1.89789e-05 -0.000201503 -0.000157967 -5.57736e-05 -0.000318968 -0.000295783 -2.14724e-05 0.000101751 -8.68817e-06 2.51433e-05 5.36544e-05 0.000124972 0.000157685 2.74306e-05 0.000166406 -0.00028187 -6.30187e-05 -0.000122422 -0.000170683 -8.66585e-05 3.18294e-05 -0.000109151 0.000198912 0.00028131 3.50189e-05 0.000469821 0.000694843 9.54398e-05 0.000231395 0.000153351 0.00019689 -0.000256934 -0.000201643 -5.23392e-05 -7.36092e-05 -0.000179844 -0.000127284 0.000253311 -0.000113092 -0.000258826 -0.000237285 -7.13061e-05 -0.0002451 9.28381e-05 0.000215082 0.00055942 0.000139479 5.21988e-05
internal_weight=2.10016e+07 8.20071e+06 1.28008e+07 4.63835e+06 3.56236e+06 6.61794e+06 2.78489e+06 2.84865e+06 5.29427e+06 2.46448e+06 6.1829e+06 1.32366e+06 1.94782e+06 1.5873e+06 1.72541e+06 1.85346e+06 927401 277674 3.80126e+06 2.27897e+06 648344 432237 1.29317e+06 796926 258555 739074 553457 185617 85381 3.70697e+06 496246 1.29947e+06 553115 746357 136134 713706 384169 176303 837074 53304 23763 92871 51477 123974 164801 794034 649727 395054 41394 928610 406748 210335 610223 2.00499e+06 682110 389789 926061 366878 91525 16466 75059 275353
internal_count=21001550 8200710 12800840 4638352 3562358 6617938 2784890 2848652 5294274 2464483 6182902 1323664 1947816 1587304 1725409 1853462 927401 277674 3801264 2278973 648344 432237 1293172 796926 258555 739074 553457 185617 85381 3706970 496246 1299472 553115 746357 136134 713706 384169 176303 837074 53304 23763 92871 51477 123974 164801 794034 649727 395054 41394 928610 406748 210335 610223 2004989 682110 389789 926061 366878 91525 16466 75059 275353
cat_boundaries=0 1 2 3 4 5 6 7 9 10 12 14 16 18 20 21 23 25 27 29 30 32 34 35 36 37 38 40 42 44 45 47 48 50 52 54 56 58 59 61 62 63
cat_threshold=19 4 2 2 17 2 8 558116016 25265 19 39637138 233577 3255189691 71694 2803353344 175814 425787618 56965 3559144331 125016 301121 3255725944 169350 2417740355 45696 1373553896 51606 1653513529 160640 723712 1385905796 49577 432408 640 51 854835 75910 369788 2267562576 210580 171744194 94798 547569188 237041 1664 324801046 220357 545921 17111448 34473 161018891 213768 3843318702 200804 3253478156 74081 3945101058 131180 1538 137216 32 43268 415336
is_linear=0
shrinkage=0.05


Tree=27
num_leaves=63
num_cat=41
split_feature=0 0 17 0 17 0 11 0 11 0 11 17 11 11 11 11 13 17 2 13 17 17 13 13 17 13 11 13 0 13 13 13 17 13 14 2 13 13 13 13 13 1 13 15 14 14 13 14 0 13 15 13 13 17 13 14 2 6 15 14 13 14
split_gain=109.492 16.6114 14.6092 8.18728 6.268 5.80375 4.04414 2.38882 2.27074 2.15903 1.72462 1.60459 1.52676 1.4174 1.23477 1.21689 1.18132 1.15491 1.08618 1.3816 1.07324 0.994359 0.957273 0.955869 0.923201 1.07551 0.894399 0.965501 0.883297 2.92968 0.878127 0.870773 0.863537 1.17413 0.860161 0.843041 0.855389 0.824703 0.812536 0.797768 0.781383 0.848253 1.71741 0.84762 0.775634 0.773659 0.75485 0.750362 0.89867 2.38117 1.63124 0.828651 0.754402 0.732099 0.700817 0.692074 0.688114 0.698007 0.685142 0.679027 0.784589 0.659455
threshold=12.770995616912844 12.120216846466066 0 13.168878555297853 1 13.447151660919191 12.119895935058596 11.533604145050051 12.763036251068117 13.529273033142092 12.763036251068117 2 11.533303260803224 12.119895935058596 12.393171787261965 13.168436050415041 3 4 25.500000000000004 5 6 7 8 9 10 11 13.052330493927004 12 13.431216716766359 13 14 15 16 17 18 30.500000000000004 19 20 21 22 23 9561.1879882812518 24 25 26 27 28 29 14.622321128845217 30 31 32 33 34 35 36 41.500000000000007 4.5000000000000009 37 38 39 40
decision_type=2 2 1 2 1 2 2 2 2 2 2 1 2 2 2 2 1 1 2 1 1 1 1 1 1 1 2 1 2 1 1 1 1 1 1 2 1 1 1 1 1 2 1 1 1 1 1 1 2 1 1 1 1 1 1 1 2 2 1 1 1 1
left_child=1 7 3 8 6 10 35 -1 32 15 18 12 30 16 54 23 59 -10 31 -20 -7 38 -19 34 25 58 46 -28 53 -30 -9 -4 33 -2 39 36 -3 45 -11 -5 43 42 -42 44 -17 -23 -12 48 52 50 -50 56 -22 -21 -8 -40 -49 -58 -16 60 -6 -34
right_child=2 4 5 9 13 20 14 11 17 21 26 -13 -14 -15 24 40 -18 22 19 28 47 37 -24 -25 -26 -27 27 -29 29 -31 -32 -33 61 -35 -36 -37 -38 -39 55 -41 41 -43 -44 -45 -46 -47 -48 51 49 -51 -52 -53 -54 -55 -56 -57 57 -59 -60 -61 -62 -63
leaf_value=-1093.7444285148476 -132.12933601493134 -75.32125516027736 -272.25577601680999 13785.202485210873 -605.80507542963539 129.94968817915068 -654.60968356328726 -648.96604655649901 -114.52655353881056 1022.1919779122575 -873.06734826145737 -1099.5674651326674 -965.41162541866163 -1032.4341277802523 275.04420231769836 -226.76750402677428 -717.65740677664189 -320.83148483799232 -474.36288658525683 397.76380383287034 -132.12699810192063 526.75691549927876 -557.27448512135811 197.44648819538375 -650.24786714761001 -490.3664381133953 -516.53217905067675 -757.61970544709948 22719.163745102058 -547.52925492413272 -495.72500012787208 -710.8904717973287 432.1243601807779 868.6593790703788 639.93046223446879 -23.425624376695488 -475.15552595567027 329.70244370491162 3469.8997428255702 1983.2279045909834 -564.06112323656055 112.75707866345039 31351.727479018384 -367.29312191489589 625.53099689086173 1670.8556304174417 -1111.907034729481 -26.350699709408218 155063.02963673431 -376.07481343964173 17275.643257813335 -370.17797626889444 -697.90180426027371 -401.04635683989693 -827.26423047229298 1485.9174849925637 31560.968354142562 1002.8132018362435 -361.88552128066794 -639.12837509199676 55.252961460804364 -188.61756643456829
leaf_weight=2381638 84880 139649 92902 8208 71433 495252 290357 339850 487294 191823 159331 1715292 1800099 2782460 68468 66460 643756 448881 128370 111491 65728 164415 526811 216128 545012 339348 356425 386816 1323 2063 429489 181266 83602 125640 110550 384915 267271 465581 101115 51250 3763 497978 4121 231736 99108 201634 561500 80003 1018 4972 1372 158757 151135 111284 471964 124019 3710 30353 139421 383330 92554 335176
leaf_count=2381638 84880 139649 92902 8208 71433 495252 290357 339850 487294 191823 159331 1715292 1800099 2782460 68468 66460 643756 448881 128370 111491 65728 164415 526811 216128 545012 339348 356425 386816 1323 2063 429489 181266 83602 125640 110550 384915 267271 465581 101115 51250 3763 497978 4121 231736 99108 201634 561500 80003 1018 4972 1372 158757 151135 111284 471964 124019 3710 30353 139421 383330 92554 335176
internal_value=-0.000192229 -0.000279227 -4.24119e-05 1.37501e-05 -0.000223124 -0.000126701 -0.000163505 -0.00033494 -5.94762e-05 7.41194e-05 -0.000173925 -0.000312625 -0.000287617 -0.00026283 -0.000203893 2.87362e-05 -0.000217187 -9.36388e-05 -0.000104659 -4.68657e-05 -2.71083e-05 0.000120982 -0.000125034 0.000103026 -0.000169809 -0.000123926 -0.000203668 -0.000165182 2.74996e-05 0.000829002 -0.000228663 -0.000179393 1.99449e-05 0.000102551 0.000191721 -6.89122e-05 -0.000119089 8.93841e-05 0.000183999 0.000345077 -3.02554e-06 3.819e-05 0.000552766 -5.55022e-05 3.08983e-05 0.000145538 -0.000243351 -7.90124e-05 -0.000146776 0.000396496 0.00168958 -2.3316e-05 -0.000165226 1.53186e-05 -0.000252728 0.000248433 7.94826e-05 0.000267696 -3.43648e-05 -0.000163172 -7.80101e-05 -2.15832e-05
internal_weight=2.10016e+07 1.32863e+07 7.71524e+06 4.63017e+06 6.61994e+06 3.08507e+06 2.6464e+06 6.66637e+06 2.09228e+06 2.53789e+06 2.09277e+06 4.28473e+06 2.56944e+06 3.97353e+06 1.85457e+06 1.2893e+06 1.19107e+06 1.46299e+06 628699 354531 992300 1.24859e+06 975692 386136 1.09225e+06 547237 1.46407e+06 743241 226161 3386 769339 274168 629298 210520 170008 791835 406920 831630 416957 59458 903166 505862 7884 397304 165568 366049 720831 497048 224225 7362 2390 272823 216863 222775 762321 225134 114066 34063 207889 547317 163987 418778
internal_count=21001550 13286306 7715244 4630173 6619938 3085071 2646405 6666368 2092284 2537889 2092771 4284730 2569438 3973533 1854570 1289302 1191073 1462986 628699 354531 992300 1248587 975692 386136 1092249 547237 1464072 743241 226161 3386 769339 274168 629298 210520 170008 791835 406920 831630 416957 59458 903166 505862 7884 397304 165568 366049 720831 497048 224225 7362 2390 272823 216863 222775 762321 225134 114066 34063 207889 547317 163987 418778
cat_boundaries=0 1 2 3 5 6 8 9 10 12 14 15 17 19 21 23 25 26 28 29 31 33 35 37 39 41 42 43 44 46 47 49 50 52 54 55 57 58 59 60 62 63
cat_threshold=19 18 19 1892990066 53353 2 2159626308 190540 8 2 2443035323 33201 3245298210 18653 2 907055638 219269 1812163812 192273 1577461248 66576 3239994284 233572 96487465 35302 2 136496371 215621 633472 3246527123 82626 670847115 19020 3451015605 18548 1073742336 2048 1928407838 148240 134533153 75913 1860 92962 959392 339812432 37008 708749 473182729 21552 2125 1628737953 5503 2153979908 177793 8 356807443 99341 181937 1616 394321 545266768 20544 2100
is_linear=0
shrinkage=0.05


Tree=28
num_leaves=63
num_cat=39
split_feature=0 0 17 0 0 17 11 0 11 0 0 11 17 17 11 17 17 11 2 13 13 2 13 13 14 11 17 13 11 13 13 13 13 13 2 13 14 13 13 13 13 11 17 2 13 14 13 3 13 13 15 13 14 13 14 3 14 11 17 13 14 1
split_gain=104.942 15.1191 14.9405 8.10109 6.47576 5.55711 2.65944 2.53806 2.40786 2.07611 1.81745 1.76504 1.70101 1.54217 1.49504 1.39422 1.33243 1.34111 1.22457 1.15413 1.14642 1.07411 1.46245 1.08484 1.05192 1.03193 0.935658 0.92774 0.894984 0.890702 0.886124 0.877026 0.84657 0.836791 0.830617 1.35342 0.966629 0.893029 0.825086 0.801104 0.789241 0.787335 0.785203 0.76772 1.1161 1.00559 0.778415 1.07842 4.22638 0.749214 0.750828 1.97989 0.748534 0.735456 0.734078 0.733232 0.947234 0.732981 0.704831 0.692338 0.67984 0.675938
threshold=12.722423553466799 12.120216846466066 0 13.168878555297853 13.21584463119507 1 12.119895935058596 11.533604145050051 12.722423553466799 13.651602268218996 13.69789505004883 12.119895935058596 2 3 11.533303260803224 4 5 12.722423553466799 25.500000000000004 6 7 37.500000000000007 8 9 10 13.226913928985597 11 12 13.651471614837648 13 14 15 16 17 21.500000000000004 18 19 20 21 22 23 12.377147674560549 24 45.500000000000007 25 26 27 99.850002288818374 28 29 30 31 32 33 34 96.649997711181655 35 14.223823547363283 36 37 38 15951.166503906252
decision_type=2 2 1 2 2 1 2 2 2 2 2 2 1 1 2 1 1 2 2 1 1 2 1 1 1 2 1 1 2 1 1 1 1 1 2 1 1 1 1 1 1 2 1 2 1 1 1 2 1 1 1 1 1 1 1 2 1 2 1 1 1 2
left_child=1 7 3 8 16 11 13 -1 43 18 21 39 14 53 29 32 17 19 30 61 55 23 24 -6 -23 -26 41 -17 49 -9 -5 -19 -10 -13 37 36 -36 52 -18 -3 -15 -8 -12 46 -45 -46 47 -2 -49 -11 51 -51 -30 -7 -39 -20 -57 -37 -14 -44 -42 -4
right_child=2 5 4 9 10 6 26 12 15 28 42 33 58 40 -16 27 38 31 20 -21 -22 22 -24 -25 25 -27 -28 -29 34 -31 -32 -33 -34 -35 35 57 -38 54 -40 -41 60 -43 59 44 45 -47 -48 48 -50 50 -52 -53 -54 -55 -56 56 -58 -59 -60 -61 -62 -63
leaf_value=-1039.0572070891053 296.83790413229292 121.44586843465805 1484.8999450354104 207.12796499445378 -782.81503967401886 -234.60378986521474 -918.66781981431348 -505.74900797873863 128.15119815315643 1176.2184570423299 515.83913214115307 -366.32722757192897 -904.23863315093445 -760.68869440408059 -749.38158370275312 -306.69059258314843 -949.29796063723461 -573.12015952537774 919.39150279058674 -293.60679051506753 200.6711788895802 -239.64161138350028 -376.71792546409415 -433.43825798960319 3367.7737117306192 367.17516942668738 -1093.8382382378397 -533.67829518692668 -799.70653766236069 -165.78600490424469 -233.15039130882352 -838.82889972311386 -286.05710987304121 -543.21681212376313 2706.0623045003595 -15.713304495149352 918.28680247509135 1718.5328163691638 -1084.3158297606931 -253.1687076154318 -526.76997260769747 -668.86415856468034 -422.25505419403129 -97.85743905576237 1786.7497171048331 335.94880881261821 -196.9021173515801 36460.944695924198 -1230.842267037357 47139.684188896281 2818.6170573528625 1228.6869500439993 288.91267362101934 -495.2931523687123 -20.279513433229297 30781.145682646609 471.6970121732154 3941.1696206474244 -1044.589091876034 58.492562153491605 -734.37636570877805 -189.88289649021897
leaf_weight=2381638 173568 160619 31296 304942 176846 293698 714818 112937 210534 130369 281045 308529 1713166 279073 600680 490036 361192 252821 131889 201521 758003 66296 197091 454752 32404 67205 1720746 622033 49808 142655 386306 350104 345171 552271 94554 165958 114806 65642 499392 205775 182700 1001165 113203 74241 42343 51150 374915 206 512 13618 115743 24331 61271 441003 65686 4826 7255 42882 1715292 168190 274075 24754
leaf_count=2381638 173568 160619 31296 304942 176846 293698 714818 112937 210534 130369 281045 308529 1713166 279073 600680 490036 361192 252821 131889 201521 758003 66296 197091 454752 32404 67205 1720746 622033 49808 142655 386306 350104 345171 552271 94554 165958 114806 65642 499392 205775 182700 1001165 113203 74241 42343 51150 374915 206 512 13618 115743 24331 61271 441003 65686 4826 7255 42882 1715292 168190 274075 24754
internal_value=-0.000190691 -0.000280151 -5.10506e-05 4.02294e-06 -0.000133752 -0.000223505 -0.000247303 -0.000332277 -6.21474e-05 6.61994e-05 -5.98673e-05 -0.000128338 -0.000309276 -0.000191033 -0.000246222 -9.50885e-05 -0.000200594 -0.000156591 3.13769e-05 -6.10914e-05 6.97515e-05 -0.00010049 -3.19503e-05 -0.000139881 7.74347e-05 0.000180142 -0.000271381 -0.000127405 0.000124929 -0.000144941 -1.86961e-05 -0.000197391 -3.04153e-05 -0.00016746 9.30157e-05 0.000135701 0.000225534 1.93749e-05 -0.000244589 -3.64275e-05 -0.000242198 -0.000245246 1.1968e-05 1.44823e-05 0.000108106 0.000223025 -1.41118e-05 7.31921e-05 0.00200696 0.000199146 0.000273933 0.000466965 -8.49719e-05 -0.000139783 0.000107631 0.000199091 0.000571932 4.56313e-05 -0.000325022 -4.70726e-05 -0.000201708 0.000139583
internal_weight=2.10016e+07 1.28008e+07 8.20071e+06 4.9226e+06 3.27811e+06 6.13447e+06 4.90728e+06 6.66637e+06 2.38471e+06 2.53789e+06 1.55703e+06 1.22719e+06 4.28473e+06 1.47055e+06 856272 1.66777e+06 1.72108e+06 860496 1.59322e+06 257571 901973 994594 362996 631598 165905 99609 3.43673e+06 1.11207e+06 944668 255592 691248 602925 555705 860800 660607 418200 209360 242407 860584 366394 735848 1.71598e+06 562438 716935 167734 93493 549201 174286 718 284061 153692 37949 111079 734701 131328 143970 12081 208840 3.42846e+06 281393 456775 56050
internal_count=21001550 12800840 8200710 4922598 3278112 6134472 4907278 6666368 2384709 2537889 1557032 1227194 4284730 1470549 856272 1667774 1721080 860496 1593221 257571 901973 994594 362996 631598 165905 99609 3436729 1112069 944668 255592 691248 602925 555705 860800 660607 418200 209360 242407 860584 366394 735848 1715983 562438 716935 167734 93493 549201 174286 718 284061 153692 37949 111079 734701 131328 143970 12081 208840 3428458 281393 456775 56050
cat_boundaries=0 1 2 3 4 5 6 8 10 12 14 15 16 18 20 22 24 26 28 30 31 33 35 37 39 40 42 43 45 47 49 50 52 53 55 56 57 58 60 61
cat_threshold=19 2 2 17 2 8 558106640 689 131266 36996 2870404293 138247 2149499412 132099 922498 17 2443037361 33712 3374853812 94316 137157127 77007 4114833433 134064 907134544 138772 324276758 199813 3245263885 163432 930835 3364866125 96306 349833340 101265 3680280793 16910 2267562576 212612 8 203729783 170576 428756 303085348 53632 37120 4096 2622620063 125067 644 1619339264 292 875540 16841970 103529 700873 664788 17 452988891 73818 152689
is_linear=0
shrinkage=0.05


Tree=29
num_leaves=63
num_cat=40
split_feature=0 0 0 17 17 17 0 11 11 0 17 11 17 11 17 17 11 11 13 13 13 13 17 2 13 14 15 0 13 17 2 13 13 13 13 13 13 13 2 11 13 13 13 14 13 13 15 1 1 11 13 15 14 2 1 13 14 15 15 1 14 13
split_gain=101.621 15.4404 12.9046 8.48681 6.90479 5.32923 2.88483 2.66944 2.63444 2.10139 1.95605 1.59165 1.46801 1.42359 1.61258 1.24495 1.13803 1.09395 1.38949 1.06029 1.05648 1.0285 1.01728 0.957122 1.24157 1.31242 1.20701 0.934213 0.910774 0.885031 0.870338 1.064 1.00873 0.859291 0.853576 0.838764 0.771197 0.77086 0.720121 0.709068 0.69811 0.68459 0.683819 0.676935 0.676076 0.675008 0.673313 0.651836 0.646151 0.641923 0.87052 0.790377 0.641909 0.630484 0.875667 0.626443 0.626072 0.625739 0.6155 0.613696 0.654633 0.747718
threshold=12.656338214874269 13.157667160034181 12.067407608032228 0 1 2 13.674160003662111 12.06630849838257 12.65617895126343 11.533604145050051 3 12.06630849838257 4 11.533303260803224 5 6 13.157455921173097 12.65617895126343 7 8 9 10 11 48.500000000000007 12 13 14 13.629689216613771 15 16 24.500000000000004 17 18 19 20 21 22 23 36.500000000000007 12.377147674560549 24 25 26 27 28 29 30 30868.512695312504 10569.545898437502 12.401002407073976 31 32 33 12.500000000000002 139907.17187500003 34 35 36 37 15951.166503906252 38 39
decision_type=2 2 2 1 1 1 2 2 2 2 1 2 1 2 1 1 2 2 1 1 1 1 1 2 1 1 1 2 1 1 2 1 1 1 1 1 1 1 2 2 1 1 1 1 1 1 1 2 2 2 1 1 1 2 2 1 1 1 1 2 1 1
left_child=2 3 9 8 27 11 10 15 23 -1 16 36 21 14 35 34 28 18 59 -12 -18 -10 44 45 25 26 -25 42 48 39 32 43 46 -17 56 -11 -4 -19 -23 -9 -16 57 -3 -32 -8 -2 -14 -22 -6 -13 -51 -52 55 58 -55 -35 -7 -24 -43 60 61 -5
right_child=1 4 5 17 6 7 22 29 12 13 19 49 30 -15 40 33 20 37 -20 -21 47 38 41 24 -26 -27 -28 -29 -30 -31 31 -33 -34 52 -36 -37 -38 -39 -40 -41 -42 53 -44 -45 -46 -47 -48 -49 -50 50 51 -53 -54 54 -56 -57 -58 -59 -60 -61 -62 -63
leaf_value=-987.10434673464988 131.69341244487296 -816.03077114043811 -296.51648370320476 11792.766090946912 1539.5218643876515 -476.59098175322652 3284.2051452404007 -886.24291260476264 124.62573883368023 -41.639546294205871 -304.14275048874993 -551.04497383601199 -877.40295361567769 -974.33409051189994 -676.34351274903531 -734.22580336626095 -147.73542744130901 -958.39470247516738 -576.92496455695834 -9.5564608555432642 570.18104621766622 -440.696670446371 -417.22283943162114 20705.74031017469 -85.548537146873429 484.73115717053082 1096.9197407812098 -156.40282105929364 1304.671275764452 -1045.5075056572794 141.83250029025211 -427.94790955791717 -707.68942432882511 61.42226535153516 -515.28372763923403 -451.143386372154 25.855654302247423 -858.84008885272169 -4.4688525833509631 -669.46231281277005 -758.23692870947059 1096.6526559282336 -487.1049880110055 -273.61240585683817 1175.7577910215957 -237.29049613770476 -311.41551025963128 -67.14173057341759 -89.602811656659469 -504.21676751939168 -523.86138228309721 73.89073502655738 -678.09604683531325 1238.500940586671 56105.861463290377 -628.89115036626026 -126.90948446762282 645.62667211460723 -587.66964403772943 -532.02277866237125 -157.25233350058625 111.14402283974071
leaf_weight=2381638 308038 254961 156881 11469 5221 120371 138113 850244 230181 89979 450691 461266 34035 2663505 346337 285542 348064 585808 361119 678837 288365 252198 107020 7533 74954 45749 22869 330726 238379 1667012 147485 416265 330179 51788 413220 136953 197789 689003 155759 813058 564490 50164 276937 180777 161656 364627 167910 153826 94812 178697 80986 113381 300059 361358 3722 76371 178286 320286 50223 76773 76155 21450
leaf_count=2381638 308038 254961 156881 11469 5221 120371 138113 850244 230181 89979 450691 461266 34035 2663505 346337 285542 348064 585808 361119 678837 288365 252198 107020 7533 74954 45749 22869 330726 238379 1667012 147485 416265 330179 51788 413220 136953 197789 689003 155759 813058 564490 50164 276937 180777 161656 364627 167910 153826 94812 178697 80986 113381 300059 361358 3722 76371 178286 320286 50223 76773 76155 21450
internal_value=-0.000189113 -6.05322e-05 -0.000283193 -0.000124676 7.2847e-06 -0.000230594 3.89142e-05 -0.000254265 -6.90427e-05 -0.000333767 5.69197e-06 -0.000135911 -0.000101209 -0.000310694 -0.000263877 -0.000197012 5.22444e-05 -0.000208305 -0.000149155 -4.08251e-05 1.93898e-05 -3.92835e-05 0.000101824 5.72416e-06 0.000119437 0.000261611 0.000516211 -0.000119241 0.000128968 -0.000278774 -0.000132161 -9.72606e-05 -0.000180995 -0.000243677 -0.000150218 -0.0001446 -4.71842e-05 -0.000233686 -8.69637e-05 -0.000252959 -0.00029359 7.50618e-05 -0.000160273 -2.99472e-05 0.000181519 -1.98199e-05 -9.29534e-05 7.06799e-05 2.33447e-06 -0.00017363 -0.000124863 -5.16183e-05 -0.000198863 0.000117013 0.00014753 -0.000105169 -8.58091e-05 2.93628e-05 6.0421e-06 -3.80584e-05 3.81672e-05 0.000224438
internal_weight=2.10016e+07 8.8737e+06 1.21279e+07 4.56034e+06 4.31336e+06 5.94495e+06 3.45074e+06 4.75595e+06 2.73856e+06 6.1829e+06 2.2582e+06 1.189e+06 1.91479e+06 3.80126e+06 1.13776e+06 1.42564e+06 1.12867e+06 1.82178e+06 546966 1.12953e+06 790255 638138 1.19254e+06 823770 151105 76151 30402 862624 338412 3.33031e+06 1.27665e+06 744527 532124 713760 711877 226932 354670 1.27481e+06 407957 1.6633e+06 910827 892773 531898 328262 299769 672665 201945 442191 100033 834330 373064 194367 428218 465467 365080 128159 298657 427306 100387 185847 109074 32919
internal_count=21001550 8873697 12127853 4560336 4313361 5944951 3450737 4755951 2738559 6182902 2258195 1189000 1914789 3801264 1137759 1425637 1128667 1821777 546966 1129528 790255 638138 1192542 823770 151105 76151 30402 862624 338412 3330314 1276651 744527 532124 713760 711877 226932 354670 1274811 407957 1663302 910827 892773 531898 328262 299769 672665 201945 442191 100033 834330 373064 194367 428218 465467 365080 128159 298657 427306 100387 185847 109074 32919
cat_boundaries=0 1 2 3 4 5 6 7 9 11 13 15 16 18 19 20 22 23 25 27 29 31 33 35 37 39 41 43 44 46 48 49 51 52 53 55 56 57 58 59 61
cat_threshold=19 4 2 18 2 2 17 616959032 691 888685394 141057 3786518285 147729 907101712 154246 2 3542638264 26027 428186 2568 168360976 132448 17 429314088 170453 2170390673 82856 2267695696 79524 352642162 103533 584270153 36627 144930468 171936 1798610850 81995 165784656 11864 3095627218 103921 3501120028 205484 597548 1128795660 178169 2463150965 62336 2560 1234136561 814 2339 148592 1086600232 49153 574606 67 1303 788529 4457472 19
is_linear=0
shrinkage=0.05


Tree=30
num_leaves=63
num_cat=41
split_feature=0 0 0 17 17 17 11 11 11 0 11 17 11 11 2 17 13 17 13 13 17 13 13 17 2 13 17 0 15 13 0 13 1 0 13 13 14 13 13 14 6 13 13 13 14 13 11 13 17 13 4 13 11 13 15 14 13 13 15 14 14 11
split_gain=98.5155 14.6662 13.3631 8.04775 6.20484 5.4043 2.72529 2.56967 2.31098 2.17916 1.71909 1.52966 1.61803 1.5216 1.41729 1.28147 1.17555 1.12727 1.27548 1.11621 1.08683 1.20124 0.984775 0.979555 0.951588 1.25391 0.936597 0.883383 0.920962 2.48186 0.879296 0.848809 0.845243 0.828038 1.15987 0.984162 0.937214 1.12749 0.809313 0.788984 1.18774 0.78632 0.781572 0.761095 0.773152 0.733934 0.729205 0.717599 0.676917 0.920248 0.665945 0.663838 0.645345 0.829721 0.683643 0.742976 0.643408 0.634726 0.629601 0.863473 0.620014 0.61993
threshold=12.656338214874269 13.157667160034181 12.067407608032228 0 1 2 12.06630849838257 13.157455921173097 12.65617895126343 11.533604145050051 13.547282218933107 3 11.533303260803224 12.06630849838257 24.500000000000004 4 5 6 7 8 9 10 11 12 42.500000000000007 13 14 13.135868549346926 15 16 13.674160003662111 17 251425.33593750003 13.807003498077394 18 19 20 21 22 23 43.500000000000007 24 25 26 27 28 12.377147674560549 29 30 31 2.5000000000000004 32 12.401002407073976 33 34 35 36 37 38 39 40 12.65617895126343
decision_type=2 2 2 1 1 1 2 2 2 2 2 1 2 2 2 1 1 1 1 1 1 1 1 1 2 1 1 2 1 1 2 1 2 2 1 1 1 1 1 1 2 1 1 1 1 1 2 1 1 1 2 1 2 1 1 1 1 1 1 1 1 2
left_child=2 3 9 8 30 13 15 33 48 -1 23 12 41 47 16 38 -10 18 27 58 43 50 -19 -9 42 -26 46 -5 29 -29 45 -25 -30 35 39 -6 37 -36 60 40 -35 -11 -17 44 -12 -3 -8 -4 -2 -50 -22 -38 56 -54 55 -55 -15 -48 59 -16 -7 -20
right_child=1 4 5 17 7 6 26 10 14 11 20 -13 -14 52 19 24 -18 22 61 -21 21 -23 -24 31 25 -27 -28 28 32 -31 -32 -33 -34 34 36 -37 51 -39 -40 -41 -42 -43 -44 -45 -46 -47 57 -49 49 -51 -52 -53 53 54 -56 -57 -58 -59 -60 -61 -62 -63
leaf_value=-937.74912939791739 125.38281450694485 -415.60189581720556 -283.37719282456675 -417.12387004370044 78.303797013475645 362.37605432666243 -841.93076697452443 191.15981424288003 -357.43404272171318 -572.67658290678696 1164.2874954026399 -960.82061056854752 -833.8899950663149 -395.69648683177974 -260.40897425624973 -598.11767206082084 -629.48920902400209 -1053.8682785056415 -324.87696831309478 -310.47351203278686 448.66785971467181 -204.55797252567936 -903.51292792713434 -54.099812090160412 85.859192587422882 -336.17762049939813 -993.23213037441531 19252.766810834313 -165.31361360384327 -662.41723225961505 -123.90928592473865 -341.76194108057825 54019.024786969407 2438.8966285668612 36759.850380514887 848.20664169202792 26.672693853598322 4270.2943985475986 -919.59993973970893 -187.33798102137953 83240.103872257256 -429.38407072143605 -448.11186485754627 1228.7373824783922 -297.38344936659331 -754.8471219261163 -555.11313443890549 22.261489008405263 -446.91050832021432 30.149073716629939 10770.42346223483 3858.4213698514041 -506.94826020315963 -357.20088847875195 -471.32886731459769 284.46953868665815 -590.38556974271148 -675.03281542593493 -163.05944116757166 465.72765664034159 -878.23537146199453 -755.15139267489837
leaf_weight=2381638 549487 225759 149588 262494 341700 22396 850244 323394 334340 315518 106355 1522291 1596863 174185 72467 366073 462747 418456 190729 625653 217766 323085 492625 486874 110441 194201 1667012 1705 6312 1556 297865 487012 250 54971 20603 435282 34237 33399 243327 68412 1292 366592 398135 346486 105787 339000 342431 205082 109802 164481 17773 46309 134020 53664 119309 66071 287081 470627 287003 132579 91064 447650
leaf_count=2381638 549487 225759 149588 262494 341700 22396 850244 323394 334340 315518 106355 1522291 1596863 174185 72467 366073 462747 418456 190729 625653 217766 323085 492625 486874 110441 194201 1667012 1705 6312 1556 297865 487012 250 54971 20603 435282 34237 33399 243327 68412 1292 366592 398135 346486 105787 339000 342431 205082 109802 164481 17773 46309 134020 53664 119309 66071 287081 470627 287003 132579 91064 447650
internal_value=-0.000187358 -6.07576e-05 -0.000279989 -0.000123273 5.33727e-06 -0.000226465 -0.000250301 3.53208e-05 -6.90975e-05 -0.000331454 7.05526e-06 -0.000307958 -0.000282027 -0.000131117 -9.92243e-05 -0.000192453 -0.000150163 -0.00020471 -0.000165364 -6.28973e-05 5.25168e-05 3.20114e-06 -0.000244037 -3.20975e-05 -0.000165059 -9.03383e-05 -0.000275066 -7.47571e-05 0.000390767 0.00107597 -0.000114604 -5.7134e-05 4.85397e-05 0.000101185 0.000178567 7.53677e-05 0.00028037 0.000441551 -0.000274507 6.86735e-05 0.000207356 -0.000217567 -0.000194847 0.00010183 2.72404e-05 -0.000151267 -0.00024851 -4.43647e-05 9.29134e-07 -6.32221e-05 8.90711e-05 0.000172266 -0.000167997 -0.0001191 -6.32572e-05 2.11496e-05 -0.000207544 -0.000214657 -6.5526e-06 6.03596e-05 -0.000164184 -0.000204012
internal_weight=2.10016e+07 8.8737e+06 1.21279e+07 4.56034e+06 4.31336e+06 5.94495e+06 4.75595e+06 3.45074e+06 2.73856e+06 6.1829e+06 2.41453e+06 3.80126e+06 2.27897e+06 1.189e+06 1.91479e+06 1.42564e+06 797087 1.82178e+06 910696 1.1177e+06 1.11725e+06 558624 911081 1.29728e+06 1.06885e+06 304642 3.33031e+06 272317 9823 3261 862624 973886 6562 1.0362e+06 259223 776982 134548 54002 356787 124675 56263 682110 764208 558628 212142 564759 1.6633e+06 354670 823770 274283 235539 80546 834330 373064 239044 119735 461266 813058 492049 205046 113460 638379
internal_count=21001550 8873697 12127853 4560336 4313361 5944951 4755951 3450737 2738559 6182902 2414532 3801264 2278973 1189000 1914789 1425637 797087 1821777 910696 1117702 1117252 558624 911081 1297280 1068850 304642 3330314 272317 9823 3261 862624 973886 6562 1036205 259223 776982 134548 54002 356787 124675 56263 682110 764208 558628 212142 564759 1663302 354670 823770 274283 235539 80546 834330 373064 239044 119735 461266 813058 492049 205046 113460 638379
cat_boundaries=0 1 2 3 4 5 7 8 10 12 13 15 17 18 20 21 22 24 26 28 30 31 33 35 36 38 40 42 43 45 47 48 50 52 54 55 56 58 60 61 62 63
cat_threshold=19 4 2 19 4 320719057 17084 8 2772461073 673 362010152 170373 18 1198563391 66280 3944052611 139368 2 336782403 164074 17 549 620758544 544 319216804 130334 282535384 39659 1721421333 141088 329852 738217985 131348 2018783525 17410 28442 3843449766 200932 519662341 139926 2577637411 196916 374403 1028719043 12627 144930468 171424 18 896337990 67161 603998215 147476 1095656913 294 1752 468058 55472741 229388 136033875 86539 2571 427276 17480
is_linear=0
shrinkage=0.05


Tree=31
num_leaves=63
num_cat=41
split_feature=0 17 0 0 0 17 11 11 0 17 11 0 2 11 2 11 2 17 13 0 13 13 17 13 13 17 13 13 13 17 13 13 13 13 13 14 11 14 15 13 14 13 13 13 2 14 13 3 3 13 13 14 13 13 14 14 1 13 15 3 13 13
split_gain=95.4521 13.4814 13.3906 7.20923 6.36185 5.45304 2.93737 2.29478 2.20535 1.63696 1.80507 1.59253 1.54876 1.47526 1.4233 1.3554 1.35508 1.25319 1.20563 1.14421 1.14116 1.08285 0.985152 0.981653 0.974541 0.93916 0.958916 0.876936 0.871356 0.859681 0.871689 0.833453 0.827605 0.823523 0.804854 0.790596 0.762825 0.730199 0.726803 0.720937 0.711934 1.22182 0.815411 0.690506 0.780933 0.689839 0.717407 0.710247 0.688967 0.853052 0.809278 0.677799 0.674046 0.664764 0.650506 0.641563 0.63837 0.634534 0.627496 0.621846 0.611089 0.600887
threshold=12.656338214874269 0 12.067407608032228 13.168878555297853 13.180584430694582 1 12.06630849838257 12.65617895126343 11.533604145050051 2 11.533303260803224 14.096644878387453 31.500000000000004 12.06630849838257 24.500000000000004 12.65617895126343 23.500000000000004 3 4 13.807003498077394 5 6 7 8 9 10 11 12 13 14 15 16 17 18 19 20 12.279781818389894 21 22 23 24 25 26 27 35.500000000000007 28 29 92.049999237060561 73.049999237060561 30 31 32 33 34 35 36 153767.46875000003 37 38 60.850000381469734 39 40
decision_type=2 1 2 2 2 1 2 2 2 1 2 2 2 2 2 2 2 1 1 2 1 1 1 1 1 1 1 1 1 1 1 1 1 1 1 1 2 1 1 1 1 1 1 1 2 1 1 2 2 1 1 1 1 1 1 1 2 1 1 2 1 1
left_child=2 3 8 7 15 13 17 60 -1 10 29 16 19 52 20 21 18 33 -5 24 -9 54 36 -14 -6 48 51 -21 -13 30 56 -18 59 -7 35 -19 -8 43 40 -17 41 -25 -42 44 -30 46 -29 -47 49 -16 -50 -27 -4 -39 57 -20 -10 -3 -59 -31 -2 -15
right_child=1 4 5 11 12 6 22 14 9 -11 -12 28 23 61 25 39 31 34 55 27 -22 -23 -24 38 -26 26 -28 45 37 32 -32 -33 -34 -35 -36 -37 -38 53 -40 -41 42 -43 -44 -45 -46 47 -48 -49 50 -51 -52 -53 -54 -55 -56 -57 -58 58 -60 -61 -62 -63
leaf_value=-890.86167292802156 212.40556528661838 -357.18989799914334 -310.32570288010396 -278.96511052524295 -310.96416758799825 -188.24638972989089 -848.0107576344767 -333.66172753194843 -93.320843551708833 -912.77958004012021 -792.1954953129989 754.73174131466078 -291.19117039482666 -498.94436446930598 1150.6834563956868 -861.4249827518521 740.4977922901312 -366.37681499726864 594.09374204408596 -551.75791721713108 -613.42357779656709 -529.80766143680376 -943.57052385569443 19509.846597253589 -667.91102424644203 146.37663502431025 -385.64462928464746 20181.099042039034 1984.520542145372 18987.137044007613 -421.10739388284492 146.00856303783803 -631.59350895179375 -466.25248006295027 -662.309603051762 -624.946672929285 -626.31786101812725 23342.257186654293 -17.914522344629869 -782.05129588547504 -457.9126173959034 1019.1811334684126 2061.4563213005908 41.218827637662045 22967.384725372987 -227.40526526318138 222.08631995188759 8203.295228617817 268.62134516714434 -109.10971312094335 -288.08262800623635 -263.83576762060403 11.177257891713722 2970.8630905765685 -432.1675495865997 -40.04317937815577 7361.7830176310999 1656.0274079652709 61.230559155909582 -493.55338598607244 -82.707374567056831 -393.04539099298893
leaf_weight=2381638 318156 36701 128218 414420 249543 255888 571375 356304 98515 1522291 1596863 120082 293317 333022 56039 555475 593367 137163 219113 105188 455606 329129 1667012 8773 408151 143593 439034 15903 17279 3592 127940 755845 283245 455989 370457 206140 1091927 41888 358378 766495 40551 21639 49016 46728 11257 74434 14852 18355 82436 65225 176403 175521 226452 50575 142821 267335 477 24470 33744 168341 520556 501308
leaf_count=2381638 318156 36701 128218 414420 249543 255888 571375 356304 98515 1522291 1596863 120082 293317 333022 56039 555475 593367 137163 219113 105188 455606 329129 1667012 8773 408151 143593 439034 15903 17279 3592 127940 755845 283245 455989 370457 206140 1091927 41888 358378 766495 40551 21639 49016 46728 11257 74434 14852 18355 82436 65225 176403 175521 226452 50575 142821 267335 477 24470 33744 168341 520556 501308
internal_value=-0.000185425 -6.08083e-05 -0.000276605 -1.05183e-05 -0.000136333 -0.000223025 -0.000246969 -6.6007e-05 -0.000328122 -0.000304486 -0.000277661 5.0458e-05 -6.48629e-05 -0.000127248 -9.57508e-05 -0.000199073 3.62925e-05 -0.000186911 -1.11932e-05 -0.00010995 -0.000146327 -0.000134392 -0.000272679 -1.30711e-05 -0.000143451 -5.96748e-05 -9.18326e-05 -1.36225e-05 0.000161203 -0.000209577 -0.000130059 6.79987e-05 -0.000249213 -0.000139963 -0.00023373 -0.000178558 -0.000245444 0.000234812 3.10885e-05 -0.000226809 0.000137601 0.000346592 6.6608e-05 0.000119139 0.000312899 7.67119e-05 0.000281895 8.68053e-06 4.46888e-06 0.000102817 -4.16065e-05 -2.58735e-05 -4.18271e-05 0.000328945 -5.3073e-05 4.21953e-05 -1.86456e-05 4.83808e-05 0.000151021 -0.000162649 3.15293e-06 -0.000163562
internal_weight=2.10016e+07 8.8737e+06 1.21279e+07 5.32676e+06 3.54694e+06 5.94495e+06 4.75595e+06 2.78887e+06 6.1829e+06 3.80126e+06 2.27897e+06 2.53789e+06 1.6581e+06 1.189e+06 1.95016e+06 1.88884e+06 2.25008e+06 1.42564e+06 900868 886426 811910 566865 3.33031e+06 771674 657694 1.13825e+06 758148 228732 287809 682110 226932 1.34921e+06 455178 711877 713760 343303 1.6633e+06 167727 478357 1.32197e+06 119979 30412 89567 75264 28536 123544 30755 92789 380103 121264 258839 319114 354670 92463 237736 486448 98992 94915 58214 171933 838712 834330
internal_count=21001550 8873697 12127853 5326762 3546935 5944951 4755951 2788873 6182902 3801264 2278973 2537889 1658100 1189000 1950161 1888835 2250080 1425637 900868 886426 811910 566865 3330314 771674 657694 1138251 758148 228732 287809 682110 226932 1349212 455178 711877 713760 343303 1663302 167727 478357 1321970 119979 30412 89567 75264 28536 123544 30755 92789 380103 121264 258839 319114 354670 92463 237736 486448 98992 94915 58214 171933 838712 834330
cat_boundaries=0 1 2 3 4 6 8 10 11 13 15 16 18 20 22 23 25 27 29 31 33 34 35 36 38 39 41 43 45 46 48 50 52 53 55 57 58 59 61 62 64 66
cat_threshold=19 2 19 17 3520284112 185122 54380753 17340 1724779704 931 17 15012698 41432 685969761 63568 2 429314088 166357 831032283 119137 2635145604 109685 2 651383113 36627 1113277576 105191 149527632 24667 352355442 103533 2027336975 49235 152696 313573 266 1798610850 81986 135220 118013957 512 1007217792 135680 570951737 147464 22017 3459260420 140294 519584400 153615 608290480 132484 597548 144926212 171424 1088590864 4866 282147 442610 33685640 802 3620 3533222580 24960 3364072897 25378
is_linear=0
shrinkage=0.05


Tree=32
num_leaves=63
num_cat=42
split_feature=0 17 0 0 0 17 11 0 11 2 17 11 11 17 11 13 2 17 11 0 13 13 13 13 13 13 13 14 0 13 15 2 13 14 13 17 13 6 1 14 13 13 13 13 17 13 15 14 13 11 13 2 14 14 13 13 15 13 13 13 17 13
split_gain=91.4833 13.7214 11.8531 7.09242 6.87503 5.19305 2.89938 2.23484 2.13487 1.9192 1.73128 1.82268 1.62204 1.42011 1.30022 1.1987 1.13245 1.11807 1.07475 1.01464 1.03971 0.873245 0.870938 0.834834 0.818572 0.812666 0.802564 0.887168 0.822968 0.78207 0.750015 0.748364 1.12392 1.00526 0.808866 0.731965 0.721253 0.718 0.704401 0.701745 1.10259 0.673721 0.660868 0.650406 0.64915 1.21008 0.9844 1.45962 0.643082 0.632847 0.753286 0.805719 0.720311 0.63199 0.6655 0.627189 0.622287 1.05375 0.926845 0.619644 0.618298 0.608502
threshold=12.607837200164797 0 12.067407608032228 13.124651908874513 13.051820755004885 1 12.06630849838257 11.533604145050051 12.599659919738771 31.500000000000004 2 11.533303260803224 13.113457202911379 3 12.06630849838257 4 22.500000000000004 5 12.599659919738771 13.807003498077394 6 7 8 9 10 11 12 13 13.357542037963869 14 15 43.500000000000007 16 17 18 19 20 10.500000000000002 110373.05078125001 21 22 23 24 25 26 27 28 29 30 13.113457202911379 31 47.500000000000007 32 33 34 35 36 37 38 39 40 41
decision_type=2 1 2 2 2 1 2 2 2 2 1 2 2 1 2 1 2 1 2 2 1 1 1 1 1 1 1 1 2 1 1 2 1 1 1 1 1 2 2 1 1 1 1 1 1 1 1 1 1 2 1 2 1 1 1 1 1 1 1 1 1 1
left_child=2 3 7 8 18 14 17 -1 31 19 11 23 44 21 59 49 42 24 29 20 30 -10 -15 -9 39 -19 28 61 -18 -3 -6 34 33 -33 -2 55 -20 -35 -30 40 -7 -16 -14 -21 48 46 47 -46 -5 50 52 -52 -11 54 -34 -8 57 -47 -58 -4 -25 -28
right_child=1 4 5 12 9 6 35 10 13 15 -12 -13 16 22 41 -17 26 25 36 43 -22 -23 -24 60 -26 -27 27 -29 38 -31 -32 32 53 37 -36 -37 -38 -39 -40 -41 -42 -43 -44 -45 45 56 -48 -49 -50 -51 51 -53 -54 -55 -56 -57 58 -59 -60 -61 -62 -63
leaf_value=-846.31858928162046 109.88614873856574 -353.75018035980395 -257.53535204093134 1683.6157839887078 -694.62288382109182 8576.7868820717904 -655.14130128866464 -540.49141717833197 63.768855464606901 490.37896649737871 -867.14060103811414 -752.58572054734907 52.396043153055508 -470.16273302229712 -320.63974368902274 -277.41509592817312 -249.33545693300258 -288.74764794322476 -776.82053125113168 -595.73157196514512 -671.17569366136343 -264.31747323169054 -324.04706026486747 -201.00150994243668 -838.86182338995468 -452.42619341502251 2312.56980102635 236.22751945827986 210.78857692062175 -548.91135552183403 -172.42110409855306 -111.0263194420797 -810.6589990807197 171.18271483406863 -323.60153111536738 -897.5101714823254 -887.79908344274054 1676.7768482424422 73395.876864476959 -785.56204362451081 -866.30594072164467 -486.74056461838046 -294.20144418462223 421.03791327485237 20029.597381529791 1674.3984310888482 265.05798364007472 294.23690341009205 774.90641012333947 -56.093669394688554 -275.3467513359181 784.00759850608563 2560.1749073274391 166.42523943187064 21.234257311777039 -737.04051958136301 427.11089277906132 -410.08256559286048 -961.72920507245567 17.445433651122951 -497.1332756111504 600.19092825064922
leaf_weight=2381638 291197 213021 137358 175455 115808 9040 760520 247503 296030 34234 1522291 1596863 352907 510290 304977 476671 188003 351907 498692 92110 523089 376620 834632 144486 210249 626741 64269 445897 354820 294055 232862 29192 17635 13324 345487 1526015 685131 41607 1110 93466 14279 460354 381971 136622 19108 40866 53911 19685 372688 304447 56391 42129 42574 110858 19798 763117 40625 49378 49759 187085 290121 128582
leaf_count=2381638 291197 213021 137358 175455 115808 9040 760520 247503 296030 34234 1522291 1596863 352907 510290 304977 476671 188003 351907 498692 92110 523089 376620 834632 144486 210249 626741 64269 445897 354820 294055 232862 29192 17635 13324 345487 1526015 685131 41607 1110 93466 14279 460354 381971 136622 19108 40866 53911 19685 372688 304447 56391 42129 42574 110858 19798 763117 40625 49378 49759 187085 290121 128582
internal_value=-0.000184199 -6.79696e-05 -0.000277894 -1.85931e-05 -0.000142086 -0.0002241 -0.000248526 -0.000325268 -7.32795e-05 -8.06867e-05 -0.000301473 -0.000273888 3.90409e-05 -0.000101501 -0.000126481 -2.88804e-05 1.38569e-05 -0.000186179 -0.000216777 -0.000125712 -0.000150304 -4.21828e-05 -0.000131167 -0.000205472 -0.000266224 -0.000159426 4.41455e-05 8.21537e-05 -4.89464e-07 -0.00015587 -8.34141e-05 -7.76505e-06 6.90282e-05 0.000214999 -3.57975e-05 -0.00027522 -0.000242866 0.000340994 4.42086e-05 -0.000160045 8.53235e-05 -0.000162041 -3.48883e-05 -3.19846e-05 9.78276e-05 3.48799e-05 0.000181721 0.000373773 0.000129213 2.69136e-05 0.000102585 1.10631e-05 0.000219949 -1.37924e-05 -0.000191397 -0.000250693 -4.04893e-05 5.2386e-05 -0.000133216 -4.26002e-05 -0.000163715 0.000171754
internal_weight=2.10016e+07 9.37354e+06 1.1628e+07 5.6257e+06 3.74784e+06 5.44511e+06 4.35533e+06 6.1829e+06 2.88667e+06 2.05694e+06 3.80126e+06 2.27897e+06 2.73903e+06 2.01757e+06 1.08977e+06 956446 1.91756e+06 1.30568e+06 1.6909e+06 1.10049e+06 871759 672650 1.34492e+06 682110 327034 978648 1.18268e+06 638748 543933 507076 348670 869098 232414 84123 636684 3.04965e+06 1.18382e+06 54931 355930 116785 23319 765331 734878 228732 821475 273332 92704 38793 548143 479775 175328 98520 76808 148291 37433 1.52364e+06 180628 90244 90384 324443 434607 192851
internal_count=21001550 9373540 11628010 5625704 3747836 5445108 4355334 6182902 2886670 2056937 3801264 2278973 2739034 2017572 1089774 956446 1917559 1305682 1690899 1100491 871759 672650 1344922 682110 327034 978648 1182681 638748 543933 507076 348670 869098 232414 84123 636684 3049652 1183823 54931 355930 116785 23319 765331 734878 228732 821475 273332 92704 38793 548143 479775 175328 98520 76808 148291 37433 1523637 180628 90244 90384 324443 434607 192851
cat_boundaries=0 1 2 3 4 6 7 9 11 13 15 17 19 21 22 24 25 27 28 30 31 33 34 36 38 40 42 43 45 46 47 49 51 52 53 55 57 58 60 62 64 65 67
cat_threshold=19 2 19 2 3608832168 73635 4 702616931 59472 907630226 137878 4001508358 77314 3841983398 200932 2018784549 17414 285512778 249961 699480422 148825 71171 1916967096 17331 1155 1720211648 74795 569418 2476779191 23440 17 2487820373 178066 197696 1077945376 16388 121918004 232589 196671527 77001 831007579 98657 18 1994752 116167 242 739719 1091371466 18588 352323752 65825 186425 528673 24323349 6208 1046029919 100875 1708 2818674657 135168 1671430702 2600 941843974 171936 2 3221767184 33312
is_linear=0
shrinkage=0.05


Tree=33
num_leaves=63
num_cat=41
split_feature=0 0 0 17 17 17 11 17 11 11 2 11 0 0 0 17 13 13 11 0 13 2 13 13 14 13 13 2 1 13 14 13 0 13 13 17 13 13 14 13 13 17 13 13 14 2 2 1 13 13 13 17 1 13 14 13 13 16 15 14 13 14
split_gain=89.3045 14.6244 10.2209 8.11999 6.3916 5.72353 3.62681 2.31293 2.26421 1.55654 1.36546 1.32819 1.29553 1.17776 1.13023 1.11948 1.08411 1.07976 1.06146 1.04404 1.03587 0.997176 1.03312 0.978302 0.97695 1.15193 1.09523 0.92278 0.92231 0.954716 0.927267 0.882113 0.875651 0.857004 0.849977 0.832858 0.80919 0.797055 0.786889 0.781853 0.772257 0.762634 0.870684 0.754132 0.710438 0.702641 0.695363 1.28069 0.6893 0.685902 0.666332 0.660468 0.816387 0.815066 0.779679 0.765895 0.761324 0.6122 0.746556 0.659351 0.604556 0.589634
threshold=12.551242828369142 13.061691284179689 11.827217102050783 0 1 2 11.825604915618898 3 12.551182746887209 11.825604915618898 24.500000000000004 12.551182746887209 13.651602268218996 11.189863204956056 13.478944778442385 4 5 6 11.157712936401369 12.288928031921388 7 36.500000000000007 8 9 10 11 12 22.500000000000004 13256.101562500002 13 14 15 12.248741626739504 16 17 18 19 20 21 22 23 24 25 26 27 42.500000000000007 13.500000000000002 139907.17187500003 28 29 30 31 4772.4606933593759 32 33 34 35 36 37 38 39 40
decision_type=2 2 2 1 1 1 2 1 2 2 2 2 2 2 2 1 1 1 2 2 1 2 1 1 1 1 1 2 2 1 1 1 2 1 1 1 1 1 1 1 1 1 1 1 1 2 2 2 1 1 1 1 2 1 1 1 1 1 1 1 1 1
left_child=2 3 13 8 14 6 27 12 51 41 17 35 16 -1 28 18 45 -10 34 50 57 22 -9 -12 25 -23 -26 31 29 30 -3 -4 -11 -21 -15 36 -5 38 -29 -37 -30 42 -7 -43 -38 -6 -22 -48 -16 -13 -8 53 -53 -2 60 -54 -56 59 -59 -14 -55 -57
right_child=1 4 5 11 7 9 19 21 10 32 23 49 20 15 48 -17 -18 -19 -20 33 46 24 -24 -25 26 -27 -28 37 40 -31 -32 -33 -34 -35 -36 39 44 -39 -40 -41 -42 43 -44 -45 -46 -47 47 -49 -50 -51 -52 52 55 54 56 61 -58 58 -60 -61 -62 -63
leaf_value=-928.2821764191018 -151.81590189898125 1964.9299261597685 -551.38874299380211 -431.68939086460927 -417.79952384956272 -510.66917075983196 -650.52912232496135 -801.71274779665259 -371.901513298927 -887.82410561375218 -342.85426116930034 -754.9489265046119 -479.97733406573752 -294.4143872940711 569.32710634859484 -857.13387651740652 -88.707925732780865 -581.21395367913794 -715.36038338782112 -383.43251399852454 -134.15145302375967 -519.51252229538056 -468.13787460972748 -133.65219904356201 2.9702283303922741 886.6141820534657 -609.31852716766116 -240.81528043728687 218.86728963634812 107.5622130995318 189.3751917630143 -223.37414922948898 -775.75331921947497 -529.57782989184966 -459.13137948157112 -850.99920254168251 205.17913221853564 -262.90322578702381 183.16964438382274 -543.91904890558112 -201.9487586828036 -662.74444139430238 -380.21613934558337 -781.23992557881161 -285.39060972476693 -74.653797074872998 1255.4579267722715 62017.248944782419 1167.053229845468 -841.10191100398958 -562.73094136280963 15757.085753780755 34.561265339986861 1932.8724611205544 1064.6557033329868 -63.111478116760559 -279.65167811735955 -822.21664991594298 -38.504160453256922 1834.3847966389615 321.72155774554005 -440.54392190900694
leaf_weight=1062834 123832 56471 149403 117592 360402 359143 529643 287857 342695 1560043 480243 659236 41983 180314 425508 1887740 895635 513661 878758 305079 79136 34792 339065 718169 133287 61858 154931 72325 391947 202747 55899 161857 1315010 457422 195806 123618 87547 262814 168324 171271 392061 130394 460121 277625 88569 142429 258802 2178 502905 712601 621917 262 295525 43719 32275 131890 53627 81041 112381 52094 41508 161729
leaf_count=1062834 123832 56471 149403 117592 360402 359143 529643 287857 342695 1560043 480243 659236 41983 180314 425508 1887740 895635 513661 878758 305079 79136 34792 339065 718169 133287 61858 154931 72325 391947 202747 55899 161857 1315010 457422 195806 123618 87547 262814 168324 171271 392061 130394 460121 277625 88569 142429 258802 2178 502905 712601 621917 262 295525 43719 32275 131890 53627 81041 112381 52094 41508 161729
internal_value=-0.000181968 -7.34607e-05 -0.00027994 -0.000135049 -1.38887e-05 -0.000242187 -0.000186068 -5.97733e-05 -8.24784e-05 -0.000279515 -0.00011127 -0.000213863 -2.89422e-05 -0.000341265 5.48603e-05 -0.000325877 -5.5727e-05 -0.000159487 -0.00028926 -0.000223676 3.07399e-05 -0.000121511 -0.000160404 -7.68145e-05 -5.81597e-05 7.94025e-05 -0.000104288 -9.77156e-05 2.05509e-05 9.27962e-05 0.000209691 -0.000165392 -0.000299638 -0.000178295 -0.000218972 -0.000151034 -9.14274e-05 -5.58755e-05 9.87129e-06 -0.000210392 -8.48668e-06 -0.000232376 -0.000204549 -0.000288238 -2.36076e-05 -0.00011448 8.97966e-05 0.000129167 9.5479e-05 -0.000240822 -0.000253725 -1.55852e-05 -4.6152e-05 4.54948e-05 0.000116195 -4.73937e-05 9.88268e-06 -3.9127e-05 -9.00105e-05 6.54877e-05 0.000223337 -0.000104586
internal_weight=2.10016e+07 9.96498e+06 1.10366e+07 4.89957e+06 5.06541e+06 6.83112e+06 2.72878e+06 3.03787e+06 2.93914e+06 4.10234e+06 2.05477e+06 1.96043e+06 2.02608e+06 4.20545e+06 2.02754e+06 3.14262e+06 1.39847e+06 856356 1.25488e+06 1.91406e+06 627615 1.01179e+06 626922 1.19841e+06 384868 96650 288218 814723 1.09912e+06 315117 112370 311260 2.87505e+06 762501 376120 588597 293708 503463 240649 294889 784008 1.22728e+06 819264 408019 176116 502831 340116 260980 928413 1.37184e+06 1.15156e+06 884367 589406 294961 171129 589144 85902 287499 193422 94077 85227 293619
internal_count=21001550 9964978 11036572 4899569 5065409 6831120 2728784 3037871 2939135 4102336 2054768 1960434 2026081 4205452 2027538 3142618 1398466 856356 1254878 1914061 627615 1011790 626922 1198412 384868 96650 288218 814723 1099125 315117 112370 311260 2875053 762501 376120 588597 293708 503463 240649 294889 784008 1227283 819264 408019 176116 502831 340116 260980 928413 1371837 1151560 884367 589406 294961 171129 589144 85902 287499 193422 94077 85227 293619
cat_boundaries=0 1 2 3 4 5 7 9 11 13 15 16 18 20 22 23 25 27 29 30 32 34 35 37 39 40 42 44 45 47 49 51 52 54 55 57 59 60 61 62 64 65
cat_threshold=19 18 18 9 18 1450705746 140034 1128122576 700 1753731024 136532 2470202956 181418 3938789572 91216 65874 2226659446 124032 2434417896 186275 85837000 12708 886597 423186182 186684 2583761559 186393 383241986 52106 8 481379717 99654 460681491 153102 590721 2768855650 224808 3495826022 193821 9 2384659365 14290 1750348065 91138 540274 3643960949 41264 214507615 178074 1793297548 144786 2 37444761 199873 226453 3265296089 96707 2701426950 8450 17 211 552325 1556095524 57392 1002516
is_linear=0
shrinkage=0.05


Tree=34
num_leaves=63
num_cat=38
split_feature=0 0 0 17 17 17 11 17 11 11 2 11 17 11 2 13 11 0 0 0 14 13 13 0 13 13 0 14 17 13 0 13 2 13 14 1 13 13 13 14 13 2 13 2 13 8 13 13 14 13 14 14 13 14 17 13 13 14 15 0 2 14
split_gain=86.8316 13.3081 10.6803 8.13756 5.86747 5.74846 3.56064 2.11721 2.05297 1.72995 1.25627 1.25166 1.2356 1.2427 1.1831 1.46849 1.16385 1.08808 1.05914 1.03754 1.03375 1.03278 1.01489 0.981064 0.945664 0.941532 0.885115 0.947724 0.878888 0.956971 0.871377 0.878387 0.824677 0.897641 0.80995 0.791052 0.952372 0.789539 0.743994 0.778701 0.730483 0.872107 0.726703 0.683014 1.20543 1.07095 0.886553 0.680084 0.655873 0.627574 0.642721 0.620072 0.617303 0.612556 0.600139 0.735111 0.725095 0.632978 0.73604 0.596346 0.594932 0.594418
threshold=12.559543132781984 13.061691284179689 11.827217102050783 0 1 2 11.825604915618898 3 12.559346675872805 11.825604915618898 24.500000000000004 12.559346675872805 4 1.0000000180025095e-35 31.500000000000004 5 13.052330493927004 13.674160003662111 12.288928031921388 12.248741626739504 6 7 8 13.478944778442385 9 10 14.096644878387453 11 12 13 11.29636335372925 14 22.500000000000004 15 16 25419.830078125004 17 18 19 20 21 26.500000000000004 22 47.500000000000007 23 1045889.0000000001 24 25 26 27 28 29 30 31 32 33 34 35 36 11.122486114501955 29.500000000000004 37
decision_type=2 2 2 1 1 1 2 1 2 2 2 2 1 2 2 1 2 2 2 2 1 1 1 2 1 1 2 1 1 1 2 1 2 1 1 2 1 1 1 1 1 2 1 2 1 2 1 1 1 1 1 1 1 1 1 1 1 1 1 2 2 1
left_child=2 3 12 8 6 16 32 14 54 28 21 37 13 30 22 20 49 43 52 -11 -16 -10 26 40 34 -20 -7 -28 29 -6 -1 48 33 -4 -12 -17 -37 61 51 -40 -18 -42 -13 46 45 -45 -9 53 -32 -3 -51 -34 60 -30 56 -56 -2 58 -58 -15 -8 -5
right_child=1 5 4 11 9 7 18 17 10 19 24 42 -14 59 15 35 23 -19 25 -21 -22 -23 -24 -25 -26 -27 27 -29 47 -31 31 -33 38 -35 -36 36 -38 -39 39 -41 41 -43 -44 44 -46 -47 -48 -49 -50 50 -52 -53 -54 -55 55 -57 57 -59 -60 -61 -62 -63
leaf_value=-621.61355099658419 637.40482099698056 1106.554571359027 -166.96258938925641 43.362807718759726 -334.18165767403246 -443.62386871881358 -669.03492651434101 -427.45509155208714 -363.71522487248586 -843.43290033306459 -266.82216155601526 -719.1301262742453 -893.48647642272761 -928.44807248095913 1363.0276984849859 -156.97212665579937 -210.34813970175458 -127.06014442232555 -367.30925538201996 -733.94511462739251 19.252272234451929 -564.72567210733905 -79.636799668978355 560.50389265185117 -296.47930224667095 -501.9366528889521 39560.189328788743 -64.669213185957048 -158.35806176930637 -485.19888843338998 -438.66898949097305 -476.5408261324925 -478.7189206720559 -511.10914732240713 57.743674125263716 3937.3366668453573 -178.71041002764235 -515.15911544724008 244.41289256972269 -161.2166341606866 -158.87452173644343 443.83349609153521 -800.0938519185338 8413.0112353960267 -585.99997562818714 326.97571301861467 -753.58190593418476 -746.84443320612104 -227.4262481557007 -88.563124088900764 984.0731573290941 -145.58269511740656 -616.88797596138932 -705.68471516946101 82.129312031774077 -266.22887682526016 4549.4280150616623 -190.81971644243023 480.67015955209138 -726.13044346654885 -423.68213324693863 -436.69214508942423
leaf_weight=249961 121932 304783 138866 96348 399996 469666 287964 217106 403294 1560043 225739 648410 1685744 374077 151381 544316 339751 297865 315278 1351647 151874 437834 562378 648670 613295 471638 7454 41592 36682 429811 92384 274017 73672 176352 338002 39820 57600 336261 131606 132337 193550 236296 698979 2781 85048 54241 354749 264694 139325 137505 166983 172163 575529 111954 231703 347465 5593 135013 27232 1389944 288067 145290
leaf_count=249961 121932 304783 138866 96348 399996 469666 287964 217106 403294 1560043 225739 648410 1685744 374077 151381 544316 339751 297865 315278 1351647 151874 437834 562378 648670 613295 471638 7454 41592 36682 429811 92384 274017 73672 176352 338002 39820 57600 336261 131606 132337 193550 236296 698979 2781 85048 54241 354749 264694 139325 137505 166983 172163 575529 111954 231703 347465 5593 135013 27232 1389944 288067 145290
internal_value=-0.000179185 -7.12957e-05 -0.00027499 -0.000130838 -0.000236792 -1.47278e-05 -0.000180329 -5.82426e-05 -7.77419e-05 -0.000274346 -0.000105408 -0.000210457 -0.000337829 -0.000315652 -2.87448e-05 1.21218e-05 5.04708e-05 -0.00011731 -0.000217355 -0.000295428 0.00010279 -0.000152074 -6.44669e-05 2.5642e-05 -7.20602e-05 -0.000172646 -0.000114909 8.72043e-05 -0.000224969 -0.000195288 -0.000262004 -0.000224257 -9.33309e-05 -0.000156904 -2.5313e-05 -3.07251e-05 0.000100493 -0.0001489 -5.40211e-05 4.27586e-06 -1.25366e-05 3.07712e-05 -0.000236861 -0.000150803 -5.26848e-05 0.000125176 -0.000175179 -0.000284547 -0.000152574 0.000108268 5.74918e-05 -0.000116608 -0.000247907 -0.000198915 -1.34861e-05 -4.28775e-05 4.52589e-05 -2.21565e-05 0.000174738 -0.000338635 -0.000211296 -7.99464e-05
internal_weight=2.10016e+07 9.8778e+06 1.11238e+07 4.81239e+06 6.9183e+06 5.06541e+06 2.76347e+06 3.03787e+06 2.8871e+06 4.15483e+06 2.01816e+06 1.92529e+06 4.20545e+06 2.51971e+06 2.02608e+06 944991 2.02754e+06 1.01179e+06 1.93848e+06 2.91169e+06 303255 841128 1.08109e+06 1.41827e+06 1.17704e+06 786916 518712 49046 1.24314e+06 829807 755687 505726 824996 315218 563741 641736 97420 577899 509778 263943 769597 429846 1.34739e+06 713925 142070 57022 571855 413330 231709 609271 304488 245835 1.15156e+06 148636 868938 579168 289770 167838 32825 1.76402e+06 576031 241638
internal_count=21001550 9877799 11123751 4812390 6918299 5065409 2763472 3037871 2887102 4154827 2018164 1925288 4205452 2519708 2026081 944991 2027538 1011790 1938476 2911690 303255 841128 1081090 1418267 1177036 786916 518712 49046 1243137 829807 755687 505726 824996 315218 563741 641736 97420 577899 509778 263943 769597 429846 1347389 713925 142070 57022 571855 413330 231709 609271 304488 245835 1151560 148636 868938 579168 289770 167838 32825 1764021 576031 241638
cat_boundaries=0 1 2 3 4 5 7 8 10 12 14 16 17 18 20 22 24 25 27 29 31 32 34 36 38 40 42 43 45 46 47 49 50 51 53 55 56 57 58
cat_threshold=19 18 18 9 19 3271696553 67296 383509 1128123609 956 3529130970 202564 356176682 170375 2583761559 186889 776 9 1372382298 247853 383241234 27019 3871772921 66753 394712 75012928 49153 1917225144 22931 3833759468 109041 451690 2879499049 16595 348725343 178074 2035699204 50946 210964963 10577 1750348129 93186 50297 3517809131 151964 488453 66131 2501669747 100461 148552 2 1117812432 92609 4055933734 25382 20740 257 676401
is_linear=0
shrinkage=0.05


Tree=35
num_leaves=63
num_cat=42
split_feature=0 0 0 17 17 17 11 11 0 11 17 17 11 17 11 2 11 0 17 13 13 1 17 13 13 2 13 13 13 13 15 13 11 13 14 13 13 13 2 13 14 13 13 2 13 14 6 13 14 13 17 13 13 15 14 14 14 11 13 13 13 1
split_gain=84.2107 12.9438 10.5722 8.2408 5.94524 5.33283 3.19306 1.9833 1.9476 1.70323 1.60636 1.49948 1.39043 1.34496 1.39107 1.3422 1.28354 1.16527 0.95573 0.9283 0.921776 1.32816 0.913572 0.884877 0.870691 0.970787 0.856787 0.8156 0.811301 0.778607 0.77666 0.919795 0.765992 0.743419 0.742166 0.786842 0.730581 0.729027 0.727216 0.736269 0.771595 0.709504 0.707887 0.707159 1.29397 1.03238 0.951125 0.858244 0.699898 0.698665 0.696448 0.693496 0.692968 0.688129 0.879818 0.784007 0.65492 0.651871 0.928647 0.648732 0.632196 0.626443
threshold=12.543088436126711 13.061691284179689 11.827217102050783 0 1 2 11.825604915618898 12.542801380157472 13.651602268218996 11.825604915618898 3 4 12.542801380157472 5 1.0000000180025095e-35 24.500000000000004 12.279781818389894 12.280593872070314 6 7 8 11294.292480468752 9 10 11 21.500000000000004 12 13 14 15 16 17 12.187310218811037 18 19 20 21 22 17.500000000000004 23 24 25 26 34.500000000000007 27 28 1.0000000180025095e-35 29 30 31 32 33 34 35 36 37 38 13.062592506408693 39 40 41 8228.2973632812518
decision_type=2 2 2 1 1 1 2 2 2 2 1 1 2 1 2 2 2 2 1 1 1 2 1 1 1 2 1 1 1 1 1 1 2 1 1 1 1 1 2 1 1 1 1 2 1 1 2 1 1 1 1 1 1 1 1 1 1 2 1 1 1 2
left_child=2 3 13 7 9 18 11 61 10 -4 19 37 22 14 29 20 51 33 43 -7 -9 -22 26 -19 25 -10 -5 -17 -20 -1 31 48 36 -13 35 -32 -11 56 39 40 -30 -36 -24 47 45 -45 -47 -3 -26 -14 52 -8 -18 54 -40 -55 -6 58 -12 -59 -34 -2
right_child=1 5 4 12 6 8 16 15 24 32 57 17 49 -15 -16 27 50 23 28 -21 21 -23 42 -25 30 -27 -28 -29 38 -31 34 -33 60 -35 41 -37 -38 -39 53 -41 -42 -43 -44 44 -46 46 -48 -49 -50 -51 -52 -53 -54 55 -56 -57 -58 59 -60 -61 -62 -63
leaf_value=-326.19937735300505 146.86468085250539 1098.4314528234027 -132.08934186501537 -380.89475962317306 1484.4109506689188 -318.98807918834211 -747.69142442286272 -350.11303137151555 -181.78634336776742 -363.35176572564467 122.53060905431994 -510.66050732191479 -675.64977743919781 -810.76972385178806 -687.38188696697762 -296.61014759680768 -623.81152882791469 -123.38203170394627 -227.64911314207052 -92.624342099660865 11671.811490357519 -533.92349340837382 -792.30340680307017 -397.53232118949455 4810.040896182375 1366.5454324334307 -32.509000214286658 -107.56684535785098 1688.2151654304857 -454.48306102083956 209.18249417232366 -647.31414178807108 -216.9394089948928 -379.91472476345302 1320.5732334759509 -698.95818520407795 -513.02568704421753 -705.67545189609575 9339.0481656538159 -392.40419776041165 -230.15807182190599 -48.1853295612651 -517.88479456282437 704.92315196205845 326.28691637543471 65667.308232515919 2678.8306706215717 -6.6670438818052693 -105.32070067897877 -759.89248638074844 -757.99860872440308 -778.96775949462574 -489.49353380079305 1097.3515730563411 584.49522745456943 -90.30753273505907 -652.47405497340264 -530.760302760272 -474.54819693105748 -785.63860870336475 -386.26584399104615 -138.87500544695285
leaf_weight=180926 245631 225059 402187 125671 20049 390895 855364 400395 124742 191251 101048 202635 615425 2526101 1175799 586711 305014 224073 304781 1007571 306 470430 113464 263606 10068 214171 173236 632307 27555 322626 75245 131725 205363 521178 99053 84600 242025 266218 32584 151933 34194 143009 186381 68152 252642 2343 98536 364978 59438 780281 765024 1398517 458409 117012 132438 215331 116796 175734 109190 311382 308897 653845
leaf_count=180926 245631 225059 402187 125671 20049 390895 855364 400395 124742 191251 101048 202635 615425 2526101 1175799 586711 305014 224073 304781 1007571 306 470430 113464 263606 10068 214171 173236 632307 27555 322626 75245 131725 205363 521178 99053 84600 242025 266218 32584 151933 34194 143009 186381 68152 252642 2343 98536 364978 59438 780281 765024 1398517 458409 117012 132438 215331 116796 175734 109190 311382 308897 653845
internal_value=-0.000176514 -7.19928e-05 -0.000272421 -0.000129199 -0.000233636 -1.5705e-05 -0.000257109 -7.66853e-05 -5.76172e-05 -0.000139776 -8.44581e-05 -0.000198245 -0.000207914 -0.000334643 -0.00029995 -0.000103401 -0.000282237 -0.000170446 4.70923e-05 -5.35457e-05 -0.000150798 -0.000198234 -0.000144176 -0.000110707 2.09644e-06 6.62205e-05 -8.23083e-05 -6.95301e-05 1.28332e-05 -0.000230415 -3.39365e-05 -0.000114119 -0.000176371 -0.000210698 6.21196e-06 -7.73978e-05 -0.000225348 -0.000281788 4.20878e-05 -3.50563e-05 0.000110519 6.14244e-05 -0.000205841 8.14904e-05 0.00013094 0.000238017 0.000339587 4.61527e-05 3.30432e-05 -0.000235259 -0.000246867 -0.000306223 -0.000213065 7.52319e-05 0.000158691 3.37853e-05 -0.000187954 -0.000146447 -7.28646e-05 -0.000178208 -0.000135106 -1.46058e-05
internal_weight=2.10016e+07 1.00495e+07 1.09521e+07 4.98408e+06 6.74661e+06 5.06541e+06 5.39688e+06 2.98962e+06 3.03787e+06 1.34972e+06 2.09582e+06 1.61456e+06 1.99446e+06 4.20545e+06 1.67935e+06 2.09015e+06 3.78233e+06 1.21149e+06 2.02754e+06 1.39847e+06 871131 470736 598752 487679 942051 338913 298907 1.21902e+06 1.01583e+06 503552 603138 201231 947536 723813 401907 159845 433276 403063 711047 213682 61749 242062 299845 1.01171e+06 421673 169031 100879 590037 69506 1.39571e+06 1.52845e+06 2.25388e+06 763423 497365 165022 332343 136845 697354 210238 487116 514260 899476
internal_count=21001550 10049492 10952058 4984083 6746606 5065409 5396883 2989625 3037871 1349723 2095820 1614555 1994458 4205452 1679351 2090149 3782328 1211492 2027538 1398466 871131 470736 598752 487679 942051 338913 298907 1219018 1015828 503552 603138 201231 947536 723813 401907 159845 433276 403063 711047 213682 61749 242062 299845 1011710 421673 169031 100879 590037 69506 1395706 1528447 2253881 763423 497365 165022 332343 136845 697354 210238 487116 514260 899476
cat_boundaries=0 1 2 3 4 5 6 7 9 11 12 14 16 18 20 22 24 25 27 29 30 32 34 36 38 39 41 43 45 46 48 49 51 52 54 56 57 58 59 60 62 64 66
cat_threshold=19 2 18 9 4 18 2 1182270290 139264 1128123608 956 8 1229370666 234601 2507943981 16928 498156933 99654 3938789573 91740 2868944941 32865 382852608 18570 209 42074624 231810 3221357477 4576 410021 1208205712 132243 2233105187 35500 1750348069 27650 332034 158720 148458 536954176 46156 2768855138 208424 3369010837 136288 13281 369676750 65679 40968 214507615 165786 17 2435851291 8939 3307530560 177292 1286 4369 543239 17472 1390282219 71490 739453091 43281 2467140102 235541
is_linear=0
shrinkage=0.05


Tree=36
num_leaves=63
num_cat=43
split_feature=0 17 0 0 0 17 11 17 17 11 11 11 11 17 11 2 13 0 13 13 0 2 13 14 13 17 2 13 17 13 17 13 13 13 13 2 13 14 15 13 13 14 14 13 13 11 13 13 14 14 13 13 16 14 3 13 14 13 0 14 15 13
split_gain=81.625 11.7248 11.2318 6.83362 5.34486 4.96702 2.87055 2.45584 2.06442 1.90991 1.81646 1.52939 1.31985 1.3173 1.1764 1.15928 1.12541 1.08024 1.02257 0.948107 0.915545 0.903631 0.997793 0.993003 1.1137 0.898632 0.897393 1.01581 0.871584 0.864276 0.835937 0.898876 0.816635 0.790078 0.77674 0.766376 1.95794 1.46578 1.28463 0.776495 0.757533 0.747553 0.74142 0.714591 0.707788 0.685091 0.670882 0.665016 0.659693 0.656975 0.890635 0.654449 0.650471 0.933089 1.17315 0.980327 0.645596 0.752548 0.626616 0.639178 0.754406 0.625632
threshold=12.559543132781984 0 12.010389328002931 13.051820755004885 13.168878555297853 1 12.009090900421144 2 3 1.0000000180025095e-35 13.041676521301271 12.009090900421144 12.559346675872805 4 12.559346675872805 37.500000000000007 5 11.72002696990967 6 7 11.499056339263918 27.500000000000004 8 9 10 11 35.500000000000007 12 13 14 15 16 17 18 19 48.500000000000007 20 21 22 23 24 25 26 27 28 12.247700214385988 29 30 31 32 33 34 35 36 99.850002288818374 37 38 39 11.320536136627199 40 41 42
decision_type=2 1 2 2 2 1 2 1 1 2 2 2 2 1 2 2 1 2 1 1 2 2 1 1 1 1 2 1 1 1 1 1 1 1 1 2 1 1 1 1 1 1 1 1 1 2 1 1 1 1 1 1 1 1 2 1 1 1 2 1 1 1
left_child=2 4 7 12 8 6 35 9 26 16 29 18 28 -6 -10 30 58 -11 42 -17 -9 22 -16 24 -23 -8 44 -28 33 -5 34 -32 -30 -3 -12 39 37 38 -37 -4 -25 -35 47 -14 -2 -13 52 -7 61 50 -46 -19 53 54 -15 -55 -21 -58 -1 60 -60 -29
right_child=1 3 5 10 13 11 25 20 14 17 15 45 43 46 21 19 -18 51 -20 56 -22 23 -24 40 -26 -27 27 48 32 -31 31 -33 -34 41 -36 36 -38 -39 -40 -41 -42 -43 -44 -45 49 -47 -48 -49 -50 -51 -52 -53 -54 55 -56 -57 57 -59 59 -61 -62 -63
leaf_value=-464.13128426973145 -337.04114535466653 -360.96900587723212 -91.415485870830011 189.86869846656998 594.08719878880993 253.60340075917085 -363.87265162095895 -818.11916672013069 -131.93125517460504 -666.05792403385863 -105.47254644376153 -765.03816348994587 -642.13986990378532 -343.48918716074439 -354.34924659496937 -351.67405366032904 -421.47705173767031 -574.3334634723459 -493.22844646257965 431.16424718666605 -696.76792626850113 511.58111533730056 -539.18603166868741 -208.44177841812564 -204.85957083056692 -569.69292120439138 535.7671721224167 739.99899670795719 -737.38176289779153 -217.53538647191453 -472.73206275110027 -820.41688735988305 -466.95134776851165 -315.02132887960994 -453.11960723897721 14414.649219737323 -175.54749542772626 133.39585431752494 435.88356199971605 -334.91677105547171 -418.65661509555866 248.33198601412874 -456.95503663252111 -733.40663336383079 -170.05736525396935 -662.73875021607785 183.09714524220109 -453.17139801178104 -203.01562880043423 -170.43405475015109 810.48273070259143 -494.97524915066151 -187.0766836540439 4086.8444436087407 46838.427675512939 397.74688239631541 346.33155196555458 -437.52175876973888 273.45588066235649 -302.33113568107586 -225.40460985816901 -108.25013874569049
leaf_weight=74301 244346 119298 265356 306882 845138 53482 765384 1329226 679584 967106 211024 935056 664364 61354 368995 209659 394871 260290 569177 125782 2081072 81028 369829 241736 254832 761192 189595 44828 125061 310334 175524 282669 159682 74019 244531 6787 81179 24698 6658 263617 264188 90321 308294 660288 70839 1355831 947386 48790 143902 281299 80950 360303 608904 27320 269 47518 83043 107489 35548 105743 69790 73989
leaf_count=74301 244346 119298 265356 306882 845138 53482 765384 1329226 679584 967106 211024 935056 664364 61354 368995 209659 394871 260290 569177 125782 2081072 81028 369829 241736 254832 761192 189595 44828 125061 310334 175524 282669 159682 74019 244531 6787 81179 24698 6658 263617 264188 90321 308294 660288 70839 1355831 947386 48790 143902 281299 80950 360303 608904 27320 269 47518 83043 107489 35548 105743 69790 73989
internal_value=-0.000174843 -7.02378e-05 -0.000267731 -0.000136971 -2.57702e-05 -0.000216426 -0.000157864 -0.000316933 -6.68503e-05 -0.000276603 -7.38805e-05 -0.000255367 -0.000205525 2.91016e-05 -9.44362e-05 -0.000104645 -0.000206506 -0.000306638 -0.000203085 -4.55085e-05 -0.000343751 -0.00011809 -0.000158443 -8.26716e-05 -1.60176e-05 -0.000195298 -1.16604e-05 4.28756e-05 -0.000141789 -2.11872e-06 -0.000138685 -0.000186372 -0.000203585 -7.97427e-05 -9.07165e-05 -6.9717e-05 4.47449e-05 0.00034017 0.000760127 -9.55365e-05 -0.000126917 -8.63962e-06 -0.000142928 -0.000232873 -4.80736e-05 -0.000277728 3.64807e-06 -2.62603e-05 -2.07795e-05 -9.68324e-06 7.41479e-05 -0.000255153 -3.18392e-05 6.68242e-05 -7.72552e-05 0.000185456 9.14616e-06 -4.88916e-05 -0.000130841 -8.6888e-05 2.9474e-07 6.64122e-05
internal_weight=2.10016e+07 9.8778e+06 1.11238e+07 3.94997e+06 5.92783e+06 5.4455e+06 2.17487e+06 5.67825e+06 3.38994e+06 2.26795e+06 2.05694e+06 3.27063e+06 1.89303e+06 2.53789e+06 2.26019e+06 1.43972e+06 680253 1.5877e+06 979743 525973 3.4103e+06 1.58061e+06 738824 841784 335860 1.52658e+06 1.12975e+06 452314 568381 617216 913748 458193 284743 283638 455555 648295 119322 38143 13445 528973 505924 164340 410566 1.32465e+06 677434 2.29089e+06 1.69275e+06 102272 262719 433088 151789 620593 745365 136461 61623 74838 316314 190532 285382 211081 105338 118817
internal_count=21001550 9877799 11123751 3949970 5927829 5445501 2174871 5678250 3389940 2267952 2056937 3270630 1893033 2537889 2260192 1439721 680253 1587699 979743 525973 3410298 1580608 738824 841784 335860 1526576 1129748 452314 568381 617216 913748 458193 284743 283638 455555 648295 119322 38143 13445 528973 505924 164340 410566 1324652 677434 2290887 1692751 102272 262719 433088 151789 620593 745365 136461 61623 74838 316314 190532 285382 211081 105338 118817
cat_boundaries=0 1 2 3 4 5 7 9 11 13 14 16 17 19 20 22 23 25 27 29 31 33 34 35 37 39 40 41 43 45 47 49 50 51 53 55 56 57 59 60 62 63 64 66
cat_threshold=19 18 18 2 2 385080840 3594 1884599658 114729 752948599 73808 1239271568 119800 597540 268829290 35584 2 895320620 11654 8 3756332273 5744 8 742629667 43345 2802410082 241192 498156933 106822 1770196300 182972 956413968 135818 62498 2382 3346960795 115844 3508327809 137661 377229 132184 482943069 180122 3368485000 109641 4203021652 168754 542377002 49153 120974 536081 303566086 5010 1742766496 208026 72 1017908 579076112 4610 43354 51922944 181283 979014 588 3389136899 163856
is_linear=0
shrinkage=0.05


Tree=37
num_leaves=63
num_cat=41
split_feature=0 0 0 17 17 11 17 17 0 17 11 17 11 17 11 11 2 2 13 11 13 17 13 11 13 13 13 13 14 13 2 13 13 13 13 0 13 13 13 13 2 13 14 13 15 13 14 3 14 13 13 13 6 2 14 14 13 14 0 11 14 13
split_gain=80.43 11.2436 10.9477 8.95193 5.9536 3.78599 2.91244 1.99442 1.72623 1.69853 1.54347 1.45202 1.54276 1.41718 1.307 1.10362 0.978266 0.920268 0.918098 0.917811 0.902233 0.888406 0.881566 0.879203 0.878568 0.790976 0.789089 0.786775 0.767819 1.01862 0.755167 0.919915 0.748613 0.737944 0.73695 0.735507 0.785957 0.72331 0.697983 0.69776 0.680612 1.11912 1.08596 0.78304 0.778964 0.676904 0.676188 1.0495 0.674893 0.667499 0.664435 0.662174 0.649456 0.64373 0.662707 0.633005 0.747661 0.632065 0.613058 0.609926 0.604649 0.780478
threshold=12.543088436126711 13.239193439483644 11.804008960723879 0 1 11.802389144897463 2 3 12.280593872070314 4 12.542801380157472 5 1.0000000180025095e-35 6 12.542801380157472 11.802389144897463 24.500000000000004 30.500000000000004 7 13.238087654113771 8 9 10 13.238087654113771 11 12 13 14 15 16 35.500000000000007 17 18 19 20 12.964532375335695 21 22 23 24 42.500000000000007 25 26 27 28 29 30 99.950000762939467 31 32 33 34 41.500000000000007 23.500000000000004 35 36 37 38 11.320536136627199 12.848263263702394 39 40
decision_type=2 2 2 1 1 2 1 1 2 1 2 1 2 1 2 2 2 2 1 2 1 1 1 2 1 1 1 1 1 1 2 1 1 1 1 2 1 1 1 1 2 1 1 1 1 1 1 2 1 1 1 1 2 2 1 1 1 1 2 2 1 1
left_child=2 3 11 7 5 17 19 30 21 10 18 12 22 45 40 49 24 33 -5 39 -12 34 58 25 -16 -15 -21 -10 29 -18 50 55 48 -4 -7 36 -11 -23 -37 -3 43 42 -42 -9 -43 -8 47 -27 52 -6 -2 -30 -19 57 -55 56 -32 -20 -1 -22 61 -52
right_child=1 6 4 9 15 8 13 14 27 35 20 -13 -14 23 16 -17 28 32 53 26 59 37 -24 -25 -26 46 -28 -29 51 -31 31 -33 -34 -35 -36 38 -38 -39 -40 -41 41 44 -44 -45 -46 -47 -48 -49 -50 -51 60 -53 -54 54 -56 -57 -58 -59 -60 -61 -62 -63
leaf_value=-450.43291341561985 -309.23876404660916 -318.76536343523912 -256.29210840947599 -333.34174247980923 -400.39156104418691 -319.13872140253739 145.29057404583727 -4.6798219281905782 -354.62409957474955 -873.13838257652333 -549.54501661906181 -736.073812487753 -623.83338274506082 -95.970903982670279 -347.37262895646262 -724.19494354218284 253.05641679898545 101.43353651606122 135.79150723629502 -669.84394359012265 -501.1446032369513 -667.17099410491358 -418.5448775744544 -67.540705587349166 -510.30431557102338 1451.1184914631674 -339.56573853089299 -474.50288526092777 -377.89019730986257 -244.97539792409918 3344.9212326962734 -14.04160779114609 -253.47887814598408 -447.46354342518498 -460.84761130663247 -703.07368486664609 -760.19235115071615 -619.24863107980809 -509.11563397559115 180.02973289712756 -246.31811160694744 198.89155362692546 952.51139256776241 -375.09367303404434 -357.17689682435014 1013.8055202427925 242.62708469411592 16478.830436820757 -154.47148929832622 -477.78336411373311 898.09841731142228 -234.78682457632519 4310.5163870168317 -247.2927711321405 349.9248649433419 262.39073328341328 261.47767218339868 -442.50086494160536 -149.85661711953691 -255.8259508223291 -168.04574883709321 -37.371387850302561
leaf_weight=74215 226498 67366 242693 144316 296276 295575 283324 260427 505593 332426 406997 2425831 1127913 255338 353810 1939482 137003 93427 32458 251755 234163 446565 281167 1565453 384241 187689 272136 639236 227476 222722 21745 353696 349555 396625 292460 182013 498042 729062 249653 155596 22858 41712 68583 283306 83246 463166 229600 218 150745 530921 63950 443281 6742 49368 91674 105562 24430 61085 127975 244478 344528 122104
leaf_count=74215 226498 67366 242693 144316 296276 295575 283324 260427 505593 332426 406997 2425831 1127913 255338 353810 1939482 137003 93427 32458 251755 234163 446565 281167 1565453 384241 187689 272136 639236 227476 222722 21745 353696 349555 396625 292460 182013 498042 729062 249653 155596 22858 41712 68583 283306 83246 463166 229600 218 150745 530921 63950 443281 6742 49368 91674 105562 24430 61085 127975 244478 344528 122104
internal_value=-0.000172469 -7.03211e-05 -0.000266199 -0.000110967 -0.000228002 -0.000190111 -1.5057e-06 -6.23781e-05 -0.000221298 -0.000183872 -0.000142912 -0.000331624 -0.000294818 2.05901e-05 -8.80031e-05 -0.000284813 -0.00011157 -0.00011695 -5.84594e-05 -8.98105e-05 -0.000179044 -0.000252333 -0.000220082 6.93411e-07 -0.000155511 4.84923e-05 -0.000125971 -0.000173488 -8.00989e-05 -2.11609e-05 -1.1054e-05 3.62733e-05 -7.25004e-05 -0.000158698 -0.00020214 -0.000224908 -0.000252428 -0.000277435 -0.000171968 -4.84788e-06 -3.31727e-05 4.18237e-05 0.000174733 -6.30203e-05 -5.54457e-05 8.02483e-05 9.08866e-05 0.000161223 -6.60312e-06 -0.000236459 -4.26502e-05 -0.000111705 9.39872e-05 2.59005e-06 7.00434e-05 0.000139255 0.000293656 -9.91144e-05 -0.00014043 -0.000132498 -1.20446e-05 6.05872e-05
internal_weight=2.10016e+07 1.00495e+07 1.09521e+07 6.31785e+06 6.91496e+06 4.14828e+06 3.73164e+06 3.79118e+06 2.90849e+06 2.52667e+06 1.26454e+06 4.0371e+06 1.61127e+06 2.98479e+06 2.52866e+06 2.76668e+06 1.76853e+06 1.23979e+06 378901 746853 885638 1.76366e+06 483357 2.2383e+06 738051 672845 523891 1.14483e+06 1.03048e+06 359725 1.26251e+06 505433 600469 639318 588035 1.26213e+06 830468 1.17563e+06 431666 222962 760132 216399 91441 543733 124958 746490 417507 187907 250914 827197 757080 670757 100169 234585 141042 151737 46175 93543 202190 478641 530582 186054
internal_count=21001550 10049492 10952058 6317851 6914957 4148278 3731641 3791178 2908491 2526673 1264539 4037101 1611270 2984788 2528665 2766679 1768533 1239787 378901 746853 885638 1763662 483357 2238298 738051 672845 523891 1144829 1030482 359725 1262513 505433 600469 639318 588035 1262134 830468 1175627 431666 222962 760132 216399 91441 543733 124958 746490 417507 187907 250914 827197 757080 670757 100169 234585 141042 151737 46175 93543 202190 478641 530582 186054
cat_boundaries=0 1 2 3 4 5 6 7 9 11 12 14 16 18 20 22 23 25 27 29 31 33 35 37 39 41 43 44 46 47 49 50 51 53 55 57 58 59 61 62 63 65
cat_threshold=19 19 4 2 8 18 2 481313037 241734 37657032 95325 2 382983680 84122 1365100752 115704 1653245212 72513 2209121916 200552 2986939039 120901 595492 1346523753 36741 358384136 9350 458512697 13340 604813562 99361 1293843235 231580 4009846310 141408 1757612960 170384 1629763353 217134 67304068 59400 1421507776 155970 528650 2191799965 88537 1232 758279217 26642 609365 421986 1641297155 84993 3234136328 107593 1723992165 93184 21196 34117 336625672 8194 676420 11825 589328992 16416
is_linear=0
shrinkage=0.05


Tree=38
num_leaves=63
num_cat=41
split_feature=0 0 0 17 17 17 11 0 11 2 11 17 11 17 0 17 13 0 17 17 11 13 13 11 13 13 13 14 11 13 13 13 13 14 13 1 13 13 13 3 14 13 14 15 13 11 14 13 13 1 13 14 1 14 14 2 13 14 13 11 14 17
split_gain=79.1695 14.4057 8.28985 7.33625 5.34767 4.99256 2.60449 2.3913 1.96042 1.71352 1.50446 1.45045 1.4112 1.32301 1.26875 1.22293 1.04466 1.03489 1.02874 0.996482 1.09787 1.18982 1.17343 0.971108 1.03803 0.955377 0.929218 0.919494 0.867907 0.987058 0.830229 0.77258 0.769872 0.962682 0.750396 0.737638 0.727933 0.721193 0.696504 0.66623 1.31584 0.653133 0.752296 0.638023 0.7683 0.633206 0.67161 0.628538 0.625798 0.611672 0.608932 0.608197 0.588919 2.81673 0.567576 0.565443 0.615284 0.961934 0.559896 0.548507 0.949148 0.542303
threshold=12.432182312011721 12.927468776702883 11.780675888061525 0 1 2 11.779021739959719 13.447151660919191 12.424689769744875 24.500000000000004 11.779021739959719 3 1.0000000180025095e-35 4 13.674160003662111 5 6 12.257157325744631 7 8 12.424689769744875 9 10 12.947035789489748 11 12 13 14 12.918911933898928 15 16 17 18 19 20 388236.43750000006 21 22 23 99.950000762939467 24 25 26 27 28 12.813581943511965 29 30 31 4234.4475097656259 32 33 191340.98437500003 34 35 24.500000000000004 36 37 38 12.918911933898928 39 40
decision_type=2 2 2 1 1 1 2 2 2 2 2 1 2 1 2 1 1 2 1 1 2 1 1 2 1 1 1 1 2 1 1 1 1 1 1 2 1 1 1 2 1 1 1 1 1 2 1 1 1 2 1 1 2 1 1 2 1 1 1 2 1 1
left_child=2 3 11 8 14 10 15 9 41 26 31 12 34 16 28 37 -10 38 -9 20 22 45 35 32 -25 -20 -6 -26 29 -3 -30 51 61 -34 -1 54 -12 -7 -8 -18 -41 49 43 44 -43 -22 -47 -17 -21 -2 -19 -4 -53 -54 -5 -15 57 -57 -14 60 -28 -11
right_child=1 4 5 19 7 6 17 18 13 23 36 -13 58 55 -16 47 39 50 25 48 21 -23 -24 24 27 -27 59 -29 30 -31 -32 -33 33 -35 -36 -37 -38 -39 -40 40 -42 42 -44 -45 -46 46 -48 -49 -50 -51 -52 52 53 -55 -56 56 -58 -59 -60 -61 -62 -63
leaf_value=-293.59115497261337 30577.241146702152 105.27864377665465 -312.62803268196404 -340.50885064479007 -96.568384982478904 -531.80113988756693 -648.12445000723312 658.07514306061421 -309.42934979471778 571.94641962651735 -307.70258063653182 -704.43989910129415 -548.91720188905765 -484.46980704079215 -90.36241381793225 -255.77471734720712 -65.132853146929122 -486.25106039864386 -208.2542905193288 -708.27804993133725 -456.77623620881963 -599.33154154200281 -393.23107618218415 -212.10155354046003 301.17659772003839 326.33513247085142 488.40569186765862 -115.0653436561559 -468.07186203086349 -407.64173230604905 -730.57457682106178 -202.23491997304154 1264.1079247143034 144.40115368786209 -394.46443376358206 41703.2835941827 -424.34188488194377 -615.74932624325459 -673.01218957394849 27921.135569971691 -1522.5780967992916 1873.8467081422859 -304.26350026202198 -53.343677394449337 -43.268688070919609 1223.1074781630273 -515.86966939076524 -363.07140828488775 -809.47671796520103 27.474948094604045 -596.30973865230521 165.50929787352325 42122.071375442349 -578.85514198946214 72.577801823009949 -451.02645760493942 -359.15741599304147 -36.133564813365233 -597.4602194671827 -409.90234258235688 -362.92348491549859 -165.10348558365368
leaf_weight=166421 224 119898 35788 42860 449646 175859 737732 993202 265284 61220 399243 2327618 108363 582444 297865 297711 432715 262496 415650 457925 262591 363337 155241 511863 260196 574905 60318 393737 185994 164707 476850 235053 100972 234955 296889 248 432154 176657 1572661 214 283 10372 326432 116777 12460 36524 35727 765815 537943 431746 745637 82244 201 503 100824 148405 438022 224818 973232 560412 179999 183468
leaf_count=166421 224 119898 35788 42860 449646 175859 737732 993202 265284 61220 399243 2327618 108363 582444 297865 297711 432715 262496 415650 457925 262591 363337 155241 511863 260196 574905 60318 393737 185994 164707 476850 235053 100972 234955 296889 248 432154 176657 1572661 214 283 10372 326432 116777 12460 36524 35727 765815 537943 431746 745637 82244 201 503 100824 148405 438022 224818 973232 560412 179999 183468
internal_value=-0.000170114 -7.9379e-05 -0.00027398 -0.000142735 -2.86668e-05 -0.000236771 -0.000259745 -5.4952e-06 -9.32031e-05 -3.36833e-05 -0.000144991 -0.000330859 -0.000293286 -0.000119727 -0.000121339 -0.000202974 -6.35609e-05 -0.00028397 3.70874e-05 -0.000217039 -0.000181705 -0.000216047 -0.000101568 -1.69185e-06 -2.80044e-05 1.03272e-06 -7.8366e-05 1.37379e-05 -0.000149638 -7.66057e-05 -0.000180995 -5.86348e-05 5.11402e-05 0.000100277 -0.000220273 1.27877e-06 -0.00018174 -0.000283689 -0.000302414 -1.57097e-05 0.00181388 -3.14084e-05 -7.24605e-05 2.46784e-05 0.000266352 -0.000148038 -1.69612e-05 -0.000176216 -0.000252424 1.2883e-05 -0.0002417 4.53241e-05 0.000119651 0.00155966 -3.4237e-06 -0.000147875 -0.000120891 -7.37109e-05 -0.000324564 -0.000110665 -4.74722e-05 -1.63217e-05
internal_weight=2.10016e+07 1.12093e+07 9.79228e+06 4.98342e+06 6.22586e+06 5.91975e+06 4.73457e+06 4.98054e+06 2.9902e+06 2.99679e+06 1.18519e+06 3.87252e+06 1.5449e+06 2.09218e+06 1.24531e+06 1.41604e+06 698496 3.31853e+06 1.98376e+06 1.99322e+06 997352 698179 299173 1.74641e+06 1.1658e+06 990555 1.25038e+06 653933 947449 284605 662844 353789 580615 335927 463310 143932 831397 352516 2.31039e+06 433212 497 898011 466041 139609 22832 334842 72251 1.06353e+06 995868 431970 1.00813e+06 118736 82948 704 143684 1.39369e+06 811245 373223 1.0816e+06 800729 240317 244688
internal_count=21001550 11209273 9792277 4983416 6225857 5919754 4734568 4980543 2990196 2996786 1185186 3872523 1544905 2092185 1245314 1416042 698496 3318526 1983757 1993220 997352 698179 299173 1746411 1165796 990555 1250375 653933 947449 284605 662844 353789 580615 335927 463310 143932 831397 352516 2310393 433212 497 898011 466041 139609 22832 334842 72251 1063526 995868 431970 1008133 118736 82948 704 143684 1393689 811245 373223 1081595 800729 240317 244688
cat_boundaries=0 1 2 3 4 5 6 8 9 10 12 14 16 18 20 21 23 25 27 29 30 32 34 36 38 39 41 42 43 45 46 48 50 52 53 54 55 57 58 60 61 62
cat_threshold=19 4 2 18 2 4 3380768193 49256 18 8 1299281459 133810 1615772266 134393 724675159 25697 1620004176 138518 562142213 58538 81444 1458439657 4418 201392326 59537 2531018760 73753 3826123295 207434 68117 382983168 18584 220164903 165917 2018917861 93250 2167419931 555 546149 3558930170 21161 607237 258 18810881 74756 620842 151041098 100361 16552025 55071 2486371850 320 592961 40970 98693 2552156739 40393 42202 671350784 1536 6368 2
is_linear=0
shrinkage=0.05


Tree=39
num_leaves=63
num_cat=40
split_feature=0 0 0 17 17 17 11 17 11 17 11 0 11 17 17 17 11 11 13 0 2 13 13 13 13 13 13 0 13 13 13 0 13 14 2 0 13 14 13 13 14 13 13 0 13 13 17 13 2 15 3 13 14 13 15 14 13 13 2 3 2 13
split_gain=77.1589 13.497 8.51458 8.05808 5.05104 4.22428 2.83328 2.20758 2.07446 1.50147 1.45242 1.45152 1.39836 1.20715 1.15025 1.14846 1.16359 1.13286 1.12777 1.04339 1.02511 1.117 0.992478 0.98128 0.773075 0.762585 0.746435 0.744361 0.816874 0.725766 0.713108 0.712287 0.843477 0.738196 0.698643 0.678046 1.52493 2.04318 0.676461 0.66585 0.82658 0.657305 0.636596 0.774386 0.626828 0.614528 0.606033 0.603012 0.599081 0.932935 1.86781 0.591897 0.589346 0.660877 0.569992 0.682298 0.866952 0.564764 0.564653 0.623028 0.560285 0.835782
threshold=12.432182312011721 12.973885536193849 11.780675888061525 0 1 2 11.779021739959719 3 12.424689769744875 4 1.0000000180025095e-35 13.651602268218996 11.779021739959719 5 6 7 12.424689769744875 12.965251922607424 8 12.257157325744631 42.500000000000007 9 10 11 12 13 14 11.244995117187502 15 16 17 14.096644878387453 18 19 24.500000000000004 14.432618141174318 20 21 22 23 24 25 26 12.583365917205812 27 28 29 30 46.500000000000007 31 61.049999237060554 32 33 34 35 36 37 38 35.500000000000007 99.149997711181655 23.500000000000004 39
decision_type=2 2 2 1 1 1 2 1 2 1 2 2 2 1 1 1 2 2 1 2 2 1 1 1 1 1 1 2 1 1 1 2 1 1 2 2 1 1 1 1 1 1 1 2 1 1 1 1 2 1 2 1 1 1 1 1 1 1 2 2 2 1
left_child=2 3 9 8 12 17 13 31 -2 10 27 20 51 38 22 16 23 25 -18 30 39 -22 -10 -5 -14 -3 54 -1 -29 -17 -8 60 -33 -34 -16 52 37 -37 -6 40 -9 -21 43 -36 -35 -13 -41 -15 -26 50 -50 -4 53 -27 55 56 -19 -12 59 -24 -7 -62
right_child=1 5 4 15 6 7 19 11 14 -11 57 45 24 47 34 29 18 26 -20 41 21 -23 58 -25 48 35 -28 28 -30 -31 -32 32 33 44 42 36 -38 -39 -40 46 -42 -43 -44 -45 -46 -47 -48 -49 49 -51 -52 -53 -54 -55 -56 -57 -58 -59 -60 -61 61 -63
leaf_value=-487.37359646705903 -68.042624956559308 -322.28057807327281 50.112932212253511 19.835454819756706 -505.21108289318857 -2.8301599467224152 -616.99281721654427 561.67582403801862 -287.54466492952196 -669.21790414622956 -542.94960214992795 603.11989535281907 -407.26369864411959 -245.06974514259124 -460.73291147892434 -654.79532773489018 -576.38849780763019 -595.32859450254728 -405.54575409827976 -461.69199465074911 362.67004223795925 -118.40368594115208 -278.83531022905885 -330.74707413771841 -380.05130465291319 -355.494229789521 -654.38629689190861 -193.63199927040762 -323.73838658172309 -767.76630821517438 -640.70373666149942 178.43656145710267 3670.8479971179331 3404.9714716377148 -408.24033750509375 -3745.175146543897 -196.24922883900001 198696.76890809886 -584.96185993109191 -194.48743841931429 -176.39133264909179 -568.59616522445401 -321.06101377374256 -73.477553838134924 95569.445221084898 -41.860826769559935 -333.5865246842252 -351.01311481294567 35227.856165735277 -142.30941392932436 442.00861128809339 -192.12317397438966 -109.49969752655562 1207.6349327176074 -563.936268848439 -499.51416990960797 3270.6623691566988 -573.06504043545044 157.98493458882731 2985.442842479345 947.45297761101028 174.05293592901873
leaf_weight=146405 971833 118168 118675 129763 175859 425697 876354 121390 347817 2327618 280678 471466 365637 340899 631202 432137 348608 18914 408259 282873 300478 419604 239638 194314 365334 24384 406100 145527 171378 647326 1434039 40207 25278 12615 117787 1045 3564 1647 176657 949214 281125 725260 474716 285955 18060 470801 473900 722627 409 84023 15994 235114 157395 42360 271537 75144 41461 800917 163826 5029 216542 422967
leaf_count=146405 971833 118168 118675 129763 175859 425697 876354 121390 347817 2327618 280678 471466 365637 340899 631202 432137 348608 18914 408259 282873 300478 419604 239638 194314 365334 24384 406100 145527 171378 647326 1434039 40207 25278 12615 117787 1045 3564 1647 176657 949214 281125 725260 474716 285955 18060 470801 473900 722627 409 84023 15994 235114 157395 42360 271537 75144 41461 800917 163826 5029 216542 422967
internal_value=-0.000167965 -7.83888e-05 -0.000270502 -0.000135314 -0.000232792 -2.5508e-05 -0.000255901 -4.19839e-06 -8.54126e-05 -0.000328148 -0.00028992 -2.4079e-05 -0.000140477 -0.000196689 -0.000111623 -0.000210099 -0.000173663 -0.000110791 -0.00020761 -0.000281167 -4.37026e-05 6.81776e-06 -6.12897e-05 -9.4386e-05 -0.000175906 -3.53776e-05 -0.000143118 -0.000215849 -0.000172772 -0.000246584 -0.000299687 5.55096e-05 0.000185837 0.00031134 -0.000136837 1.75891e-05 0.000531011 0.00142635 -0.000276881 -6.36294e-05 -6.85003e-06 -0.000238724 -0.000108006 -6.18469e-05 0.00047621 2.89376e-05 -7.96883e-05 -0.000170105 -0.000133177 -2.50229e-05 0.000319777 -5.72215e-05 3.25962e-06 0.000127753 -9.52617e-05 -1.15063e-05 0.000113646 -0.000321652 -8.43643e-06 -5.65396e-05 4.37451e-05 7.3331e-05
internal_weight=2.10016e+07 1.12093e+07 9.79228e+06 5.39821e+06 5.91975e+06 5.81106e+06 4.73457e+06 4.64934e+06 3.2378e+06 3.87252e+06 1.5449e+06 3.48798e+06 1.18519e+06 1.41604e+06 2.26597e+06 2.16041e+06 1.08094e+06 1.16172e+06 756867 3.31853e+06 2.54571e+06 720082 756310 324077 831397 348563 813156 463310 316905 1.07946e+06 2.31039e+06 1.16137e+06 96160 55953 1.50966e+06 230395 6256 2692 352516 1.82563e+06 402515 1.00813e+06 878458 403742 30675 942267 1.42311e+06 1.06353e+06 465760 100426 16403 353789 224139 66744 407056 135519 60375 1.0816e+06 408493 244667 1.06521e+06 639509
internal_count=21001550 11209273 9792277 5398210 5919754 5811063 4734568 4649344 3237803 3872523 1544905 3487978 1185186 1416042 2265970 2160407 1080944 1161719 756867 3318526 2545711 720082 756310 324077 831397 348563 813156 463310 316905 1079463 2310393 1161366 96160 55953 1509660 230395 6256 2692 352516 1825629 402515 1008133 878458 403742 30675 942267 1423114 1063526 465760 100426 16403 353789 224139 66744 407056 135519 60375 1081595 408493 244667 1065206 639509
cat_boundaries=0 1 2 3 4 5 6 7 8 10 12 14 16 18 20 22 24 26 28 30 31 33 34 36 38 39 41 43 45 47 48 50 51 53 54 56 57 58 60 62 64
cat_threshold=19 2 4 2 18 4 2 8 848202184 127309 1409966264 52623 3385748801 114793 1615768162 133368 4074802320 30658 687930004 57356 1012131974 64913 379047176 51614 16547928 54047 2435855387 1643 1929046016 125008 330923 3291349026 70032 46417 2018917861 93250 562104320 38968 1937 2494760458 320 2551633475 170441 134546641 4138 3346800173 158244 17 151041098 101417 320 2531018776 73737 25188 2521891072 5264 86 566814 269494400 4113 974409732 83456 2790212608 168033
is_linear=0
shrinkage=0.05


Tree=40
num_leaves=63
num_cat=39
split_feature=0 0 0 17 17 17 11 11 11 17 11 2 11 17 0 17 17 11 13 11 13 17 13 1 13 17 13 13 13 11 13 13 13 11 13 13 13 0 17 13 1 15 13 2 1 13 13 13 3 14 13 2 16 14 1 11 13 14 13 14 16 13
split_gain=75.2445 13.8557 7.79343 7.57865 4.80342 4.61382 2.93176 2.29982 1.97043 1.60708 1.60314 1.29639 1.27553 1.13059 1.10725 1.08035 1.05911 1.07999 1.15784 0.982772 1.03676 0.960005 0.958502 0.927411 4.08081 0.844421 0.889725 0.834127 0.775238 0.77082 0.850206 0.780295 0.744687 0.74234 1.01418 0.830809 0.741835 0.734317 0.742839 0.70291 0.699258 0.710405 0.698404 0.678984 1.06094 0.678575 0.669207 0.655517 0.64626 1.39336 3.809 0.64471 0.724975 0.638843 0.634238 0.619332 0.800666 0.657603 0.600692 0.803081 0.791995 1.24124
threshold=12.392510890960695 12.927468776702883 11.780675888061525 0 1 2 11.779021739959719 12.918911933898928 12.393171787261965 3 1.0000000180025095e-35 24.500000000000004 11.779021739959719 4 13.674160003662111 5 6 12.385106563568117 7 13.385364532470705 8 9 10 139907.17187500003 11 12 13 14 15 12.918911933898928 16 17 18 13.697071552276613 19 20 21 11.088717460632326 22 23 23668.562500000004 24 25 5.5000000000000009 388236.43750000006 26 27 28 60.250000000000007 29 30 36.500000000000007 31 32 388236.43750000006 11.052241802215578 33 34 35 36 37 38
decision_type=2 2 2 1 1 1 2 2 2 1 2 2 2 1 2 1 1 2 1 2 1 1 1 2 1 1 1 1 1 2 1 1 1 2 1 1 1 2 1 1 2 1 1 2 2 1 1 1 2 1 1 2 1 1 2 2 1 1 1 1 1 1
left_child=2 3 9 8 14 12 15 21 32 10 36 19 58 27 29 -7 17 18 54 20 -9 -6 -19 33 -25 26 -8 -10 48 30 -3 -31 40 35 -35 -13 -1 -11 55 -18 41 -2 53 45 -45 -44 -12 -17 49 50 -14 -29 -53 -23 -5 56 -39 -58 59 60 61 -4
right_child=1 4 5 16 7 6 25 11 13 37 46 23 28 -15 -16 47 39 22 -20 -21 -22 42 -24 24 -26 -27 -28 51 -30 31 -32 -33 -34 34 -36 -37 -38 38 -40 -41 -42 -43 43 44 -46 -47 -48 -49 -50 -51 -52 52 -54 -55 -56 -57 57 -59 -60 -61 -62 -63
leaf_value=-89.95763758710855 701.10452906636351 75.706613943615238 7564.608220018863 -33.353407308089665 835.99172453047368 -522.33804899500797 -481.32454292304055 -98.820170292819867 -292.59415587047698 -763.42710143905515 -434.0858718796448 55.500983861742135 29851.923957947016 -352.16543772862065 -103.78947212260333 -241.0891614464872 -619.44240380510348 -379.35951771405854 -356.8125541557269 -95.615495506579464 -410.1382530334015 -280.45060184648668 -528.81116993813305 1245475.1718114333 -7273.0887153856347 -633.16399391377888 -549.10714119946704 -270.10303007121183 -386.70389557604631 -500.16651545650058 -387.71326872185966 -686.94331775212743 -159.42631581697788 -105.17641314900102 1259.2323715076702 -151.49975037947078 -294.72123999669947 -411.9839475641183 -649.02076251213475 -727.61465180081655 -495.26513206684177 -29.539742770306049 819.24533298057361 363.51328722128346 18432.856190949617 -794.75898008553929 -486.52946428455107 -351.01152315350049 -270.67516472616791 -554.42434219428719 -754.36944668878573 411.84754998695138 -73.416678249486367 137.24762303198733 39634.656768180452 -601.85224496519606 -418.39121069982451 -266.90478435323456 -203.00421086747355 -183.37326845907606 -85.139523048401927 48.193695254501293
leaf_weight=96984 106869 125609 11466 155479 373711 328452 617947 254043 241563 650618 195144 787022 330 1507854 297865 475421 302573 333424 168110 657069 541292 202810 423658 209 585 1542922 924574 316777 417357 319024 158996 343820 702055 221064 238560 785672 133680 147677 1227667 775280 57809 108524 18110 603715 247 49846 347614 513547 353378 1373 484 64215 133418 246588 248 853677 87576 131886 192688 88878 23432 13065
leaf_count=96984 106869 125609 11466 155479 373711 328452 617947 254043 241563 650618 195144 787022 330 1507854 297865 475421 302573 333424 168110 657069 541292 202810 423658 209 585 1542922 924574 316777 417357 319024 158996 343820 702055 221064 238560 785672 133680 147677 1227667 775280 57809 108524 18110 603715 247 49846 347614 513547 353378 1373 484 64215 133418 246588 248 853677 87576 131886 192688 88878 23432 13065
internal_value=-0.000165774 -8.0766e-05 -0.000271141 -0.000139393 -2.99357e-05 -0.000232912 -0.000255817 -7.97484e-06 -9.10256e-05 -0.000325488 -0.000260993 -3.02269e-05 -0.000141434 -0.000116622 -0.000117766 -0.000193377 -0.000211964 -0.000176986 -0.00010057 -6.63048e-05 -0.000103689 4.39037e-05 -0.000209674 -4.45378e-06 0.00170403 -0.000282478 -0.000256306 -6.6716e-05 -0.000176552 -0.000144202 -7.53759e-05 -0.000173754 -3.16102e-05 -5.12126e-06 5.07768e-05 -2.14576e-05 -0.000150574 -0.000341582 -0.000329037 -0.000247041 3.84285e-05 7.98708e-05 2.07723e-05 5.30434e-05 6.99039e-05 -9.67975e-05 -0.000307925 -0.000167277 -0.000122287 0.000734568 0.00235801 -3.07234e-05 4.01431e-05 -2.74779e-05 -2.33359e-06 -0.0003014 -0.000247098 -0.000186497 -5.90672e-05 2.10416e-05 0.000185907 0.000384439
internal_weight=2.10016e+07 1.16237e+07 9.37784e+06 5.39786e+06 6.22586e+06 5.50531e+06 4.40286e+06 4.98054e+06 3.23908e+06 3.87252e+06 773422 3.48552e+06 1.10245e+06 2.26383e+06 1.24531e+06 1.31742e+06 2.15877e+06 1.08092e+06 323837 1.4524e+06 795335 1.49503e+06 757082 2.03311e+06 794 3.08544e+06 1.54252e+06 755973 772922 947449 284605 662844 975257 2.03232e+06 459624 1.57269e+06 230664 3.0991e+06 2.44848e+06 1.07785e+06 273202 215393 1.12132e+06 671918 603962 67956 542758 988968 355565 2187 814 514410 197633 449398 155727 1.22082e+06 367139 219462 329529 136841 47963 24531
internal_count=21001550 11623713 9377837 5397856 6225857 5505314 4402863 4980543 3239084 3872523 773422 3485516 1102451 2263827 1245314 1317420 2158772 1080919 323837 1452404 795335 1495027 757082 2033112 794 3085443 1542521 755973 772922 947449 284605 662844 975257 2032318 459624 1572694 230664 3099101 2448483 1077853 273202 215393 1121316 671918 603962 67956 542758 988968 355565 2187 814 514410 197633 449398 155727 1220816 367139 219462 329529 136841 47963 24531
cat_boundaries=0 1 2 3 4 5 6 7 9 11 12 14 16 17 19 21 23 25 27 29 31 33 35 36 38 39 41 43 45 47 48 50 51 52 54 55 57 58 59 61
cat_threshold=19 4 2 2 2 4 8 1615772266 134393 553753637 25768 2 225539619 133810 2852132356 138248 17 2535990875 82018 3246550465 104 287273767 166044 1458441705 4418 3155239142 64723 3489710242 21153 2835432946 105879 2218943930 105406 370379528 234142 17 16253016 17180 3625 1947369820 144467 2189430785 2336 986994724 83458 992326744 118285 983569 17448992 32792 9 1024776 1746477868 184870 26201 3068018841 74249 61552 116 2516844697 8
is_linear=0
shrinkage=0.05


Tree=41
num_leaves=63
num_cat=42
split_feature=0 0 0 17 17 17 11 11 11 17 11 2 17 0 17 11 0 11 11 13 17 13 0 13 17 13 13 13 11 13 14 13 13 13 13 13 13 14 1 13 15 14 14 0 13 15 14 13 14 13 1 13 1 14 15 13 13 14 2 13 14 13
split_gain=74.1181 13.0562 7.8542 7.45137 4.42052 4.34655 3.0953 2.05781 1.79463 1.66199 1.82842 1.18324 1.16855 1.15692 1.12229 1.08472 1.05482 1.00377 0.973248 1.10491 0.883633 0.906269 0.870586 0.867961 0.833164 1.09516 0.977506 0.800622 0.776213 0.79837 0.754629 1.11526 1.02745 0.748302 0.743265 0.725216 0.700342 0.699532 1.02977 0.678748 1.34425 1.01638 0.812227 0.678647 0.618831 0.611132 0.606711 0.583485 0.799647 0.568371 0.56769 0.55809 0.552191 0.551924 0.649356 0.805361 0.664437 0.549947 0.546212 0.661976 0.700869 0.554268
threshold=12.392510890960695 12.927468776702883 11.780675888061525 0 1 2 11.779021739959719 12.918911933898928 12.393171787261965 3 1.0000000180025095e-35 25.500000000000004 4 11.320536136627199 5 12.385106563568117 13.674160003662111 11.779021739959719 13.385364532470705 6 7 8 13.431216716766359 9 10 11 12 13 12.918911933898928 14 15 16 17 18 19 20 21 22 110373.05078125001 23 24 25 26 11.122486114501955 27 28 29 30 31 32 23668.562500000004 33 388236.43750000006 34 35 36 37 38 24.500000000000004 39 40 41
decision_type=2 2 2 1 1 1 2 2 2 1 2 2 1 2 1 2 2 2 2 1 1 1 2 1 1 1 1 1 2 1 1 1 1 1 1 1 1 1 2 1 1 1 1 2 1 1 1 1 1 1 2 1 2 1 1 1 1 1 2 1 1 1
left_child=2 3 9 8 16 17 12 22 44 10 13 18 51 -1 27 24 28 -4 19 46 21 -8 30 -15 25 52 -26 -10 29 -3 32 45 -6 -19 -30 -13 -14 38 -37 40 41 -24 -42 -12 50 -32 -9 48 -20 -22 -2 -7 -5 54 55 -46 -56 -29 61 -60 -61 -16
right_child=1 4 5 15 7 6 20 11 14 -11 43 35 36 23 58 -17 -18 33 47 -21 49 -23 39 -25 26 -27 -28 57 34 -31 31 -33 -34 -35 -36 37 -38 -39 -40 -41 42 -43 -44 -45 53 -47 -48 -49 -50 -51 -52 -53 -54 -55 56 -57 -58 -59 59 60 -62 -63
leaf_value=-436.73723897211988 200.8943291748532 36.551137385191396 -123.16059086621563 -38.348808326392827 144.08712239129892 -466.41702821595686 -464.71196101737951 -381.92591355614132 -25.06798371980549 -643.42236924907286 -686.02926807744461 129.02836192990435 -205.55423544090374 -200.17201627931411 -329.34256350095097 -560.11176726800591 -98.599998516473605 -254.87073386289319 197.82136291230418 -408.96745522247267 -574.4849019356534 -526.87701942755996 38164.686812798274 -321.49960869887883 -422.60274048840574 -342.83311259395168 -643.76780128736129 -466.98264041110235 -426.06267500543674 -382.00020745259462 1439.3127068968665 -30.060628282807023 -365.66746475556505 -370.62522943252191 -648.39648901402074 104.1499927025455 -329.1063342451111 -194.35223503722955 431775.48215370713 474.24603553612837 2992.9123342443754 1617.5136859528736 777.32740945059049 -501.6545356843788 978.42129263379616 225.44379693981173 60.611555404811362 46.91314189763257 -649.75645607297338 -611.05607865406103 -389.86008745505245 -515.99325893665525 37652.92392977143 -266.41286698385738 187.46788075955811 -92.298353334542483 -285.24414696519005 -202.47477127231252 -331.10652782416639 -48.523852850867115 -314.66662503814041 -469.16901717545045
leaf_weight=265204 276940 136749 329529 162106 198597 164185 740268 93657 348954 1553454 374077 870505 356619 214553 215530 1511148 297865 370982 97978 513817 492844 802253 13107 215665 162351 161457 161436 60350 239329 147856 87255 309656 196298 401940 423515 389000 632349 715255 415 394481 18320 23764 166572 1249570 26839 86977 219790 465198 119901 1050078 74746 164267 274 406498 66341 27286 96607 346669 368566 255227 254110 414421
leaf_count=265204 276940 136749 329529 162106 198597 164185 740268 93657 348954 1553454 374077 870505 356619 214553 215530 1511148 297865 370982 97978 513817 492844 802253 13107 215665 162351 161457 161436 60350 239329 147856 87255 309656 196298 401940 423515 389000 632349 715255 415 394481 18320 23764 166572 1249570 26839 86977 219790 465198 119901 1050078 74746 164267 274 406498 66341 27286 96607 346669 368566 255227 254110 414421
internal_value=-0.000163527 -7.91572e-05 -0.000268102 -0.000136068 -2.98153e-05 -0.000229724 -0.000251956 -8.74785e-06 -8.81081e-05 -0.00032266 -0.000295843 -2.97965e-05 -0.000187798 -0.000228006 -0.000112536 -0.000208027 -0.000114072 -0.000140935 -6.31114e-05 -9.95832e-05 -0.00027935 -0.000252578 4.03252e-05 -0.000177372 -0.000153888 -9.71704e-05 -0.000210605 -6.28138e-05 -0.000139875 -7.08082e-05 8.37399e-06 5.02301e-05 -4.29149e-05 -0.000172088 -0.00016953 -4.32192e-06 -0.000160654 -3.12167e-05 2.2707e-05 8.58885e-05 0.000155874 0.00043151 0.000100886 -0.0003249 -3.14051e-05 0.000151422 -2.55963e-05 -1.8941e-05 -8.64633e-05 -0.000306112 2.163e-05 -0.000269516 -5.48016e-06 -6.13155e-05 3.05691e-06 0.00015309 -4.67846e-05 -0.000110457 -0.000137464 -0.000111973 -7.50338e-05 -0.00017299
internal_weight=2.10016e+07 1.16237e+07 9.37784e+06 5.39786e+06 6.22586e+06 5.50531e+06 4.40286e+06 4.98054e+06 3.23908e+06 3.87252e+06 2.31907e+06 3.48552e+06 1.31742e+06 695422 2.26383e+06 2.15877e+06 1.24531e+06 1.10245e+06 1.51034e+06 827264 3.08544e+06 1.54252e+06 1.49503e+06 430218 647624 323837 323787 755973 947449 284605 878783 483888 394895 772922 662844 1.97518e+06 988968 1.10467e+06 389415 616244 221763 36871 184892 1.62365e+06 975257 174232 313447 683077 217879 1.54292e+06 351686 328452 162380 623571 217073 54125 162948 407019 1.50785e+06 877903 509337 629951
internal_count=21001550 11623713 9377837 5397856 6225857 5505314 4402863 4980543 3239084 3872523 2319069 3485516 1317420 695422 2263827 2158772 1245314 1102451 1510341 827264 3085443 1542521 1495027 430218 647624 323837 323787 755973 947449 284605 878783 483888 394895 772922 662844 1975175 988968 1104670 389415 616244 221763 36871 184892 1623647 975257 174232 313447 683077 217879 1542922 351686 328452 162380 623571 217073 54125 162948 407019 1507854 877903 509337 629951
cat_boundaries=0 1 2 3 4 5 6 8 9 11 13 14 16 18 20 22 23 25 27 29 31 33 35 36 38 39 40 41 43 44 45 47 48 50 52 53 54 56 58 59 61 62 64
cat_threshold=19 4 2 19 4 2 562142245 26536 17 2535991003 82031 395807824 92575 8 1615773290 134393 1492423581 49943 913412638 137877 1458441705 70978 947210 3553696896 16666 2204657507 56997 287273767 166076 739311814 60563 3326795928 170916 153433168 110089 729222 405082275 253996 1028 273490 129 3557871794 21153 754 6669 3271985233 21792 174328 3225555609 1706 2021045729 93250 85253 770 699344897 230400 168103748 32778 335872 1742809485 196658 760609 1369022472 70497
is_linear=0
shrinkage=0.05


Tree=42
num_leaves=63
num_cat=42
split_feature=0 0 0 17 17 17 11 17 17 11 11 2 17 11 17 2 0 13 17 11 14 13 13 0 11 17 13 13 13 0 13 13 13 13 13 14 13 1 14 17 13 14 13 13 3 0 13 2 11 0 13 15 13 13 13 14 15 14 13 13 13 13
split_gain=72.5205 12.1398 7.93562 7.20957 4.44973 4.0729 3.25793 1.86327 1.84274 1.69892 1.69247 1.29443 1.15514 1.14048 1.05826 1.03884 0.971468 0.95464 0.909553 0.891681 0.879202 0.851008 0.828756 0.818107 0.818281 0.803933 1.0899 0.973548 0.773086 0.768213 0.89696 0.846778 0.7592 0.732893 0.726232 0.725433 0.703625 0.700074 0.694597 0.685295 1.03316 0.681035 0.673428 0.653097 0.81041 0.639695 0.638701 0.659463 0.635232 0.632703 0.614513 0.607531 0.778044 0.581516 0.572675 0.62187 0.568547 1.01252 1.15326 1.03333 0.819839 0.566972
threshold=12.392510890960695 12.927468776702883 11.780675888061525 0 1 2 11.779021739959719 3 4 12.393171787261965 1.0000000180025095e-35 24.500000000000004 5 12.385106563568117 6 33.500000000000007 13.385950088500978 7 8 11.779021739959719 9 10 11 11.320536136627199 11.298759460449221 12 13 14 15 13.674160003662111 16 17 18 19 20 21 22 18813.573242187504 23 24 25 26 27 28 62.850000381469734 14.622321128845217 29 43.500000000000007 12.918911933898928 11.157345771789553 30 31 32 33 34 35 36 37 38 39 40 41
decision_type=2 2 2 1 1 1 2 1 1 2 2 2 1 2 1 2 2 1 1 2 1 1 1 2 2 1 1 1 1 2 1 1 1 1 1 1 1 2 1 1 1 1 1 1 2 2 1 2 2 2 1 1 1 1 1 1 1 1 1 1 1 1
left_child=2 3 7 9 19 15 12 10 48 54 34 16 53 25 28 36 17 20 21 -4 -10 -8 35 -9 39 26 -5 -27 -11 31 41 -13 -14 -21 -1 46 -3 -24 -19 40 -25 -31 -12 45 -45 -18 -17 -48 -7 -36 -20 52 -51 -6 -2 -56 60 59 -59 -58 -50 -15
right_child=1 5 4 13 6 8 18 23 11 14 42 29 32 61 -16 22 43 38 50 33 -22 -23 37 24 -26 27 -28 -29 -30 30 -32 -33 -34 -35 49 -37 -38 -39 -40 -41 -42 -43 -44 44 -46 -47 47 -49 56 51 -52 -53 -54 -55 55 -57 57 58 -60 -61 -62 -63
leaf_value=-277.8214938570743 47.114795548575422 -369.99496289201198 -117.0025613229048 -340.86664631853932 -494.2549879315564 753.50359676637754 -439.18271194008332 -637.60594810873556 -203.90113029907758 -30.238144137564451 -387.29885150144366 61.687320932811417 -198.40120485430444 -568.10802918817808 -320.39973806321251 -490.78229828278131 106.54842997121688 71.186769379064941 -545.76065683887066 -359.93223690487542 -526.68794573069192 -500.27958421360637 -172.47357931976441 -266.19738645916499 -594.98533429078486 -617.15867793643883 -36.431367910073099 -399.13651799553554 -237.70149057472651 -435.58175295701369 -20.000199057059945 -140.12297137553034 -315.69061985197425 -245.47249551769752 -332.2452309724784 -523.65220677216894 -591.09101327011774 609.98787155229877 -315.50055805296688 -438.50768295838662 -374.30000714011425 1965.0547299108002 -440.77172912985463 3094.7845148699389 -377.91374302304354 24369.965193586933 -387.5007595062234 3567.740311819196 373.09766180544466 2044.8064429181491 -580.50327472135791 -109.96394425827857 -79.716533856925679 -441.50191922872546 30.354931637313712 -267.75987669723838 508.56140445040802 1070.7002543817421 108.78392539409822 -483.29789376791382 -313.63277922361596 -499.5323966020544
leaf_weight=100970 371738 326551 329529 148565 157866 373711 709667 1177307 164614 364324 238023 827475 396302 693912 1507854 15175 341115 178263 492844 355320 247360 832854 227691 143520 1345601 155069 175272 168718 391649 54535 303206 828318 592666 417602 32759 187304 383000 73869 265164 288595 144078 163172 304735 24481 328092 10505 11939 19785 145374 13801 1050078 64570 18564 170586 210243 393276 92903 128721 177744 109368 216422 817236
leaf_count=100970 371738 326551 329529 148565 157866 373711 709667 1177307 164614 364324 238023 827475 396302 693912 1507854 15175 341115 178263 492844 355320 247360 832854 227691 143520 1345601 155069 175272 168718 391649 54535 303206 828318 592666 417602 32759 187304 383000 73869 265164 288595 144078 163172 304735 24481 328092 10505 11939 19785 145374 13801 1050078 64570 18564 170586 210243 393276 92903 128721 177744 109368 216422 817236
internal_value=-0.000161098 -7.76431e-05 -0.00026454 -0.00013252 -0.000225964 -3.00642e-05 -0.000248458 -0.000319381 -9.8421e-06 -8.5345e-05 -0.000249939 -2.73929e-05 -0.000182637 -0.000203302 -0.000109113 -0.00011094 -6.21612e-05 -9.79659e-05 -0.000276563 -0.000136127 -0.000152765 -0.000249402 -5.83863e-05 -0.000336709 -0.000316603 -0.000147789 -9.20754e-05 -0.000203502 -6.08296e-05 -2.48171e-06 5.04763e-05 -1.91423e-05 -0.000155649 -0.00016549 -0.000136484 -0.000128948 -0.000150624 -3.58078e-06 -4.7049e-05 -0.000266744 -0.00021209 0.000127903 -0.00029816 -1.86684e-05 -6.6754e-05 2.95486e-05 4.69105e-05 0.000174514 4.28603e-05 -5.81859e-05 -0.000303714 6.00966e-06 0.00018278 -0.000263884 -3.01746e-05 -6.02443e-05 1.94529e-05 5.35282e-05 0.000110833 -3.32973e-05 -2.84623e-05 -0.000227094
internal_weight=2.10016e+07 1.16237e+07 9.37784e+06 5.39786e+06 5.50531e+06 6.22586e+06 4.40286e+06 3.87252e+06 4.98054e+06 3.23908e+06 773422 3.7363e+06 1.31742e+06 2.15877e+06 2.26383e+06 1.24531e+06 1.55959e+06 855401 3.08544e+06 1.10245e+06 411974 1.54252e+06 535763 3.0991e+06 1.92179e+06 647624 323837 323787 755973 2.17671e+06 520913 1.65579e+06 988968 772922 230664 234203 709551 301560 443427 576193 287598 217707 542758 704193 352573 351620 46899 31724 1.24424e+06 129694 1.54292e+06 96935 32365 328452 975257 603519 870532 508736 306465 202271 361796 1.51115e+06
internal_count=21001550 11623713 9377837 5397856 5505314 6225857 4402863 3872523 4980543 3239084 773422 3736300 1317420 2158772 2263827 1245314 1559594 855401 3085443 1102451 411974 1542521 535763 3099101 1921794 647624 323837 323787 755973 2176706 520913 1655793 988968 772922 230664 234203 709551 301560 443427 576193 287598 217707 542758 704193 352573 351620 46899 31724 1244243 129694 1542922 96935 32365 328452 975257 603519 870532 508736 306465 202271 361796 1511148
cat_boundaries=0 1 2 3 4 5 6 7 9 10 11 13 15 16 18 20 22 24 26 28 30 32 33 35 36 37 39 40 42 44 46 48 49 51 53 55 56 57 58 60 62 64 66
cat_threshold=19 2 4 2 2 4 2 1547314122 211269 17 668037 2536023643 82023 1220917011 74332 8 2679193989 94982 2802543714 212192 1047630366 137877 288947245 83492 1373791416 106396 186987600 110093 2795539672 96067 3922219223 11361 326 2093199667 15440 100193 17 385274961 76249 33100 1054104164 83714 770773678 239813 65554 8776 3225555609 1706 267 34933032 98562 2273921566 168889 3556823227 21153 85253 566 695104 617469574 24192 3595064679 233768 2192196304 233678 4060547500 128097
is_linear=0
shrinkage=0.05


Tree=43
num_leaves=63
num_cat=38
split_feature=0 0 0 17 17 17 11 17 11 11 2 11 0 17 11 1 0 17 13 13 13 2 0 13 13 13 0 13 13 13 13 1 13 14 0 2 16 14 13 2 13 3 13 14 0 13 13 14 2 13 14 11 13 14 13 14 14 13 15 13 14 2
split_gain=70.9161 11.3494 8.17577 6.90233 4.42834 3.83859 2.10804 1.95526 2.24526 1.94731 1.74258 1.60802 1.3305 1.32033 1.15935 1.58733 1.06297 1.0027 0.983738 0.982177 0.94392 0.910437 0.861174 1.12316 0.823228 0.802374 0.784472 0.780567 0.777625 0.77382 0.7374 0.73575 0.718625 0.695784 0.68866 0.687492 0.843634 0.672864 0.663111 0.646212 0.970442 0.759475 2.09677 0.651805 0.625943 0.838959 0.694257 0.630912 0.623242 0.662504 0.696769 0.621187 0.638961 0.684815 0.619191 0.764162 0.635983 0.618994 0.611639 0.569276 0.558644 0.540879
threshold=12.392510890960695 12.927468776702883 11.804008960723879 0 1 2 11.802389144897463 3 1.0000000180025095e-35 11.802389144897463 24.500000000000004 12.393171787261965 11.320536136627199 4 12.947035789489748 153767.46875000003 13.447151660919191 5 6 7 8 34.500000000000007 13.227429866790773 9 10 11 11.122486114501955 12 13 14 15 4057.8703613281255 16 17 12.754504203796388 36.500000000000007 18 19 20 49.500000000000007 21 61.049999237060554 22 23 13.69789505004883 24 25 26 24.500000000000004 27 28 12.918911933898928 29 30 31 32 33 34 35 36 37 35.500000000000007
decision_type=2 2 2 1 1 1 2 1 2 2 2 2 2 1 2 2 2 1 1 1 1 2 2 1 1 1 2 1 1 1 1 2 1 1 2 2 1 1 1 2 1 2 1 1 2 1 1 1 2 1 1 2 1 1 1 1 1 1 1 1 1 2
left_child=2 3 7 11 9 16 25 8 12 32 22 61 -1 19 15 18 27 30 58 -5 -14 24 23 37 -11 -6 -10 60 -23 -15 -13 -21 -4 -20 -33 -32 -37 -7 -8 41 -41 42 -34 -42 46 -46 -16 -48 59 -50 -51 52 53 -29 55 -18 -56 -24 -12 -19 -3 -2
right_child=1 5 4 13 6 10 38 -9 26 21 14 17 20 29 44 -17 54 48 33 31 -22 28 57 -25 -26 -27 -28 51 -30 -31 35 34 39 -35 -36 36 -38 -39 -40 40 43 -43 -44 -45 45 -47 47 -49 49 50 -52 -53 -54 -55 56 -57 -58 -59 -60 -61 -62 -63
leaf_value=-394.8702987804063 -176.11027694106986 -661.01088881581245 -292.67917343286427 -399.03369545460595 -276.10731675909119 -629.48439316510894 -539.40402984025752 -580.65257511014534 -625.81370552176725 -486.88589982053645 181.52095418052778 -236.65741891840935 -295.72440559666643 -511.63391862601293 -170.30295283868909 30450.595660201612 725.00640642115832 -300.43024647549356 417.0126636827772 3615.3848268256843 -164.30063076547032 -325.065793362134 89.257235247827353 -398.33901898551198 -397.36721377083018 -359.49518888021288 -452.44407953702296 1133.0450617100105 -190.68381784269809 -637.04373143510907 -255.73610146196916 -335.81640110333086 24324.758237822272 -154.25518908146771 -132.87177983335496 470.10160733811949 -30.754940919510773 14.310458560239931 -509.87224308938988 614.0651316808835 693.11936666386339 -175.90501075817957 -172.24411095366523 -256.79292773719681 1252.5944116716798 -50.472584957390097 -149.2616754346902 126.39072494448956 -292.22090868234699 -323.15066354304622 -18.397005123550844 -539.23056372794565 -277.3349616545085 -242.39231772213245 -17.194667601223774 -213.86890307323483 -438.07909926814682 -227.03096845698516 1017.6193956960051 -431.93693300642929 -489.38974048832608 42.517870328881095
leaf_weight=265204 584131 106443 282264 475712 383344 33797 1077922 1618561 374077 384161 147384 346939 222400 259160 575470 236 78880 227611 192015 209 237900 249197 584695 468415 489773 575834 1318959 33773 374052 818693 251827 421647 1873 290680 183351 51199 106008 304290 1168511 23459 11221 287900 5899 25326 182991 276594 330421 609660 421424 204577 251902 312054 67760 33590 119156 118788 180224 686486 297409 402340 194646 391126
leaf_count=265204 584131 106443 282264 475712 383344 33797 1077922 1618561 374077 384161 147384 346939 222400 259160 575470 236 78880 227611 192015 209 237900 249197 584695 468415 489773 575834 1318959 33773 374052 818693 251827 421647 1873 290680 183351 51199 106008 304290 1168511 23459 11221 287900 5899 25326 182991 276594 330421 609660 421424 204577 251902 312054 67760 33590 119156 118788 180224 686486 297409 402340 194646 391126
internal_value=-0.000158346 -7.58192e-05 -0.000260637 -0.00012888 -0.000220047 -2.98153e-05 -0.000257206 -0.000314334 -0.000285861 -0.000164257 -1.01834e-05 -8.27208e-05 -0.000212269 -0.000198137 1.48376e-05 6.09432e-05 -0.00010833 -0.000105844 5.98999e-05 -0.000159084 -0.000160873 -0.000195428 -4.51419e-05 -8.55554e-05 -0.000228354 -0.000195155 -0.000317399 -0.000145981 -0.000149257 -0.000237299 -5.88454e-05 -0.000116823 -9.11066e-05 1.04675e-05 -0.000117849 -1.33648e-05 6.86774e-05 -1.60999e-05 -0.000283701 -4.38273e-05 0.000105773 -7.41898e-05 0.000413536 -5.53514e-05 -6.81829e-06 4.42959e-05 -2.23185e-05 4.15912e-06 -0.000129406 -0.000102177 -6.0438e-05 -0.000104069 -1.45159e-05 9.45265e-05 -5.16525e-05 1.70282e-05 -9.69968e-05 -1.95015e-05 0.000113542 -0.000167355 -0.000208218 -2.90467e-05
internal_weight=2.10016e+07 1.16237e+07 9.37784e+06 5.39786e+06 5.34074e+06 6.22586e+06 3.20561e+06 4.0371e+06 2.41854e+06 2.13512e+06 4.98054e+06 3.23908e+06 725504 2.15877e+06 2.90286e+06 927724 1.24531e+06 2.26383e+06 927488 1.08092e+06 460300 1.49718e+06 2.07768e+06 806502 873934 959178 1.69304e+06 748266 623249 1.07785e+06 755973 605207 637942 482695 604998 409034 157207 338087 2.24643e+06 355678 60006 295672 7772 36547 1.97514e+06 459585 1.51555e+06 940081 1.50785e+06 877903 456479 447177 135123 67363 497048 197668 299380 1.27118e+06 444793 629951 301089 975257
internal_count=21001550 11623713 9377837 5397856 5340736 6225857 3205611 4037101 2418540 2135125 4980543 3239084 725504 2158772 2902860 927724 1245314 2263827 927488 1080919 460300 1497183 2077683 806502 873934 959178 1693036 748266 623249 1077853 755973 605207 637942 482695 604998 409034 157207 338087 2246433 355678 60006 295672 7772 36547 1975136 459585 1515551 940081 1507854 877903 456479 447177 135123 67363 497048 197668 299380 1271181 444793 629951 301089 975257
cat_boundaries=0 1 2 3 4 5 6 8 10 12 14 16 18 20 22 24 26 28 29 30 31 33 35 37 38 40 42 43 45 46 48 49 51 52 53 55 56 58 59
cat_threshold=19 18 4 19 8 2 962684129 120613 2461942212 127748 3909624751 169588 596221973 185258 2799701284 78803 1761885520 93197 3785667352 148012 1749126280 181918 16252952 17164 3247336897 91242 3223359478 170292 104741 9 4104 1015929188 55573 688222216 10 872488960 16512 952336 1180604941 155744 707862085 25697 311577 1742809485 221238 58586 373951587 69696 354862 1958318336 152605 337178 567410 212097894 106715 3152 1373216776 70497 542873
is_linear=0
shrinkage=0.05


Tree=44
num_leaves=63
num_cat=41
split_feature=0 0 17 0 17 17 11 2 11 11 17 11 0 11 1 2 0 13 17 13 17 13 13 13 0 13 13 11 13 13 13 14 14 2 13 14 14 13 13 13 0 11 13 14 13 13 14 17 13 14 14 17 13 13 15 17 17 1 13 0 2 13
split_gain=69.6706 13.7801 6.80154 5.79358 4.7285 4.31094 2.70754 1.93566 1.77886 1.62569 1.81815 1.50729 1.37966 1.21304 1.59076 1.10444 0.992462 0.985998 0.950669 1.10773 0.852248 0.866815 0.848877 0.830689 0.788891 0.774461 0.762188 0.758926 0.712455 0.700772 0.700412 0.859209 0.711376 0.697321 1.10022 0.959909 0.688061 0.682826 0.676228 0.670801 0.662762 0.661107 1.06295 0.794277 0.78714 0.702153 0.657782 0.652082 0.862236 0.91178 0.646612 0.643813 0.895727 0.623082 0.609606 0.606631 0.595548 0.593827 0.587658 0.582388 0.57687 0.890847
threshold=12.280593872070314 12.864533424377443 0 11.707505702972414 1 2 11.705613613128664 24.500000000000004 12.279781818389894 1.0000000180025095e-35 3 12.279781818389894 13.447151660919191 12.891343593597414 153767.46875000003 19.500000000000004 13.385950088500978 4 5 6 7 8 9 10 11.088717460632326 11 12 11.705613613128664 13 14 15 16 17 47.500000000000007 18 19 20 21 22 23 11.320536136627199 12.857064723968508 24 25 26 27 28 29 30 31 32 33 34 35 36 37 38 57254.009765625007 39 11.122486114501955 16.500000000000004 40
decision_type=2 2 1 2 1 1 2 2 2 2 1 2 2 2 2 2 2 1 1 1 1 1 1 1 2 1 1 2 1 1 1 1 1 2 1 1 1 1 1 1 2 2 1 1 1 1 1 1 1 1 1 1 1 1 1 1 1 2 1 2 2 1
left_child=3 2 8 9 12 27 17 16 29 10 24 18 41 14 30 22 26 -7 23 -20 21 -8 -10 -4 -1 -26 -6 -5 -29 -2 31 -9 -32 -30 35 -35 54 -17 -22 -18 -12 42 43 44 -3 -43 -25 48 49 -15 -28 52 -42 57 -27 -31 58 -49 -13 -11 61 -14
right_child=1 4 11 5 7 6 20 13 15 59 40 56 60 47 -16 37 39 -19 19 -21 38 -23 -24 46 25 36 50 28 33 55 32 -33 -34 34 -36 -37 -38 -39 -40 -41 51 45 -44 -45 -46 -47 -48 53 -50 -51 -52 -53 -54 -55 -56 -57 -58 -59 -60 -61 -62 -63
leaf_value=-391.58902393561425 25.448258753977711 4038.1743022140372 -285.48080877898173 -114.94442234766649 -341.18377195433368 -343.80281837167223 -469.26630005770789 2870.1436988619334 -282.27653183676051 -631.76511859130824 -484.55437333337977 -428.17340327594542 -708.1424768693164 -157.54972866441531 28928.065877191533 -254.32307502314882 -284.6707522167053 -271.14547926844028 -326.74958043935226 -513.61436453992542 -501.29932872159429 -438.88416711700597 -447.55755818264515 70.350178132678266 -211.09207484827277 872.08153196830415 27.030193763592496 -369.98328165542591 -306.86966028045248 -98.705007895867396 457.9956450850492 419.4356820942748 -83.117841131412391 1264.635278633408 -196.92835413930641 47.605466903901721 -166.02088782849134 -180.55782835425418 -540.50156987453965 227.10402503147927 -236.97834771262717 -484.25292566509017 -411.66673974867047 -141.28705737642267 102.67053336485078 -626.71107994040688 -253.36174940948004 50.865802491816069 -67.080548692338198 666.97702953590124 -306.11853673880177 -403.30824272217399 -344.22701927946531 -192.04901581184168 16.853034216182461 -323.42056410103032 -626.3362088003289 44219.961486366607 -334.89869781996168 -502.02693525759355 -48.63030769530431 -88.938034129296284
leaf_weight=48590 407994 12915 149396 289785 639861 510798 571556 45255 267409 623284 354624 316992 59870 107812 236 598707 431802 651914 163983 193578 461383 786633 568327 103444 45212 16398 347532 188456 393128 442270 231818 409593 347315 14186 51229 32667 59270 1069426 899818 507359 114533 278763 135619 93822 18411 326405 104124 316636 642182 321741 345630 228593 113546 748670 32187 221593 832481 4673 518971 1743967 355805 81373
leaf_count=48590 407994 12915 149396 289785 639861 510798 571556 45255 267409 623284 354624 316992 59870 107812 236 598707 431802 651914 163983 193578 461383 786633 568327 103444 45212 16398 347532 188456 393128 442270 231818 409593 347315 14186 51229 32667 59270 1069426 899818 507359 114533 278763 135619 93822 18411 326405 104124 316636 642182 321741 345630 228593 113546 748670 32187 221593 832481 4673 518971 1743967 355805 81373
internal_value=-0.000155754 -8.26357e-05 -0.000138167 -0.00026918 -3.40541e-05 -0.000234167 -0.00025772 -1.32165e-05 -9.45571e-05 -0.000319433 -0.000266425 -0.000203604 -0.000117345 1.19921e-05 5.64601e-05 -0.000117631 -4.84516e-05 -0.000193862 -0.000142839 -0.000200465 -0.000285025 -0.00025699 -0.000164547 -8.51094e-05 -0.000132041 -7.63288e-05 -7.61884e-05 -0.000139846 -0.000168734 -4.06565e-05 5.55233e-05 0.000101958 1.90519e-05 -0.000137016 -1.775e-05 0.000157342 -3.49927e-06 -9.41266e-05 -0.000312993 -9.08263e-06 -0.000299822 -0.000155459 -8.89046e-05 1.6188e-05 0.00023414 -0.000184137 -2.03967e-05 -9.48118e-06 1.80855e-05 7.29199e-05 -3.98612e-05 -0.000260002 -0.000200533 -3.70929e-05 0.000135971 -7.235e-05 -0.000229628 2.11492e-05 -0.000199804 -0.000342116 -5.09483e-05 -0.000136442
internal_weight=2.10016e+07 1.27698e+07 5.9587e+06 8.23176e+06 6.8111e+06 4.85155e+06 3.8821e+06 5.44812e+06 3.57573e+06 3.3802e+06 1.01295e+06 2.38297e+06 1.36298e+06 3.17593e+06 1.03422e+06 2.50387e+06 2.27218e+06 1.16271e+06 714525 357561 2.71939e+06 1.35819e+06 835736 356964 201657 153067 1.33302e+06 969451 679666 1.07186e+06 1.03398e+06 454848 579133 491210 98082 46853 107855 1.66813e+06 1.3612e+06 939161 811296 865935 260767 125148 31326 605168 207568 2.14171e+06 1.07174e+06 429553 693162 456672 228079 1.06998e+06 48585 663863 1.66844e+06 321309 835963 2.36725e+06 497048 141243
internal_count=21001550 12769793 5958695 8231757 6811098 4851553 3882102 5448115 3575726 3380204 1012953 2382969 1362983 3175931 1034217 2503869 2272184 1162712 714525 357561 2719390 1358189 835736 356964 201657 153067 1333023 969451 679666 1071857 1033981 454848 579133 491210 98082 46853 107855 1668133 1361201 939161 811296 865935 260767 125148 31326 605168 207568 2141714 1071735 429553 693162 456672 228079 1069979 48585 663863 1668444 321309 835963 2367251 497048 141243
cat_boundaries=0 1 2 3 4 6 7 9 10 12 14 16 18 20 22 24 26 27 28 30 31 32 34 36 38 40 41 43 45 46 47 49 50 51 52 54 56 57 58 59 61 63
cat_threshold=19 4 2 2 3566355365 168402 8 955560717 16719 17 1757612965 170384 270352523 469 2637185989 70534 2168721617 9569 3694551490 73541 578847952 28739 3288656098 53864 2103514337 17589 17 121632 8278287 198784 796737 741778 1678011848 58512 3243381401 682 3779775577 153392 384715881 70513 279076 8930377 69696 240320758 126354 466034 18 2215564944 171778 8536 544241 17 385274929 10715 3410141320 480 106 18 8 3005091916 94273 21270236 119649
is_linear=0
shrinkage=0.05


Tree=45
num_leaves=63
num_cat=41
split_feature=0 0 17 17 0 17 11 0 11 11 17 2 17 11 0 0 13 11 13 0 13 17 13 0 13 0 13 2 15 14 17 11 13 13 13 13 2 13 14 13 2 13 13 13 13 1 13 13 13 14 13 13 13 3 14 15 13 15 17 13 13 13
split_gain=67.7499 13.0077 7.60118 6.00277 4.00784 3.44905 2.70991 2.28938 1.92501 1.84591 1.70227 1.53271 1.23379 1.20232 0.989285 0.985334 0.97566 0.953937 0.963719 0.945663 0.95785 0.919904 0.863158 0.863103 0.849064 0.848467 0.826614 0.824932 0.815926 0.937442 0.792799 0.79465 0.784772 0.74904 0.745932 0.740459 0.727773 1.12007 1.06203 1.41653 0.697313 0.818747 0.692506 0.690583 0.680005 0.679867 0.9695 0.678927 0.678887 0.676306 0.672383 0.652 0.64479 0.628408 0.626937 0.620009 0.789423 0.61692 0.613825 0.761755 0.604338 0.597841
threshold=12.280593872070314 12.927468776702883 0 1 11.707505702972414 2 11.705613613128664 11.217521190643312 11.190684318542482 12.279781818389894 3 31.500000000000004 4 12.279781818389894 13.566926002502443 11.72002696990967 5 12.918911933898928 6 13.00260639190674 7 8 9 11.088717460632326 10 13.751679420471193 11 18.500000000000004 12 13 14 11.052241802215578 15 16 17 18 49.500000000000007 19 20 21 41.500000000000007 22 23 24 25 153767.46875000003 26 27 28 29 30 31 32 80.850002288818374 33 34 35 36 37 38 39 40
decision_type=2 2 1 1 2 1 2 2 2 2 1 2 1 2 2 2 1 2 1 2 1 1 1 2 1 2 1 2 1 1 1 2 1 1 1 1 2 1 1 1 2 1 1 1 1 2 1 1 1 1 1 1 1 2 1 1 1 1 1 1 1 1
left_child=3 2 9 7 23 14 16 50 34 36 13 25 52 24 45 44 -6 18 28 51 -21 22 -8 -5 -4 32 53 -14 -13 -30 31 42 -7 -12 -9 -15 43 38 39 -38 -26 -42 49 -2 -10 58 -47 -23 -17 -25 -1 57 -11 54 -27 56 -45 -19 -3 -60 -57 -33
right_child=1 5 10 4 6 11 21 8 15 12 33 17 27 35 -16 48 -18 19 -20 20 -22 47 -24 30 40 26 -28 -29 29 -31 -32 61 -34 -35 -36 -37 37 -39 -40 -41 41 -43 -44 55 -46 46 -48 -49 -50 -51 -52 -53 -54 -55 -56 60 -58 -59 59 -61 -62 -63
leaf_value=-382.11036445709925 -256.65768371604202 100.93948657612928 -291.33021362782893 -606.06618908756923 -241.1164411585107 -479.81640641281632 -444.40173706322207 -225.81824401119957 -268.88423790561359 -29.418373064078335 -479.84818812926846 -35.462093980786896 -404.46095318325752 -291.19445604166106 377.94952818625609 -202.46322437460861 -315.63253169245849 587.9974741870592 -114.62172061977545 -340.4227805023686 21.968057213069052 -476.23436228551458 -415.21892798348455 -92.547716997815598 -175.77969347894032 -1034.524770397388 -497.80869771523066 -235.52907872313372 62.067125117017319 2143.7699262831461 -518.19943652937297 -434.13405236832824 -316.87453391385571 -569.08228100031226 -40.064749287487579 -401.74950798107676 5089.5729960385615 -105.45848694891566 309.57484828367018 944.13237698905368 559.13064621759531 -84.855291863009228 -324.75918389056045 -561.29045305944089 -326.44460017304249 63.258933679375332 -816.13218886943514 -513.4764913808126 -321.5744937246651 -314.01046789883753 -460.55901975084265 -605.48814851627617 -215.75204744045243 2154.1871005564872 550.31590463714826 354.13679630834486 -92.806347349159481 -392.89902241560537 32.015647353576604 -172.14482532744225 -75.735514353661713 -489.89632804900066
leaf_weight=91876 450330 815804 149436 650618 418998 492126 598908 135840 123716 384805 340689 71977 579590 458270 1146856 321378 743714 6539 174149 318614 405326 461383 759281 74039 170304 30352 136875 1251288 40473 60110 1028678 257575 577752 967022 287594 458610 8770 109932 65767 12739 35227 37066 159621 38524 201440 66936 66824 899818 347410 73960 136406 49004 533628 59362 36406 156720 137088 31554 720259 918559 198131 459504
leaf_count=91876 450330 815804 149436 650618 418998 492126 598908 135840 123716 384805 340689 71977 579590 458270 1146856 321378 743714 6539 174149 318614 405326 461383 759281 74039 170304 30352 136875 1251288 40473 60110 1028678 257575 577752 967022 287594 458610 8770 109932 65767 12739 35227 37066 159621 38524 201440 66936 66824 899818 347410 73960 136406 49004 533628 59362 36406 156720 137088 31554 720259 918559 198131 459504
internal_value=-0.000153149 -8.1046e-05 -0.000130268 -0.000265001 -0.000286344 -2.93093e-05 -0.000253793 -0.00017958 -0.000155913 -8.62812e-05 -0.000196287 -7.4884e-05 -0.00010872 -0.000155972 1.07966e-06 -0.000193946 -0.000189906 -3.27986e-05 3.66176e-05 -6.24732e-05 -4.37462e-05 -0.000281109 -0.000251984 -0.00033308 -8.26877e-05 -0.00011144 -3.09792e-05 -0.000132443 0.000120357 0.000212326 -0.000317179 -0.000286031 -0.000131219 -0.000236637 -6.6638e-05 -0.000187309 -3.39133e-05 5.37305e-05 0.000187453 0.000492379 -2.49308e-05 0.000105177 -0.000218808 -5.15359e-05 -0.000265343 -1.60485e-05 -0.000125822 -0.000310165 -0.000159234 -0.000140866 -0.00032653 -0.00021813 -6.14258e-05 6.13657e-05 -4.38744e-05 -1.28777e-05 -8.97149e-05 -6.28948e-05 -1.00667e-05 -2.77077e-05 2.51498e-05 -0.000314873
internal_weight=2.10016e+07 1.27698e+07 6.54394e+06 8.23176e+06 6.5861e+06 6.22586e+06 3.8821e+06 1.64566e+06 1.41738e+06 3.92731e+06 2.61662e+06 2.49062e+06 2.74931e+06 1.30891e+06 3.73524e+06 993944 1.16271e+06 1.15775e+06 346709 811037 723940 2.71939e+06 1.35819e+06 2.704e+06 392033 1.33287e+06 262995 1.83088e+06 172560 100583 2.05338e+06 1.0247e+06 1.06988e+06 1.30771e+06 423434 916880 1.178e+06 197208 87276 21509 242597 72293 307620 980793 325156 2.58838e+06 133760 1.3612e+06 668788 147999 228282 87097 918433 126120 66758 530463 175612 38093 2.45462e+06 1.63882e+06 354851 717079
internal_count=21001550 12769793 6543936 8231757 6586097 6225857 3882102 1645660 1417378 3927312 2616624 2490619 2749311 1308913 3735238 993944 1162712 1157746 346709 811037 723940 2719390 1358189 2703995 392033 1332873 262995 1830878 172560 100583 2053377 1024699 1069878 1307711 423434 916880 1178001 197208 87276 21509 242597 72293 307620 980793 325156 2588382 133760 1361201 668788 147999 228282 87097 918433 126120 66758 530463 175612 38093 2454622 1638818 354851 717079
cat_boundaries=0 1 2 3 4 5 7 9 11 12 14 16 18 19 20 21 23 25 27 29 31 32 34 36 38 40 42 44 46 48 49 51 53 55 56 57 59 60 61 63 65 67
cat_threshold=19 2 19 8 2 153433176 93193 2672176313 73505 2831497019 139600 17 1758137253 170384 2637250881 70534 2255868453 142878 214 643128 17 1178528397 196623 16252952 17166 3373011157 4208 1279356851 166330 1522652289 157097 204932 1346388993 168 541468186 149584 384226449 11737 1005127424 142747 4006900256 82434 186053309 52656 3243381401 682 421491493 101780 1022086 777390696 155144 2497585268 184560 374706718 170021 207778 177 395396 64 258 2 29914785 104861 2147915940 4640 605292348 45956
is_linear=0
shrinkage=0.05


Tree=46
num_leaves=63
num_cat=40
split_feature=0 0 17 17 0 17 11 0 11 17 11 17 2 11 13 0 17 0 0 2 13 13 13 13 11 13 13 13 0 13 14 13 13 11 13 17 13 13 13 1 14 14 13 1 14 11 13 14 17 13 14 14 14 13 0 13 13 2 13 14 3 14
split_gain=65.9099 12.1438 7.30373 6.32151 4.27394 3.36723 2.83426 2.3673 1.78834 1.71663 1.64102 1.44655 1.13492 1.12481 1.01429 1.00326 0.992619 0.941588 0.88666 0.868893 1.12401 0.865355 0.844412 0.816892 0.803816 0.794817 0.793289 0.756676 0.744231 0.728004 0.716978 0.763452 0.711387 0.702593 0.693299 0.690107 1.07861 0.685453 0.673887 0.667432 2.50219 0.649312 0.804246 0.643924 0.635362 0.633989 0.676449 0.634933 0.610809 0.664635 0.663341 0.60664 0.60343 0.59694 0.596145 0.848807 0.774123 0.595429 0.985583 0.62264 0.799782 0.591293
threshold=12.280593872070314 12.927468776702883 0 1 11.707505702972414 2 11.705613613128664 11.217521190643312 11.190684318542482 3 12.279781818389894 4 19.500000000000004 12.279781818389894 5 13.342944145202638 6 11.72002696990967 11.088717460632326 12.500000000000002 7 8 9 10 11.052241802215578 11 12 13 13.447151660919191 14 15 16 17 12.848263263702394 18 19 20 21 22 191340.98437500003 23 24 25 153767.46875000003 26 13.341787815093996 27 28 29 30 31 32 33 34 12.559543132781984 35 36 42.500000000000007 37 38 99.450000762939467 39
decision_type=2 2 1 1 2 1 2 2 2 1 2 1 2 2 1 2 1 2 2 2 1 1 1 1 2 1 1 1 2 1 1 1 1 2 1 1 1 1 1 2 1 1 1 2 1 2 1 1 1 1 1 1 1 1 2 1 1 2 1 1 2 1
left_child=3 2 10 7 18 19 14 32 38 13 57 -7 26 22 -6 25 21 37 -5 20 -3 -8 -4 33 48 43 -12 61 30 -19 31 -21 -1 -15 -18 36 -14 -10 -9 -30 -41 42 -24 -13 -22 46 -17 -48 49 -20 -51 -35 -27 -32 56 -56 -37 -2 59 -59 -61 -11
right_child=1 5 9 4 6 11 16 8 17 27 12 15 35 23 -16 45 34 29 24 28 44 -23 41 -25 -26 52 -28 -29 39 -31 53 -33 -34 51 -36 54 -38 -39 -40 40 -42 -43 -44 -45 -46 -47 47 -49 -50 50 -52 -53 -54 -55 55 -57 -58 58 -60 60 -62 -63
leaf_value=-363.77535404674438 -149.64315021012274 -666.98314743928768 -290.51865320377618 -575.76287963319066 -226.17841005314676 200.37763905607281 -424.92058309587611 -214.52733181063959 -256.79672698720367 -355.43609186117538 -264.76183283824543 -28.160643528844957 101.47360739457145 -286.05527028153637 -299.27388928445185 -178.72001265337386 -452.4226441712388 -179.88145010054942 -312.04279852443489 -367.95870222937509 7.1193815362277109 -387.39846584865768 -222.1463682091846 -371.76613078580596 -506.07651833580752 -120.6799471511913 -417.82420405867651 -544.95865308623979 -87.024243800094709 -291.27690036351385 -8.2909114356462226 -613.79765235623142 -437.48068340517875 6450.9071134163742 -487.80266681177193 -152.72781944204326 -178.66903210313686 -320.00488969564032 -38.172750096464533 15610.516038611369 -770.87023042203623 -209.85467639890396 311.08428147108282 -542.2845521168565 -630.46026227268089 -71.550428721000216 1531.3368852686253 118.2090228922345 -377.26873666571345 -309.83302740417344 -189.67538849337052 -97.419016682964141 -308.62657736612204 -372.66940149695438 -47.813513160306627 -281.51121952611282 -338.20784944977208 1036.4575785350346 -59.601475654729441 24.499753781376057 37286.806315644557 -527.75478469979976
leaf_weight=96276 843254 104810 133662 650618 395930 1244243 653061 127519 149447 196143 384719 869061 268957 342390 766782 165452 461383 268033 135383 70103 75369 705128 40789 531710 1438301 443734 532156 914795 387595 400755 149404 75960 132006 8820 899818 257638 343199 175709 295915 207 484 154784 62798 41296 92245 1286546 194122 193351 307456 60112 112125 33960 542738 289137 313728 367879 281035 42559 240188 51340 660 196773
leaf_count=96276 843254 104810 133662 650618 395930 1244243 653061 127519 149447 196143 384719 869061 268957 342390 766782 165452 461383 268033 135383 70103 75369 705128 40789 531710 1438301 443734 532156 914795 387595 400755 149404 75960 132006 8820 899818 257638 343199 175709 295915 207 484 154784 62798 41296 92245 1286546 194122 193351 307456 60112 112125 33960 542738 289137 313728 367879 281035 42559 240188 51340 660 196773
internal_value=-0.000149837 -7.87202e-05 -0.000126279 -0.00026016 -0.000282063 -2.87311e-05 -0.000248448 -0.000172501 -0.000148435 -0.000190994 -8.3162e-05 -1.03441e-05 -0.000104319 -0.00015051 -0.000183111 -2.58941e-05 -0.000276383 -0.000185092 -0.000330325 -0.000102268 -0.000181195 -0.00024613 -7.96267e-05 -0.000180819 -0.000314208 -5.14087e-05 -0.000149734 -0.000231513 -8.01679e-05 -0.00015116 -0.000115808 -0.000211753 -0.00032193 -0.000125356 -0.000306565 -8.15947e-05 -3.82702e-05 -0.000254886 -6.2387e-05 -2.65083e-05 0.00152605 -2.68417e-05 7.00459e-05 -1.7716e-05 -0.000100862 4.16085e-07 4.5192e-05 8.13292e-05 -0.00026637 -0.000216526 -0.000151343 6.56854e-05 -8.25008e-05 -8.3845e-05 -0.000103327 -7.22604e-05 -0.00014264 -3.3786e-05 2.2634e-05 0.00015936 4.32614e-05 -0.000173462
internal_weight=2.10016e+07 1.27698e+07 6.54394e+06 8.23176e+06 6.5861e+06 6.22586e+06 3.8821e+06 1.64566e+06 1.41738e+06 2.61662e+06 3.92731e+06 4.98054e+06 2.74931e+06 1.30891e+06 1.16271e+06 3.7363e+06 2.71939e+06 993944 2.704e+06 1.24531e+06 272424 1.35819e+06 392033 916880 2.05338e+06 1.89683e+06 916875 1.30771e+06 972890 668788 584604 146063 228282 385170 1.3612e+06 1.83244e+06 612156 325156 423434 388286 691 258371 103587 910357 167614 1.83947e+06 552925 387473 615076 307620 172237 42780 986472 438541 1.22028e+06 681607 538673 1.178e+06 334747 94559 52000 392916
internal_count=21001550 12769793 6543936 8231757 6586097 6225857 3882102 1645660 1417378 2616624 3927312 4980543 2749311 1308913 1162712 3736300 2719390 993944 2703995 1245314 272424 1358189 392033 916880 2053377 1896829 916875 1307711 972890 668788 584604 146063 228282 385170 1361201 1832436 612156 325156 423434 388286 691 258371 103587 910357 167614 1839471 552925 387473 615076 307620 172237 42780 986472 438541 1220280 681607 538673 1178001 334747 94559 52000 392916
cat_boundaries=0 1 2 3 4 5 7 8 10 12 14 16 18 20 22 24 25 27 29 31 32 34 36 38 39 40 42 43 45 46 47 49 50 51 52 54 56 58 60 61 62
cat_threshold=19 2 4 8 2 153433176 76809 17 84716104 229679 1759218597 170384 2637250817 70406 1279354769 166074 1371602305 53162 1417494667 33237 284688408 49934 287273765 98452 65689 1041979592 48457 1851132520 155144 3243381401 682 2 512856628 186917 4023710241 86530 3372749013 4208 174092 203888 34250304 9233 111699 1120043352 4426 543959 17 2836998988 250404 17017 526346 570308 188778722 66994 3508454145 146889 2831883895 65882 1275105281 144429 202452 345052
is_linear=0
shrinkage=0.05


Tree=47
num_leaves=63
num_cat=41
split_feature=0 0 17 0 17 17 11 11 17 17 2 11 11 2 0 13 13 11 0 13 13 11 17 13 11 17 13 2 13 14 13 13 0 13 14 13 15 2 13 13 13 13 13 13 0 2 13 13 14 14 13 0 14 13 13 11 13 13 14 13 13 14
split_gain=64.976 11.5406 6.9303 6.46595 4.80233 3.25319 2.39255 2.32668 1.79718 1.79337 1.59244 1.5693 1.25376 1.14296 1.06763 0.994396 0.971752 1.01542 0.941102 0.938367 0.921723 0.91416 0.885544 0.879464 0.848824 0.83209 0.931402 0.799527 1.41303 0.974976 0.79746 0.780744 0.775307 0.860549 1.07316 0.795938 0.766878 0.765921 1.01095 0.747436 0.704777 0.696488 0.676586 0.675881 0.67567 0.674834 0.883533 0.735483 0.752084 0.683846 0.986947 0.662625 1.09147 1.37024 0.660608 0.638706 0.864537 0.636905 0.636316 0.649658 0.634411 0.686058
threshold=12.280593872070314 12.908501148223879 0 11.707505702972414 1 2 12.279781818389894 11.705613613128664 3 4 24.500000000000004 1.0000000180025095e-35 11.705613613128664 18.500000000000004 13.674160003662111 5 6 13.748634815216066 11.088717460632326 7 8 12.900394439697267 9 10 11.052241802215578 11 12 47.500000000000007 13 14 15 16 13.21584463119507 17 18 19 20 42.500000000000007 21 22 23 24 25 26 10.909216880798342 8.5000000000000018 27 28 29 30 31 14.224736690521242 32 33 34 12.551182746887209 35 36 37 38 39 40
decision_type=2 2 1 2 1 1 2 2 1 1 2 2 2 2 2 1 1 2 2 1 1 2 1 1 2 1 1 2 1 1 1 1 2 1 1 1 1 2 1 1 1 1 1 1 2 2 1 1 1 1 1 2 1 1 1 2 1 1 1 1 1 1
left_child=3 2 31 8 12 21 37 15 11 40 32 39 20 41 19 -6 17 36 -10 -12 -5 42 24 -13 60 27 -27 30 29 -29 -14 -2 33 -7 35 -35 -16 54 -39 -1 -8 -11 -3 -9 -41 46 -23 48 -47 50 -48 -44 -53 -54 -4 -15 -57 -34 59 -40 -20 -62
right_child=1 5 6 4 7 10 9 43 18 13 14 23 25 55 16 -17 -18 -19 22 -21 -22 45 -24 -25 -26 26 -28 28 -30 -31 -32 -33 57 34 -36 -37 -38 38 58 44 -42 -43 51 -45 -46 47 49 -49 -50 -51 -52 52 53 -55 -56 56 -58 -59 -60 -61 61 -63
leaf_value=-226.59248196087876 -445.79732591030984 775.39417930123602 -263.03009700693332 -277.57934954225533 -219.27932580328417 -522.46992350001028 -9.9468570333861877 -430.04792693602997 -546.9747356515312 -430.42886790171946 -35.063674525108503 -291.06769342978572 -205.12525840054514 -259.12849919889396 278.6150755585237 -309.25311334067192 -106.88021216429989 99.870870018091964 -306.83642984979178 -217.94614524988103 -87.812335174419431 -542.02185640093501 -471.06952984824056 -350.85796763868842 -421.77265571293685 -393.98030843684575 -322.52149122931684 1296.3780025774213 -237.36688718445021 6.4926469565284171 -336.12875351511434 -515.23392128064256 -76.550221238372359 645.19495832516554 -421.66922473395755 -271.64567286970998 4112.5141102723364 320.37586556824829 378.57639690995205 -422.73258758103242 -206.72170468516163 -342.3913638334638 0.50927475632634012 -449.03610169531044 15.153222646125679 144.26318617267825 3263.280603967477 194.25303474068934 -221.8120992804281 -439.93255598805877 -243.84611612682568 -2228.0178441064504 148319.82638525279 3472.3777921595147 -84.799807472010073 -274.05012887205248 -140.51165304746755 -321.17557077384919 -227.73156082259959 -75.8683064693425 -94.191044156654428 -289.47158503026657
leaf_weight=84140 382478 370197 481590 232808 384321 263926 357100 692924 650618 389815 787464 228191 229980 804896 33266 488149 282058 139388 141856 926498 347219 129287 1028678 246361 717079 312053 366888 19507 81545 35227 313407 889818 391463 55866 219577 90442 65675 147566 52177 16856 537187 456797 379027 1347525 100661 280590 31681 821165 420284 76831 31599 7141 5973 7316 612552 491236 531475 584004 170581 63807 83281 82483
leaf_count=84140 382478 370197 481590 232808 384321 263926 357100 692924 650618 389815 787464 228191 229980 804896 33266 488149 282058 139388 141856 926498 347219 129287 1028678 246361 717079 312053 366888 19507 81545 35227 313407 889818 391463 55866 219577 90442 65675 147566 52177 16856 537187 456797 379027 1347525 100661 280590 31681 821165 420284 76831 31599 7141 5973 7316 612552 491236 531475 584004 170581 63807 83281 82483
internal_value=-0.00014654 -7.59284e-05 -0.000123579 -0.000256078 -0.000219089 -2.85134e-05 -9.75196e-05 -0.000259673 -0.000309168 -0.000119939 -5.76257e-05 -0.000236246 -0.000158108 -0.000140436 -3.03325e-05 -0.000191336 3.23927e-05 0.00010672 -0.000327402 -4.93769e-05 -9.657e-05 1.51324e-05 -0.000310799 -0.000285903 -0.000277883 -0.000184382 -0.000223536 -0.000145264 -3.69788e-05 0.000159525 -0.000172425 -0.00022797 -9.56147e-05 -0.000138859 -8.92123e-05 1.56923e-05 0.000229223 -4.51724e-05 1.10213e-05 -0.000119403 -5.86417e-05 -0.000188464 6.0707e-05 -0.000288894 -3.79355e-05 -4.44763e-06 -7.73906e-05 8.46314e-06 -2.91584e-05 9.59576e-06 0.000131301 1.5575e-05 0.000292952 0.000560607 -6.74688e-05 -0.000118189 -9.19664e-05 -6.76938e-05 -4.37315e-05 4.66236e-05 -0.000208406 -0.000141952
internal_weight=2.10016e+07 1.27698e+07 6.36908e+06 8.23176e+06 4.85155e+06 6.40072e+06 5.09678e+06 2.91292e+06 3.3802e+06 3.56851e+06 3.83963e+06 676209 1.93863e+06 2.67422e+06 2.23435e+06 872470 520387 238329 2.704e+06 1.71396e+06 580027 2.56109e+06 2.05338e+06 474552 1.0247e+06 1.35861e+06 678941 679666 136279 54734 543387 1.2723e+06 1.60528e+06 629811 365885 146308 98941 1.52827e+06 434131 201657 894287 846612 769654 2.04045e+06 117517 1.79144e+06 269398 1.52204e+06 700874 140111 63280 399457 20430 13289 1.09414e+06 1.82761e+06 1.02271e+06 975467 286565 115984 307620 165764
internal_count=21001550 12769793 6369075 8231757 4851553 6400718 5096779 2912919 3380204 3568506 3839627 676209 1938634 2674219 2234349 872470 520387 238329 2703995 1713962 580027 2561091 2053377 474552 1024699 1358607 678941 679666 136279 54734 543387 1272296 1605278 629811 365885 146308 98941 1528273 434131 201657 894287 846612 769654 2040449 117517 1791437 269398 1522039 700874 140111 63280 399457 20430 13289 1094142 1827607 1022711 975467 286565 115984 307620 165764
cat_boundaries=0 1 2 3 4 5 7 9 11 13 14 16 17 19 21 22 24 26 28 29 31 32 34 36 38 40 42 44 46 48 49 50 52 53 55 57 59 61 62 64 66 67
cat_threshold=4 18 18 2 2 690859345 76841 2434415661 116456 2070062248 37271 3238693302 167996 17 802478689 85514 2 1223921444 166802 2155770639 198784 550993 427260448 34070 16252952 50958 1580655936 14860 58817 2684882969 32818 114 1208149122 141421 2848198871 9573 374706711 137253 3397816180 209923 1911133031 2268 3243259418 682 3972490075 8469 2569120813 213746 634893 353968 18876580 214210 267342 2181301400 201472 1019299337 142679 646199470 127287 207704101 60110 206997 910164577 115088 689515372 250406 1022338
is_linear=0
shrinkage=0.05


Tree=48
num_leaves=63
num_cat=41
split_feature=0 0 17 0 17 11 17 11 17 17 11 11 2 2 13 0 13 17 13 13 2 13 13 11 17 13 13 13 13 13 17 13 14 0 0 13 17 13 13 13 11 14 13 13 14 0 14 6 14 1 0 13 2 13 14 14 13 2 14 14 14 13
split_gain=62.964 10.8194 7.3667 6.61757 4.75524 2.57747 2.43784 2.32993 1.94217 1.75918 1.58032 1.23567 1.17167 1.15908 1.01305 0.996801 0.985383 0.92039 0.902588 0.889622 0.843576 0.834464 0.82113 0.811841 0.800992 0.905691 0.778051 0.757438 0.710214 0.706402 0.705125 1.1622 0.760698 0.705177 0.695278 0.69204 0.687195 0.679383 0.667977 0.667583 0.645241 0.623417 0.622125 0.61983 0.840075 0.596384 0.599244 0.645986 0.569305 0.604154 0.550457 1.06386 0.596966 0.924883 0.653786 0.549349 0.688552 0.544806 0.542788 0.532133 0.530199 0.990869
threshold=12.280593872070314 12.973885536193849 0 11.707505702972414 1 12.279781818389894 2 11.705613613128664 3 4 1.0000000180025095e-35 11.705613613128664 36.500000000000007 24.500000000000004 5 11.088717460632326 6 7 8 9 36.500000000000007 10 11 11.052241802215578 12 13 14 15 16 17 18 19 20 12.955071449279787 13.548122406005861 21 22 23 24 25 12.848263263702394 26 27 28 29 10.909216880798342 30 37.500000000000007 31 85848.738281250015 13.950327873229982 32 2.5000000000000004 33 34 35 36 21.500000000000004 37 38 39 40
decision_type=2 2 1 2 1 2 1 2 1 1 2 2 2 2 1 2 1 1 1 1 2 1 1 2 1 1 1 1 1 1 1 1 1 2 2 1 1 1 1 1 2 1 1 1 1 2 1 2 1 2 2 1 2 1 1 1 1 2 1 1 1 1
left_child=3 2 27 8 11 30 20 14 10 12 35 18 26 50 36 -10 -14 23 -5 40 42 -22 -12 38 28 -26 -7 59 -13 -9 -4 -32 33 -33 37 -1 -6 55 -17 -25 -11 -40 -3 -36 -45 -37 47 -47 -23 -50 52 60 53 54 -8 56 -15 -21 -28 -2 61 -52
right_child=1 6 5 4 7 9 13 29 15 19 22 24 16 34 -16 17 -18 -19 -20 57 21 48 -24 39 25 -27 58 -29 -30 -31 31 32 -34 -35 43 45 -38 -39 41 -41 -42 -43 -44 44 -46 46 -48 -49 49 -51 51 -53 -54 -55 -56 -57 -58 -59 -60 -61 -62 -63
leaf_value=-216.75538267056638 -306.919197911136 -451.54419158767018 -21.391316469849698 -263.70038206514255 -141.207885394915 -338.41376037296652 879.6249957686764 -404.96459413150046 -519.62599886895464 -260.66518813963273 -276.51430875829647 -298.99082468341129 -145.74425280493125 1519.1465563557115 -296.16049296431009 -290.21414909816411 45.76735038665538 -447.51605335582866 -83.421718415698351 -414.81959090564015 -374.49068107272649 488.23521380372551 -333.31506925675404 -361.11707122325589 -377.93072038368774 -303.61003853965593 -65.008104337833586 -491.33412845685308 -179.53937418053977 -429.6413173630479 -272.23451422025846 95.49200646573388 -145.20698975963023 21277.661765875011 14.827257029393515 -402.36363050996044 -368.49055776146747 -87.242378241484403 -106.99700676333474 -416.8977514972525 -53.03089852473213 -272.74225495864482 -310.29010863610529 -257.73602223467168 1187.0052410655728 72.999295450594971 -118.70584518355261 747.50182418161057 -161.84090326607586 137330.30344497814 62116.629947148525 2250.3991309831376 -130.14400602987735 -783.27507833648315 -403.45601414873965 38.684750596501544 172.87350800186542 -260.65442264517895 -263.52724181147931 -481.1556665784592 -888.40062926653945 -1332.704355960127
leaf_weight=91931 156238 274197 834013 232808 292543 479802 26161 774806 650618 812544 228191 270575 343456 36770 435459 135627 403712 1028678 347219 358290 202007 108194 246361 214018 312193 366748 253855 1001745 409091 1265643 384519 110049 337543 2636 429177 15748 144468 1031840 86309 503061 160368 85684 445474 125585 375662 35691 51568 6719 131642 205 4016 137578 1490021 101923 76908 636117 75055 617868 468769 233323 95850 6681
leaf_count=91931 156238 274197 834013 232808 292543 479802 26161 774806 650618 812544 228191 270575 343456 36770 435459 135627 403712 1028678 347219 358290 202007 108194 246361 214018 312193 366748 253855 1001745 409091 1265643 384519 110049 337543 2636 429177 15748 144468 1031840 86309 503061 160368 85684 445474 125585 375662 35691 51568 6719 131642 205 4016 137578 1490021 101923 76908 636117 75055 617868 468769 233323 95850 6681
internal_value=-0.000144228 -7.47185e-05 -0.000116776 -0.000252057 -0.000214637 -9.1058e-05 -2.4355e-05 -0.000255021 -0.000305766 -0.000113316 -0.000229961 -0.000153956 -7.97321e-05 -8.16668e-06 -0.000186636 -0.000324721 -3.05603e-05 -0.000307633 -9.28633e-05 -0.000146907 -8.91421e-05 -3.47786e-05 -0.000279792 -0.000274077 -0.000180039 -0.000218455 -0.000110287 -0.000219686 -0.00014166 -0.000284263 -3.90585e-05 -7.15455e-05 -1.70216e-05 9.54572e-05 1.29504e-05 -0.000112708 -0.000132843 -5.36029e-06 -0.00020613 -0.000303229 -0.000113067 -0.000140674 -0.000122535 4.79765e-05 8.57379e-05 -2.7912e-05 1.9803e-05 0.000159006 2.82424e-05 -4.15104e-05 -3.76807e-05 3.25146e-05 -4.77906e-05 -0.00012779 -2.21621e-05 3.09236e-05 0.000133121 -0.000180633 -7.75104e-05 -0.000160511 -8.60896e-05 0.000247642
internal_weight=2.10016e+07 1.27698e+07 6.95873e+06 8.23176e+06 4.85155e+06 5.56742e+06 5.81106e+06 2.91292e+06 3.3802e+06 3.89866e+06 676209 1.93863e+06 1.94959e+06 4.64934e+06 872470 2.704e+06 747168 2.05338e+06 580027 1.94907e+06 1.16172e+06 442048 474552 1.0247e+06 1.35861e+06 678941 1.20243e+06 1.39131e+06 679666 2.04045e+06 1.66876e+06 834747 450228 112685 2.71021e+06 201657 437011 1.77978e+06 307620 717079 972912 171993 719671 930424 501247 109726 93978 42410 240041 131847 1.93914e+06 244125 1.69501e+06 204992 103069 747942 111825 976158 722624 389561 106547 10697
internal_count=21001550 12769793 6958730 8231757 4851553 5567424 5811063 2912919 3380204 3898664 676209 1938634 1949594 4649344 872470 2703995 747168 2053377 580027 1949070 1161719 442048 474552 1024699 1358607 678941 1202426 1391306 679666 2040449 1668760 834747 450228 112685 2710206 201657 437011 1779782 307620 717079 972912 171993 719671 930424 501247 109726 93978 42410 240041 131847 1939138 244125 1695013 204992 103069 747942 111825 976158 722624 389561 106547 10697
cat_boundaries=0 1 2 3 4 5 7 9 10 12 14 16 18 19 21 23 25 27 29 30 32 33 35 36 38 40 42 43 45 47 48 49 50 52 54 55 56 58 59 60 61 63
cat_threshold=4 18 4 2 18 695070041 76841 3357306266 140494 17 3238693302 167996 206661307 171474 746962227 74444 802478689 85514 2 1223855908 167826 2780985448 230466 16252952 54022 1652589788 159851 3276813850 698 18 2637777157 92050 133201 2881761495 9573 9 361383336 168398 689515372 250404 68421428 45700 1022338 2199186968 147982 2626093922 143711 33224 678290 566130 3177752073 154657 1769394710 248226 49441 73792 335675392 4364 805379 352660 9 206054400 131073
is_linear=0
shrinkage=0.05


Tree=49
num_leaves=63
num_cat=41
split_feature=0 0 17 17 0 0 11 17 17 11 2 11 2 13 13 17 13 13 11 2 13 14 11 2 13 0 13 13 13 13 13 13 14 17 2 13 13 11 13 13 0 13 14 13 5 16 14 14 13 0 15 14 13 14 15 1 15 13 14 1 14 14
split_gain=61.3304 10.7494 7.43066 6.44393 3.90844 3.15153 2.53173 2.46134 2.2065 2.0784 1.39903 1.13311 1.12802 1.14907 1.08227 1.07444 1.01786 0.997037 0.867314 0.860542 1.09047 0.898022 0.854816 0.8523 0.851384 0.783267 0.980506 0.880631 0.7774 0.775131 0.770292 0.768378 0.749835 0.744969 0.73469 0.762019 0.69231 0.673455 0.75984 0.673137 0.670301 0.729098 0.643749 0.634988 0.626911 0.622413 0.618563 0.611304 0.834025 0.606021 0.594163 0.58705 0.651063 0.586287 0.678156 0.580015 0.574673 0.5657 0.561998 0.753913 0.558979 0.556746
threshold=12.257157325744631 12.973885536193849 0 1 11.341996669769289 11.654356479644777 11.652648448944094 2 3 11.322643756866457 34.500000000000007 12.25605344772339 22.500000000000004 4 5 6 7 8 12.965251922607424 42.500000000000007 9 10 12.25605344772339 32.500000000000007 11 12.616340160369875 12 13 14 15 16 17 18 19 37.500000000000007 20 21 1.0000000180025095e-35 22 23 13.264259815216066 24 25 26 7500.0000000000009 27 28 29 30 12.665114879608156 31 32 33 34 35 6193.8674316406259 36 37 38 55212.890625000007 39 40
decision_type=2 2 1 1 2 2 2 1 1 2 2 2 2 1 1 1 1 1 2 2 1 1 2 2 1 2 1 1 1 1 1 1 1 1 2 1 1 2 1 1 2 1 1 1 2 1 1 1 1 2 1 1 1 1 1 2 1 1 1 2 1 1
left_child=3 2 28 4 37 -5 14 10 18 12 22 16 13 -6 -7 -10 -9 -14 31 40 58 -22 57 36 -13 26 45 32 -2 -25 -24 -3 -27 60 39 -36 -11 38 -1 -20 41 46 44 -8 -37 -12 -17 48 -19 55 -49 52 -18 -15 -55 -26 -23 -4 -21 -60 -16 -59
right_child=1 8 7 5 9 6 43 11 15 23 25 24 17 53 33 19 51 47 34 20 21 56 30 29 49 27 -28 -29 -30 -31 -32 -33 -34 -35 35 42 -38 -39 -40 -41 -42 -43 -44 -45 -46 -47 -48 50 -50 -51 -52 -53 -54 54 -56 -57 -58 61 59 -61 -62 -63
leaf_value=-334.4184218107689 -396.9343390547225 -199.53096805271525 -225.66176006492969 -426.42847536756892 -376.61272952216171 -292.35038641576847 -387.22926983175444 -262.74652194645211 192.89866904567063 -270.53938968857818 306.33317771599468 -303.97491722694616 -182.75734989694558 -331.15543988739159 -196.24830200654998 194.67299727444188 362.64100457030838 541.17580321512457 -308.20535794175595 -269.18699392869166 -62.861790183198174 1284.7962613410361 -336.59141762398832 -256.46946246101669 -159.60538967524775 -43.708848063626647 -147.07263879609965 -81.179867570763975 -464.96868931160861 -176.63355507103662 -201.37533980153495 92.901183841549255 539.48044532948336 -348.3861307734773 -540.02565444022446 -43.280736447992972 -354.04033266046918 -418.14225675140119 -219.39728461012311 -498.40060973929241 -66.804776676095216 -269.38483300686715 -335.46505720434362 -413.65778614194681 1679.3276827227237 -88.935848034983152 -201.19024459035211 197.68539971902283 6.543420405256291 -163.30005622229493 -213.51703582176089 -158.93541196556473 -58.105477499116027 155.41343929550095 -245.40553461362325 -328.67338456166459 268.73771257660337 432.76830632233344 4.3295851270275305 70662.574769624669 -69.325779976390365 -101.75487871330989
leaf_weight=86283 431639 167997 241107 1831771 118160 409523 580566 380121 1161366 258636 84816 928423 218206 79818 112655 156159 57006 41823 187572 185516 200378 123795 540851 388221 197115 89078 445480 325613 1007255 422143 635341 180566 166256 159698 94325 60461 734456 433909 99868 329788 1530930 658253 100495 1498952 40515 89519 154688 32201 85887 446743 96260 337517 88141 40707 57035 443266 248651 78423 228236 1372 208414 181585
leaf_count=86283 431639 167997 241107 1831771 118160 409523 580566 380121 1161366 258636 84816 928423 218206 79818 112655 156159 57006 41823 187572 185516 200378 123795 540851 388221 197115 89078 445480 325613 1007255 422143 635341 180566 166256 159698 94325 60461 734456 433909 99868 329788 1530930 658253 100495 1498952 40515 89519 154688 32201 85887 446743 96260 337517 88141 40707 57035 443266 248651 78423 228236 1372 208414 181585
internal_value=-0.000141376 -7.43846e-05 -0.000115234 -0.000250356 -0.000195313 -0.000286965 -0.000255152 -8.98299e-05 -2.38044e-05 -0.000168163 -5.71329e-05 -0.000122524 -9.94006e-05 -0.000176044 -0.000184597 -8.40327e-06 -7.45749e-05 -5.1622e-05 -8.54407e-05 -2.22728e-05 1.72342e-05 6.19521e-05 -8.66286e-05 -0.000197525 -0.000143049 -1.59319e-05 -5.5028e-05 2.57799e-05 -0.000216864 -0.000159474 -0.000109927 -1.94551e-05 9.52955e-05 -0.000133707 -0.000113727 -5.08724e-05 -0.000228575 -0.000308002 -0.000228446 -0.000149663 -3.78851e-05 -7.04257e-05 4.04304e-06 -0.000285358 9.32015e-05 4.54993e-05 -7.31318e-06 1.52807e-05 9.27424e-05 -0.000113014 -6.17294e-05 -2.63776e-05 5.7707e-05 -9.56238e-05 -1.35133e-05 -0.000144196 0.000107871 -3.19433e-05 -4.44719e-05 7.82216e-06 -8.98045e-05 1.92145e-05
internal_weight=2.10016e+07 1.30064e+07 7.1953e+06 7.99519e+06 3.19361e+06 4.80158e+06 2.96981e+06 5.7564e+06 5.81106e+06 2.57355e+06 2.87807e+06 2.87833e+06 770097 295720 890290 4.64934e+06 862785 474377 1.16172e+06 3.48798e+06 987948 572824 1.67731e+06 1.80346e+06 2.01555e+06 1.20076e+06 619815 580947 1.43889e+06 810364 1.17619e+06 348563 255334 480767 813156 295796 993092 620060 186151 517360 2.50003e+06 969100 201471 2.07952e+06 100976 174335 310847 256171 127710 1.08712e+06 128461 482664 145147 177560 97742 640381 372446 501115 415124 229608 321069 260008
internal_count=21001550 13006358 7195295 7995192 3193613 4801579 2969808 5756401 5811063 2573553 2878069 2878332 770097 295720 890290 4649344 862785 474377 1161719 3487978 987948 572824 1677307 1803456 2015547 1200762 619815 580947 1438894 810364 1176192 348563 255334 480767 813156 295796 993092 620060 186151 517360 2500030 969100 201471 2079518 100976 174335 310847 256171 127710 1087124 128461 482664 145147 177560 97742 640381 372446 501115 415124 229608 321069 260008
cat_boundaries=0 1 2 3 4 6 8 9 11 13 15 16 18 20 22 24 26 28 30 31 32 34 36 38 40 42 43 45 46 47 48 50 51 52 54 55 56 57 59 60 61 62
cat_threshold=4 18 18 4 3509078679 5180 3293794956 184790 2 490293509 92050 3381627366 229413 785452870 143412 598448 1940822340 90637 148934662 39433 3080028905 75779 1089994776 21318 1105303240 239066 2778890093 99330 2903571090 256013 140466 9 472130873 73824 307784 116228 815408374 49615 1006706727 44369 1640049920 34600 299898 2299541016 650 49 231346 325860 34623489 1050 98 133233 1077940274 163853 97384 803 3330 1017472076 142879 445193 659912 544905
is_linear=0
shrinkage=0.05


Tree=50
num_leaves=63
num_cat=38
split_feature=0 0 17 0 17 11 11 17 17 17 11 11 2 2 2 0 17 13 13 11 13 13 13 0 13 13 11 13 13 2 13 15 14 0 13 13 1 13 0 13 17 14 13 14 13 2 1 13 13 13 14 6 15 1 14 0 13 13 14 14 2 13
split_gain=59.8932 9.56879 7.0519 6.69963 4.57877 2.30171 2.22304 2.18823 2.113 1.6558 1.60176 1.40526 1.37817 1.19739 1.13367 1.07774 1.06007 0.974336 0.927617 0.926552 0.824346 0.791703 0.739141 0.730491 0.712755 0.709871 0.835167 0.692552 0.679431 0.674346 0.660961 0.643289 1.4027 0.637286 0.63114 0.624839 0.622031 1.03863 0.622027 0.702017 0.617259 0.616739 0.614052 0.614161 0.591686 0.714904 1.15721 0.587247 0.581533 0.568331 0.614084 2.34069 0.561433 0.783805 0.550253 0.543536 0.879461 0.540155 0.526758 0.516906 0.511819 1.00044
threshold=12.280593872070314 12.973885536193849 0 11.707505702972414 1 11.705613613128664 12.279781818389894 2 3 4 1.0000000180025095e-35 12.965251922607424 32.500000000000007 37.500000000000007 24.500000000000004 11.088717460632326 5 6 7 11.052241802215578 8 9 10 11.088717460632326 11 12 12.86552143096924 13 14 35.500000000000007 15 16 17 13.548122406005861 18 19 153767.46875000003 20 13.447151660919191 21 22 23 24 25 26 36.500000000000007 2964.889526367188 27 28 29 30 3.5000000000000004 31 10928.214355468752 32 12.665114879608156 33 34 35 36 36.500000000000007 37
decision_type=2 2 1 2 1 2 2 1 1 1 2 2 2 2 2 2 1 1 1 2 1 1 1 2 1 1 2 1 1 2 1 1 1 2 1 1 2 1 2 1 1 1 1 1 1 2 2 1 1 1 1 2 1 2 1 2 1 1 1 1 2 1
left_child=3 2 22 7 12 17 29 10 33 60 23 20 18 38 55 -9 19 40 -5 42 -10 -12 58 49 -21 -16 -27 -14 -7 34 31 32 -15 36 -4 52 -3 -38 39 54 -6 48 43 -17 45 -25 -47 -40 -39 50 51 -1 -31 -54 -13 -11 -57 -35 -2 -42 -8 -62
right_child=1 8 6 4 5 28 9 15 11 14 21 13 27 30 25 16 -18 -19 -20 24 -22 -23 -24 44 -26 26 -28 -29 -30 35 -32 -33 -34 57 -36 -37 37 41 47 -41 59 -43 -44 -45 -46 46 -48 -49 -50 -51 -52 -53 53 -55 -56 56 -58 -59 -60 -61 61 -63
leaf_value=22975.175435415822 -286.17295665480725 -26.446594578152958 -276.95788052423842 -342.35894563060248 -40.569351500223092 -365.14494567061683 -210.9346223898072 -474.13615201638288 -187.23883570234963 -343.81581100567149 -239.98906539551956 -580.9308461535785 -93.666015747463462 -375.91464401943381 -229.39421865136757 -256.4341679111123 -404.44160540099796 -258.30027869997485 -268.77382241947493 -324.27942033101499 100.02724794986571 -301.05528393562309 -447.16694213762514 -80.48592692958573 -381.52324087707552 -182.21688832960444 147.71026057669806 -205.9779033412251 -387.10038224002051 -52.190857631873229 -231.02292088468604 -50.117594658754754 2737.1651333585705 -75.505892803399192 -109.23501406261204 -61.358047605997854 -850.86844579993488 7084.262643535405 -426.34184698213357 -469.90448742637454 -133.11772068280138 -597.16766774307439 -247.55412454569887 -113.54398246309448 -146.59109968426668 247.68724117133954 4849.6047307571807 -124.14403335386379 -44.473737023027212 -359.3615365059743 -224.84577980458198 41.007073555344192 299.31889794805755 23626.580907337928 -216.20876956756112 -97.411421412890931 -339.83665586098761 465.51742249420641 -438.90068800675994 -271.41901860228171 210.07130012649324 -106.04846820157741
leaf_weight=255 184978 2169013 279338 493238 117253 734166 602298 650618 294596 697720 190435 67890 417045 22425 818464 40290 1028678 523323 574414 271261 402670 284117 862589 36219 445818 759259 125259 453937 1306283 111062 296357 248170 27179 431700 720372 401719 50928 10131 185628 318882 81981 46253 172746 94584 94513 21998 337 255925 14635 24219 21890 2226 155394 875 203710 176283 345432 764971 343739 149913 179709 194240
leaf_count=255 184978 2169013 279338 493238 117253 734166 602298 650618 294596 697720 190435 67890 417045 22425 818464 40290 1028678 523323 574414 271261 402670 284117 862589 36219 445818 759259 125259 453937 1306283 111062 296357 248170 27179 431700 720372 401719 50928 10131 185628 318882 81981 46253 172746 94584 94513 21998 337 255925 14635 24219 21890 2226 155394 875 203710 176283 345432 764971 343739 149913 179709 194240
internal_value=-0.000138867 -7.10732e-05 -0.000110625 -0.000244034 -0.000206382 -0.000246009 -8.5463e-05 -0.000298074 -2.37097e-05 -0.000106134 -0.000217613 -6.06492e-05 -0.000146838 -8.61119e-05 -0.000124967 -0.000318193 -0.000300426 -0.00017804 -0.000184916 -0.000264416 -1.2659e-06 -0.000267781 -0.000211312 -9.95671e-05 -0.000295559 -9.86154e-05 -6.75598e-05 -0.000100163 -0.000275074 -3.71708e-05 -2.95646e-05 2.30474e-05 0.000187407 8.99222e-07 -6.31728e-05 1.68197e-06 -1.4548e-05 -0.000124427 -0.000118666 -0.000152233 -0.00011334 -8.37209e-07 -0.000191827 -0.000111851 -4.595e-05 7.89398e-05 0.000301433 -7.37766e-05 0.000200477 -0.00026847 -9.78421e-05 0.000646127 6.09133e-05 0.000121997 -9.31478e-05 -0.000161769 -0.000123165 3.04721e-05 -0.000164751 -0.000160613 -4.97544e-05 -3.80887e-06
internal_weight=2.10016e+07 1.27698e+07 6.95873e+06 8.23176e+06 4.85155e+06 2.91292e+06 5.56742e+06 3.3802e+06 5.81106e+06 3.89866e+06 676209 2.32343e+06 1.93863e+06 1.62617e+06 2.92242e+06 2.704e+06 2.05338e+06 872470 1.06765e+06 1.0247e+06 697266 474552 1.39131e+06 201657 717079 1.70298e+06 884518 870982 2.04045e+06 1.66876e+06 594131 297774 49604 3.48763e+06 999710 669050 2.29096e+06 121947 1.03204e+06 590482 349147 71019 307620 134874 153067 58554 22335 441553 24766 48590 24371 2481 267331 156269 271600 1.21944e+06 521715 1.19667e+06 528717 231894 976247 373949
internal_count=21001550 12769793 6958730 8231757 4851553 2912919 5567424 3380204 5811063 3898664 676209 2323432 1938634 1626166 2922417 2703995 2053377 872470 1067652 1024699 697266 474552 1391306 201657 717079 1702982 884518 870982 2040449 1668760 594131 297774 49604 3487631 999710 669050 2290960 121947 1032035 590482 349147 71019 307620 134874 153067 58554 22335 441553 24766 48590 24371 2481 267331 156269 271600 1219435 521715 1196671 528717 231894 976247 373949
cat_boundaries=0 1 2 3 4 5 6 8 10 12 14 16 18 20 22 24 26 27 28 30 32 34 36 37 38 40 41 43 45 47 49 50 51 52 54 56 57 58 60
cat_threshold=4 18 2 19 2 17 690859344 76809 3465170357 135632 538618634 240013 802429473 85512 1358430232 55126 68421436 45990 1740396972 90756 2541637721 29281 3243382298 698 2467457492 188171 258 968065 476135428 9754 1422308374 148521 3083341120 70223 1048781926 240080 1 352608 1457706131 2451 16956 1413025288 190986 1108274715 65881 134352925 149664 926021489 201264 320 2849 280712 7932595 65932 2298634576 146707 336276 86069 1066504868 101269
is_linear=0
shrinkage=0.05


Tree=51
num_leaves=63
num_cat=42
split_feature=0 0 17 0 17 17 11 17 11 11 0 2 17 0 11 11 13 13 1 13 2 13 13 2 13 13 13 17 13 2 14 13 14 13 2 13 0 0 13 13 13 14 17 13 13 17 16 13 13 13 14 6 14 14 15 13 14 13 14 14 11 13
split_gain=57.9969 8.99134 7.30245 6.93184 4.52662 2.29981 2.28334 1.92103 1.90322 1.53346 1.47533 1.44088 1.14641 1.12947 1.08707 0.996154 0.953072 0.89093 0.886241 1.06988 0.779346 0.769438 0.768494 0.756314 1.01614 0.801936 0.746916 0.718111 0.910527 0.714219 0.71392 0.709531 0.706703 0.693514 0.693277 0.688117 0.87442 0.687808 0.685366 0.662874 0.650344 0.643463 0.632671 0.60079 0.60011 0.599705 0.594619 0.594606 0.583035 0.578047 0.780558 2.16961 0.575971 0.570477 0.68252 0.761946 0.57037 0.563572 0.562334 0.560651 0.554631 0.809605
threshold=12.280593872070314 13.00260639190674 0 11.707505702972414 1 2 11.705613613128664 3 12.279781818389894 1.0000000180025095e-35 12.616340160369875 32.500000000000007 4 11.157345771789553 11.122245311737062 12.994016170501711 5 6 13427.647949218752 7 33.500000000000007 8 9 36.500000000000007 10 11 12 13 14 38.500000000000007 15 16 17 18 22.500000000000004 19 12.839023113250734 11.088717460632326 20 21 22 23 24 25 26 27 28 29 30 31 32 3.5000000000000004 33 34 35 36 37 38 39 40 13.135715961456301 41
decision_type=2 2 1 2 1 1 2 1 2 2 2 2 1 2 2 2 1 1 2 1 2 1 1 2 1 1 1 1 1 2 1 1 1 1 2 1 2 2 1 1 1 1 1 1 1 1 1 1 1 1 1 2 1 1 1 1 1 1 1 1 2 1
left_child=3 2 10 5 11 9 16 20 26 37 18 17 33 -7 42 -9 45 -5 27 -20 38 41 -11 24 46 -25 29 28 59 52 -30 -29 -26 -10 44 36 -31 49 -3 -8 -13 47 48 -14 -17 -6 58 -22 56 -1 51 -51 -4 54 -23 -56 -15 -44 -12 -2 61 -55
right_child=1 7 8 4 6 13 39 15 12 22 23 40 43 14 -16 34 -18 -19 19 -21 21 53 -24 25 32 -27 -28 31 30 35 -32 -33 -34 -35 -36 -37 -38 -39 -40 -41 -42 -43 57 -45 -46 -47 -48 -49 -50 50 -52 -53 -54 60 55 -57 -58 -59 -60 -61 -62 -63
leaf_value=-342.09781006917819 -279.92710739211145 -139.98983917411383 -76.034883958306821 -247.14487838141051 -106.94057032438796 -442.75670019537552 -345.42882225490507 152.15757749394544 -197.50685917494212 -226.34696272396525 399.23722616459713 -201.91258537002761 -422.39292776110597 -223.10312159667157 -396.24270515232604 -286.19020496601445 -252.62326404413412 -326.55994944591549 -199.37553147052807 -381.8424752433981 -494.47087751003346 373.09533829376454 -286.00837191089835 -139.61400255329937 -144.80095739639401 98.058876352617517 -258.18096013068225 -90.701551416362065 269.90631271227033 93.638038164948924 -109.085075605295 -228.18089883583963 -321.3169748741484 -298.99809789031099 -12.791560537667102 -76.249285439559443 3659.1222751534074 -60.787179113401002 -442.78274238010931 -367.15111615954976 -96.759256923933577 -477.54077475669328 -225.00849673828282 -476.18517847244379 -84.408870036288874 -323.52028237660761 -147.21788637499193 147.83653806535659 -235.84350078786321 21826.416663645032 -215.12301262885268 18.924330361031206 -316.13020165410364 2632.538925336733 332.00223286307374 -598.51335726111108 -67.941824702449892 -284.81457475197277 -7.8814718217876365 -35.912880982601926 8.4732782530889388 78.505554126005165
leaf_weight=23312 99020 228639 120464 531990 256899 781501 652130 1336225 364553 180832 76654 401637 424437 56968 1346776 500227 488149 535662 259718 388572 28425 41803 293720 343494 372913 513571 449301 364318 129123 43153 130767 596449 371990 646156 1921528 90657 11329 153067 405198 1388319 469345 98610 99057 584268 691942 127422 413922 71867 144295 261 22731 2286 149481 27670 20689 63015 86430 188968 142876 121212 86508 39049
leaf_count=23312 99020 228639 120464 531990 256899 781501 652130 1336225 364553 180832 76654 401637 424437 56968 1346776 500227 488149 535662 259718 388572 28425 41803 293720 343494 372913 513571 449301 364318 129123 43153 130767 596449 371990 646156 1921528 90657 11329 153067 405198 1388319 469345 98610 99057 584268 691942 127422 413922 71867 144295 261 22731 2286 149481 27670 20689 63015 86430 188968 142876 121212 86508 39049
internal_value=-0.000135874 -6.91625e-05 -0.000106015 -0.000239363 -0.000201064 -0.000294331 -0.000240465 -2.13966e-05 -0.000167642 -0.000211846 -6.49186e-05 -0.00014186 -0.000194218 -0.000314957 -0.000294355 -6.70996e-06 -0.000172768 -0.000180794 -9.51276e-05 -0.000143678 -8.01955e-05 -3.19653e-05 -0.000260932 -3.66861e-05 -5.96195e-05 1.95911e-07 -0.000105557 -7.32838e-05 -2.33494e-05 -5.71962e-05 4.00351e-05 -9.82362e-05 -9.92078e-05 -0.000156576 -2.22074e-05 3.22489e-05 0.000172668 -9.63438e-05 -0.000116541 -0.000269413 -9.41358e-05 -0.000107087 -0.00023685 -0.000231931 -5.21603e-05 -0.000113861 -1.30642e-05 -1.79054e-05 -0.000184379 -0.000260238 -9.44712e-05 0.000733868 -0.000105289 2.1644e-05 -5.73902e-05 -0.000139785 -0.000112957 -0.000289244 5.34532e-05 -9.81461e-05 8.63797e-05 0.000194705
internal_weight=2.10016e+07 1.27698e+07 7.2084e+06 8.23176e+06 4.85155e+06 3.3802e+06 2.91292e+06 5.5614e+06 2.8838e+06 676209 4.3246e+06 1.93863e+06 2.01941e+06 2.704e+06 1.92249e+06 4.44992e+06 872470 1.06765e+06 2.08918e+06 648290 1.11147e+06 477636 474552 2.23542e+06 1.37836e+06 857065 864385 1.44089e+06 480122 415084 259890 960767 744903 1.01071e+06 3.1137e+06 145139 54482 201657 633837 2.04045e+06 870982 198902 575718 1.0087e+06 1.19217e+06 384321 633452 100292 287693 48590 25278 2547 269945 278734 125507 83704 143398 288025 219530 220232 153227 66719
internal_count=21001550 12769793 7208398 8231757 4851553 3380204 2912919 5561395 2883799 676209 4324599 1938634 2019414 2703995 1922494 4449922 872470 1067652 2089179 648290 1111473 477636 474552 2235420 1378355 857065 864385 1440889 480122 415084 259890 960767 744903 1010709 3113697 145139 54482 201657 633837 2040449 870982 198902 575718 1008705 1192169 384321 633452 100292 287693 48590 25278 2547 269945 278734 125507 83704 143398 288025 219530 220232 153227 66719
cat_boundaries=0 1 2 3 4 5 7 9 11 13 15 17 19 21 22 24 25 27 28 30 32 34 36 38 39 40 42 44 45 46 48 50 52 53 54 55 56 58 59 61 62 63 65
cat_threshold=19 18 2 4 8 690859345 76841 829796938 126501 369434843 152777 3401888787 74332 802429473 83464 406372722 29685 2281712990 37852 1926660894 17471 2 873096513 206334 316774 2823423574 102698 57001 1279272595 166306 574652946 17 1858146611 10320 3239056922 698 1753328804 232862 42846 17 1156055128 194396 3559703384 137494 9 100 40976 8768 1587729814 10651 3368945798 60879 320 411256 138893 1410 70254596 33920 26172 1326489958 4614 142420 472210 285214956 133408
is_linear=0
shrinkage=0.05


Tree=52
num_leaves=63
num_cat=40
split_feature=0 0 0 17 17 17 11 17 11 11 2 11 2 0 2 17 13 13 11 0 13 17 2 11 13 13 13 17 13 13 13 14 13 13 0 17 11 13 13 13 13 13 6 14 14 13 13 13 1 14 13 14 14 0 13 13 1 13 0 13 15 14
split_gain=56.4398 8.94708 6.62525 5.64555 4.38046 3.1766 2.36453 2.3304 1.65768 1.40651 1.28428 1.1998 1.1826 1.14805 1.14569 1.01806 1.09621 0.963583 0.889679 0.88708 0.884596 0.802186 0.799642 0.790548 1.15816 0.825961 0.787069 0.780124 0.773833 0.765778 0.763207 0.749441 0.746913 0.737988 0.736389 0.727177 0.700695 1.05673 0.774883 0.681904 0.67629 0.664653 0.686491 1.05502 0.645234 0.640999 0.62616 0.622789 0.62065 0.698463 0.734796 0.620617 0.620046 0.619687 0.701283 0.652148 0.618448 0.851122 0.596329 0.957306 0.595663 0.586044
threshold=12.257157325744631 12.864533424377443 11.707505702972414 0 1 2 11.705613613128664 3 12.25605344772339 1.0000000180025095e-35 24.500000000000004 1.0000000180025095e-35 30.500000000000004 13.357542037963869 21.500000000000004 4 5 6 12.891343593597414 11.270053863525392 7 8 30.500000000000004 11.705613613128664 9 10 11 12 13 14 15 16 17 18 10.777470111846926 19 12.857064723968508 20 21 22 23 24 34.500000000000007 25 26 27 28 29 10219.785156250002 30 31 32 33 12.029485225677492 34 35 3942.836303710938 36 13.227429866790773 37 38 39
decision_type=2 2 2 1 1 1 2 1 2 2 2 2 2 2 2 1 1 1 2 2 1 1 2 2 1 1 1 1 1 1 1 1 1 1 2 1 2 1 1 1 1 1 2 1 1 1 1 1 2 1 1 1 1 2 1 1 2 1 2 1 1 1
left_child=2 3 7 14 12 13 15 9 47 34 58 19 17 36 30 16 56 -4 39 -9 -17 22 33 24 -14 -25 -11 28 -16 31 -2 -24 44 -10 -1 53 37 -3 -38 51 -21 42 -36 -44 46 52 -29 -5 49 50 -49 -12 -23 55 -55 -8 57 -6 59 -7 -51 -39
right_child=1 5 4 8 6 10 35 11 21 26 18 -13 23 -15 27 20 -18 -19 -20 40 -22 45 29 25 -26 -27 -28 32 -30 -31 -32 -33 -34 -35 41 -37 38 61 -40 -41 -42 -43 43 -45 -46 -47 -48 48 -50 60 -52 -53 -54 54 -56 -57 -58 -59 -60 -61 -62 -63
leaf_value=-458.12452403593437 -329.24490465093692 -326.76048193235079 -235.76667806973038 -248.58572731312199 227.02308792714086 -341.96228491403383 -342.14728336156986 -335.30235677231627 -210.59400534286362 -215.02961458776701 887.93070347788262 -399.62696409945295 135.50472440734848 -142.01519200488815 90.206015579991444 -375.44090826081538 -204.41816890683896 -325.80040373858287 -33.465295682330996 -238.93894110367111 -266.42448050640485 -271.58993350109307 -282.67881267146055 -253.45474733693683 -163.57555991919071 -150.60991538855288 -271.70795331535345 522.07367581687106 -104.32050501499955 -242.2562994101325 -194.12685733238115 21.984469101790094 -194.63846927089219 -375.65470476345308 -19.888514872150747 -450.48609088800316 -498.7059522050713 341.68867118253621 -372.96557283802935 41.004326724266143 -202.37174222519451 -138.14381174623068 1084.657042482552 18.479172064770392 -121.96823240838749 -445.77200401220011 27.012831956574885 -144.3106272873537 -317.0142183798751 31.055326393791258 473.45242636276816 180.92776174085594 -438.04319849855403 -209.70286212971789 -315.92829116338601 -285.72196691325263 -164.93180727596319 -74.090837885231124 -73.429906668328428 -107.59760091535937 -275.81689427138809 -118.25895241390646
leaf_weight=19455 572101 87973 474729 342006 37954 401660 290648 313771 125713 180832 198220 1892699 115420 596276 375653 115446 277604 479542 2141714 237966 159434 97822 49276 186768 150621 437092 293720 18531 407997 218748 791816 151672 879653 323569 42640 647762 182095 50119 353357 538202 259559 127445 4952 7165 482499 587935 189501 32237 185861 64102 54348 297795 180066 206004 395988 400228 191274 48474 1271181 599343 64154 93163
leaf_count=19455 572101 87973 474729 342006 37954 401660 290648 313771 125713 180832 198220 1892699 115420 596276 375653 115446 277604 479542 2141714 237966 159434 97822 49276 186768 150621 437092 293720 18531 407997 218748 791816 151672 879653 323569 42640 647762 182095 50119 353357 538202 259559 127445 4952 7165 482499 587935 189501 32237 185861 64102 54348 297795 180066 206004 395988 400228 191274 48474 1271181 599343 64154 93163
internal_value=-0.00013301 -6.87451e-05 -0.000237554 -0.000112227 -0.000198601 -2.91944e-05 -0.000238343 -0.000290737 -0.000170696 -0.000207705 -1.21152e-05 -0.0003115 -0.000138888 -9.74626e-05 -7.32628e-05 -0.000167725 -0.00012876 -0.000177554 8.41832e-06 -0.000260629 -0.000246425 -0.000197458 -0.00016351 -9.74267e-05 -2.52607e-05 -0.000128201 -0.000254716 -5.21345e-05 -1.13884e-05 -0.000113887 -0.000109727 -4.34116e-05 -7.24695e-05 -0.00020987 -9.70876e-05 -0.000268554 -0.000137932 -6.51981e-05 -0.000169344 4.65009e-05 -0.000219109 -6.5866e-05 7.98204e-05 0.000411942 -3.35464e-05 -0.000231524 4.00597e-05 -0.00010819 -6.58847e-05 -8.00777e-06 0.00010171 8.87914e-05 -0.000168925 -0.000246878 -0.000209796 -0.000279193 -5.8517e-05 5.24835e-05 -4.08158e-05 -6.96811e-05 -8.2079e-05 1.8557e-05
internal_weight=2.10016e+07 1.30064e+07 7.99519e+06 6.19526e+06 4.61499e+06 6.8111e+06 2.77082e+06 3.3802e+06 2.47751e+06 676209 5.44812e+06 2.704e+06 1.84417e+06 1.36298e+06 3.71775e+06 830186 555306 954271 3.17593e+06 811296 274880 1.7348e+06 868978 889901 266041 623860 474552 2.35383e+06 783650 419696 1.36392e+06 200948 1.57018e+06 449282 201657 1.94063e+06 766707 231255 535452 1.03422e+06 497525 182202 54757 12117 690531 865823 208032 742708 400702 214841 86585 496015 277888 1.29287e+06 601992 690876 277702 86428 2.27218e+06 1.001e+06 128256 143282
internal_count=21001550 13006358 7995192 6195260 4614988 6811098 2770816 3380204 2477509 676209 5448115 2703995 1844172 1362983 3717751 830186 555306 954271 3175931 811296 274880 1734801 868978 889901 266041 623860 474552 2353834 783650 419696 1363917 200948 1570184 449282 201657 1940630 766707 231255 535452 1034217 497525 182202 54757 12117 690531 865823 208032 742708 400702 214841 86585 496015 277888 1292868 601992 690876 277702 86428 2272184 1001003 128256 143282
cat_boundaries=0 1 2 3 4 5 7 9 11 12 14 16 18 19 21 23 25 26 28 30 31 33 35 37 39 41 42 43 45 46 48 49 51 52 53 55 57 59 61 62 63
cat_threshold=19 18 4 2 9 2611768656 241161 821409352 118317 2526695956 168777 8 324293401 26326 1119977672 140302 802429473 83464 2 534090268 168501 3367054908 167338 2845972228 169487 135306 2425517635 88425 671109779 6800 9 2836443654 189468 4054064393 97 2104071393 148533 2704091801 251180 338759176 229898 20950 412704 1080576072 157508 139264 3171503345 111264 144474 1074790658 1358 792085 327893 2739585043 74274 2873838691 221188 279445568 141833 3694545856 68676 1866 281126
is_linear=0
shrinkage=0.05


Tree=53
num_leaves=63
num_cat=44
split_feature=0 0 0 17 17 11 17 11 11 17 17 11 0 0 13 2 13 13 13 17 2 17 13 13 2 13 13 0 13 13 13 17 13 13 15 2 13 14 14 15 15 13 13 14 11 17 13 14 13 13 13 11 13 13 14 0 13 11 13 14 13 15
split_gain=54.505 9.02496 6.46636 6.3096 6.06499 3.10929 3.04957 1.83336 1.71294 1.38084 1.28879 1.20578 1.12207 1.04813 1.0139 1.01181 0.940572 0.930159 0.857509 0.830391 0.904058 0.816854 0.890091 0.825566 0.810876 0.809416 0.746173 0.736182 1.06579 0.726313 0.700901 0.677341 0.667697 0.659212 0.696678 0.652895 0.649839 0.640187 0.624727 0.623495 0.621557 0.610108 0.608642 0.601298 0.655221 0.598066 1.07494 0.616993 0.918911 0.834706 0.577129 0.57576 0.949146 0.688946 0.557292 0.547267 0.54994 0.527645 0.692271 0.763604 0.757469 0.591702
threshold=12.231351852416994 12.864533424377443 11.320536136627199 0 1 11.298759460449221 2 11.322643756866457 12.230416774749758 3 4 12.230416774749758 13.357542037963869 11.780675888061525 5 16.500000000000004 6 7 8 9 30.500000000000004 10 11 12 13.500000000000002 13 14 13.302617073059084 15 16 17 18 19 20 21 41.500000000000007 22 23 24 25 26 27 28 29 12.60800886154175 30 31 32 33 34 35 12.857064723968508 36 37 38 11.088717460632326 39 12.891343593597414 40 41 42 43
decision_type=2 2 2 1 1 2 1 2 2 1 1 2 2 2 1 2 1 1 1 1 2 1 1 1 2 1 1 2 1 1 1 1 1 1 1 2 1 1 1 1 1 1 1 1 2 1 1 1 1 1 1 2 1 1 1 2 1 2 1 1 1 1
left_child=2 4 55 7 11 9 12 17 45 16 57 36 51 -7 -11 18 -5 -4 43 20 25 22 -9 -23 26 -10 -12 28 54 -22 -21 41 39 34 -29 -24 -2 50 -31 -17 -35 -15 -37 44 -13 47 -47 48 -6 -49 -18 52 -3 -53 -26 56 -1 58 -8 60 -60 -61
right_child=1 6 3 5 8 13 10 21 19 14 24 15 -14 31 -16 32 37 -19 -20 30 29 23 35 -25 27 -27 -28 33 -30 38 -32 -33 -34 40 -36 42 -38 -39 -40 -41 -42 -43 -44 -45 -46 46 -48 49 -50 -51 -52 53 -54 -55 -56 -57 -58 -59 59 61 -62 -63
leaf_value=-388.23593450912841 -156.00713738712321 -355.82206280159812 -32.558908577414336 -98.774035170066966 -210.5151239021514 -367.42950227562409 36.564617299200471 -136.47383341146244 -143.63224815769809 -356.93889782114894 -58.391784130877205 -217.19306778987303 -134.91443240464409 -251.84606085550678 -264.15199764471697 -105.67546492849688 -9.1744137051832695 -181.97382081611815 -346.77461178049708 -370.63023228562088 -260.94171420279054 -315.81801268779418 -257.75360507628142 -264.75388354571771 301.10237425106789 -350.9105186355348 -313.45993413832042 -378.91479036847306 -181.98504148012873 145.58783408359645 -427.48585494584518 -424.53633157348918 -92.939680533116345 -53.706250875398837 51.275337997400499 40.943497313324407 5.2586337545784776 -214.28561782223778 -140.74634170464742 -224.94157050095529 532.36457062742488 -299.88130037302471 -194.19077379112952 -248.55855458133266 425.9782752114815 -161.72775066378782 -316.90868206504786 -65.695039642860507 117.27141832671369 -302.85328718886268 -176.09781458044674 -470.11492701468455 -19.67342436229027 -358.62799073823555 -15.669842834991869 -316.12567325738678 -408.28667583718379 29.576644851780294 3888.9291821443549 803.03215952160099 810.49318270964386 -263.62979226741299
leaf_weight=373527 487369 60375 314568 299214 78168 1011612 195234 439329 102975 157487 439008 74431 596276 347072 216780 388763 69023 436594 415096 343377 174929 281708 305536 592728 70716 364740 514494 222905 902676 39667 558562 541874 1013032 357006 446084 47175 672647 294614 222265 541742 498368 736947 84558 229840 49006 193110 193829 93213 115364 99665 89696 171457 170880 363995 635591 658354 440266 916853 53097 51784 72316 71983
leaf_count=373527 487369 60375 314568 299214 78168 1011612 195234 439329 102975 157487 439008 74431 596276 347072 216780 388763 69023 436594 415096 343377 174929 281708 305536 592728 70716 364740 514494 222905 902676 39667 558562 541874 1013032 357006 446084 47175 672647 294614 222265 541742 498368 736947 84558 229840 49006 193110 193829 93213 115364 99665 89696 171457 170880 363995 635591 658354 440266 916853 53097 51784 72316 71983
internal_value=-0.000130227 -6.86983e-05 -0.000235677 -0.000213525 -0.000111076 -0.00025443 -2.85557e-05 -0.000151985 -0.000170466 -0.000184908 -1.18215e-05 -7.15046e-05 -9.5445e-05 -0.000284133 -0.000263397 -8.97536e-05 -0.000145867 -8.664e-05 -0.000138326 -0.000197124 -0.000163265 -0.000180017 -0.000145902 -0.000214213 -2.58566e-05 -0.000211576 -6.62301e-05 -1.35706e-05 -3.71606e-05 -0.000111546 -0.000231076 -0.00025927 -7.05505e-05 1.13288e-05 -2.58508e-05 -0.000196406 -2.88422e-05 -0.000191282 -5.88522e-05 -0.000101129 4.04069e-05 -0.000236441 -0.000103364 -8.10625e-05 7.95126e-06 -0.000108197 -0.000152137 -6.41913e-05 -1.11556e-06 -0.000127478 -0.00011031 -0.000135453 -6.95223e-05 -0.000163928 8.84424e-06 -0.000329976 -0.000357396 3.0315e-05 7.50274e-05 0.000130263 0.000217213 4.21448e-05
internal_weight=2.10016e+07 1.32629e+07 7.73866e+06 6.26652e+06 6.45179e+06 3.76432e+06 6.8111e+06 2.5022e+06 2.57986e+06 1.12681e+06 5.44812e+06 3.87193e+06 1.36298e+06 2.6375e+06 374267 2.71191e+06 752547 751162 768373 1.80652e+06 904576 1.75103e+06 876598 874436 4.08685e+06 467715 953502 3.13335e+06 1.60898e+06 436861 901939 1.62589e+06 1.94354e+06 1.52436e+06 668989 437269 1.16002e+06 453333 261932 930505 855374 1.08402e+06 131733 353277 123437 773349 386939 386410 193532 192878 158719 766707 231255 535452 706307 1.47215e+06 813793 1.36127e+06 444414 249180 125413 123767
internal_count=21001550 13262888 7738662 6266515 6451790 3764319 6811098 2502196 2579864 1126814 5448115 3871926 1362983 2637505 374267 2711910 752547 751162 768373 1806515 904576 1751034 876598 874436 4086848 467715 953502 3133346 1608983 436861 901939 1625893 1943537 1524363 668989 437269 1160016 453333 261932 930505 855374 1084019 131733 353277 123437 773349 386939 386410 193532 192878 158719 766707 231255 535452 706307 1472147 813793 1361267 444414 249180 125413 123767
cat_boundaries=0 1 2 3 4 5 7 9 11 13 14 15 17 19 21 23 25 27 29 30 32 34 35 37 38 39 40 41 43 45 46 47 49 50 52 54 56 58 60 61 63 65 66 68 69
cat_threshold=18 19 4 9 2 2459652628 184649 195587410 75795 921785352 93826 1947549899 157164 8 2 2656500258 100148 1224346144 131474 671093395 2192 2295673390 17389 1900121488 165814 923570307 94293 3228059752 157516 9 1837526410 140984 4240770880 148933 2067 954795805 198930 44069 540704 182 1617 3248521757 2595 538969349 133248 41171 8 1492431660 21839 470132 1024120961 46342 1628364434 109880 1615167521 50696 2164305922 189452 4054064392 97 69632 2129015664 19976 76967376 221056 232408 1344340008 8271 1190
is_linear=0
shrinkage=0.05


Tree=54
num_leaves=63
num_cat=40
split_feature=0 0 17 17 0 11 0 11 17 17 11 2 17 11 17 13 13 1 13 17 0 13 13 17 13 13 14 11 13 2 13 13 1 13 13 13 0 17 13 2 13 14 2 2 13 13 13 14 2 13 14 15 0 13 13 0 15 14 0 14 14 14
split_gain=53.055 8.46565 7.22961 6.56634 4.72327 2.68303 2.59916 2.32275 1.74696 1.6433 1.40485 1.32467 1.30794 1.27443 1.06114 1.00924 0.920574 0.913959 0.886004 0.870332 0.851135 0.805696 0.767113 0.760726 0.744712 0.735529 0.718401 0.714426 0.716394 0.69522 0.742772 0.668297 1.00703 0.656259 0.652798 0.623935 0.618505 0.696907 0.818685 0.615398 1.00228 0.740749 0.613012 0.606407 0.814724 0.686488 0.567566 0.576488 0.558151 0.861364 0.747456 0.555961 0.555355 0.748625 0.548654 0.544976 0.542227 0.679914 0.539732 0.526886 0.521862 0.521488
threshold=12.231351852416994 12.973885536193849 0 1 11.707505702972414 11.705613613128664 11.189863204956056 12.230416774749758 2 3 11.157712936401369 24.500000000000004 4 1.0000000180025095e-35 5 6 7 4175.7248535156259 8 9 11.007835865020754 10 11 12 13 14 15 12.965251922607424 16 35.500000000000007 17 18 13587.774902343752 19 20 21 11.122486114501955 22 23 42.500000000000007 24 25 29.500000000000004 34.500000000000007 26 27 28 29 41.500000000000007 30 31 32 13.264259815216066 33 34 12.029485225677492 35 36 12.591602325439455 37 38 39
decision_type=2 2 1 1 2 2 2 2 1 1 2 2 1 2 1 1 1 2 1 1 2 1 1 1 1 1 1 2 1 2 1 1 2 1 1 1 2 1 1 2 1 1 2 2 1 1 1 1 2 1 1 1 2 1 1 2 1 1 2 1 1 1
left_child=3 2 18 6 13 14 35 29 27 -9 34 25 54 20 16 -16 -6 26 60 -10 -5 -12 55 33 42 59 -17 28 -3 46 56 -13 -33 -22 -8 -1 -15 38 -38 52 61 -42 -25 45 -45 -29 47 -4 -23 50 -50 -43 53 -21 -7 -14 57 -31 -27 -11 -2 -41
right_child=1 8 7 4 5 12 10 9 19 11 21 31 22 36 15 17 -18 -19 -20 39 23 48 -24 24 -26 58 -28 43 -30 30 -32 32 -34 -35 -36 -37 37 -39 -40 40 41 51 -44 44 -46 -47 -48 -49 49 -51 -52 -53 -54 -55 -56 -57 -58 -59 -60 -61 -62 -63
leaf_value=-269.74485464698358 -395.58998703859106 274.19966731902679 -345.50629664305507 -355.98838396343126 -344.22374378942806 -375.71782178761646 -149.61626839446436 -103.39011865619378 173.75284019771937 -43.949104698625163 -108.1995059475812 -196.65612433986007 -273.62714102938725 -412.72479854691983 -187.79192011583766 146.44124683178961 -231.70995231079888 -196.9642468930233 -371.75911915318011 -15.995233790585667 -247.61848548005582 -228.321792755925 -283.72425818217999 -220.92724190393034 -202.50780865911133 -311.8779806301805 -88.745602130961572 -254.22232696770084 -129.22492605727675 991.57054833411064 -63.674081854196906 -132.41323710645165 1029.0758438603164 -353.5070163139635 18.934820539415888 -327.55062366351734 -252.55991437943999 -393.52207143739042 -303.64562300359756 72.266091734194205 -25.923398884703786 104.5358764943594 -67.666559704145044 77.235380871675815 -376.39310446968523 -475.78963282846746 -82.579399062028045 -136.12815905492025 195.64639736410336 -207.87123682411786 -120.46915472575711 1042.54747180551 -53.17019562793503 -249.82370518701347 -414.74501191500377 -242.80245070408657 43.869493230780066 176.03192569853127 -246.03656929580831 -262.89737754569143 -264.1090058136939 -249.36660588808883
leaf_weight=102500 226164 103928 145924 156765 109586 182641 159112 1045969 1161366 141298 300190 878305 474403 497835 377104 65648 150162 260995 924247 368769 65403 444109 990845 112653 264663 493574 81800 238905 244635 30157 416134 923383 22157 97902 239418 110110 291130 699201 404533 196493 220668 138904 113910 161547 175035 237669 749280 174785 31324 100621 58988 193435 1530930 600331 429005 366106 200349 69736 498103 172529 339731 238448
leaf_count=102500 226164 103928 145924 156765 109586 182641 159112 1045969 1161366 141298 300190 878305 474403 497835 377104 65648 150162 260995 924247 368769 65403 444109 990845 112653 264663 493574 81800 238905 244635 30157 416134 923383 22157 97902 239418 110110 291130 699201 404533 196493 220668 138904 113910 161547 175035 237669 749280 174785 31324 100621 58988 193435 1530930 600331 429005 366106 200349 69736 498103 172529 339731 238448
internal_value=-0.000127284 -6.65796e-05 -0.000101855 -0.000231323 -0.000254339 -0.000215892 -0.000139154 -7.72329e-05 -2.13436e-05 -9.76469e-05 -0.000113274 -0.000115782 -0.000244576 -0.000303938 -0.000148855 -0.000119881 -0.000236466 -6.54208e-05 -0.000200362 -7.63972e-06 -0.000251508 -0.000146772 -0.000223427 -0.000226445 -0.00019535 -0.000154233 3.40871e-05 -7.61873e-05 -1.62993e-05 -2.9519e-05 8.60211e-06 -8.82595e-05 -5.90868e-05 -0.000319949 -3.46644e-05 -0.000301514 -0.000326411 -0.000309336 -0.00027388 -2.01226e-05 1.32866e-05 5.7949e-05 -0.000128795 -0.000101859 -5.04805e-05 -0.000138146 -5.50417e-05 -0.000110702 -0.000178679 -0.000107192 4.91622e-06 0.000105102 -3.33251e-05 -6.29445e-05 -0.00030789 -0.000188281 6.85396e-05 0.000163694 -0.000175346 -8.75083e-05 -0.000151081 -4.34998e-05
internal_weight=2.10016e+07 1.32629e+07 7.45182e+06 7.73866e+06 6.19229e+06 3.4883e+06 1.54637e+06 5.96168e+06 5.81106e+06 4.17532e+06 1.33376e+06 3.12935e+06 2.443e+06 2.704e+06 1.0453e+06 785547 259748 408443 1.49014e+06 4.64934e+06 811296 935232 1.83135e+06 654531 491226 1.3055e+06 147448 1.16172e+06 348563 1.78636e+06 716376 1.82384e+06 945540 163305 398530 212610 1.8927e+06 1.39486e+06 695663 3.48798e+06 987948 553007 226563 813156 336582 476574 1.06999e+06 320709 635042 190933 90312 332339 2.50003e+06 969100 611646 840509 300242 99893 991677 313827 565895 434941
internal_count=21001550 13262888 7451825 7738662 6192290 3488295 1546372 5961683 5811063 4175318 1333762 3129349 2443000 2703995 1045295 785547 259748 408443 1490142 4649344 811296 935232 1831354 654531 491226 1305504 147448 1161719 348563 1786365 716376 1823845 945540 163305 398530 212610 1892699 1394864 695663 3487978 987948 553007 226563 813156 336582 476574 1069989 320709 635042 190933 90312 332339 2500030 969100 611646 840509 300242 99893 991677 313827 565895 434941
cat_boundaries=0 1 2 3 4 5 6 8 10 12 13 15 17 18 20 22 23 25 27 29 31 33 35 36 38 40 41 43 45 47 48 50 51 52 54 56 57 58 59 60 61
cat_threshold=4 2 4 2 4 4 1142070183 184820 2526630676 168713 1358430232 30542 2 2434200096 66096 4146114587 68203 4 3751990662 2243 1638555 216 55138 1390806120 4192 1413922146 155689 1740134797 209540 1280352741 15878 3373015254 24701 1867942760 216584 17 647235388 45734 785452870 145460 598456 3306900166 54423 1019343139 175569 474038533 148506 832386 1852310791 133248 793729 721 1640574736 35624 152180241 198304 1218 67408 647449 693794 603362
is_linear=0
shrinkage=0.05


Tree=55
num_leaves=63
num_cat=42
split_feature=0 17 0 17 0 0 11 11 17 17 11 2 11 13 13 2 11 13 17 17 13 2 13 13 3 13 13 13 0 11 13 2 13 13 13 0 13 13 13 14 13 13 13 14 14 2 13 11 0 13 14 15 13 14 13 17 14 14 15 14 16 14
split_gain=51.4964 8.05873 6.87333 6.39374 5.33948 3.97857 2.89682 1.92235 1.72947 1.66059 1.48182 1.42436 1.22725 1.1972 1.16112 1.01792 1.00333 1.01779 0.961917 0.940454 0.947668 0.87625 0.880381 0.864545 1.06605 0.85253 0.816441 0.781404 0.770839 0.760713 0.856898 0.712269 0.811927 0.695341 0.688038 0.679682 0.915177 0.718389 0.65421 0.645387 0.639507 0.627248 0.625569 0.610138 0.600723 0.599222 0.762748 0.594502 0.636173 0.726589 0.58904 0.866375 0.615308 0.572649 0.568359 0.55882 0.557757 0.548461 0.539376 0.544764 0.708848 0.532848
threshold=12.231351852416994 0 11.320536136627199 1 12.73855781555176 13.041079044342043 11.322643756866457 11.298759460449221 2 3 12.738457679748537 22.500000000000004 12.230416774749758 4 5 19.500000000000004 12.230416774749758 6 7 8 9 8.5000000000000018 10 11 99.850002288818374 12 13 14 12.039163589477541 11.790730953216555 15 34.500000000000007 16 17 18 13.251674175262453 19 20 21 22 23 24 25 26 27 42.500000000000007 28 1.0000000180025095e-35 10.777470111846926 29 30 31 32 33 34 35 36 37 38 39 40 41
decision_type=2 1 2 1 2 2 2 2 1 1 2 2 2 1 1 2 2 1 1 1 1 2 1 1 2 1 1 1 2 2 1 2 1 1 1 2 1 1 1 1 1 1 1 1 1 2 1 2 2 1 1 1 1 1 1 1 1 1 1 1 1 1
left_child=2 5 47 6 9 16 11 19 26 -3 -6 14 27 50 -4 23 17 -2 21 25 -21 41 -23 24 -14 -5 -8 61 54 42 56 32 -7 -30 -18 36 -20 -37 53 -15 58 -12 -10 -43 -32 -28 -47 48 -1 -50 51 -13 -52 -17 -9 -35 -31 -24 59 60 -33 -11
right_child=1 4 3 7 10 31 8 28 29 12 18 13 15 39 -16 38 34 -19 35 20 -22 22 57 -25 -26 -27 45 -29 33 30 44 40 -34 55 -36 37 -38 -39 -40 -41 -42 43 -44 -45 -46 46 -48 -49 49 -51 52 -53 -54 -55 -56 -57 -58 -59 -60 -61 -62 -63
leaf_value=-407.24417858933094 -281.29714294688148 -78.742670787156385 -315.33395691323398 -175.20940613355197 75.692870248602048 -407.2186309168261 -107.08789918508613 -316.65094454384234 -229.11564021755967 -24.777327646569759 -487.36126627913222 326.50645081373659 -192.89295510403281 -61.768511345882509 -185.16848616311327 72.175215037396626 -345.87248807645341 -157.50058061604216 -88.442658973737352 -236.97049638438222 -310.18569730801755 158.35699281199049 95.647745932487311 -309.00048084941704 806.1362984305797 -73.386134560213577 -227.36692637851135 -34.249119509144293 -339.42916455208109 -144.07094796299208 -245.36309579702285 6413.980240034849 -177.27666298075965 -147.57241308801804 -389.57889551390895 50.728631167658754 -246.21372853233407 -182.28638105813297 -187.65803129865856 -183.96230050364849 53.434939656018834 178.47680855349174 -286.89233241158036 -355.42901320997771 -320.50424738753645 -210.80472379423918 2.947128339080983 -361.81228877647129 -173.55618558271334 -244.18077955188102 -198.14430413107766 -12.534567551686997 69.074220164396323 -126.73848151969543 -347.83738759097565 -361.59320423085614 -267.46884585283755 -153.99121693931522 -425.84557297038521 -260.39012503587657 -169.42051006897674 -248.41208316966254
leaf_weight=97726 192736 1046101 172960 181317 1931114 256127 385927 600553 289949 112084 114518 59158 190082 150352 260130 123548 448910 289509 563316 179064 195203 802664 388634 542745 626 195656 350698 487457 243371 147922 286177 6957 356763 130953 675242 488656 664839 530535 1052879 224806 295488 100845 398527 122235 353309 55225 84748 1029479 145142 199800 69041 83450 107925 285474 652126 131974 275994 722899 102760 20696 6673 339776
leaf_count=97726 192736 1046101 172960 181317 1931114 256127 385927 600553 289949 112084 114518 59158 190082 150352 260130 123548 448910 289509 563316 179064 195203 802664 388634 542745 626 195656 350698 487457 243371 147922 286177 6957 356763 130953 675242 488656 664839 530535 1052879 224806 295488 100845 398527 122235 353309 55225 84748 1029479 145142 199800 69041 83450 107925 285474 652126 131974 275994 722899 102760 20696 6673 339776
internal_value=-0.000124075 -6.42686e-05 -0.000226574 -0.000203734 -4.47844e-05 -0.000142231 -0.000162446 -0.000265517 -0.000191208 -8.87716e-05 -1.61851e-05 -9.54144e-05 -0.000106975 -5.10494e-05 -0.000166582 -0.00012744 -0.000191639 -0.000131307 -3.19102e-05 -0.000198565 -0.000254713 -8.81356e-06 4.28504e-06 -0.000175507 -8.3914e-05 -0.000142808 -0.000133867 -5.91473e-05 -0.000294113 -0.000219899 -0.000193389 -6.63165e-05 -0.000100988 -0.000242049 -0.00021752 -5.50522e-05 -8.01014e-05 -2.48678e-05 -0.000103324 -0.000111627 -1.7192e-05 -8.30835e-05 -0.000260848 -3.42458e-05 -0.000229935 -0.000176663 -8.9206e-05 -0.000323794 -0.000275339 -0.000243435 2.00672e-05 9.56826e-05 -4.08695e-05 -4.96558e-05 -0.000315156 -0.000185647 -0.00013825 -2.45298e-05 -0.000106443 6.51508e-05 0.000310484 -0.000106512
internal_weight=2.10016e+07 1.32629e+07 7.73866e+06 6.26652e+06 1.0611e+07 2.65186e+06 3.7563e+06 2.51022e+06 2.62848e+06 4.18077e+06 6.43026e+06 1.12782e+06 3.13467e+06 694732 433090 2.19535e+06 1.6064e+06 482245 4.49914e+06 751240 374267 2.2518e+06 1.9142e+06 733453 190708 376973 876598 939317 1.75898e+06 1.75188e+06 1.0634e+06 1.04546e+06 612890 506298 1.12415e+06 2.24735e+06 1.22816e+06 1.01919e+06 1.4619e+06 375158 432574 337598 688476 223080 639486 490671 139973 1.47215e+06 442668 344942 319574 142608 176966 409022 1.25268e+06 262927 423916 1.11153e+06 137086 34326 13630 451860
internal_count=21001550 13262888 7738662 6266515 10611027 2651861 3756298 2510217 2628476 4180772 6430255 1127822 3134671 694732 433090 2195354 1606397 482245 4499141 751240 374267 2251795 1914197 733453 190708 376973 876598 939317 1758977 1751878 1063402 1045464 612890 506298 1124152 2247346 1228155 1019191 1461901 375158 432574 337598 688476 223080 639486 490671 139973 1472147 442668 344942 319574 142608 176966 409022 1252679 262927 423916 1111533 137086 34326 13630 451860
cat_boundaries=0 1 2 3 4 6 8 10 11 12 14 16 18 20 22 24 26 28 30 32 34 36 38 39 41 43 45 46 47 49 51 52 53 55 56 58 59 60 61 62 63 64 65
cat_threshold=4 19 2 2 1063343131 11291 3506722991 4338 2768858194 240256 18 8 1768205801 11430 312103888 47373 102236302 49352 610638520 46556 2455171616 231217 1062814549 25238 4112557150 2149 2168213132 201898 875850082 253069 1088946266 194444 2110350361 131539 186820781 121529 134358834 2346 314816 2294330385 74328 2927698009 20753 580141884 45678 331441 685330 16779480 16462 3479689353 137216 179300 3590 673251347 2050 280613 966139537 233098 8 401737 598031 648 132462 113 206912
is_linear=0
shrinkage=0.05


Tree=56
num_leaves=63
num_cat=44
split_feature=0 17 0 17 0 0 11 11 17 2 11 2 13 13 17 17 13 13 2 17 13 13 13 13 11 11 13 13 13 11 0 13 14 14 1 0 13 3 13 14 13 14 13 14 13 13 13 14 13 13 14 17 13 14 15 16 13 13 15 15 2 17
split_gain=50.2713 7.7025 7.11023 6.46358 4.88172 3.74596 2.74267 1.95164 1.7156 1.62684 1.38704 1.32504 1.16038 1.1014 1.07523 0.946684 0.967638 0.909658 0.891639 0.972615 0.84549 0.84495 0.835613 0.81605 0.788198 0.762708 0.84285 0.760332 0.703111 0.701556 0.684705 0.677821 0.675773 0.67574 0.628687 0.612035 0.584021 0.579942 1.77885 0.785032 0.579275 0.733864 0.576276 0.572139 0.589822 0.568523 0.565434 0.63698 0.615154 0.560836 0.552128 0.550939 0.849742 0.810462 1.08006 0.753344 1.45126 0.550246 0.607978 0.541324 0.615842 0.531712
threshold=12.231351852416994 0 11.320536136627199 1 12.73855781555176 12.973885536193849 11.322643756866457 11.298759460449221 2 36.500000000000007 12.738457679748537 22.500000000000004 3 4 5 6 7 8 8.5000000000000018 9 10 11 12 13 12.06630849838257 11.790730953216555 14 15 16 12.230416774749758 13.447151660919191 17 18 19 7235.9260253906259 11.088717460632326 20 93.649997711181655 21 22 23 24 25 26 27 28 29 30 31 32 33 34 35 36 37 38 39 40 41 42 42.500000000000007 43
decision_type=2 1 2 1 2 2 2 2 1 2 2 2 1 1 1 1 1 1 2 1 1 1 1 1 2 2 1 1 1 2 2 1 1 1 2 2 1 2 1 1 1 1 1 1 1 1 1 1 1 1 1 1 1 1 1 1 1 1 1 1 2 1
left_child=2 5 35 6 9 21 11 15 22 14 51 12 -4 -13 17 23 -17 -3 46 27 -11 -2 -8 -5 45 36 -27 33 -16 -22 34 61 -28 -20 -7 42 -10 -36 39 -39 41 57 -1 -15 -45 -9 -12 49 -49 -48 -29 52 53 54 -6 56 -54 58 -32 60 -24 -26
right_child=1 4 3 7 10 30 8 24 25 20 18 13 -14 43 28 16 -18 -19 19 -21 29 -23 59 -25 31 26 32 50 -30 -31 40 -33 -34 -35 37 -37 -38 38 -40 -41 -42 -43 -44 44 -46 -47 47 48 -50 -51 -52 -53 55 -55 -56 -57 -58 -59 -60 -61 -62 -63
leaf_value=-336.46611513480826 -286.99854498207753 -321.15152496704832 -113.3108974651737 -166.44893582687439 10824.33324856469 90.819528861736771 -105.61481329631388 -300.63936912807765 -219.23182551615048 18.062094816840908 -457.28280183666516 -133.94422122166654 -277.61830456443789 76.946983819720487 -113.09983969331334 -307.98243719120558 -226.54752767357201 -203.73884317764757 413.80171752131287 -130.6579170486948 -15.121994476363762 -336.82439765635104 -179.34237942473641 -69.716827832202952 -116.34938234640632 -212.55984165854989 -233.09494100717166 95.157849189212286 -223.69185280048552 -140.72382192150346 18147.7390239288 -316.36110578098175 -304.47903501815966 -2.7318818781524898 -317.47398092578004 -273.15030194782315 -277.77592176302863 -330.91667021139074 -322.56988171871603 4494.8014885390721 -217.28238560929313 -43.190089825567703 -353.79666242706094 106.04645758467134 -143.0402407328906 -323.94508969690963 -516.64962004146071 420.57748537056534 -162.70603447159957 -205.28711663649798 -144.99062456840682 8.7300393738711133 6100.7071401313942 -315.22857027422288 -0.27912740261832386 475.08279635344957 511.49654654981435 483.64761457625173 948.07814825107607 -230.45390153684295 3.9273269599998457 -338.71796748525776
leaf_weight=373205 624854 244950 164448 181317 7780 265 420356 446684 330838 447392 147673 320249 268642 186263 735083 157487 216780 400553 345089 1910937 347168 865288 163123 195656 96551 423916 286177 402432 1195645 809981 4256 245877 353309 418645 560836 658354 357638 10935 66566 26069 269443 170874 440588 63430 124790 873228 85236 96822 193517 150759 748031 1448279 27038 130520 15863 267735 33899 44430 8045 227665 65454 96637
leaf_count=373205 624854 244950 164448 181317 7780 265 420356 446684 330838 447392 147673 320249 268642 186263 735083 157487 216780 400553 345089 1910937 347168 865288 163123 195656 96551 423916 286177 402432 1195645 809981 4256 245877 353309 418645 560836 658354 357638 10935 66566 26069 269443 170874 440588 63430 124790 873228 85236 96822 193517 150759 748031 1448279 27038 130520 15863 267735 33899 44430 8045 227665 65454 96637
internal_value=-0.00012167 -6.25797e-05 -0.000222943 -0.000199713 -4.35309e-05 -0.0001388 -0.0001582 -0.000261832 -0.000186186 -8.55904e-05 -1.61851e-05 -9.29761e-05 -0.000161617 -5.01858e-05 -0.000110205 -0.000194371 -0.000250706 -0.000166071 -3.1399e-05 -2.20555e-05 -4.60691e-05 -0.000191271 -0.000129075 -0.000138431 -0.000290645 -0.000214762 -0.000188217 3.13572e-06 -9.15262e-05 -6.8637e-05 -7.14966e-05 -0.000232613 -0.000224462 4.18116e-05 -0.000104691 -0.000321824 -0.000255764 -0.000105662 3.0419e-06 0.000280921 -2.71076e-05 3.16219e-05 -0.000350822 8.034e-06 -5.34448e-05 -0.000309949 -8.44252e-05 -6.01636e-05 -1.05713e-05 -0.000121173 -2.25394e-05 1.92603e-05 6.55132e-05 -3.13377e-05 0.000237962 0.000110941 0.000269604 0.000187422 0.000483267 -0.000175935 -0.000121566 -0.000162496
internal_weight=2.10016e+07 1.32629e+07 7.73866e+06 6.26652e+06 1.0611e+07 2.65186e+06 3.7563e+06 2.51022e+06 2.62848e+06 4.18077e+06 6.43026e+06 1.12782e+06 433090 694732 2.57623e+06 751240 374267 645503 4.49914e+06 3.82513e+06 1.60454e+06 1.49014e+06 876598 376973 1.75898e+06 1.75188e+06 1.0634e+06 1.9142e+06 1.93073e+06 1.15715e+06 1.16172e+06 439065 639486 763734 664671 1.47215e+06 688476 664406 103570 37004 497048 227605 813793 374483 188220 1.31991e+06 674007 526334 290339 235995 1.15046e+06 1.93111e+06 482835 154163 23643 328672 60937 56731 12301 456242 228577 193188
internal_count=21001550 13262888 7738662 6266515 10611027 2651861 3756298 2510217 2628476 4180772 6430255 1127822 433090 694732 2576231 751240 374267 645503 4499141 3825134 1604541 1490142 876598 376973 1758977 1751878 1063402 1914197 1930728 1157149 1161719 439065 639486 763734 664671 1472147 688476 664406 103570 37004 497048 227605 813793 374483 188220 1319912 674007 526334 290339 235995 1150463 1931114 482835 154163 23643 328672 60937 56731 12301 456242 228577 193188
cat_boundaries=0 1 2 3 5 7 8 9 11 13 14 16 18 20 22 24 26 28 30 31 32 34 36 37 39 40 42 43 45 47 49 50 52 54 55 56 58 59 60 61 63 65 66 67 68
cat_threshold=4 19 2 752911632 239885 3231361956 246244 8 8 2459652628 184649 275980400 124485 18 276832882 114730 1358430232 63311 2471948834 231217 610638520 46556 4112557150 2149 43668432 47373 22323355 117836 4216000665 9010 685330 415138 580142012 45950 1254168802 19075 98481 1958318368 185405 336912 2129015666 19464 441444 289424392 8201 160571009 67210 3326124120 64 686348 17436966 114721 17302819 124945 598031 2 137645201 215553 12304 2578 68 3565691150 212 1610678272 1028 3592 1251 8
is_linear=0
shrinkage=0.05


Tree=57
num_leaves=63
num_cat=39
split_feature=0 17 0 17 0 0 11 2 17 11 0 0 17 13 13 2 13 11 13 17 13 2 13 17 13 13 13 13 13 3 15 13 14 11 13 13 13 11 0 17 13 15 14 11 13 13 14 13 1 1 14 13 14 14 11 11 13 2 4 14 15 13
split_gain=48.3297 7.33052 7.26535 6.21189 4.52653 3.55016 3.08689 1.52665 1.46438 1.4264 1.38947 1.30314 0.989944 0.986515 0.985857 0.955602 0.93111 0.913706 0.955371 0.882082 1.04731 0.869529 0.909167 0.848891 0.823416 0.821871 0.796719 0.759364 0.730622 1.12823 2.97727 0.719546 0.713636 0.698072 0.74184 0.696519 0.660961 0.651188 0.696701 0.891099 1.245 0.786158 1.10074 0.645743 0.640236 0.632208 0.628048 0.859251 1.13396 0.6071 0.607078 0.599994 0.592821 0.582513 0.578825 0.569352 0.684079 0.569222 0.566057 0.788138 0.681165 0.564691
threshold=12.231351852416994 0 11.320536136627199 1 12.656338214874269 12.973885536193849 11.298759460449221 36.500000000000007 2 11.322643756866457 13.239193439483644 11.780675888061525 3 4 5 32.500000000000007 6 12.230416774749758 7 8 9 2.5000000000000004 10 11 12 13 14 15 16 99.850002288818374 17 18 19 12.965251922607424 20 21 22 1.0000000180025095e-35 10.777470111846926 23 24 25 26 12.230416774749758 27 28 29 30 7883.5864257812509 9775.5727539062518 31 32 33 34 11.836436271667482 12.239556312561037 35 8.5000000000000018 1.0000000180025095e-35 36 37 38
decision_type=2 1 2 1 2 2 2 2 1 2 2 2 1 1 1 2 1 2 1 1 1 2 1 1 1 1 1 1 1 2 1 1 1 2 1 1 1 2 2 1 1 1 1 2 1 1 1 1 2 2 1 1 1 1 2 2 1 2 2 1 1 1
left_child=2 5 37 9 7 17 8 19 16 26 21 -8 36 46 -10 31 -5 18 -2 20 52 22 50 27 -17 -25 49 -23 29 -21 -31 -11 45 34 58 53 -13 38 -1 40 41 -40 -43 61 -41 -18 47 48 -9 57 -6 -35 -3 -19 -26 56 -30 -4 -7 60 -60 -15
right_child=1 4 3 6 10 33 11 13 14 15 -12 12 -14 43 -16 24 32 35 -20 28 -22 23 -24 25 54 -27 -28 -29 55 30 -32 -33 -34 51 -36 -37 -38 -39 39 44 -42 42 -44 -45 -46 -47 -48 -49 -50 -51 -52 -53 -54 -55 -56 -57 -58 -59 59 -61 -62 -63
leaf_value=-369.4719338777781 -115.51835585180307 -86.280350641822963 4078.3587017965738 -64.891080327219058 -406.3015725741796 -285.67036033625919 -302.24704681224461 572.37737294388467 -296.42120150784149 -175.86369324206336 27.435446237307197 -196.57567980687884 -350.52525692491258 113.94509853408891 -215.49143764999937 -173.64275489538659 -178.40885382737477 -225.9819576581238 -242.86769348452799 -136.82507503370539 17.472053273808708 -128.56331789631986 -482.15586881858621 -20.221010750557618 -151.49272819982147 -174.51492942270963 -152.53572301646963 36.081022218868746 -277.0936634191093 18375.85615996351 -439.0752312167657 -243.98617803804365 -174.09409621462001 -349.69543035910687 89.727135289528817 -353.25873085539592 -244.89984645695768 -327.91813320141483 -179.3538536362563 -183.61869826582898 -152.05811444202968 2304.5813898338633 113.07449042980298 -153.77211212035874 -238.06731424355451 -1.5222213953125903 -40.108487226381115 6.8747337895818426 26550.939818708706 -247.5429476532515 390.97847868526333 -221.73169157312225 -361.68414054931753 -377.12212298738746 -37.888245337863559 -248.42080636993853 -117.35502726134833 13.450173250277841 -383.78648231768545 -152.95802083427262 5100.4092106517273 -169.48628489293333
leaf_weight=97726 196833 89991 265 254370 40480 113289 1011612 40983 149722 232161 2984788 368561 541874 121652 224545 346437 50314 186956 250267 260021 281827 666341 115993 623592 195760 1328773 392382 1290554 182254 252 656 732144 348526 309495 202233 667718 715458 1029479 6168 138083 50068 4948 7405 586947 138270 99337 382632 86841 276 85034 49471 503661 170122 188368 244532 935655 242086 273481 5303 19737 8001 128840
leaf_count=97726 196833 89991 265 254370 40480 113289 1011612 40983 149722 232161 2984788 368561 541874 121652 224545 346437 50314 186956 250267 260021 281827 666341 115993 623592 195760 1328773 392382 1290554 182254 252 656 732144 348526 309495 202233 667718 715458 1029479 6168 138083 50068 4948 7405 586947 138270 99337 382632 86841 276 85034 49471 503661 170122 188368 244532 935655 242086 273481 5303 19737 8001 128840
internal_value=-0.000119006 -6.1068e-05 -0.000218304 -0.000194822 -4.24849e-05 -0.000135425 -0.000235409 -8.89242e-05 -0.000166138 -0.000133761 -1.95201e-05 -0.000265005 -0.000237282 -4.71638e-05 -0.000246965 -0.000158487 -0.000125935 -0.000186506 -0.000126705 -0.000114955 -5.97283e-05 -3.83578e-05 -0.000138493 -3.30825e-05 -0.000117593 -5.6409e-05 -7.61229e-05 -9.80966e-06 -0.000133418 -5.67733e-05 0.00170264 -0.00019185 -0.000165677 -6.99041e-05 -1.07049e-05 -0.00021214 -0.000209689 -0.000318258 -0.000267545 -0.000234158 -7.28067e-05 0.000277347 0.000507442 -8.0565e-05 -0.000274191 -7.43375e-05 7.6051e-06 0.000103427 0.000291272 -2.22688e-05 -1.91801e-05 -9.52801e-05 -0.000132077 -0.000157624 -7.22136e-05 -0.000148122 -0.000100084 1.39806e-05 -9.6453e-05 8.56365e-05 0.000382906 -1.33572e-05
internal_weight=2.10016e+07 1.32629e+07 7.73866e+06 6.26652e+06 1.0611e+07 2.65186e+06 3.76432e+06 3.51104e+06 1.12681e+06 2.5022e+06 7.09999e+06 2.6375e+06 1.62589e+06 1.34817e+06 374267 1.75103e+06 752547 1.49014e+06 447100 2.16286e+06 541940 4.1152e+06 205944 3.90926e+06 786729 1.95236e+06 751162 1.9569e+06 1.62092e+06 260929 908 964305 498177 1.16172e+06 348563 1.04304e+06 1.08402e+06 1.47215e+06 442668 344942 68589 18521 12353 837439 276353 149651 510732 128100 41259 358780 89951 813156 260113 375324 440292 1.36e+06 424340 273746 146330 33041 13304 250492
internal_count=21001550 13262888 7738662 6266515 10611027 2651861 3764319 3511035 1126814 2502196 7099992 2637505 1625893 1348171 374267 1751034 752547 1490142 447100 2162864 541940 4115204 205944 3909260 786729 1952365 751162 1956895 1620924 260929 908 964305 498177 1161719 348563 1043042 1084019 1472147 442668 344942 68589 18521 12353 837439 276353 149651 510732 128100 41259 358780 89951 813156 260113 375324 440292 1359995 424340 273746 146330 33041 13304 250492
cat_boundaries=0 1 2 3 4 6 8 10 12 13 15 17 18 20 22 24 26 28 29 31 32 34 36 38 39 41 42 43 45 47 48 50 51 53 54 55 57 58 59 61
cat_threshold=4 18 9 9 281031283 115246 2426098196 184649 461901138 75779 2029293964 16719 2 417587814 53815 1695122105 225697 18 1088655048 222410 4164969744 133505 921785865 93834 3894552715 66571 134250634 6208 196 307720 99845 44065 2902521990 59917 1089994840 194308 4053829137 68130 2 3290503688 135698 2241 219920 4016494787 154656 1187976 135396 8245 4194337 114688 231471 3273954585 197224 609412 371093 878199061 156306 528163 117 1093059848 137281
is_linear=0
shrinkage=0.05


Tree=58
num_leaves=63
num_cat=44
split_feature=0 0 17 17 0 0 17 11 1 11 0 0 17 13 13 17 13 11 1 13 17 13 13 14 13 2 13 13 13 16 15 15 11 14 13 2 13 1 14 14 13 14 13 13 13 14 2 17 14 13 2 13 15 13 13 13 11 14 14 13 14 17
split_gain=46.7885 7.44583 7.03968 5.54028 4.3177 3.31707 2.29861 1.77738 1.46054 1.43899 1.26352 1.22191 1.27748 1.04961 1.02228 0.976058 1.01746 0.961275 0.90793 0.96459 0.895364 0.874958 0.802506 0.802158 0.776526 0.751965 0.742032 0.739937 0.730263 0.724939 0.798102 0.742916 0.702554 0.683273 0.671243 0.663265 1.13708 0.686799 2.50219 0.673765 0.661999 0.796403 0.657487 0.633764 0.632837 0.619542 0.601422 0.596441 0.606311 0.583953 0.582583 0.957685 0.582247 0.917196 0.644228 0.580351 0.55413 0.545939 0.53737 0.529059 0.524871 0.650035
threshold=12.231351852416994 11.444519996643068 0 1 12.656338214874269 12.964532375335695 2 11.446212768554689 13427.647949218752 11.429073333740236 13.264259815216066 11.088717460632326 3 4 5 6 7 12.230416774749758 15565.606933593752 8 9 10 11 12 13 13.500000000000002 14 15 16 17 18 19 12.06630849838257 20 21 12.500000000000002 22 191340.98437500003 23 24 25 26 27 28 29 30 38.500000000000007 31 32 33 13.500000000000002 34 35 36 37 38 13.341787815093996 39 40 41 42 43
decision_type=2 2 1 1 2 2 1 2 2 2 2 2 1 1 1 1 1 2 2 1 1 1 1 1 1 2 1 1 1 1 1 1 2 1 1 2 1 2 1 1 1 1 1 1 1 1 2 1 1 1 2 1 1 1 1 1 2 1 1 1 1 1
left_child=1 11 5 6 8 17 13 15 20 14 18 49 22 -3 25 27 -17 21 19 -6 24 -2 -13 44 29 -8 33 -5 -19 31 -31 -4 59 -11 60 36 -7 -37 -39 -38 41 -22 -20 -34 -21 -16 -28 48 -45 -1 51 -12 54 -54 -52 -14 -55 -56 -24 -9 61 -10
right_child=2 3 4 7 10 35 9 32 34 26 50 12 55 -15 45 16 -18 28 42 23 40 -23 58 -25 -26 -27 46 -29 -30 30 -32 -33 43 -35 -36 37 39 38 -40 -41 -42 -43 -44 47 -46 -47 -48 -49 -50 -51 52 -53 53 56 57 -57 -58 -59 -60 -61 -62 -63
leaf_value=-323.71949281744998 -66.821567348361725 -162.66617212464689 -131.41726030668579 -50.610611989936302 -112.50457774447132 -501.38803065052235 -312.55500730594395 -264.26570450340273 424.33565815344804 -206.85823255123762 -371.73007459868461 -211.53558247692001 -261.7933633161644 -59.307977953201046 -247.16477236629763 -264.45695228639715 -203.43761962192204 -300.51956294525081 -18.117039825973915 271.9849070883273 89.196096978891006 -230.72430881030161 -265.621461889915 -59.924464763643122 -107.28354386305291 11.633700381973904 -257.69945997263585 -148.305761655841 -335.25829752419781 208.20235542334959 -167.51456227772871 594.22875566903531 -292.63129430958253 -273.18811322169353 -270.21012023796385 -148.47025972083574 154.60238563583482 14926.61673448584 -602.98605918400415 -424.89433181570604 -149.01515838837531 -134.55813940245153 -195.95428041745265 -222.67126395294545 34.662958780078405 -147.98946895381923 -135.46001461823872 -305.80672532925189 6.0587882728243132 -305.61022590456417 619.29762755988077 133.90057222969776 -266.32212448194258 454.89720405812773 390.76043893747703 -289.76767571168784 -38.927120094446586 -148.56263689938496 -114.12702659695033 -291.18073773824716 -269.80317284457573 -160.30349899850626
leaf_weight=375605 167830 506409 22519 174169 1039429 79081 61025 566483 46528 296601 306046 192696 275771 647519 193883 160624 185589 411860 416013 211156 190570 274357 53425 729386 327034 200496 566864 175003 619295 63087 126138 67335 202489 448394 717225 919773 62794 207 484 116180 1346358 282227 1473944 46683 381412 236806 304586 118714 71179 438188 545619 358866 372837 284364 272381 414288 433736 274803 212629 612544 184143 137871
leaf_count=375605 167830 506409 22519 174169 1039429 79081 61025 566483 46528 296601 306046 192696 275771 647519 193883 160624 185589 411860 416013 211156 190570 274357 53425 729386 327034 200496 566864 175003 619295 63087 126138 67335 202489 448394 717225 919773 62794 207 484 116180 1346358 282227 1473944 46683 381412 236806 304586 118714 71179 438188 545619 358866 372837 284364 272381 414288 433736 274803 212629 612544 184143 137871
internal_value=-0.000116209 -0.00021391 -5.92019e-05 -0.000185321 -4.09911e-05 -0.000132069 -0.000145293 -0.00024523 -8.63466e-05 -0.000174095 -1.85624e-05 -0.000298048 -0.000264843 -8.7668e-05 -0.000113773 -0.000178379 -0.000237871 -0.000182083 -3.58282e-05 -1.51565e-05 -6.47693e-05 -0.000120409 -0.000200159 1.31801e-05 -1.21365e-05 -3.57907e-05 -0.000199927 -0.000119381 -0.00020853 4.91264e-05 -6.4069e-06 0.000166063 -0.000273962 -0.000236572 -0.000134544 -6.9544e-05 -0.000140386 -4.96832e-05 0.00152605 -7.06036e-05 -8.23051e-05 -3.14045e-05 -6.16562e-05 -0.000219973 5.63914e-05 -0.00016112 -0.000168596 -0.000164371 -8.46761e-05 -0.000344923 7.20529e-06 -3.37724e-05 1.96823e-05 -6.15793e-06 4.54781e-05 -0.000307838 2.68766e-05 7.14237e-06 -0.000143863 -0.000294067 -7.96925e-05 -2.00609e-05
internal_weight=2.10016e+07 7.73866e+06 1.32629e+07 5.77606e+06 1.0611e+07 2.65186e+06 3.46258e+06 2.31348e+06 3.51104e+06 2.30866e+06 7.09999e+06 1.9626e+06 1.14881e+06 1.15393e+06 692210 695385 346213 1.47334e+06 4.25134e+06 2.36138e+06 2.42527e+06 442187 458750 1.32195e+06 606113 261521 1.61644e+06 349172 1.03116e+06 279079 189225 89854 1.61809e+06 744995 1.08577e+06 1.17852e+06 258055 920464 691 178974 1.81916e+06 472797 1.88996e+06 439065 592568 430689 871450 236576 117862 813793 2.84865e+06 664912 2.18374e+06 1.09094e+06 1.0928e+06 690059 718100 547184 266054 1.17903e+06 368542 184399
internal_count=21001550 7738662 13262888 5776060 10611027 2651861 3462583 2313477 3511035 2308655 7099992 1962602 1148809 1153928 692210 695385 346213 1473342 4251340 2361383 2425268 442187 458750 1321954 606113 261521 1616445 349172 1031155 279079 189225 89854 1618092 744995 1085767 1178519 258055 920464 691 178974 1819155 472797 1889957 439065 592568 430689 871450 236576 117862 813793 2848652 664912 2183740 1090937 1092803 690059 718100 547184 266054 1179027 368542 184399
cat_boundaries=0 1 2 3 4 6 8 9 11 13 14 16 18 19 21 23 25 27 28 29 30 31 33 35 36 37 39 40 42 44 46 47 48 49 51 53 54 56 58 60 61 62 64 65 66
cat_threshold=4 19 2 18 1828725983 24702 1038390352 73753 8 2526761876 233737 3761776751 126990 2 418419084 16719 1927815314 246091 69182 3287620110 63497 147529633 247192 2207933767 219939 1088962649 194372 17 928 3200 669442 587477131 134360 84191320 65831 174092 111681 144962 98602 117809 542638611 416 70544742 187533 8524544 3744 737850 8 150196 2165951628 107255 3876250960 15123 1452 2617655040 3520 3595497705 72969 1310999938 104839 834698 172064 1569857169 233098 39837 2
is_linear=0
shrinkage=0.05


Tree=59
num_leaves=63
num_cat=43
split_feature=0 0 17 17 0 11 0 17 1 17 17 11 0 2 11 13 13 17 14 13 13 13 13 2 2 13 13 15 13 13 15 13 16 14 15 0 13 13 15 14 13 13 0 14 13 14 2 13 1 13 14 13 3 13 14 11 13 1 13 15 14 15
split_gain=45.5328 7.43233 6.5037 5.69691 4.12325 3.34146 3.33012 2.51786 1.38633 1.28266 1.24779 1.16093 1.14302 1.09647 1.03556 1.03493 0.864734 0.828619 0.828041 1.4206 0.968562 0.827986 0.822296 0.851146 0.80829 1.21592 0.895519 0.769723 0.749894 0.712466 0.704739 0.684416 0.721081 0.750247 0.724391 0.660919 0.886085 0.816996 0.82583 0.65804 0.64859 0.642682 0.642477 0.627516 0.625057 0.679847 0.619269 0.6185 0.615528 0.993285 0.874954 0.695419 0.663524 0.668703 0.647935 0.61248 0.950439 0.601566 0.588444 0.584103 0.568582 0.804075
threshold=12.231351852416994 11.444519996643068 0 1 12.656338214874269 11.429073333740236 12.964532375335695 2 13427.647949218752 3 4 11.790730953216555 11.122486114501955 12.500000000000002 12.230416774749758 5 6 7 8 9 10 11 12 42.500000000000007 12.500000000000002 13 14 15 16 17 18 19 20 21 22 13.135868549346926 23 24 25 26 27 28 13.447151660919191 29 30 31 25.500000000000004 32 14077.190917968752 33 34 35 93.850002288818374 36 37 12.187310218811037 38 27377.916015625004 39 40 41 42
decision_type=2 2 1 1 2 2 2 1 2 1 1 2 2 2 2 1 1 1 1 1 1 1 1 2 2 1 1 1 1 1 1 1 1 1 1 2 1 1 1 1 1 1 2 1 1 1 2 1 2 1 1 1 2 1 1 2 1 2 1 1 1 1
left_child=1 9 6 47 8 13 14 22 17 12 24 -9 58 15 21 39 -13 31 20 -20 -15 -2 23 -7 25 -6 -26 -27 -14 46 -25 32 33 -4 -34 36 60 -37 -39 -5 -10 -11 48 -18 45 -19 -16 -3 49 50 -8 52 -50 -54 -51 -24 -57 -41 -1 -22 61 -12
right_child=2 3 4 5 10 7 42 11 40 41 35 16 28 18 29 -17 43 44 19 -21 59 -23 55 30 26 27 -28 -29 -30 -31 -32 -33 34 -35 -36 37 -38 38 -40 57 -42 -43 -44 -45 -46 -47 -48 -49 51 54 -52 -53 53 -55 -56 56 -58 -59 -60 -61 -62 -63
leaf_value=-196.19771340384852 -81.656950829923886 -281.27418893192873 952.28671515670067 -255.00119933406569 82.817884997311978 -208.48941302387553 1391.077842619781 -226.32416870245936 -170.71239262115378 -274.70615148165052 383.56752726300112 -190.49005157675936 -207.84950069447723 -175.8553307419663 -390.21423645509213 -290.86280711709134 -249.42735558898059 112.13864147033888 55.369570802979439 -113.90799893363528 -151.39893876090284 -223.36314566153555 -98.614199012468816 67.086235481601946 -97.660612154802223 -119.96421998960214 126.35949739173594 -561.5761871837334 -148.6875720925008 -319.01270580731125 -174.50265482108261 -101.91936666990041 197.79223765218194 103.10180546839602 -159.13883416384235 -167.7733616173409 -181.51230297308359 236.64547124074124 -130.21402771471114 -155.89328687179224 -265.64565113045177 -295.68271724094978 -56.468059976039513 -196.10981977409594 -141.23437299801625 -114.89178843670089 -180.95118238517625 -304.41397466636266 -236.71910230696014 42.035206594646667 -190.41370448364398 -366.04456352247257 11462.722229468469 -284.19970765628898 -384.33627446880564 8046.9800531701349 -65.305753497904035 236.46540353380806 -275.8305508394472 4.9774236715438178 -145.08231781188246 -26.086326463934626
leaf_weight=86074 203129 391256 31917 55549 354680 265956 40909 828918 433253 399327 87563 668451 137158 205593 159484 162261 326252 153672 260669 335121 117180 239058 403927 53351 781975 208140 2000904 207744 290967 659463 53001 327034 63087 57937 126138 788014 1229169 502389 499934 51055 652514 778905 497048 601619 1383063 282420 212208 765237 130824 48343 49891 275002 10236 13192 113074 9764 23663 32025 270171 165212 263189 176291
leaf_count=86074 203129 391256 31917 55549 354680 265956 40909 828918 433253 399327 87563 668451 137158 205593 159484 162261 326252 153672 260669 335121 117180 239058 403927 53351 781975 208140 2000904 207744 290967 659463 53001 327034 63087 57937 126138 788014 1229169 502389 499934 51055 652514 778905 497048 601619 1383063 282420 212208 765237 130824 48343 49891 275002 10236 13192 113074 9764 23663 32025 270171 165212 263189 176291
internal_value=-0.000113045 -0.000209426 -5.6808e-05 -0.000180863 -3.93042e-05 -0.000156017 -0.000126846 -0.000183838 -8.36266e-05 -0.000293488 -1.73863e-05 -0.000209326 -0.000243931 -9.10197e-05 -0.000176958 -0.000175462 -0.000184399 -6.26046e-05 -6.75758e-05 -2.80207e-05 -0.000115866 -0.000112946 -0.000107489 -0.000162103 3.55434e-06 -4.17637e-05 1.61027e-05 -9.97653e-05 -0.000188875 -0.000204409 -4.25563e-05 -1.19715e-05 4.55433e-05 0.000162168 -9.84178e-06 -3.83676e-05 -6.01608e-05 -1.69899e-05 1.29587e-05 -7.51191e-05 -0.000130583 -0.000326474 -6.41983e-05 -0.000215637 -7.94742e-05 -2.72775e-05 -0.000149033 -0.000280108 -9.5727e-05 -3.37344e-05 9.85579e-05 -0.000132152 -4.7166e-05 0.000197883 -0.000108151 -6.09945e-05 0.000144689 1.39612e-05 -0.000310102 -5.57569e-05 -5.92208e-06 4.59446e-05
internal_weight=2.10016e+07 7.73866e+06 1.32629e+07 5.77606e+06 1.0611e+07 4.61957e+06 2.65186e+06 3.2349e+06 3.51104e+06 1.9626e+06 7.09999e+06 2.42524e+06 784370 1.38466e+06 1.47334e+06 300890 1.59632e+06 2.42527e+06 1.08378e+06 595790 487985 442187 809662 372308 3.55344e+06 770564 2.78288e+06 415884 428125 1.03116e+06 106352 606113 279079 89854 189225 3.54655e+06 1.75621e+06 1.79034e+06 1.00232e+06 138629 1.08577e+06 1.17823e+06 1.17852e+06 927871 1.81916e+06 436092 371692 1.15649e+06 681471 252217 90800 429254 154252 23428 161417 437354 33427 83080 356245 282392 527043 263854
internal_count=21001550 7738662 13262888 5776060 10611027 4619567 2651861 3234902 3511035 1962602 7099992 2425240 784370 1384665 1473342 300890 1596322 2425268 1083775 595790 487985 442187 809662 372308 3553443 770564 2782879 415884 428125 1031155 106352 606113 279079 89854 189225 3546549 1756212 1790337 1002323 138629 1085767 1178232 1178519 927871 1819155 436092 371692 1156493 681471 252217 90800 429254 154252 23428 161417 437354 33427 83080 356245 282392 527043 263854
cat_boundaries=0 1 2 3 4 5 7 9 10 11 13 15 17 19 21 23 24 26 28 29 31 32 33 34 36 38 39 40 42 44 45 47 48 50 52 53 55 57 58 60 62 63 64 65
cat_threshold=4 4 2 18 18 888512792 236293 4045451291 80419 2 721563 441996373 93778 2316570869 55024 419206028 17743 1814103517 30954 1487179655 109100 3894421519 98306 1811 1919418512 213315 1080574040 194372 1251 3287620110 63497 17 420224 928 1681941937 131456 1423787346 146704 2950 118088 923084939 134360 1310982562 55684 34933 140866 98602 116785 692204617 1702 3027386592 36226 576402 247531059 75857 109117442 2065 282948 17056290 20 977272833 151048 1180 789884 1038
is_linear=0
shrinkage=0.05


Tree=60
num_leaves=63
num_cat=38
split_feature=0 0 17 17 0 11 0 17 17 0 2 11 11 11 2 13 17 13 13 13 13 2 13 14 13 13 11 13 13 14 2 13 13 15 15 14 13 2 13 11 13 13 2 13 0 13 14 11 0 1 15 13 13 0 13 14 6 14 13 1 13 15
split_gain=43.2952 7.39587 6.3498 5.72137 3.70842 3.24311 3.15952 2.14916 1.45828 1.4329 1.37023 1.22825 1.17574 1.03952 0.988836 1.23802 0.986861 0.904607 0.843876 0.824437 0.819132 0.816047 0.771681 0.869479 0.753708 0.733498 0.678905 0.976251 0.659775 0.656492 0.653991 0.855961 0.707871 0.640284 0.63339 0.775293 0.624164 0.586832 0.578738 0.57662 0.665563 0.572644 0.571759 0.565067 0.562629 0.562621 0.55733 0.54225 0.539966 0.53813 0.643666 0.740273 0.577599 0.528569 1.01613 0.815213 0.65946 0.628656 0.599697 0.582785 1.18567 0.634543
threshold=12.231351852416994 11.444519996643068 0 1 12.656338214874269 11.429073333740236 13.061691284179689 2 3 11.122486114501955 36.500000000000007 12.65617895126343 12.230416774749758 11.790730953216555 23.500000000000004 4 5 6 7 8 9 41.500000000000007 10 11 12 13 11.122245311737062 14 15 16 34.500000000000007 17 18 19 20 21 22 24.500000000000004 23 1.0000000180025095e-35 24 25 8.5000000000000018 26 10.777470111846926 27 28 12.230416774749758 13.723642349243166 18813.573242187504 29 30 31 13.779185295104982 32 33 43.500000000000007 34 35 81508.265625000015 36 37
decision_type=2 2 1 1 2 2 2 1 1 2 2 2 2 2 2 1 1 1 1 1 1 2 1 1 1 1 2 1 1 1 2 1 1 1 1 1 1 2 1 2 1 1 2 1 2 1 1 2 2 2 1 1 1 2 1 1 2 1 1 2 1 1
left_child=1 8 6 36 10 14 12 20 9 39 18 53 24 41 15 -5 -13 29 -4 -12 -7 -22 -16 38 -2 37 27 -11 -28 -15 31 34 46 -23 35 -8 -3 -14 -24 40 44 -9 -18 -37 -1 -25 -32 -21 -33 -34 52 -52 -51 59 55 -55 -57 58 -56 -6 -61 -62
right_child=2 3 4 5 11 7 30 13 -10 26 19 16 25 17 22 -17 42 -19 -20 47 21 33 23 45 -26 -27 28 -29 -30 -31 32 48 49 -35 -36 43 -38 -39 -40 -41 -42 -43 -44 -45 -46 -47 -48 -49 -50 50 51 -53 -54 54 57 56 -58 -59 -60 60 61 -63
leaf_value=-277.26190049992596 -226.44147000537805 -260.43057138557759 -138.34664743480681 -74.500679689111053 39.598614910643668 -69.510198783386301 -206.50875687764511 -194.87558870604582 -308.69582635093406 -153.83865042501827 21.043473669422383 -158.21416119426658 -359.93995605028022 -164.75883257819928 -103.25160905985996 -213.5682619696961 -174.3397634918947 -181.14149332219625 -211.48698206077663 -18.411869073983691 -198.09386528230664 75.027423444938023 -36.292369321194563 31.346987799286946 -125.47701177022755 -312.32267352411839 -169.476556824564 -18.614527543004989 -217.89102847694832 -229.13699654627544 -437.79063448390582 -342.77266286305002 1.7134696492933335 -143.94450354863633 -269.30617784231657 -221.95630771624857 -288.4780537246649 -197.44754977214436 173.10015679310837 -273.81591557997973 -216.90275716800153 -232.73372387754154 -33.206201323731513 1042.3003688180222 -28.151903940309786 -154.12391413328746 -55.007442329013429 -129.42695645617843 -118.26773225975921 3075.8239791262622 12788.690090450085 340.66969428149025 -596.26894655233491 2075.3536013568796 3298.9251153968744 -852.91284422238971 79754.465303027653 5139.4991816094625 -836.18714768849645 -809.76398063950603 -474.50706929200715 391.93439935483445
leaf_weight=27998 157324 299672 996822 188970 1672107 373125 49553 380773 786765 92809 430276 1241132 218329 292310 366982 365050 559609 859993 1166042 274756 304911 44265 107781 91086 335275 619794 204673 100280 243800 444019 63446 253767 166938 87361 125895 18287 856821 309349 123441 374077 83243 448145 3166858 56484 48957 141355 119374 643139 89340 7938 16473 35244 9051 48672 19570 71608 1612 101122 35319 68704 37223 76456
leaf_count=27998 157324 299672 996822 188970 1672107 373125 49553 380773 786765 92809 430276 1241132 218329 292310 366982 365050 559609 859993 1166042 274756 304911 44265 107781 91086 335275 619794 204673 100280 243800 444019 63446 253767 166938 87361 125895 18287 856821 309349 123441 374077 83243 448145 3166858 56484 48957 141355 119374 643139 89340 7938 16473 35244 9051 48672 19570 71608 1612 101122 35319 68704 37223 76456
internal_value=-0.000110707 -0.00020469 -5.58693e-05 -0.000176197 -3.85738e-05 -0.000151298 -0.000125074 -0.000178707 -0.000288546 -0.000253279 -8.06075e-05 -1.77877e-05 -0.000167941 -0.000202255 -8.72643e-05 -0.000139002 -3.1413e-05 -0.000178667 -0.000105268 -4.10444e-05 -0.000108168 -0.000154664 -5.27567e-05 -9.88041e-06 -0.000103328 -0.000195678 -0.000202912 -0.000124525 -0.000236661 -0.000219348 -5.55891e-05 -8.93484e-05 -7.72301e-06 -5.06202e-05 -1.90201e-05 6.10296e-05 -0.000275655 -0.000152341 5.87683e-05 -0.000313766 -0.000234391 -0.000247683 -1.85515e-05 0.000162669 -0.000128337 -7.81687e-05 -8.15507e-05 -6.78143e-05 -0.000140632 4.95562e-05 0.000167337 0.000255022 -9.96819e-05 1.39536e-05 7.82598e-05 -2.99088e-05 -0.000135327 0.000162764 2.65128e-05 4.31703e-06 -8.05525e-05 1.85643e-05
internal_weight=2.10016e+07 7.73866e+06 1.32629e+07 5.77606e+06 1.0611e+07 4.61957e+06 2.65186e+06 3.2349e+06 1.9626e+06 1.17584e+06 3.51104e+06 7.09999e+06 1.64007e+06 2.42524e+06 1.38466e+06 554020 4.9676e+06 1.59632e+06 2.16286e+06 1.34817e+06 809662 436537 830645 463663 492599 1.14747e+06 641562 193089 448473 736329 1.01179e+06 593326 418464 131626 250219 124324 1.15649e+06 527678 231222 534275 160198 828918 3.72647e+06 74771 76955 232441 182820 917895 343107 235644 68706 51717 16989 2.13239e+06 277903 121892 73220 156011 54889 1.85449e+06 182383 113679
internal_count=21001550 7738662 13262888 5776060 10611027 4619567 2651861 3234902 1962602 1175837 3511035 7099992 1640071 2425240 1384665 554020 4967599 1596322 2162864 1348171 809662 436537 830645 463663 492599 1147472 641562 193089 448473 736329 1011790 593326 418464 131626 250219 124324 1156493 527678 231222 534275 160198 828918 3726467 74771 76955 232441 182820 917895 343107 235644 68706 51717 16989 2132393 277903 121892 73220 156011 54889 1854490 182383 113679
cat_boundaries=0 1 2 3 4 6 7 9 11 13 15 17 18 20 22 24 26 27 29 31 32 33 34 36 38 40 42 44 46 47 48 50 52 54 55 56 58 60 61
cat_threshold=4 4 2 19 214475024 232197 8 182340576 181656 4011080842 203080 281031250 114734 2464086560 231169 3297215420 168356 64740 2231460946 207488 1088962650 260044 828125009 25561 152334165 54708 685314 247534963 24917 2864754739 76508 1091 2886 148722 687879241 1696 690502656 74753 2138525857 162816 1653920752 90714 67109122 260 187198464 8193 790697 2096 3228680 147488 1142358404 38144 416326096 47823 281881 58754 554180104 65568 2321099812 131741 3082
is_linear=0
shrinkage=0.05


Tree=61
num_leaves=63
num_cat=42
split_feature=0 0 17 17 0 0 17 11 2 2 11 0 2 13 0 11 13 17 13 17 13 13 13 13 2 13 14 13 14 17 13 16 13 13 13 1 13 17 13 13 14 14 1 13 0 13 14 13 13 13 14 16 2 13 13 13 14 15 2 0 14 11
split_gain=41.5432 7.44145 6.4059 6.05296 3.44389 2.67526 2.23292 2.0268 1.32857 1.27647 1.24524 1.05945 1.04862 1.04759 0.907162 0.939094 0.906123 0.888701 0.915839 0.888296 1.00421 0.793035 0.780085 0.770486 0.719434 0.844728 0.900585 0.716924 0.697831 0.69003 0.990194 0.737666 1.2102 0.688415 0.631302 0.627305 2.04519 0.607686 0.860675 0.65563 0.62248 0.609267 0.596424 0.595846 0.594942 0.805434 0.584895 0.779052 0.625658 0.575006 0.611268 0.594182 0.561949 0.70284 0.643014 0.557513 0.655818 0.601571 0.55122 0.548262 0.566507 0.530489
threshold=12.231351852416994 11.320536136627199 0 1 12.73855781555176 13.061691284179689 2 11.298759460449221 36.500000000000007 30.500000000000004 12.230416774749758 11.780675888061525 24.500000000000004 3 10.848378181457521 10.844077110290529 4 5 6 7 8 9 10 11 43.500000000000007 12 13 14 15 16 17 18 19 20 21 6125.6164550781259 22 23 24 25 26 27 7883.5864257812509 28 13.529273033142092 29 30 31 32 33 34 35 34.500000000000007 36 37 38 39 40 24.500000000000004 12.583365917205812 41 12.65617895126343
decision_type=2 2 1 1 2 2 1 2 2 2 2 2 2 1 2 2 1 1 1 1 1 1 1 1 2 1 1 1 1 1 1 1 1 1 1 2 1 1 1 1 1 1 2 1 2 1 1 1 1 1 1 1 2 1 1 1 1 1 2 2 1 2
left_child=1 14 5 6 8 10 16 19 17 21 33 -9 -6 35 -1 29 -3 18 -4 22 -21 28 -5 -13 -18 26 -26 58 -8 30 31 32 -16 -2 59 -11 -37 38 40 -39 42 -41 -10 -33 45 -14 48 -48 -40 50 51 -31 53 -7 -54 56 57 -46 -12 -19 -61 -60
right_child=2 3 4 7 12 52 9 11 37 13 27 23 44 -15 15 -17 24 34 -20 20 -22 -23 -24 -25 25 -27 -28 -29 -30 49 -32 43 -34 -35 -36 36 -38 39 46 41 -42 -43 -44 -45 55 -47 47 -49 -50 -51 -52 -53 54 -55 -56 -57 -58 -59 61 60 -62 -63
leaf_value=-331.99430214473296 -213.25241188940237 -37.656613773407841 -274.72046965136963 -144.84011686669984 -122.81708573821962 -325.77790353751737 -81.105444627675851 -268.47797239577295 95.287253922013051 -94.360460091010651 -331.1182757374624 -244.41915991782926 44.009384359640237 -169.18539806883493 -171.44767320613579 -250.14349885770031 -155.18756710069849 -134.21559487887791 -150.7892583671146 -243.16839673839434 -166.93704268937 -248.81235396998306 -56.44043388248091 -206.47956130009862 222.51334434503971 -131.81198390518767 -79.365437236368237 -297.60821935719417 -224.70939277615108 279.08530064168002 -145.87441711872066 237.9541647762295 1013.3138151070436 -89.54038445773331 -186.40031073294742 26622.523014793711 -122.064926542188 -16.479662785921899 300.62052950163854 -45.787482446416107 -243.30410245527347 -171.06774890606431 5579.5370600608185 -123.24607719115643 2868.5347675342814 -94.757512292594768 1108.1170028995457 97.074452475798537 -178.62201965489498 -178.03881467436861 -173.4123779209298 -76.940760735947833 137.05563125835835 -154.35861065877617 -188.30070649834744 46.033397754104513 280.54765904433503 600.02691868148554 -232.5856803096363 207.15892648191985 -132.30504585453295 -88.019259026899022
leaf_weight=407520 216179 502238 257956 143595 2680881 212823 118095 674834 47895 528625 218661 413087 1333006 679998 2021 743968 549484 592863 387547 127509 246758 698503 233378 671056 39571 99736 60503 619651 477960 10047 39298 6931 2405 276420 1079847 411 1174 554087 51588 259771 118300 389011 1652 13164 65669 1445395 40000 88092 54145 189791 37188 19814 185025 380503 233439 640635 199067 65602 165676 116045 141973 143484
leaf_count=407520 216179 502238 257956 143595 2680881 212823 118095 674834 47895 528625 218661 413087 1333006 679998 2021 743968 549484 592863 387547 127509 246758 698503 233378 671056 39571 99736 60503 619651 477960 10047 39298 6931 2405 276420 1079847 411 1174 554087 51588 259771 118300 389011 1652 13164 65669 1445395 40000 88092 54145 189791 37188 19814 185025 380503 233439 640635 199067 65602 165676 116045 141973 143484
internal_value=-0.000107886 -0.000199948 -5.4169e-05 -0.000176183 -3.67974e-05 -0.000123678 -0.00013601 -0.000236296 -7.2124e-05 -0.000163261 -0.000163124 -0.000265659 -1.38291e-05 -0.000126345 -0.000301106 -0.000276823 -8.14718e-05 -9.43682e-05 -0.000145158 -0.000167549 -0.000222117 -0.000197773 -0.000113364 -0.000235044 -0.000116303 -3.50578e-05 6.75737e-05 -0.00019167 -0.000155398 -0.000205294 -5.81157e-05 0.000191167 0.000774798 -9.66288e-05 -7.73865e-05 -7.36576e-05 0.000919559 -3.6409e-05 1.68397e-05 -5.41899e-05 -6.95438e-05 -8.83036e-05 7.92325e-05 6.22984e-05 3.24449e-06 -8.52979e-06 7.88488e-05 0.000150693 -8.19392e-06 -0.000241853 -0.000115935 5.25431e-05 -5.97402e-05 -9.10338e-05 -1.537e-05 3.69361e-05 8.96968e-05 0.00017645 -0.000148836 -4.51763e-05 1.56622e-05 -0.000105867
internal_weight=2.10016e+07 7.73866e+06 1.32629e+07 6.26652e+06 1.0611e+07 2.65186e+06 3.7563e+06 2.51022e+06 4.18077e+06 2.50477e+06 1.64007e+06 1.75898e+06 6.43026e+06 1.21021e+06 1.47215e+06 1.06463e+06 1.25153e+06 2.57623e+06 645503 751240 374267 1.29456e+06 376973 1.08414e+06 749294 199810 100074 1.14747e+06 596055 320659 63819 24521 4426 492599 1.93073e+06 530210 1585 1.60454e+06 401672 1.20287e+06 167847 648782 49547 20095 3.74937e+06 2.7784e+06 233825 128092 105733 256840 67049 29861 1.01179e+06 593326 418464 970973 330338 131271 527821 850881 258018 309160
internal_count=21001550 7738662 13262888 6266515 10611027 2651861 3756298 2510217 4180772 2504766 1640071 1758977 6430255 1210208 1472147 1064627 1251532 2576231 645503 751240 374267 1294558 376973 1084143 749294 199810 100074 1147472 596055 320659 63819 24521 4426 492599 1930728 530210 1585 1604541 401672 1202869 167847 648782 49547 20095 3749374 2778401 233825 128092 105733 256840 67049 29861 1011790 593326 418464 970973 330338 131271 527821 850881 258018 309160
cat_boundaries=0 1 2 3 5 7 8 10 11 13 15 17 19 21 22 24 25 26 28 29 31 33 35 37 38 40 42 43 44 46 48 49 51 53 55 56 57 59 61 63 64 65 66
cat_threshold=4 19 2 3610526034 14397 378983200 233216 8 275980408 124485 8 2426081812 180489 602007065 107595 608279208 29852 103604326 192517 3894944775 4248 679072 1088962650 261964 565256 2 3426458153 12816 96 2150764584 4608 2768858194 211632 1096067215 93516 33554498 17 2 2805613825 138660 2216834675 229870 49988 471600 2149646376 4608 2504247232 169429 380428 1488980480 24576 98494 114707 1263943810 133120 651537 9 2435598860 134818 356403916 38179 576237705 117280 24099 2460 664019
is_linear=0
shrinkage=0.05


Tree=62
num_leaves=63
num_cat=42
split_feature=0 0 17 17 11 0 0 17 11 11 11 2 13 11 2 13 17 2 13 13 13 13 2 13 13 13 2 13 2 13 15 13 14 14 15 14 0 13 15 13 15 14 13 13 14 14 0 17 13 14 11 13 14 11 13 14 13 14 13 1 13 14
split_gain=40.3429 7.49741 6.00498 5.95016 3.51817 3.30212 2.56039 2.17585 1.34444 1.23428 1.20056 1.18522 1.30491 1.01096 0.954576 1.05108 0.932818 0.883776 0.825563 0.803941 0.762059 0.757528 0.711516 0.709939 0.699504 0.672058 0.665268 0.671124 0.658621 0.649888 0.63561 0.633739 0.614799 0.614683 0.663598 0.605846 0.604752 0.653286 0.597693 0.591671 0.588844 0.78241 0.768255 0.744687 0.561229 0.545558 0.540408 0.539614 0.718302 0.560435 0.538789 0.582435 0.534207 0.543134 0.516794 0.741374 0.514721 0.604547 0.509809 0.494204 1.69149 0.493908
threshold=12.231351852416994 11.320536136627199 0 1 11.322643756866457 12.73855781555176 13.061691284179689 2 11.802389144897463 12.230416774749758 12.230416774749758 23.500000000000004 3 12.738457679748537 30.500000000000004 4 5 20.500000000000004 6 7 8 9 35.500000000000007 10 11 12 12.500000000000002 13 27.500000000000004 14 15 16 17 18 19 20 13.264259815216066 21 22 23 24 25 26 27 28 29 10.848378181457521 30 31 32 10.844077110290529 33 34 12.61660671234131 35 36 37 38 39 23284.316406250004 40 41
decision_type=2 2 1 1 2 2 2 1 2 2 2 2 1 2 2 1 1 2 1 1 1 1 2 1 1 1 2 1 2 1 1 1 1 1 1 1 2 1 1 1 1 1 1 1 1 1 2 1 1 1 2 1 1 2 1 1 1 1 1 2 1 1
left_child=1 16 6 29 11 9 10 20 -9 39 26 12 -5 -7 15 -10 23 19 -13 52 -6 -16 36 45 28 -24 31 59 32 44 35 -2 -12 34 -29 -22 37 38 -15 -4 -41 43 -43 -42 -3 -1 -18 48 49 -19 56 -52 -11 -54 61 -56 57 -48 -35 -28 -61 -49
right_child=2 3 5 4 7 13 -8 8 14 17 24 18 -14 22 21 -17 46 47 -20 -21 30 -23 25 -25 -26 -27 27 33 -30 -31 -32 -33 -34 58 -36 -37 -38 -39 -40 40 41 42 -44 -45 -46 -47 50 54 -50 -51 51 -53 53 -55 55 -57 -58 -59 -60 60 -62 -63
leaf_value=-186.7171207521653 -481.44875068160547 -274.31931186646142 -132.88448872283661 -95.58705198590998 -69.6184714734718 58.321307220321614 -161.48809453184404 -198.40004151618814 -163.8932820912402 -238.83542910240649 -215.98234924373784 -95.11144056795608 -195.07678660456497 -111.45399708856495 -85.868966969251858 -241.24426756881763 -318.13794080458155 183.05956387165352 -12.095057361774359 -237.08068644963097 -157.27718842730724 -154.00196507444525 125.75785289049746 -205.28267823847582 -280.46075809630196 -67.113577149294727 6.6606641411910461 223.20693063833551 -149.43729373182759 -266.74605383123958 -168.67305861053489 -224.21552205143067 -399.90804985581804 -296.4526846957279 -174.52279259636563 6.1758287840934436 -56.805267141887455 -102.22920170388339 -309.95110453651796 88.30497679977853 -253.49556540157357 -351.03441056878438 -51.647528058579724 177.62296931197471 -219.22023644390575 -82.028169215966869 39.064176432007756 55.997642103474213 -182.7490066990033 -88.259080822806212 -244.35474426402334 -264.42637276864224 -121.27444297795992 243.93141565403204 -47.209104392027079 -170.81370741780012 -169.13687394065019 -164.74175902488332 -160.67040754282189 12498.613394253749 -379.73346778819842 -101.21846933828783
leaf_weight=50126 31824 213160 474272 290540 351927 1931114 1011790 1067726 224997 156395 101182 343499 312431 251019 316218 582531 325602 37795 559340 638241 69680 438064 649342 153380 711041 1151410 149103 28643 233903 779614 350038 75800 101346 64358 40884 104953 1193544 903377 350449 325321 40678 105489 166121 139671 261797 91334 29861 255236 323851 114412 297285 297580 177723 55906 409696 502342 189791 37188 97302 1520 3165 257623
leaf_count=50126 31824 213160 474272 290540 351927 1931114 1011790 1067726 224997 156395 101182 343499 312431 251019 316218 582531 325602 37795 559340 638241 69680 438064 649342 153380 711041 1151410 149103 28643 233903 779614 350038 75800 101346 64358 40884 104953 1193544 903377 350449 325321 40678 105489 166121 139671 261797 91334 29861 255236 323851 114412 297285 297580 177723 55906 409696 502342 189791 37188 97302 1520 3165 257623
internal_value=-0.00010511 -0.000195832 -5.21747e-05 -0.000171978 -0.000147601 -3.53555e-05 -0.000119474 -0.000175055 -0.000197797 -6.99474e-05 -0.000158063 -8.36787e-05 -0.000137959 -1.28649e-05 -0.000168237 -0.000206016 -0.00029737 -8.77055e-05 -4.74271e-05 -0.000125048 -0.000106831 -0.000127791 -2.58535e-05 -0.000217805 -0.000186092 -1.51334e-06 -9.27717e-05 -6.2049e-05 -0.00013625 -0.000269361 -0.000145012 -0.000202668 -0.000202263 -0.00011589 8.43484e-06 -6.70878e-05 -4.20967e-05 -6.31771e-05 -0.000103551 -2.83851e-05 -1.53048e-06 -3.84524e-05 -9.20583e-05 4.228e-05 -0.000223233 -0.00013699 -0.000317292 -6.75064e-05 -0.000113595 -2.40014e-05 -0.000296349 -0.00032248 -6.84859e-05 -2.06061e-05 -5.21071e-05 -7.46875e-05 -0.000235827 -0.00011668 -0.000169357 1.88954e-05 0.000524547 -1.19509e-05
internal_weight=2.10016e+07 7.73866e+06 1.32629e+07 6.26652e+06 5.01194e+06 1.0611e+07 2.65186e+06 3.50613e+06 2.62954e+06 4.18077e+06 1.64007e+06 1.50581e+06 602971 6.43026e+06 1.56181e+06 807528 1.47215e+06 2.92922e+06 902839 1.02826e+06 876598 754282 4.49914e+06 294840 1.14747e+06 1.80075e+06 492599 384975 436431 1.25457e+06 524671 107624 202528 231187 69527 174633 2.69839e+06 1.50484e+06 601468 1.25155e+06 777280 451959 271610 180349 474957 141460 1.17731e+06 1.90096e+06 476058 152207 851705 594865 390024 233629 1.4249e+06 912038 256840 67049 161660 153788 4685 512859
internal_count=21001550 7738662 13262888 6266515 5011944 10611027 2651861 3506134 2629536 4180772 1640071 1505810 602971 6430255 1561810 807528 1472147 2929220 902839 1028265 876598 754282 4499141 294840 1147472 1800752 492599 384975 436431 1254571 524671 107624 202528 231187 69527 174633 2698389 1504845 601468 1251552 777280 451959 271610 180349 474957 141460 1177307 1900955 476058 152207 851705 594865 390024 233629 1424897 912038 256840 67049 161660 153788 4685 512859
cat_boundaries=0 1 2 3 5 7 8 10 12 14 16 18 20 22 24 26 27 29 30 31 32 33 35 36 38 39 40 42 44 45 46 47 49 50 52 53 55 56 58 59 61 62 63
cat_threshold=4 4 2 250193172 256773 3489703449 10754 2 2147853236 168364 1040761999 1480 2434724384 231200 3043557654 72231 1058118505 15881 1080574042 190284 3506619032 170180 276697769 16671 726824129 1698 1217 2753184353 70160 878804 84018 2601 45958 3341058510 75846 1173 1052852997 9618 1864 509955 2165969088 36900 2097208 16456 533430 583720 8 1208133392 36648 114697 2350659443 55701 216354 15806982 217194 493093 1263943810 133120 651537 1140925506 173184 2753161 801586
is_linear=0
shrinkage=0.05


Tree=63
num_leaves=63
num_cat=41
split_feature=0 0 17 17 11 0 0 17 11 11 2 13 11 2 13 17 11 17 13 2 13 13 13 2 13 13 13 11 13 17 2 13 14 13 13 13 14 13 13 11 15 14 0 13 15 13 14 13 2 2 13 13 14 14 13 14 16 15 13 14 0 2
split_gain=38.9861 7.4647 5.94091 5.76443 3.31302 3.07497 2.69309 2.10815 1.28455 1.17805 1.12314 1.25386 1.0443 1.03218 1.0872 1.00405 0.908488 0.875748 0.824444 0.756012 0.736778 0.736727 0.713162 0.702181 0.774205 0.711793 0.694647 0.684796 1.10388 0.671311 0.669803 0.887194 0.631306 0.769451 0.605343 0.590558 0.559988 1.04044 0.828158 0.55565 0.543253 0.538251 0.561634 1.01117 1.32272 0.767383 0.765331 0.531558 0.530756 0.515155 0.727135 0.605272 0.650991 0.522599 0.510078 0.48894 0.508551 0.475642 0.47419 0.471583 0.490446 0.464653
threshold=12.231351852416994 11.320536136627199 0 1 11.322643756866457 12.73855781555176 13.061691284179689 2 11.802389144897463 12.230416774749758 23.500000000000004 3 12.230416774749758 30.500000000000004 4 5 12.738457679748537 6 7 19.500000000000004 8 9 10 20.500000000000004 11 12 13 11.298759460449221 14 15 41.500000000000007 16 17 18 19 20 21 22 23 1.0000000180025095e-35 24 25 11.122486114501955 26 27 28 29 30 24.500000000000004 34.500000000000007 31 32 33 34 35 36 37 38 39 40 12.656338214874269 17.500000000000004
decision_type=2 2 1 1 2 2 2 1 2 2 2 1 2 2 1 1 2 1 1 2 1 1 1 2 1 1 1 2 1 1 2 1 1 1 1 1 1 1 1 2 1 1 2 1 1 1 1 1 2 2 1 1 1 1 1 1 1 1 1 1 2 2
left_child=1 15 27 6 10 9 12 21 -9 36 11 -4 23 14 -10 20 -7 -11 -12 34 41 -6 -15 24 -2 55 48 28 -3 61 -23 -32 33 -21 -19 -34 37 40 -38 47 -5 -1 45 44 -44 46 -43 -17 -14 50 -8 53 -53 -51 -29 56 -25 -40 -41 -50 -61 -18
right_child=3 2 4 5 7 16 49 8 13 17 18 -13 26 22 -16 39 29 19 -20 32 -22 30 -24 25 -26 -27 -28 54 -30 -31 31 -33 35 -35 -36 -37 38 -39 57 58 -42 42 43 -45 -46 -47 -48 -49 59 51 -52 52 -54 -55 -56 -57 -58 -59 -60 60 -62 -63
leaf_value=-177.38126471455701 -132.11336418611936 -217.67267420991266 -90.807699386614473 92.675664881619895 -54.746575038695624 55.405241859305534 -9.1104793961159896 -188.48003944037885 -130.8840822232365 -74.180604394797115 -91.03352645716808 -185.32294727433674 -302.44244616230691 -75.742853693709549 -228.59495402761169 -194.59082267232245 -238.14935036050701 -138.79605480528264 -11.619448329046282 -253.37666409776557 -198.50112558406636 -160.57000137209363 -144.9937489359134 362.88345774544268 -363.38218492298114 -157.84587495996308 -268.80940029747546 -273.04813315042577 -145.36905692796753 -47.251492641911319 -142.30164165560274 47.926421266135549 -32.47515366658336 -113.68030127546008 -242.88516363364744 -127.31189056115073 10.572256829866092 129.10109709302233 -61.911182032006039 -251.94876590241529 -208.14721384869446 479.72063261443856 5352.2469033461166 -109.23424539290745 138.45478641128304 -188.52915369606558 -164.02224153772741 -153.59335201006979 -241.50621608992543 -336.54901289289018 -247.88368273942106 -225.2884820552452 312.22896842719524 -35.693007146850164 -286.54654041327979 -126.17671777756398 -106.34514763327171 -240.71195999946178 -266.22470446459846 -165.31486912894545 91.81017001385554 -95.775043594094313
leaf_weight=50370 73304 127509 290540 52332 317292 1931114 190433 1067726 192937 733866 325674 312431 209546 286252 614591 170082 336765 307298 577165 110515 153111 391007 468030 49753 100539 165893 642252 368237 246758 3375213 78972 89327 467871 180234 426155 703281 329411 290866 140817 344120 156888 3613 3684 20659 11205 46344 5854 184542 133297 69767 402893 77166 140952 130579 512067 76783 26327 281238 478563 86792 75585 787163
leaf_count=50370 73304 127509 290540 52332 317292 1931114 190433 1067726 192937 733866 325674 312431 209546 286252 614591 170082 336765 307298 577165 110515 153111 391007 468030 49753 100539 165893 642252 368237 246758 3375213 78972 89327 467871 180234 426155 703281 329411 290866 140817 344120 156888 3613 3684 20659 11205 46344 5854 184542 133297 69767 402893 77166 140952 130579 512067 76783 26327 281238 478563 86792 75585 787163
internal_value=-0.000102726 -0.00019191 -0.000168109 -5.06894e-05 -0.00014375 -3.42105e-05 -0.000116627 -0.000170391 -0.000192777 -6.75913e-05 -8.17197e-05 -0.000134559 -0.000156203 -0.000163883 -0.000203168 -0.000293227 -1.25072e-05 -8.49402e-05 -4.64303e-05 -0.000100747 -0.000210683 -0.000103237 -0.000121825 -9.53093e-05 -0.000176144 -5.12237e-05 -0.000182345 -0.000265415 -0.000208764 -2.48199e-05 -0.000137762 -5.43641e-05 -7.99642e-05 -0.000145909 -0.000142172 -6.35911e-05 -2.69868e-05 1.40118e-05 -5.42701e-05 -0.000313894 -7.10218e-05 -0.000128507 -5.614e-05 9.91903e-05 0.000413149 -0.000155085 0.000254986 -0.000261578 -0.000138471 -5.24758e-05 -8.24382e-05 -9.99321e-06 4.76376e-05 -7.27351e-05 -0.000289504 2.66141e-05 0.000116442 -0.000100642 -0.000336449 -9.53309e-05 -3.81091e-05 -5.82892e-05
internal_weight=2.10016e+07 7.73866e+06 6.26652e+06 1.32629e+07 5.01194e+06 1.0611e+07 2.65186e+06 3.50613e+06 2.62954e+06 4.18077e+06 1.50581e+06 602971 1.64007e+06 1.56181e+06 807528 1.47215e+06 6.43026e+06 2.92922e+06 902839 2.19535e+06 294840 876598 754282 492599 173843 318756 1.14747e+06 1.25457e+06 374267 4.49914e+06 559306 168299 1.4619e+06 290749 733453 1.17115e+06 1.25155e+06 500086 751466 1.17731e+06 209220 141729 91359 35548 14889 55811 9467 354624 505220 1.01179e+06 593326 418464 218118 200346 880304 152863 76080 422055 822683 295674 162377 1.12393e+06
internal_count=21001550 7738662 6266515 13262888 5011944 10611027 2651861 3506134 2629536 4180772 1505810 602971 1640071 1561810 807528 1472147 6430255 2929220 902839 2195354 294840 876598 754282 492599 173843 318756 1147472 1254571 374267 4499141 559306 168299 1461901 290749 733453 1171152 1251552 500086 751466 1177307 209220 141729 91359 35548 14889 55811 9467 354624 505220 1011790 593326 418464 218118 200346 880304 152863 76080 422055 822683 295674 162377 1123928
cat_boundaries=0 1 2 3 5 7 8 9 11 13 15 17 19 21 23 25 26 28 29 31 33 35 36 38 40 41 42 44 45 47 48 50 52 54 55 56 58 59 60 61 63 64
cat_threshold=4 4 2 250193172 256773 3489702937 8706 2 2 2147853236 168356 1058118505 11913 270463520 231200 3043295250 72231 3636756617 180715 1014764324 83295 1081622618 192364 2426081812 180489 8 25233624 24655 16578 1634093960 83521 907583663 115400 1214392232 84586 223301 1044422548 13394 3255090322 244834 522 583720 16845385 1153 26 570458112 512 66242 2425988956 99251 247529891 8529 2864821555 92376 728068 544937 458643089 132770 157819 27 808 1310463826 55712 286432
is_linear=0
shrinkage=0.05


Tree=64
num_leaves=63
num_cat=42
split_feature=0 0 17 17 11 0 0 17 11 11 17 2 0 11 2 13 11 2 13 13 17 13 17 0 13 13 13 13 2 2 13 13 2 14 14 13 14 13 13 13 14 17 13 13 15 14 3 13 14 13 14 15 0 13 15 5 14 13 14 14 13 13
split_gain=37.6457 7.72007 5.78007 5.43555 3.18066 2.84342 2.56012 1.9977 1.39795 1.28732 1.0725 0.999068 0.963502 1.00877 0.963362 1.03574 0.944269 0.840612 1.04416 0.998362 0.810773 0.838137 0.794112 0.705865 0.701862 0.698069 0.694327 0.693308 0.655037 0.654801 0.736557 0.649409 0.685898 0.675474 0.646674 0.628638 0.603896 0.789212 0.600425 0.600016 0.582205 0.580291 0.689903 0.574564 0.635703 0.775011 0.559027 0.547665 0.537179 0.577218 0.516373 0.511667 0.503026 0.924686 0.506972 0.494996 0.586372 0.494095 0.493557 0.492147 0.926062 0.685059
threshold=12.231351852416994 11.320536136627199 0 1 11.322643756866457 12.864533424377443 13.061691284179689 2 12.230416774749758 11.802389144897463 3 36.500000000000007 10.848378181457521 10.844077110290529 30.500000000000004 4 12.230416774749758 24.500000000000004 5 6 7 8 9 11.341996669769289 10 11 12 13 34.500000000000007 20.500000000000004 14 15 27.500000000000004 16 17 18 19 20 21 22 23 24 25 26 27 28 80.649997711181655 29 30 31 32 33 14.042400836944582 34 35 3750.0000000000005 36 37 38 39 40 41
decision_type=2 2 1 1 2 2 2 1 2 2 1 2 2 2 2 1 2 2 1 1 1 1 1 2 1 1 1 1 2 2 1 1 2 1 1 1 1 1 1 1 1 1 1 1 1 1 2 1 1 1 1 1 2 1 1 2 1 1 1 1 1 1
left_child=1 12 24 6 10 8 16 25 59 -9 26 20 47 41 15 -11 29 19 23 -12 21 -10 -7 -19 34 -6 48 -16 57 30 -2 32 33 -18 -3 -31 37 -28 -30 -22 -37 -14 -43 44 45 -13 -20 -1 49 -4 -21 -38 -24 54 58 56 -44 -27 -54 60 -5 -61
right_child=3 2 4 5 7 22 -8 9 11 14 17 43 13 -15 27 -17 31 18 46 50 39 -23 52 -25 -26 28 36 -29 38 35 -32 -33 -34 -35 -36 40 51 -39 -40 -41 -42 42 55 -45 -46 -47 -48 -49 -50 -51 -52 -53 53 -55 -56 -57 -58 -59 -60 61 -62 -63
leaf_value=-277.5391423671141 -130.06707063931245 -199.93321084033178 -116.55808022864204 -94.856910639799764 -52.009246286760892 124.14446041920488 -146.29967345464812 -179.05603746835988 -269.40420076631091 -146.18419227854102 -85.772694568140025 -145.13810780140793 -230.30283348620617 -215.38525409732503 -81.953509728347498 -220.68726240030665 -369.61531955285847 2039.2023100680863 -65.364750864900813 -99.450880127108945 -188.56698541279167 -142.6091862595519 -76.694780725624156 0.50096637434435254 -244.11669554385901 -105.24620912190913 2073.2407195255919 -145.77634246487506 -140.42749541042414 41.224552441635751 -345.81694463862698 -253.44476778597783 -132.28516027102452 -218.15984031967093 -246.09812333934403 -237.94529901916908 128.10820949526985 67.1354822297195 0.59092271663685103 -111.4543541610532 -56.302577582907361 -46.285788307605621 65.897214999779678 -26.899524135489084 -168.49457377645047 86.376802642151603 -147.27401475915448 -298.02244052035343 -188.9483210185881 135.62889359911171 -223.5612276778069 -45.061061697651169 1620.1957974604725 1465.7070521111557 208.17734221898428 -159.04609022678017 -110.8643484589451 -203.45573791459321 -1608.8697980214101 46.832762258378352 118.90549080603253 -130.945102536794
leaf_weight=204303 76764 312320 41934 304435 317292 1361267 1011790 1067726 212581 241505 179496 102261 63516 743968 376146 566023 85315 3846 208829 101505 568177 345672 3747790 260142 630373 143227 9931 378136 102039 140260 97079 688027 246087 128043 311878 62256 55067 18686 130618 1104189 116240 117985 19577 778523 353548 151535 186506 203217 89584 48157 190552 111575 15485 190198 87102 83910 35671 183422 46273 220628 391088 630275
leaf_count=204303 76764 312320 41934 304435 317292 1361267 1011790 1067726 212581 241505 179496 102261 63516 743968 376146 566023 85315 3846 208829 101505 568177 345672 3747790 260142 630373 143227 9931 378136 102039 140260 97079 688027 246087 128043 311878 62256 55067 18686 130618 1104189 116240 117985 19577 778523 353548 151535 186506 203217 89584 48157 190552 111575 15485 190198 87102 83910 35671 183422 46273 220628 391088 630275
internal_value=-9.99052e-05 -0.000187542 -0.000163337 -4.87705e-05 -0.000139311 -3.27686e-05 -0.000112799 -0.000165414 -5.93567e-05 -0.000187206 -7.8532e-05 -7.63701e-05 -0.000290578 -0.000265551 -0.000158281 -0.000196233 -0.000151387 -0.000102829 -6.63729e-05 -0.000153803 -9.70845e-05 -0.00014926 -7.57233e-06 1.06293e-05 -0.000259318 -0.000100043 -5.24564e-06 -0.000117649 -0.00013365 -9.34823e-05 -0.000171542 -0.000176244 -0.000130203 -0.000195816 -0.000221719 -5.09099e-05 6.00228e-05 0.000272174 -6.95375e-05 -7.96664e-05 -0.00011315 -0.000191416 -0.000157966 -4.30293e-05 -7.94787e-05 -1.91007e-05 -0.000117789 -0.000355958 -7.61745e-05 1.00392e-05 -0.000210836 2.35766e-05 -1.85894e-05 3.97311e-05 -5.36033e-05 -0.000233379 -0.00011718 -0.000179319 -0.000163175 -1.95692e-05 1.16297e-05 -4.50705e-05
internal_weight=2.10016e+07 7.73866e+06 6.26652e+06 1.32629e+07 5.01194e+06 1.0611e+07 2.65186e+06 3.50613e+06 5.16291e+06 2.62954e+06 1.50581e+06 3.61649e+06 1.47215e+06 1.06463e+06 1.56181e+06 807528 1.64007e+06 1.13088e+06 659323 471553 2.23062e+06 558253 5.44812e+06 263988 1.25457e+06 876598 374934 754282 559306 492599 173843 1.14747e+06 459445 213358 624198 318756 195259 28617 232657 1.67237e+06 178496 320659 257143 1.38587e+06 607344 253796 395335 407520 179675 90091 292057 166642 4.08685e+06 339058 148860 139158 55248 326649 61758 1.54643e+06 695523 850903
internal_count=21001550 7738662 6266515 13262888 5011944 10611027 2651861 3506134 5162912 2629536 1505810 3616486 1472147 1064627 1561810 807528 1640071 1130876 659323 471553 2230619 558253 5448115 263988 1254571 876598 374934 754282 559306 492599 173843 1147472 459445 213358 624198 318756 195259 28617 232657 1672366 178496 320659 257143 1385867 607344 253796 395335 407520 179675 90091 292057 166642 4086848 339058 148860 139158 55248 326649 61758 1546426 695523 850903
cat_boundaries=0 1 2 3 4 6 8 10 11 13 14 16 18 20 22 24 26 27 28 30 31 33 35 37 38 39 41 43 44 45 47 48 50 51 52 54 55 56 58 59 60 62 64
cat_threshold=4 4 2 2 3489703705 8834 1563706435 76355 183083284 229645 8 314908792 124421 2 995524041 1714 270463520 231200 3373017335 13435 3043836182 72311 3636773001 180715 1080574042 190316 37675 482377 947655460 83287 151552 33669384 198656 1098975440 24654 3850508848 36914 697476 4 4286534274 196612 3910585730 144457 3334 27846 2061636469 154920 350438 3238791360 97 306436 323 525926854 6585 2149 840320 1105266896 16397 67456 224325 1052808860 72978 1107336336 7264
is_linear=0
shrinkage=0.05


Tree=65
num_leaves=63
num_cat=43
split_feature=0 0 17 17 11 0 0 17 17 0 1 2 13 11 2 17 13 2 13 11 11 13 0 13 13 11 13 13 13 13 13 14 2 13 13 16 14 11 13 13 15 14 14 13 13 13 15 14 6 13 14 13 2 14 14 13 16 17 15 14 13 15
split_gain=36.5107 7.7177 5.55701 5.00513 2.74811 2.61713 2.47058 1.88924 1.37699 1.26973 1.17293 1.11817 1.09353 0.93878 0.932807 0.949496 0.946519 0.908974 1.08684 0.885065 0.882838 0.905242 0.842944 1.0174 0.945482 0.789686 1.10572 0.748154 0.734083 0.690318 0.683476 0.675323 0.653091 0.711146 0.645073 0.685434 0.972634 0.635453 0.649998 0.626441 0.610955 0.809074 0.603212 0.593975 0.578811 0.578232 0.757827 0.697765 0.644371 0.567983 0.590203 0.564905 0.582627 0.687348 0.561669 0.800856 0.711459 0.554901 0.536284 0.51881 1.25639 1.82723
threshold=12.231351852416994 11.384678363800051 0 1 11.386874198913576 12.656338214874269 13.061691284179689 2 3 10.961292743682863 5197.6342773437509 30.500000000000004 4 12.230416774749758 2.5000000000000004 5 6 20.500000000000004 7 12.239556312561037 10.956196784973146 8 12.067407608032228 9 10 11.386874198913576 11 12 13 14 15 16 20.500000000000004 17 18 19 20 12.65617895126343 21 22 23 24 25 26 27 28 29 30 9.5000000000000018 31 32 33 27.500000000000004 34 35 36 37 38 39 40 41 42
decision_type=2 2 1 1 2 2 2 1 1 2 2 2 1 2 2 1 1 2 1 2 2 1 2 1 1 2 1 1 1 1 1 1 2 1 1 1 1 2 1 1 1 1 1 1 1 1 1 1 2 1 1 1 2 1 1 1 1 1 1 1 1 1
left_child=1 8 25 6 17 10 13 28 9 27 12 29 -5 32 16 -16 -7 18 31 30 21 -11 24 -24 -13 26 -3 -1 40 -9 -12 -4 33 -2 -19 36 -36 38 58 -27 41 -6 -31 -10 -22 46 48 -48 -34 -21 -51 52 53 -15 55 -47 -56 -33 -17 60 61 -14
right_child=3 2 4 5 7 14 -8 11 43 20 19 22 59 51 15 37 -18 34 -20 49 44 -23 23 -25 -26 39 -28 -29 -30 42 -32 57 45 -35 35 -37 -38 -39 -40 -41 -42 -43 -44 -45 -46 54 47 -49 -50 50 -52 -53 -54 -55 56 -57 -58 -59 -60 -61 -62 -63
leaf_value=-189.30059373354598 -350.21323617869314 -192.53441336271544 -257.36037479465722 69.654971910591726 -181.03905746489747 -532.50737955447153 -138.98468978191576 -168.30810793259235 -235.79491015856411 -121.63283832558101 -148.76274368701851 -164.62846686247741 26941.208795043105 -333.69593629621033 91.787658181935697 263.43998764228019 -86.182882827769575 -4.8653130141661682 -165.78088700046629 -115.23867262068271 -136.58422688765586 -12.421890823903233 21.434301859845618 -139.14321434613757 -106.09008463615493 -237.3418046657078 -112.73436939654715 -238.53016167109564 -62.974096758761881 -236.78419072911203 -3.8430877717357363 274.32519849772308 7323.2716275351813 -123.74730111487698 128.01409264163996 -116.30876182876091 -91.881843923905407 -86.466450247413746 -93.587774694213294 -259.68544474212479 -159.62566311479316 13.403082183270818 -195.68378267663576 -269.26064763775992 -169.71058734212485 -15.473873407658903 569.09134660710185 -350.84620385848268 254.35740303170519 -126.1982657278366 -208.10738802120568 -245.28894600201932 -128.76368047128182 -193.84553752953036 134.44567021613952 -298.06927645761078 -172.98252558762036 -67.442807205930336 -5.2800522590172481 -116.56108924547664 -148.66191188278245 216.6364477950614
leaf_weight=116031 83278 137470 46696 303618 58925 157224 1011790 417090 301193 98905 370672 398025 1927 100596 1685010 378274 199462 468554 324201 827311 172416 107598 152010 165255 505287 303270 223424 225275 438765 133595 511618 34117 7344 90565 65555 308589 98278 3539379 761020 541629 235059 109900 755925 385763 307541 39819 14368 17715 24846 571624 569890 664980 258269 123627 80616 49338 84710 102321 379623 303802 29485 21088
leaf_count=116031 83278 137470 46696 303618 58925 157224 1011790 417090 301193 98905 370672 398025 1927 100596 1685010 378274 199462 468554 324201 827311 172416 107598 152010 165255 505287 303270 223424 225275 438765 133595 511618 34117 7344 90565 65555 308589 98278 3539379 761020 541629 235059 109900 755925 385763 307541 39819 14368 17715 24846 571624 569890 664980 258269 123627 80616 49338 84710 102321 379623 303802 29485 21088
internal_value=-9.71531e-05 -0.000183459 -0.000156819 -4.67951e-05 -0.000132794 -3.14398e-05 -0.000108237 -0.00015755 -0.000277048 -0.000240405 -6.67512e-05 -0.000179168 -6.68215e-06 -0.000146143 -1.39778e-05 -9.8097e-06 -9.27786e-05 -7.51944e-05 -0.00012914 -8.06548e-05 -0.00020122 -0.000114775 -0.000144758 -7.46453e-05 -0.000169383 -0.000252816 -0.000190906 -0.000319223 -9.27114e-05 -0.000211314 -3.904e-05 -3.17614e-05 -8.84071e-05 -0.000166365 -4.61091e-05 -8.7337e-05 -4.67778e-06 -2.06384e-05 6.41393e-06 -0.000279263 -0.000141353 -6.87797e-05 -0.000236203 -0.000331862 -0.000238414 -4.58904e-05 8.81031e-05 -8.38652e-05 0.000259473 -9.93037e-05 -0.000122167 -0.000170928 -0.000129732 -0.000188702 -7.97326e-05 -0.000180879 -2.51786e-05 2.44127e-05 3.91893e-05 -6.60961e-05 7.9033e-05 0.000355809
internal_weight=2.10016e+07 7.73866e+06 6.02394e+06 1.32629e+07 4.81815e+06 1.0611e+07 2.65186e+06 3.36984e+06 1.71472e+06 1.02777e+06 3.51104e+06 2.52719e+06 659920 1.64007e+06 7.09999e+06 6.74331e+06 356686 1.44831e+06 507335 2.85112e+06 686460 206503 1.22058e+06 317265 903312 1.20579e+06 360894 341306 842649 1.30661e+06 882290 183134 492599 173843 940976 472422 163833 5.0583e+06 1.51892e+06 844899 403884 168825 889520 686956 479957 318756 64273 32083 32190 1.96882e+06 1.14151e+06 1.14747e+06 482492 224223 254483 89157 165326 136438 757897 356302 52500 23015
internal_count=21001550 7738662 6023940 13262888 4818147 10611027 2651861 3369836 1714722 1027766 3511035 2527187 659920 1640071 7099992 6743306 356686 1448311 507335 2851115 686460 206503 1220577 317265 903312 1205793 360894 341306 842649 1306610 882290 183134 492599 173843 940976 472422 163833 5058296 1518917 844899 403884 168825 889520 686956 479957 318756 64273 32083 32190 1968825 1141514 1147472 482492 224223 254483 89157 165326 136438 757897 356302 52500 23015
cat_boundaries=0 1 2 3 4 6 7 9 11 13 15 17 19 21 23 25 27 28 30 32 33 34 36 38 39 40 41 43 45 47 48 49 51 52 54 55 56 58 59 60 61 62 64 65
cat_threshold=4 4 2 19 1388532565 110638 2 2331782217 3661 115384596 240385 13647729 30675 1735172211 74407 172680299 238754 2430276118 180489 1983910257 150536 1816134879 30943 1342474073 41602 953762708 25235 3400 624637814 71188 526932995 93851 84 462148 2347270051 19105 2572819969 132768 1219 12950 21 1320432608 22888 2886756097 45968 7606816 16401 2792 165617 1007723658 154569 319265 1349009498 190316 37679 558788 1375774748 68334 19 2 1230 196672 672925698 148240 128
is_linear=0
shrinkage=0.05


Tree=66
num_leaves=63
num_cat=41
split_feature=0 0 17 17 0 11 0 17 17 0 1 11 11 2 11 13 17 2 13 13 11 13 13 14 13 13 13 16 14 13 0 13 13 11 13 13 3 2 13 13 15 14 16 13 14 15 13 14 11 13 15 14 13 13 13 1 14 13 3 13 3 13
split_gain=34.9421 7.82776 5.45518 4.86477 2.58574 2.54912 2.45877 1.73303 1.468 1.3267 1.08623 1.06431 1.02332 0.960857 0.869313 1.00532 0.85853 0.849106 1.00593 0.795833 0.793038 0.776913 0.73327 0.725443 0.716373 0.642365 0.622233 0.657833 0.751721 0.62115 0.620913 0.607901 0.58456 0.578616 0.707019 0.577017 0.572714 0.568861 0.924244 0.884469 0.691198 0.643239 0.569456 0.558792 0.549695 0.81929 0.535298 0.557038 0.530925 0.676807 0.553655 0.707985 1.04491 0.803536 0.541063 0.530443 0.572778 1.10523 0.968651 0.672767 0.725837 0.538032
threshold=12.231351852416994 11.384678363800051 0 1 13.061691284179689 11.386874198913576 12.656338214874269 2 3 10.848378181457521 13427.647949218752 11.790730953216555 10.844077110290529 34.500000000000007 11.386874198913576 4 5 20.500000000000004 6 7 12.230416774749758 8 9 10 11 12 13 14 15 16 13.529273033142092 17 18 12.230416774749758 19 20 98.850002288818374 12.500000000000002 21 22 23 24 25 26 27 28 29 30 13.052330493927004 31 32 33 34 35 36 14077.190917968752 37 38 70.450000762939467 39 99.850002288818374 40
decision_type=2 2 1 1 2 2 2 1 1 2 2 2 2 2 2 1 1 2 1 1 2 1 1 1 1 1 1 1 1 1 2 1 1 2 1 1 2 2 1 1 1 1 1 1 1 1 1 1 2 1 1 1 1 1 1 2 1 1 2 1 2 1
left_child=1 8 14 4 20 17 10 13 9 24 33 29 21 22 15 -3 30 18 23 -15 55 -11 36 -4 -1 -16 -19 28 -28 -9 37 -14 -10 34 44 -22 -7 38 -8 41 -40 -39 -41 -12 45 -5 47 -32 49 50 51 53 -53 -6 -50 56 57 58 -2 60 -58 -57
right_child=3 2 5 6 48 7 16 11 32 12 43 -13 31 19 25 -17 -18 26 -20 -21 35 -23 -24 -25 -26 -27 27 -29 -30 -31 46 -33 -34 -35 -36 -37 -38 39 40 42 -42 -43 -44 -45 -46 -47 -48 -49 54 -51 -52 52 -54 -55 -56 61 59 -59 -60 -61 -62 -63
leaf_value=-218.67397049337362 6228.5640447656915 -95.942391210969348 -207.1803755871677 -79.306577572276012 2662.9536409812704 -186.10260111079845 29.047783132625774 -149.71581934508632 -224.00516465063595 -123.38645145316787 -227.910119334863 -143.53560690880406 -130.41618344671699 -116.87508417817844 -227.48998257974893 -177.95989579824092 -83.241250901536489 -4.6220473634577504 -163.6206742312641 -37.862724467133923 -192.90112195784187 -31.454349853565965 -129.23505996294662 15.889533046312682 -257.89471621772367 -246.68370285329456 103.08192797195079 -106.36924761537939 -75.448014828507283 -176.66514317092944 707.40548334026244 -166.58755545732413 -255.79761525587188 -86.977529255763514 -75.398689774855299 -228.36761612654823 157.99976557109699 37.03471106661673 -111.00525763530932 245.90502133423871 -518.53604806519252 -215.16001131836276 14.711801281254157 -132.48690981651018 8.2627887843717396 496.79568592532343 786.59526740940646 -303.57298334873889 -277.90244864438466 -163.34284577848558 38.710451999076398 2186.8672753901633 -330.65179656697148 751.8136202928149 -128.7244554538469 -345.11585722549938 -22.120512585624784 -103.04354974623021 77.577274406045944 -208.55649966376788 3505.9864380148192 -117.55993605913318
leaf_weight=107654 13680 180649 79168 29015 9886 419985 272722 297447 301193 94337 412947 1064835 185637 293716 320296 180245 3546549 468554 283392 406315 367197 141645 550520 144775 136785 524603 61812 318062 92548 324848 139221 361708 385763 1699254 478968 780275 12170 346131 159629 469049 158754 423715 890794 672820 159142 58889 483019 210409 270281 151967 100949 9605 20442 10215 438445 86595 86646 72393 38685 100173 280 94147
leaf_count=107654 13680 180649 79168 29015 9886 419985 272722 297447 301193 94337 412947 1064835 185637 293716 320296 180245 3546549 468554 283392 406315 367197 141645 550520 144775 136785 524603 61812 318062 92548 324848 139221 361708 385763 1699254 478968 780275 12170 346131 159629 469049 158754 423715 890794 672820 159142 58889 483019 210409 270281 151967 100949 9605 20442 10215 438445 86595 86646 72393 38685 100173 280 94147
internal_value=-9.48342e-05 -0.000179266 -0.000152436 -4.55698e-05 -0.000106144 -0.000128632 -3.04314e-05 -0.000152475 -0.00027352 -0.000235686 -6.46578e-05 -0.000188286 -0.000203955 -0.000116569 -0.000247549 -0.000182593 -1.3506e-05 -7.31575e-05 -0.000125296 -7.18042e-05 -0.000144923 -0.000116919 -0.000148459 -4.60873e-05 -0.000337382 -0.000275298 -4.50464e-05 -8.55378e-05 -8.41656e-07 -0.000240235 3.8639e-06 -0.000241479 -0.000330115 -4.60497e-05 -8.68668e-06 -0.000167704 -0.00019721 -7.69838e-06 -5.10945e-05 4.34642e-06 -0.000108958 -3.84781e-05 2.85907e-05 -0.000106223 6.00152e-05 0.000160362 4.16453e-05 -5.47659e-06 -4.32842e-05 1.21035e-05 8.70348e-05 0.000222816 6.90859e-05 0.000452464 -6.6969e-05 -9.18582e-05 -5.23585e-05 3.06253e-05 0.000205585 -0.000107688 -5.90042e-06 -0.000160012
internal_weight=2.10016e+07 7.73866e+06 6.02394e+06 1.32629e+07 2.65186e+06 4.81815e+06 1.0611e+07 3.36984e+06 1.71472e+06 1.02777e+06 3.51104e+06 1.68713e+06 783327 1.68271e+06 1.20579e+06 360894 7.09999e+06 1.44831e+06 507335 700031 1.64007e+06 235982 982675 223943 244439 844899 940976 472422 154360 622295 3.55344e+06 547345 686956 2.42527e+06 726014 1.14747e+06 432155 2.72079e+06 591105 2.12969e+06 318383 769846 1.35984e+06 1.08577e+06 247046 87904 832649 349630 1.01179e+06 303064 151097 50148 30047 20101 708726 492599 311857 124758 52365 187099 86926 180742
internal_count=21001550 7738662 6023940 13262888 2651861 4818147 10611027 3369836 1714722 1027766 3511035 1687130 783327 1682706 1205793 360894 7099992 1448311 507335 700031 1640071 235982 982675 223943 244439 844899 940976 472422 154360 622295 3553443 547345 686956 2425268 726014 1147472 432155 2720794 591105 2129689 318383 769846 1359843 1085767 247046 87904 832649 349630 1011790 303064 151097 50148 30047 20101 708726 492599 311857 124758 52365 187099 86926 180742
cat_boundaries=0 1 2 3 4 6 7 9 11 13 15 16 18 20 22 23 24 26 28 30 32 34 36 38 39 40 41 43 44 45 47 48 50 51 52 54 56 58 59 61 63 65
cat_threshold=4 4 18 19 1828777449 14006 18 115908948 244485 14782153 255058 9217904 20985 3998878727 10650 36170 1916842869 154888 2606374401 132768 526932995 93851 20 462148 1463125712 221850 739272473 1921 1320432608 22888 1365545992 168268 1080557594 190276 1495697287 109100 1747201167 98826 1811 105230 88 2296530484 61701 8821 39 3441565821 141617 343073 3539535740 87648 3084 602406 268436756 66624 43582296 16448 1126466653 84584 147579 259282024 82229 2029103925 16459 540767990 84508
is_linear=0
shrinkage=0.05


Tree=67
num_leaves=63
num_cat=42
split_feature=0 0 17 17 11 0 0 17 0 17 11 11 2 11 13 1 13 2 13 11 13 14 13 17 13 13 13 11 2 13 3 14 13 13 13 13 15 13 11 14 14 13 13 14 13 2 13 2 14 14 13 13 11 14 14 14 13 15 17 13 13 13
split_gain=32.9977 7.94988 5.38073 4.93953 2.43632 2.43579 2.28316 1.71194 1.46777 1.37257 1.21699 1.14708 0.903818 0.884167 1.03179 0.883153 1.059 0.806566 0.992068 0.744706 0.845651 0.72882 0.85599 0.71779 0.822924 0.689026 0.677695 0.657778 0.657577 0.777854 0.85799 1.9977 0.697657 0.654232 0.651805 0.645272 0.642387 0.636229 0.627709 0.588758 0.570907 1.06797 0.791757 0.559749 0.557378 0.551737 0.704831 0.548509 0.547463 0.540115 0.569023 0.487041 0.562844 0.572024 0.485651 0.475031 0.698245 0.464577 0.460978 0.460746 0.459691 0.445314
threshold=12.231351852416994 11.384678363800051 0 1 11.386874198913576 13.061691284179689 12.864533424377443 2 11.007835865020754 3 12.239556312561037 11.825604915618898 36.500000000000007 11.386874198913576 4 6473.4211425781259 5 20.500000000000004 6 11.006946563720705 7 8 9 10 11 12 13 12.882948875427248 20.500000000000004 14 99.950000762939467 15 16 17 18 19 20 21 12.230416774749758 22 23 24 25 26 27 42.500000000000007 28 34.500000000000007 29 30 31 32 11.006946563720705 33 34 35 36 37 38 39 40 41
decision_type=2 2 1 1 2 2 2 1 2 1 2 2 2 2 1 2 1 2 1 2 1 1 1 1 1 1 1 2 2 1 2 1 1 1 1 1 1 1 2 1 1 1 1 1 1 2 1 2 1 1 1 1 2 1 1 1 1 1 1 1 1 1
left_child=1 8 13 5 17 28 10 25 33 19 61 21 23 14 -3 36 -17 18 39 20 -10 22 -9 24 43 -6 -23 -8 32 30 -30 -32 -2 -1 -21 54 -13 -15 49 -4 41 57 -42 -12 48 -27 -47 -16 -14 50 -31 52 53 60 -25 -49 -57 -19 -41 -51 -11 -5
right_child=3 2 4 6 7 -7 27 11 9 51 12 15 44 37 47 16 -18 40 -20 34 -22 26 -24 35 -26 45 -28 -29 29 38 31 -33 -34 -35 -36 -37 -38 -39 -40 58 42 -43 -44 -45 -46 46 -48 55 -50 59 -52 -53 -54 -55 -56 56 -58 -59 -60 -61 -62 -63
leaf_value=-237.83944603902592 -303.17255813189843 -171.30573429151383 -197.22134125110861 -103.16496340112208 -48.178064027850276 -126.93001844206373 70.082633679691938 -72.521579564812328 6.6982461399600659 -102.85754948689301 33.288199314401758 -137.85736118888028 58.920560022832802 -216.50617967164783 -166.07953752647776 -138.27823942309698 -210.74922443394081 -152.94773402337705 -161.01066380261614 -114.46601195388931 -113.24657041089868 -136.65288921858556 -145.3044222542172 -109.52734219173381 -213.42163895531294 -136.55137519331547 -186.74092542861473 -59.022239390934637 -120.77703190532867 417.42998832061858 3330.687116114078 -412.86561942108096 -214.27953503320023 -214.97993196473783 -151.77035759888278 -87.814955880737401 -72.631790289556918 -234.82937415292528 -204.74255863254913 87.154719770151686 -76.024541450368631 -117.90495107614416 40.793345957764359 -144.80529377472232 -97.522735782553909 -120.87213523423475 53.031810270954523 -108.22356954148881 -68.040143465515214 -246.79883188735369 -190.63897469931254 -228.64792275115479 -224.42650807972393 -111.57856424833466 -210.27526332432444 287.90481760421346 -25.93826792873806 100.89507622089909 -128.38577254060274 -77.236549541020949 262.59399827159149 -0.87290315466963109
leaf_weight=234650 275853 158703 70993 444207 389528 1011790 1733159 189589 84527 10134 88859 354869 309901 337092 117461 243091 398750 47296 273141 142206 107440 223115 223189 312078 297429 324019 399767 3714956 447683 22920 214 356 299302 416190 303311 958613 494817 507807 432213 82227 239821 233049 325045 164887 682344 57977 71125 38053 375772 52838 32748 222673 142465 36966 380800 14930 31747 95765 80974 75944 14160 1148022
leaf_count=234650 275853 158703 70993 444207 389528 1011790 1733159 189589 84527 10134 88859 354869 309901 337092 117461 243091 398750 47296 273141 142206 107440 223115 223189 312078 297429 324019 399767 3714956 447683 22920 214 356 299302 416190 303311 958613 494817 507807 432213 82227 239821 233049 325045 164887 682344 57977 71125 38053 375772 52838 32748 222673 142465 36966 380800 14930 31747 95765 80974 75944 14160 1148022
internal_value=-9.28105e-05 -0.000174859 -0.000147821 -4.49365e-05 -0.000124181 -0.000105974 -2.96822e-05 -0.00014749 -0.000269846 -0.000233664 -5.35073e-05 -0.000168069 -6.97177e-05 -0.000242283 -0.000176774 -0.000139999 -0.000184267 -6.99469e-05 -0.000120763 -0.000187204 -0.00010488 -0.000208495 -0.000156954 -8.95424e-05 -0.00013895 -8.57691e-05 -0.000242644 -7.10427e-06 -0.000143613 -0.000120345 -7.02183e-05 0.00186842 -0.000186693 -0.00032899 -0.000222681 -7.30516e-05 -0.00010656 -0.000270268 -0.000156779 -4.52464e-05 -4.2549e-05 -9.02766e-05 -1.07683e-05 -7.27978e-05 -3.77977e-05 -0.00012769 -4.02855e-05 -0.000101856 -5.95927e-06 -7.95604e-05 5.0577e-05 -0.000303111 -0.000247196 -0.00012047 -0.000109814 -4.89743e-06 0.000101988 1.72611e-05 7.04351e-06 -0.000135808 6.8014e-05 -1.71544e-05
internal_weight=2.10016e+07 7.73866e+06 6.02394e+06 1.32629e+07 4.81815e+06 2.65186e+06 1.0611e+07 3.36984e+06 1.71472e+06 1.06388e+06 5.16291e+06 2.52719e+06 3.57068e+06 1.20579e+06 360894 1.49153e+06 641841 1.44831e+06 507335 637484 191967 1.03566e+06 412778 2.20267e+06 551175 842649 622882 5.44812e+06 1.64007e+06 1.06492e+06 448253 570 575155 650840 445517 1.65149e+06 849686 844899 616663 234194 940976 376110 564866 253746 1.36802e+06 453121 129102 202191 685673 184450 55668 426398 203725 61260 692878 84730 46677 143061 163201 128782 24294 1.59223e+06
internal_count=21001550 7738662 6023940 13262888 4818147 2651861 10611027 3369836 1714722 1063882 5162912 2527187 3570683 1205793 360894 1491527 641841 1448311 507335 637484 191967 1035660 412778 2202666 551175 842649 622882 5448115 1640071 1064916 448253 570 575155 650840 445517 1651491 849686 844899 616663 234194 940976 376110 564866 253746 1368017 453121 129102 202191 685673 184450 55668 426398 203725 61260 692878 84730 46677 143061 163201 128782 24294 1592229
cat_boundaries=0 1 2 3 4 6 8 10 12 13 15 16 18 20 22 24 25 27 29 31 33 34 36 37 38 40 42 43 45 47 48 49 51 53 54 55 56 58 59 60 62 64 66
cat_threshold=4 4 2 19 2461995542 182537 3525355291 27138 115908948 245509 3710075022 232972 11690 823596528 61068 8 3960133511 2458 299825952 231200 1156874764 90650 2171076732 161581 331082 2770491252 135997 2164910088 99031 739272209 5012 3850533488 38962 805 2614763009 132768 36168 590491 903891978 74011 1638375848 229669 5405 379794041 117054 67174616 16463 26813 20531 739284097 98320 3457954801 120904 231687 73321 799509 1744838720 1668 156 10 604034178 98448 2215907408 49160 1020264981 274
is_linear=0
shrinkage=0.05


Tree=68
num_leaves=63
num_cat=44
split_feature=0 0 17 17 17 0 0 11 17 0 11 1 11 1 13 13 2 13 17 11 13 13 13 14 13 13 2 13 13 13 13 13 13 14 13 14 13 14 14 13 2 11 13 15 15 17 15 17 13 13 16 14 15 14 11 14 5 0 16 14 13 14
split_gain=32.0849 8.02459 5.28613 4.50628 2.36259 2.24931 2.08634 1.77498 1.52121 1.45525 1.12112 1.06945 1.02688 0.861736 0.993936 0.845234 0.816369 0.844131 0.803108 0.798053 0.995612 0.750118 0.719109 0.714317 0.84635 0.671463 0.658358 0.678063 0.650187 0.640877 0.638911 0.613878 0.612846 0.659961 0.599033 0.590541 0.574373 0.602524 0.581664 0.579193 0.561053 0.539255 0.601252 0.73351 0.671116 0.536255 0.595466 0.534853 0.590325 0.570408 0.941476 0.724581 0.714484 0.545227 0.528741 0.519984 0.64475 0.519194 0.686162 0.630038 0.57819 0.533487
threshold=12.231351852416994 11.384678363800051 0 1 2 13.061691284179689 12.656338214874269 11.365419864654543 3 10.848378181457521 11.825604915618898 13427.647949218752 10.844077110290529 6771.7636718750009 4 5 2.5000000000000004 6 7 11.386874198913576 8 9 10 11 12 13 20.500000000000004 14 15 16 17 18 19 20 21 22 23 24 25 26 34.500000000000007 12.65617895126343 27 28 29 30 31 32 33 34 35 36 37 38 12.230416774749758 39 7500.0000000000009 12.665114879608156 40 41 42 43
decision_type=2 2 1 1 1 2 2 2 1 2 2 2 2 2 1 1 2 1 1 2 1 1 1 1 1 1 2 1 1 1 1 1 1 1 1 1 1 1 1 1 2 2 1 1 1 1 1 1 1 1 1 1 1 1 2 1 2 2 1 1 1 1
left_child=1 8 19 5 15 26 11 32 9 22 23 47 21 34 -15 -4 17 -8 -18 20 -3 -11 -1 24 -9 -25 29 57 35 -2 -14 -10 -6 -34 -12 -21 38 39 -13 -38 -22 42 44 -44 -20 46 -40 49 55 50 51 -5 -52 -50 -29 56 -49 61 59 -59 -60 -28
right_child=3 2 4 6 7 -7 16 10 31 12 13 36 30 14 -16 -17 18 -19 41 28 40 -23 -24 25 -26 -27 27 54 -30 -31 -32 -33 33 -35 -36 -37 37 -39 45 -41 -42 -43 43 -45 -46 -47 -48 48 53 -51 52 -53 -54 -55 -56 -57 -58 58 60 -61 -62 -63
leaf_value=-196.99127537046809 -293.17630640236132 -167.41818563280614 -13.429573382690069 862.83465464920175 -46.730881618252262 -120.58351751996054 -516.66716071806513 -64.911530703040725 -205.71453406822229 -111.75177360565641 -135.09877199058138 -187.2497711137934 -116.28058435138583 -134.20336676572035 -209.59268471942761 -94.79952444534247 85.583283479383198 -88.261664909747935 101.38357491551943 -93.138380669475879 -159.82991327808884 -24.288021552094506 -233.11215066368896 -129.58060901975878 -136.57005205041969 -177.48918104100039 -11.284494128588996 -113.83629518822873 -223.9141844974061 -208.77285862519136 -150.66965980451369 -233.08324967538084 -59.587774111635376 -134.33595385150511 -76.937419752182549 -223.65529224508802 12.606834748056645 -252.59939391346217 -151.45971284032495 -205.64341653331977 -11.635692234261279 -76.619434832024851 283.20082026751118 -1.1176295264725924 -251.02550865127634 -107.81987729765679 424.6288445004455 9.2883576547887063 10.142001250777685 -74.011268516643767 144.69258755213087 146.2465351959043 -202.10261418203481 -85.691195158685161 -193.55328849595173 -165.1899598627549 -149.47660251957987 555.85481886430932 147.29786944498284 -44.208292352567156 -281.37397830216798 -207.73827607409254
leaf_weight=107654 240984 136960 507706 33102 388715 1011790 143106 165260 329801 94652 264563 216715 196258 293409 319419 695146 1685010 213580 228048 82376 130411 141330 136785 223858 248959 401150 73135 203798 608683 334171 351087 357155 347087 348739 614136 153840 112920 326084 27263 104053 93523 3539379 323395 647377 320097 244453 54279 239040 462678 315247 98850 60762 98152 557890 476721 400410 159137 40351 28311 49044 57246 136310
leaf_count=107654 240984 136960 507706 33102 388715 1011790 143106 165260 329801 94652 264563 216715 196258 293409 319419 695146 1685010 213580 228048 82376 130411 141330 136785 223858 248959 401150 73135 203798 608683 334171 351087 357155 347087 348739 614136 153840 112920 326084 27263 104053 93523 3539379 323395 647377 320097 244453 54279 239040 462678 315247 98850 60762 98152 557890 476721 400410 159137 40351 28311 49044 57246 136310
internal_value=-8.99798e-05 -0.000170886 -0.000143721 -4.27726e-05 -0.000120289 -0.000101072 -2.82026e-05 -0.000140485 -0.000266317 -0.000227805 -0.00016342 -5.97305e-05 -0.000194572 -0.000135641 -0.00018115 -5.95874e-05 -1.26117e-05 -8.63304e-05 -8.71231e-06 -0.000237349 -0.000175112 -0.000107385 -0.000334314 -0.000203289 -0.000152354 -0.000237039 -0.000137241 -0.00011396 -0.000263936 -0.000180347 -0.000232161 -0.000323928 -8.69677e-05 -0.00011506 -0.000103903 -0.000193492 -0.000100973 -0.000137328 -6.45908e-05 -7.27541e-05 -0.000110148 -1.86714e-05 6.24934e-06 2.98877e-05 -3.56144e-05 -2.23841e-05 8.86433e-05 -4.12667e-05 -5.482e-05 -5.87688e-07 4.99083e-05 0.000180221 -1.21866e-05 -2.96239e-05 -0.000143946 -8.7019e-05 -4.65568e-05 -6.08686e-05 2.70979e-06 9.95754e-05 -9.85013e-05 -0.000113979
internal_weight=2.10016e+07 7.73866e+06 6.02394e+06 1.32629e+07 4.81815e+06 2.65186e+06 1.0611e+07 3.6153e+06 1.71472e+06 1.02777e+06 2.53075e+06 3.51104e+06 783327 1.49153e+06 612828 1.20285e+06 7.09999e+06 356686 6.74331e+06 1.20579e+06 360894 235982 244439 1.03923e+06 414219 625008 1.64007e+06 1.06492e+06 844899 575155 547345 686956 1.08454e+06 695826 878699 236216 1.08577e+06 543057 542710 216973 223934 5.0583e+06 1.51892e+06 970772 548145 325995 81542 2.42527e+06 1.81916e+06 606113 290866 93864 197002 1.02057e+06 680519 798587 398177 384397 174952 89395 85557 209445
internal_count=21001550 7738662 6023940 13262888 4818147 2651861 10611027 3615295 1714722 1027766 2530754 3511035 783327 1491527 612828 1202852 7099992 356686 6743306 1205793 360894 235982 244439 1039227 414219 625008 1640071 1064916 844899 575155 547345 686956 1084541 695826 878699 236216 1085767 543057 542710 216973 223934 5058296 1518917 970772 548145 325995 81542 2425268 1819155 606113 290866 93864 197002 1020568 680519 798587 398177 384397 174952 89395 85557 209445
cat_boundaries=0 1 2 3 4 6 8 10 11 13 15 17 18 20 22 24 26 28 30 32 34 35 37 38 40 41 42 44 46 47 48 49 50 51 53 55 56 57 58 59 60 61 62 64 65
cat_threshold=4 4 2 19 3550654235 27266 347527712 231312 2331782217 2573 2 2428441108 180489 9217904 20859 1916842869 154888 11690 823596528 25228 1156874764 90650 23593080 30509 2568623617 132224 2703382372 135993 739272473 6017 1320563696 23656 468460624 73739 437413 43125673 156672 281613 923609483 134906 903234 861282 3224540272 20480 1343651852 243026 1666 436 2 1313 2 1675446688 11921 3824490526 61513 17 420032 1008 289845 1029664 85 1011745 4194320 5377 393433
is_linear=0
shrinkage=0.05


Tree=69
num_leaves=63
num_cat=44
split_feature=0 0 17 17 0 11 0 17 17 0 2 11 11 2 13 11 13 17 11 1 13 2 13 13 13 13 13 13 13 13 13 11 13 15 14 2 13 13 13 17 14 13 13 14 15 3 14 13 15 13 13 13 13 16 14 14 0 14 14 14 13 15
split_gain=30.9698 7.58364 5.14597 4.38049 2.4201 2.408 2.27471 1.58601 1.5733 1.43813 1.06908 1.0405 0.952673 0.903106 0.930345 0.877385 0.972262 0.814853 0.752802 1.39411 3.73198 0.741486 0.83025 0.733929 0.698874 0.691439 0.680383 0.657034 0.646629 0.641815 0.625208 0.622229 0.718427 0.823228 1.04226 0.619735 0.708469 0.632687 0.594307 0.591231 0.609638 0.853098 0.763821 0.589586 0.581164 0.804766 0.751647 0.574435 0.56756 0.934898 0.776415 0.567377 0.559567 0.51353 0.485781 0.484881 0.516159 0.481919 0.479446 0.471875 0.570037 0.463902
threshold=12.188382625579836 11.384678363800051 0 1 12.616340160369875 11.386874198913576 13.061691284179689 2 3 10.848378181457521 27.500000000000004 10.844077110290529 11.790730953216555 2.5000000000000004 4 11.386874198913576 5 6 12.624444484710695 547152.71875000012 7 34.500000000000007 8 9 10 11 12 13 14 15 16 12.195888042449953 17 18 19 20.500000000000004 20 21 22 23 24 25 26 27 28 98.649997711181655 29 30 31 32 33 34 35 36 37 38 12.19695043563843 39 40 41 42 43
decision_type=2 2 1 1 2 2 2 1 1 2 2 2 2 2 1 2 1 1 2 2 1 2 1 1 1 1 1 1 1 1 1 2 1 1 1 2 1 1 1 1 1 1 1 1 1 2 1 1 1 1 1 1 1 1 1 1 2 1 1 1 1 1
left_child=1 7 15 6 10 17 35 9 21 25 31 26 38 14 43 16 -3 47 19 48 -21 22 58 -23 -12 -1 -11 -9 -19 57 54 32 33 34 -5 36 -2 -37 -10 40 41 -20 -42 -6 45 -34 -46 59 49 -15 -50 -33 -14 -35 -13 -53 -57 -17 -7 60 -4 -45
right_child=3 2 5 4 13 8 -8 27 12 11 24 30 52 18 -16 29 -18 28 39 20 -22 23 -24 -25 -26 -27 -28 -29 -30 -31 -32 51 44 53 -36 37 -38 -39 -40 -41 42 -43 -44 61 46 -47 -48 -49 50 -51 -52 55 -54 -55 -56 56 -58 -59 -60 -61 -62 -63
leaf_value=-186.60896861610132 -271.32538320355707 -70.348256633192804 280.17969551081006 -107.18259616718734 194.56307364573041 -9.5901186506098384 -114.5543416439625 -196.88852955120765 -127.9263883723907 3.6817335078205362 -10.218760821563592 -28.32104063975703 -151.99557286589015 468.44484066920927 -430.24622829752707 -112.25142503722918 -151.98622066809645 -51.242374400815976 215.47838806118526 629109.30076889135 -3761.3041792284603 -111.49787236451867 -159.97126756245035 -27.406806519255227 -86.942832033416209 -222.30303671501497 -94.765697439349879 -221.20194868538783 -106.94806856093766 -212.9187314919518 -143.13617681428806 -110.07725611768147 -62.998681217354715 120.26445421806666 447.64549649558796 -167.8908164364548 -201.62690829504609 -112.53166630707983 -153.39250489690622 -27.724836132397471 25.133601626086968 -241.35094629590569 -169.47650845800163 -636.10952461094655 235.05647160646186 4901.3787463011804 -291.23187955344542 67.364849310759567 148.81356755179513 17.726240794051048 -132.9477279917599 -249.16708308476447 -108.73302841502819 -166.27884753812214 -134.66862522429003 7696.3216410310843 -162.00870829295309 -213.26374182500888 -131.86438139251686 -134.53730146485688 -84.801254961034104 -36.73803105634979
leaf_weight=112535 290007 154514 23534 29388 77179 159660 1011790 343161 273185 85149 902529 68588 284139 345769 201848 87443 181184 443971 80486 202 454 247211 512152 403613 974946 131904 150833 343795 568607 565752 351087 544995 94704 26084 42898 536319 315088 583456 349110 3670570 427813 286288 428195 31574 29381 3086 166065 188331 430507 736230 649425 206140 662773 117419 127670 927 380375 132101 241743 87888 35022 62758
leaf_count=112535 290007 154514 23534 29388 77179 159660 1011790 343161 273185 85149 902529 68588 284139 345769 201848 87443 181184 443971 80486 202 454 247211 512152 403613 974946 131904 150833 343795 568607 565752 351087 544995 94704 26084 42898 536319 315088 583456 349110 3670570 427813 286288 428195 31574 29381 3086 166065 188331 430507 736230 649425 206140 662773 117419 127670 927 380375 132101 241743 87888 35022 62758
internal_value=-8.78014e-05 -0.00017084 -0.000142676 -4.34049e-05 -2.92615e-05 -0.000118706 -9.9986e-05 -0.000262847 -0.000142741 -0.000223524 -6.34188e-05 -0.000190486 -0.000178116 -1.30827e-05 -8.88671e-05 -0.000238488 -0.000170835 -6.2809e-05 -9.07266e-06 1.54942e-05 0.00232012 -0.000107255 -0.00013631 -6.64722e-05 -3.76498e-05 -0.000329405 -0.000102723 -0.000321672 -8.51664e-05 -0.000267412 -0.000228324 -9.28929e-05 -4.69766e-05 2.22689e-05 0.000159857 -0.0001349 -0.00017567 -0.000112868 -0.000226174 -1.99298e-05 -5.00416e-05 -0.000103976 -2.69312e-05 -3.23819e-06 -9.7931e-05 1.58534e-06 -0.000147721 4.817e-06 1.47949e-05 4.03888e-05 -1.08483e-05 -0.000113532 -0.000146535 -4.7044e-05 -0.000156821 -0.000147622 -0.000114213 -0.000194813 -8.2462e-05 -6.94548e-05 4.05018e-05 -8.70869e-05
internal_weight=2.10016e+07 7.31666e+06 5.60193e+06 1.36849e+07 1.09482e+07 4.48094e+06 2.73666e+06 1.71472e+06 3.13359e+06 1.02777e+06 3.51894e+06 783327 1.56921e+06 7.4293e+06 373359 1.12099e+06 335698 1.34735e+06 7.05594e+06 2.16259e+06 656 1.56438e+06 913555 650824 1.87748e+06 244439 235982 686956 1.01258e+06 785296 547345 1.64146e+06 509025 215789 72286 1.72487e+06 605095 1.11978e+06 622295 4.89335e+06 1.22278e+06 366774 856008 171511 293236 97790 195446 334775 2.16193e+06 1.082e+06 1.07993e+06 1.13244e+06 946912 143503 196258 587442 381302 219544 401403 146444 58556 94332
internal_count=21001550 7316655 5601933 13684895 10948235 4480939 2736660 1714722 3133586 1027766 3518937 783327 1569207 7429298 373359 1120994 335698 1347353 7055939 2162587 656 1564379 913555 650824 1877475 244439 235982 686956 1012578 785296 547345 1641462 509025 215789 72286 1724870 605095 1119775 622295 4893352 1222782 366774 856008 171511 293236 97790 195446 334775 2161931 1081999 1079932 1132437 946912 143503 196258 587442 381302 219544 401403 146444 58556 94332
cat_boundaries=0 1 2 3 4 6 8 9 11 13 15 17 19 21 23 25 27 29 31 32 33 35 37 39 40 41 43 45 46 47 48 50 51 53 55 57 59 60 61 62 63 64 65 67 68
cat_threshold=4 4 19 18 1896076208 125408 755032425 16118 2 25955532 4200 1353044184 116325 1084788352 255059 103178870 250093 2051060597 154888 4285743232 133124 1320563698 23656 1609344080 10267 2602178049 1152 739272473 6017 3255049123 73318 538 664730 2703980132 72508 503824263 100498 1463124560 221850 8 312704 2295341065 131089 4049803220 4072 307890 904 147472 3373113822 1131 1702 2285975968 49209 1940434530 9856 2657059978 174730 203116640 152580 66 5779 729281 281677 465992 350432 134250566 1098 2224
is_linear=0
shrinkage=0.05


Tree=70
num_leaves=63
num_cat=42
split_feature=0 0 17 17 11 0 0 17 11 2 11 13 17 2 13 0 17 2 13 13 17 13 13 11 13 14 1 13 13 14 14 2 13 13 14 13 13 2 8 13 13 13 13 13 11 14 1 13 13 14 14 13 17 13 6 11 15 13 13 14 13 14
split_gain=29.4915 7.48758 5.51126 4.04322 2.93363 2.32498 2.15725 1.73586 1.40234 1.07982 0.938468 1.08138 0.925375 0.823588 0.837449 0.790791 0.829934 0.776744 0.75528 0.727109 0.710438 0.667044 0.662087 0.655272 3.22314 4.90691 0.634462 0.88356 0.733088 0.794655 0.706674 0.629539 0.646172 0.643681 0.628342 0.709346 0.618149 0.605638 0.722897 2.79709 0.589713 0.588307 0.578956 0.53669 0.534951 0.529872 0.539886 2.14789 0.528363 0.655878 0.52576 0.745514 0.689608 0.517816 0.686352 0.515211 0.643275 1.42723 0.792139 0.701728 0.565229 0.538042
threshold=12.188382625579836 11.189863204956056 0 1 11.157712936401369 12.616340160369875 13.061691284179689 2 11.790730953216555 27.500000000000004 11.157712936401369 3 4 2.5000000000000004 5 10.848378181457521 6 34.500000000000007 7 8 9 10 11 14.434037685394289 12 13 5992.2827148437509 14 15 16 17 24.500000000000004 18 19 20 21 22 33.500000000000007 1054138.0000000002 23 24 25 26 27 10.844077110290529 28 16604.393554687504 29 30 31 32 33 34 35 1.5000000000000002 12.195888042449953 36 37 38 39 40 41
decision_type=2 2 1 1 2 2 2 1 2 2 2 1 1 2 1 2 1 2 1 1 1 1 1 2 1 1 2 1 1 1 1 2 1 1 1 1 1 2 2 1 1 1 1 1 2 1 2 1 1 1 1 1 1 1 2 2 1 1 1 1 1 1
left_child=1 15 10 6 12 9 31 17 -9 55 11 37 21 14 -7 43 41 19 -19 -6 48 -4 -11 -16 25 -25 28 -28 29 -14 -30 32 -2 45 -23 -36 -10 -3 -39 -40 -12 -17 -18 -1 53 -33 -47 -48 49 -15 51 -24 -53 54 -43 56 57 -5 -58 -59 -57 -62
right_child=3 2 4 5 7 13 -8 8 36 22 40 -13 26 20 23 16 42 18 -20 -21 -22 34 50 24 -26 -27 27 -29 30 -31 -32 33 -34 -35 35 -37 -38 38 39 -41 -42 44 -44 -45 -46 46 47 -49 -50 -51 -52 52 -54 -55 -56 60 58 59 -60 -61 61 -63
leaf_value=-209.23956145868169 -253.54956000438526 -148.99423813778759 -79.468463798799178 -214.0565341542999 -150.35184240807112 -475.05740506097902 -108.82662456176443 -142.37841201623698 -141.80226872997829 0.029225916381435259 -186.36029491280328 -150.48281100971957 135.92991810875591 126.6346802709144 -132.8055723503283 -137.59717005654838 -171.1638917379054 -106.09479984249998 -36.816865253037939 -108.12953932270995 -64.175701368955202 148.28170928316254 -122.61233552176141 803409.21694474842 -2648.4462275133833 -3894.4269655933576 -53.547192069965973 -172.07372102123301 -16.798605660700741 -66.839515995456168 -100.13652397199904 -180.21198538039098 -190.60399690792383 -154.26530988374054 140.29324383471422 -144.2191113738476 -100.30949683158943 -3.4068732944926525 12867.041846342101 -149.49813943445798 -208.98769039349736 2400.9311387394059 -203.31552262878478 -222.72696273696101 -122.30139419556745 -37.973275722221693 32456.627394152441 -432.162470751 76.517833846092984 -108.04376742267777 -125.083699817651 392.18421954974798 -16.866532506059777 -86.588781656953699 32.662824276265113 -99.419748722641827 -230.37313472344249 7.0519311277413692 -30.853082296363937 691.78045708196555 -127.91975910742404 -216.83845928234533
leaf_weight=187643 272810 92964 119071 60180 470136 134173 1011790 806994 339409 751777 296414 208430 79253 354016 236205 164893 99585 247533 479901 551917 3524708 126582 218866 333 2299 349 175693 240557 205896 119863 304926 155444 445930 563385 34382 93067 607503 68085 1060 2716 581469 1573 163444 219877 158753 285997 451 853 2116515 1060700 621046 71056 214730 35486 31580 499688 182308 27096 199387 40054 283673 349076
leaf_count=187643 272810 92964 119071 60180 470136 134173 1011790 806994 339409 751777 296414 208430 79253 354016 236205 164893 99585 247533 479901 551917 3524708 126582 218866 333 2299 349 175693 240557 205896 119863 304926 155444 445930 563385 34382 93067 607503 68085 1060 2716 581469 1573 163444 219877 158753 285997 451 853 2116515 1060700 621046 71056 214730 35486 31580 499688 182308 27096 199387 40054 283673 349076
internal_value=-8.55158e-05 -0.000166548 -0.000145696 -4.21918e-05 -0.000122222 -2.86039e-05 -9.65512e-05 -0.00014727 -0.000182422 -6.20832e-05 -0.000239555 -0.000173145 -6.3693e-05 -1.27462e-05 -8.51173e-05 -0.000289242 -0.000255231 -0.000112028 -7.25381e-05 -0.000140136 -8.91676e-06 4.55407e-06 -3.61851e-05 -2.90259e-05 0.000707649 0.00369798 -8.63023e-05 -0.000135315 -5.75665e-05 2.38145e-05 -8.92872e-05 -0.000130551 -0.000166291 -0.000105021 5.0325e-05 -2.80438e-05 -0.000141149 -7.74254e-05 3.15823e-05 0.000704979 -0.000267793 -0.000209134 -0.000323961 -0.000343934 -0.000156973 -5.99029e-05 -1.96664e-05 0.000995399 6.93416e-06 -1.67222e-05 -6.04495e-05 -2.25413e-05 3.06412e-05 -4.03483e-05 0.000101725 -9.1705e-05 -4.99234e-05 4.73933e-05 -8.23864e-05 0.000205852 -0.000110486 -0.000141877
internal_weight=2.10016e+07 7.31666e+06 6.25382e+06 1.36849e+07 5.00268e+06 1.09482e+07 2.73666e+06 3.50339e+06 1.75391e+06 3.51894e+06 1.25114e+06 373255 1.49929e+06 7.4293e+06 373359 1.06283e+06 655314 1.74949e+06 727434 1.02205e+06 7.05594e+06 373102 1.87748e+06 239186 2981 682 1.12619e+06 416250 709938 199116 510822 1.72487e+06 718740 1.00613e+06 254031 127449 946912 164825 71861 3776 877883 392285 263029 407520 227392 442745 287301 1304 3.53123e+06 1.41472e+06 1.1257e+06 504652 285786 68639 33153 1.64146e+06 509025 127330 381695 67150 1.13244e+06 632749
internal_count=21001550 7316655 6253821 13684895 5002683 10948235 2736660 3503393 1753906 3518937 1251138 373255 1499290 7429298 373359 1062834 655314 1749487 727434 1022053 7055939 373102 1877475 239186 2981 682 1126188 416250 709938 199116 510822 1724870 718740 1006130 254031 127449 946912 164825 71861 3776 877883 392285 263029 407520 227392 442745 287301 1304 3531231 1414716 1125698 504652 285786 68639 33153 1641462 509025 127330 381695 67150 1132437 632749
cat_boundaries=0 1 2 3 5 6 8 9 11 13 14 16 18 20 21 23 25 26 27 29 31 32 34 36 38 40 42 44 46 47 49 51 52 53 55 56 58 59 61 63 64 66 67
cat_threshold=4 4 18 755032545 7926 2 182725705 135693 19 11045504 255051 4007264294 145566 18 3373015251 105 100688502 245997 1065252 144 509970 2196351764 229673 1561740352 10242 448256 43111 2703455840 4792 3782762522 160525 414934 607256576 33664 203100512 160868 536871104 4114 2338199041 9346 2155920230 184690 1720988658 17472 2053247846 154920 529524 1091051544 8192 3978436668 234626 71697 242978 537006473 10002 2 392315009 75780 522 1529457748 164283 1020969100 190108 204955 508527754 174730 317738
is_linear=0
shrinkage=0.05


Tree=71
num_leaves=63
num_cat=44
split_feature=0 0 17 17 11 0 0 17 11 1 17 13 13 11 13 2 11 15 13 13 16 2 13 13 13 13 17 1 13 13 14 13 13 13 14 14 14 14 13 15 13 13 14 13 3 14 13 13 13 14 17 0 0 13 15 14 14 13 14 1 6 6
split_gain=28.3907 7.45403 5.57635 3.83134 2.84411 2.19936 2.14184 1.71987 1.39996 1.03263 0.887962 0.855772 0.816124 0.800216 0.946905 0.799153 0.701981 0.780384 1.15907 0.959735 0.889659 0.651753 1.69484 0.764623 0.650773 0.644747 0.621506 0.621224 0.85305 0.674268 0.633837 0.619956 0.613396 0.610612 0.596609 0.586358 0.559009 0.553447 0.551228 0.55099 0.861059 0.710311 0.879988 0.537253 0.531085 0.49793 0.672669 0.523677 0.497433 0.496733 0.494305 0.662492 0.48195 0.835617 0.763269 0.881227 0.678114 0.54878 0.732134 0.57832 0.560991 0.485671
threshold=12.188382625579836 11.189863204956056 0 1 11.157712936401369 12.616340160369875 13.061691284179689 2 11.802389144897463 5197.6342773437509 3 4 5 11.157712936401369 6 24.500000000000004 12.195888042449953 7 8 9 10 47.500000000000007 11 12 13 14 15 5992.2827148437509 16 17 18 19 20 21 22 23 24 25 26 27 28 29 30 31 64.450000762939467 32 33 34 35 36 37 10.909216880798342 13.69789505004883 38 39 40 41 42 43 5134.3007812500009 1.0000000180025095e-35 23.500000000000004
decision_type=2 2 1 1 2 2 2 1 2 2 1 1 1 2 1 2 2 1 1 1 1 2 1 1 1 1 1 2 1 1 1 1 1 1 1 1 1 1 1 1 1 1 1 1 2 1 1 1 1 1 1 2 2 1 1 1 1 1 1 2 2 2
left_child=1 12 13 6 10 9 31 21 26 11 25 -5 -1 14 -3 48 17 18 -11 -19 -20 23 43 -6 -10 -4 32 29 -29 30 -12 -2 -9 -15 -26 -21 38 -31 -13 41 -41 49 -43 -23 -40 46 -27 -47 -7 -18 51 -14 57 -54 55 -55 -56 61 60 -60 -59 -17
right_child=3 2 4 5 7 15 -8 8 24 16 27 36 50 33 -16 52 39 19 20 35 -22 22 -24 -25 34 45 -28 28 -30 37 -32 -33 -34 -35 -36 -37 -38 -39 44 40 -42 42 -44 -45 -46 47 -48 -49 -50 -51 -52 -53 53 54 56 -57 -58 58 59 -61 -62 -63
leaf_value=-157.42942428982661 -141.41678507984548 -65.726959718946915 -76.587769023042355 51.817932845203181 -115.2555494230548 -168.32429168367526 -103.38529333367622 -87.667183415376172 -89.244044079624842 -120.42659095130257 98.660270260338805 -108.40311990839164 -185.43556974044333 -179.49598175484124 -144.19550303214902 -16.977135326348073 49.802869075055426 -266.5896230652134 488.64035848255583 131.41598166369187 86.482046557851945 236.66002740935929 -125.10782525284704 -66.727603361950614 -103.8107946714008 -192.72728863640296 -143.29263079591712 -56.137206234655608 -168.99380113962181 -105.65765838464824 -73.428851828287875 -169.59014298730756 -135.26223778794278 -198.93102458306549 -153.1520794570888 -140.08573954791996 -98.644081542607097 -41.905606297367079 -307.51206138009223 -89.135598915505398 -190.14538376973599 -57.100737473913071 -201.79538849587809 78.70238214026422 372.87620180025482 221.21696539023651 62.334250390512175 59.16219011640424 -54.959306989317703 -99.839108969976863 -211.04791630185269 -113.66621414708617 -207.1685167533638 8537.2116172595925 -551.23498593100248 1172.0654721472281 1284.6548996543934 480.40726168673473 1370.3340952548938 2.7815654954622007 -146.18768238143386 114.1416040151733
leaf_weight=488032 723738 164958 118714 341571 321462 1049369 1011790 328208 635982 202400 92009 50255 157881 314752 208297 823897 208587 167932 39763 102275 180865 14537 87064 378634 334132 50431 415203 192237 224013 182296 93000 1001132 499190 563131 414756 152317 325557 342633 6176 418563 532201 238287 291473 74225 51337 49679 64753 89525 2048717 209378 231368 185553 250132 41051 94363 94220 177707 19164 1425 1277403 831573 720277
leaf_count=488032 723738 164958 118714 341571 321462 1049369 1011790 328208 635982 202400 92009 50255 157881 314752 208297 823897 208587 167932 39763 102275 180865 14537 87064 378634 334132 50431 415203 192237 224013 182296 93000 1001132 499190 563131 414756 152317 325557 342633 6176 418563 532201 238287 291473 74225 51337 49679 64753 89525 2048717 209378 231368 185553 250132 41051 94363 94220 177707 19164 1425 1277403 831573 720277
internal_value=-8.3366e-05 -0.000162871 -0.000142066 -4.08583e-05 -0.000118454 -2.76311e-05 -9.37741e-05 -0.000143117 -0.000163344 -6.01934e-05 -6.0825e-05 -9.22399e-06 -0.000285291 -0.000236478 -0.000175155 -1.22078e-05 -7.45868e-05 -3.66927e-05 1.13139e-05 -8.47548e-05 9.05832e-05 -8.24386e-05 3.62338e-06 -0.000104054 -0.000128773 6.02816e-06 -0.000201875 -8.29725e-05 -0.000131471 -5.45381e-05 2.75409e-05 -0.000127653 -0.000176816 -0.000262553 -0.00016036 -2.355e-05 -5.58743e-05 -8.34654e-05 4.28293e-05 -9.14641e-05 -0.000118358 -6.44822e-05 -0.000102931 0.000157359 0.000148524 5.09286e-05 -2.59731e-05 0.000114558 -3.15974e-05 -1.57481e-05 -0.000325673 -0.000287578 1.66144e-06 4.10873e-05 8.52574e-05 0.000182321 3.69933e-05 -5.39444e-06 -2.18501e-05 2.06172e-06 -5.7794e-05 1.72996e-05
internal_weight=2.10016e+07 7.31666e+06 6.25382e+06 1.36849e+07 5.00268e+06 1.09482e+07 2.73666e+06 3.50339e+06 2.62747e+06 3.51894e+06 1.49929e+06 774896 1.06283e+06 1.25114e+06 373255 7.4293e+06 2.74404e+06 845552 423028 422524 220628 875922 175826 700096 1.38487e+06 373102 1.2426e+06 1.12619e+06 416250 709938 185009 1.72487e+06 827398 877883 748888 254592 433325 524929 107768 1.89849e+06 950764 947725 529760 88762 57513 254388 115184 139204 3.09809e+06 417965 574802 343434 4.33121e+06 657473 407341 135271 272070 3.67374e+06 2.12956e+06 1.27883e+06 850737 1.54417e+06
internal_count=21001550 7316655 6253821 13684895 5002683 10948235 2736660 3503393 2627471 3518937 1499290 774896 1062834 1251138 373255 7429298 2744041 845552 423028 422524 220628 875922 175826 700096 1384870 373102 1242601 1126188 416250 709938 185009 1724870 827398 877883 748888 254592 433325 524929 107768 1898489 950764 947725 529760 88762 57513 254388 115184 139204 3098086 417965 574802 343434 4331212 657473 407341 135271 272070 3673739 2129565 1278828 850737 1544174
cat_boundaries=0 1 2 3 4 6 8 10 11 13 15 16 18 20 22 24 25 27 29 30 32 34 36 37 38 39 40 42 43 45 47 48 50 51 53 55 57 58 59 61 62 63 64 66 67
cat_threshold=4 4 2 2 1451447892 106606 1861620531 19720 755032421 7926 846 4173948496 5051 1018304901 25796 66 2787046159 160400 2787640719 31326 4045775901 35685 3238797523 8297 17 2196355860 230697 1561609280 10242 972548 1425539098 157511 30672284 46700 2669549057 9346 685442 420176 139585 546328 2703270280 5249 3888 3090162331 52931 206300384 186572 371754 1179649 512 633609 176260132 152598 813760548 154626 2391165128 136450 565168 19 3257205234 39059 172 137731 36680 2487730672 7073 397784
is_linear=0
shrinkage=0.05


Tree=72
num_leaves=63
num_cat=42
split_feature=0 0 17 17 0 17 2 11 0 17 2 0 2 13 11 11 13 13 14 13 14 15 13 13 13 13 11 13 13 2 13 13 14 13 15 14 15 2 13 1 14 13 3 14 13 14 2 14 15 14 14 14 13 13 11 13 1 13 13 14 16 6
split_gain=27.2696 7.15914 4.4442 3.86273 3.17284 2.04991 1.92749 1.71223 1.43607 1.2557 1.2515 1.08573 0.944856 1.05353 0.910227 0.906267 0.891922 0.882295 0.799321 0.755269 0.880126 0.72784 0.718863 0.700248 0.692609 0.681128 0.670096 0.738611 0.7032 0.653769 1.3349 0.63799 0.608066 0.604258 0.595436 0.584847 0.580494 0.579091 0.798259 1.47744 3.46861 6.49398 0.697579 0.640608 0.584503 0.578127 0.571502 0.570518 1.05672 0.566306 0.565338 0.563099 0.763953 0.744065 0.557169 0.875987 0.594276 2.47343 0.54859 0.55726 0.78959 1.26067
threshold=11.827217102050783 12.583365917205812 0 1 11.007835865020754 2 43.500000000000007 1.0000000180025095e-35 13.102679252624513 3 22.500000000000004 11.088717460632326 30.500000000000004 4 11.006946563720705 11.533303260803224 5 6 7 8 9 10 11 12 13 14 11.860035419464113 15 16 6.5000000000000009 17 18 19 20 21 22 23 48.500000000000007 24 55212.890625000007 25 26 84.450000762939467 27 28 29 21.500000000000004 30 31 32 33 34 35 36 13.124938011169435 37 153767.46875000003 38 39 40 41 2.5000000000000004
decision_type=2 2 1 1 2 1 2 2 2 1 2 2 2 1 2 2 1 1 1 1 1 1 1 1 1 1 2 1 1 2 1 1 1 1 1 1 1 2 1 2 1 1 2 1 1 1 2 1 1 1 1 1 1 1 2 1 2 1 1 1 1 2
left_child=2 3 4 19 17 37 9 11 12 16 23 58 51 18 24 -9 -5 -1 -14 -2 -21 -20 -16 -6 -12 -17 27 32 35 30 36 -13 -11 45 50 -28 49 -3 39 47 41 -41 -40 44 -44 -8 -22 48 -39 -10 -18 52 -7 -53 55 -31 -56 -58 59 60 61 -4
right_child=1 5 7 6 10 8 33 15 29 26 14 31 13 -15 22 25 34 -19 21 20 46 -23 -24 -25 -26 -27 28 -29 -30 54 -32 -33 -34 -35 -36 -37 -38 38 42 40 -42 -43 43 -45 -46 -47 -48 -49 -50 -51 -52 53 -54 -55 56 -57 57 -59 -60 -61 -62 -63
leaf_value=-128.17341733437024 -170.52161127781548 -37.080965830705829 2370.8518167180478 -130.58338272039401 -112.50480548840197 -241.567641465675 -57.274288504779662 -203.0890731147224 816.46432205395615 80.752093452575721 26.284389985962221 -50.456412399272999 -144.35174626283697 -136.45443843045177 -49.039813229018534 -167.38797698898406 36.839047655422654 -169.16081589723063 309.76411729937104 -177.67818251465079 -153.90974172367214 23.158117824321018 -99.259274734302025 -150.26048295685879 -61.816186635850229 -129.70722368315501 -151.5696274721773 -125.80007164756462 -141.57171020828483 293.51269564896683 -485.70259782411563 -102.8483827238959 -97.265853299224844 -52.386038977140998 59.116556656444487 -63.271666141809334 -271.85643254762346 1770.7446045568836 -134.33599983417335 171112.71113450825 -6011.9401653233108 4893.1385677560384 481.4026480779869 386.35766076847653 -512.98570137216598 39.800173289258964 -66.250280687902531 106.5320929331203 142.26400973917916 -94.617055436527892 -174.02528983933558 -162.54045853842013 -49.728065195567112 -282.59267295167018 -112.84398784065198 -37.081698596697244 65114.485064870729 -1326.8362735090436 -175.28736640351818 -135.21718927139216 -177.3211653837451 829.99924538243658
leaf_weight=140484 602168 4720855 247 484996 390327 129931 219285 668284 27668 147728 179779 186741 138174 547499 368625 194227 105979 249798 64376 290310 199220 194227 551876 424239 214580 317368 239857 650628 1449455 183840 111000 220523 220546 798310 332206 443772 55829 58256 405606 213 709 311 31545 174251 44023 512174 341453 261780 81782 27675 129170 291542 276330 315245 1116215 359317 5220 5422 71337 15125 8216 3676
leaf_count=140484 602168 4720855 247 484996 390327 129931 219285 668284 27668 147728 179779 186741 138174 547499 368625 194227 105979 249798 64376 290310 199220 194227 551876 424239 214580 317368 239857 650628 1449455 183840 111000 220523 220546 798310 332206 443772 55829 58256 405606 213 709 311 31545 174251 44023 512174 341453 261780 81782 27675 129170 291542 276330 315245 1116215 359317 5220 5422 71337 15125 8216 3676
internal_value=-8.09971e-05 -5.24878e-05 -0.00019486 -9.0324e-05 -0.000152816 -2.43244e-05 -7.19728e-05 -0.000257701 -5.25918e-05 -8.94592e-05 -0.000128796 -0.000180744 -8.26184e-05 -4.66363e-05 -9.8626e-05 -0.000290698 -4.21671e-05 -0.000283874 1.54029e-05 -0.000163746 -0.000132842 6.72767e-05 -0.000125855 -0.000177496 -3.50678e-05 -0.000240615 -0.000105248 -7.18916e-05 -0.000121182 -2.15318e-05 -0.00010211 -0.000144702 -1.53056e-05 -2.39146e-05 3.92641e-07 -7.93755e-05 2.03635e-05 -5.49591e-06 2.79293e-05 8.32993e-05 0.00181144 0.00484644 -6.12141e-06 5.96056e-05 -6.19752e-05 8.91473e-06 -9.5132e-05 7.79985e-05 0.000159453 0.000135106 -6.04884e-05 -0.000116158 -7.0594e-05 -0.000146661 -1.0812e-05 3.07862e-05 -3.08628e-05 0.000341008 -0.000329616 -0.000138666 0.000113631 0.000696288
internal_weight=2.10016e+07 1.67961e+07 4.20545e+06 7.16726e+06 2.51971e+06 9.62884e+06 5.73411e+06 1.68574e+06 3.84951e+06 4.20434e+06 2.12943e+06 505865 1.95732e+06 944276 1.31486e+06 1.17988e+06 1.05235e+06 390282 396777 1.43315e+06 830983 258603 920501 814566 394359 511595 3.15199e+06 1.0189e+06 2.13308e+06 1.89219e+06 222172 407264 368274 1.52977e+06 567355 683629 111172 5.77933e+06 1.05848e+06 403051 1233 524 655425 249819 75568 731459 540673 401818 140038 55343 235149 1.01305e+06 406261 606787 1.67001e+06 543157 1.12686e+06 10642 98601 27264 12139 3923
internal_count=21001550 16796098 4205452 7167257 2519708 9628841 5734106 1685744 3849510 4204337 2129426 505865 1957324 944276 1314860 1179879 1052351 390282 396777 1433151 830983 258603 920501 814566 394359 511595 3151986 1018902 2133084 1892186 222172 407264 368274 1529769 567355 683629 111172 5779331 1058476 403051 1233 524 655425 249819 75568 731459 540673 401818 140038 55343 235149 1013048 406261 606787 1670014 543157 1126857 10642 98601 27264 12139 3923
cat_boundaries=0 1 2 3 4 6 8 10 11 13 14 15 17 19 21 23 25 27 29 31 32 34 35 36 37 39 40 41 42 44 45 46 47 48 49 50 52 54 56 58 60 61 62
cat_threshold=19 4 19 2 1147896592 175529 2558665966 226146 1648496983 158728 464001 103453392 104763 534035 1090 471206360 78396 49387326 231234 3194246210 10685 3223323055 30054 1126704788 103468 2986378394 19011 709317991 40652 267430851 6754 862481 3569512563 104555 3340 543365 2484 1157285600 17792 659635 81298432 39264 2181312523 98402 33386 300165 1054 336503 871080 877136 545636385 147693 835258291 134870 2510365872 148064 505830135 140821 1835271264 4162 54031 36
is_linear=0
shrinkage=0.05


Tree=73
num_leaves=63
num_cat=42
split_feature=0 0 17 17 0 17 2 11 2 2 17 0 11 0 11 13 13 13 13 13 11 2 14 13 13 3 13 14 13 13 13 13 15 15 13 13 13 14 13 13 14 14 0 14 14 2 13 14 13 3 14 14 15 14 0 0 14 3 13 15 14 14
split_gain=26.028 6.34397 4.45573 3.72803 3.13132 1.9038 1.75989 1.67717 1.32157 1.21628 1.13305 1.114 0.97131 0.962722 0.956345 0.795529 0.778689 0.750646 0.736836 0.731661 0.6917 0.762794 0.921478 1.19683 1.03665 1.03446 0.780034 0.850111 0.683565 0.683055 0.678297 0.675449 0.672682 0.66267 0.64382 0.625145 0.600211 0.575043 0.562 0.556544 0.583285 0.53974 0.529776 0.536735 0.527014 0.523568 0.974842 0.639416 0.585867 0.543371 0.51458 0.511178 0.511154 0.631654 0.508376 0.503282 0.663639 0.554871 0.502079 0.492783 0.733768 0.490176
threshold=11.827217102050783 12.583365917205812 0 1 10.961292743682863 2 43.500000000000007 1.0000000180025095e-35 30.500000000000004 22.500000000000004 3 11.088717460632326 10.956196784973146 13.227429866790773 11.533303260803224 4 5 6 7 8 11.848518371582033 39.500000000000007 9 10 11 63.45000076293946 12 13 14 15 16 17 18 19 20 21 22 23 24 25 26 27 12.312792778015138 28 29 2.5000000000000004 30 31 32 83.450000762939467 33 34 35 36 13.239193439483644 12.19695043563843 37 99.049999237060561 38 39 40 41
decision_type=2 2 1 1 2 1 2 2 2 2 1 2 2 2 2 1 1 1 1 1 2 2 1 1 1 2 1 1 1 1 1 1 1 1 1 1 1 1 1 1 1 1 2 1 1 2 1 1 1 2 1 1 1 1 2 2 1 2 1 1 1 1
left_child=2 3 4 20 16 45 10 11 13 29 15 -4 18 30 -9 -5 -1 44 37 33 21 26 23 25 -24 -23 27 32 55 -6 59 52 -2 36 -16 41 -15 -11 -8 40 -10 -13 43 -33 -14 46 47 -3 49 -49 -35 -41 53 -12 -50 56 57 -22 -53 -7 -61 -37
right_child=1 5 7 6 9 8 38 14 39 12 31 35 17 19 34 -17 -18 -19 -20 -21 28 22 24 -25 -26 -27 -28 -29 -30 -31 -32 42 -34 50 -36 61 -38 -39 -40 51 -42 -43 -44 -45 -46 -47 -48 48 54 -51 -52 58 -54 -55 -56 -57 -58 -59 -60 60 -62 -63
leaf_value=-129.8617141869282 845.75442212526013 -289.73406647659397 -152.13644901815843 -124.58341165808288 -147.72195005139838 -34.961882352261455 -52.665157699347404 -192.93461945898628 -0.1010589897276077 -132.9859055322504 6.3032304302154447 -43.201735717661244 -136.12697001840579 -156.26903187041171 -160.00248610539268 -0.69459472770668074 -165.45726413043468 -53.959213686603995 16.77452742659807 -210.0411603006487 -101.99349997568534 1475.0756575779978 60.710104524667258 2.2555996456541836 -195.74583693472496 335.21691447606992 -175.0338152532706 -137.30910060414044 -168.82346565448935 -109.59896120764452 -220.65220375998325 -158.7731789324047 62.32851539139871 -342.83011218667639 -123.22186249899724 70.186546877964432 635.94223323447761 -22.890112899064299 7.221120051664184 87.517258773404862 -168.25433654176481 -114.56727919660534 -125.22134538417704 -115.03584041831328 -83.483282805454024 -6.9317541473301389 -398.93436633718449 2599.6941974225865 -376.7620892578376 97.404983462025399 49.92421561577796 71.580154174722907 -126.45685194062717 -92.667565623137676 3396.1953259865691 -105.11016692103938 -182.51700479382646 4814.3047205853327 -111.52220410306069 -35.559528712743976 -278.83348288282542 -65.425406364200654
leaf_weight=143082 8375 51133 98601 484797 333952 231659 736322 668284 312277 80265 276430 47298 151448 53415 173979 567554 198224 564503 224259 394841 75324 1335 34471 58874 40053 14898 168381 99835 589177 499469 650305 384047 24638 103156 337616 21809 112261 98819 793447 429862 466782 140145 615307 571273 225687 5489201 162746 20819 25172 14270 125790 156261 792578 512351 15990 222246 93750 1794 490813 144824 177264 198012
leaf_count=143082 8375 51133 98601 484797 333952 231659 736322 668284 312277 80265 276430 47298 151448 53415 173979 567554 198224 564503 224259 394841 75324 1335 34471 58874 40053 14898 168381 99835 589177 499469 650305 384047 24638 103156 337616 21809 112261 98819 793447 429862 466782 140145 615307 571273 225687 5489201 162746 20819 25172 14270 125790 156261 792578 512351 15990 222246 93750 1794 490813 144824 177264 198012
internal_value=-7.87925e-05 -5.09399e-05 -0.000190033 -8.65568e-05 -0.000147934 -2.44283e-05 -6.85285e-05 -0.000252956 -5.16696e-05 -0.000125872 -8.52373e-05 -0.000176791 -9.64622e-05 -7.99375e-05 -0.000285613 -4.03141e-05 -0.000288752 -0.000124271 -3.15397e-05 -3.70266e-05 -0.000158688 -0.000107416 -1.51401e-05 0.000108451 -0.000139694 0.000488426 -0.000153253 -6.26529e-05 -0.000182222 -0.000173334 -0.000108073 -0.000100235 0.00015727 1.11222e-05 -0.000234164 -0.000140282 8.72861e-05 -0.000107161 -2.26072e-05 -2.13075e-05 -5.34986e-05 -0.000207366 -0.000123461 -0.000146767 -0.00017889 -6.2832e-06 -7.17432e-05 3.18544e-05 0.000123583 0.000273669 -4.39949e-05 1.98015e-06 -7.71665e-05 -4.86696e-05 -4.39571e-06 -0.000131146 -0.000195671 -8.69848e-05 -2.60966e-05 -6.74e-05 -0.000107402 -8.30656e-05
internal_weight=2.10016e+07 1.67961e+07 4.20545e+06 7.16726e+06 2.51971e+06 9.62884e+06 5.73411e+06 1.68574e+06 3.84951e+06 2.1784e+06 4.20434e+06 505865 1.34498e+06 1.99352e+06 1.17988e+06 1.05235e+06 341306 941638 403343 789463 1.43315e+06 450860 149631 75107 74524 16233 301229 132848 982291 833421 1.20405e+06 3.15199e+06 33013 394622 511595 407264 165676 179084 1.52977e+06 1.856e+06 779059 187443 1.57063e+06 955320 377135 5.77933e+06 290130 127384 76251 35089 228946 1.07694e+06 1.58136e+06 788781 41162 393114 170868 77118 647074 553747 322088 219821
internal_count=21001550 16796098 4205452 7167257 2519708 9628841 5734106 1685744 3849510 2178402 4204337 505865 1344981 1993515 1179879 1052351 341306 941638 403343 789463 1433151 450860 149631 75107 74524 16233 301229 132848 982291 833421 1204052 3151986 33013 394622 511595 407264 165676 179084 1529769 1855995 779059 187443 1570627 955320 377135 5779331 290130 127384 76251 35089 228946 1076936 1581359 788781 41162 393114 170868 77118 647074 553747 322088 219821
cat_boundaries=0 1 2 3 4 6 8 10 12 14 15 17 19 21 22 24 26 28 30 31 32 34 36 38 39 41 43 44 45 46 47 49 50 52 53 54 55 56 57 59 60 61 62
cat_threshold=19 4 19 2 2558665966 228130 1983919987 150536 2187982370 33987 25797437 251458 2900562292 188606 246906 1096819713 2181 2728118319 16845 1247028084 222410 278604 2580628490 149360 3037087937 22589 1908936627 36486 3660358814 52775 1568 2822 1075839407 25958 2953139260 255385 67305728 163852 774665 691900300 157076 580211757 122966 568404 401441 411761 757812 1362154170 92592 721740 285250096 82048 418258 124942 1930 407592 335201 71827840 33 2356 1009744 516
is_linear=0
shrinkage=0.05


Tree=74
num_leaves=63
num_cat=43
split_feature=0 0 17 17 0 17 2 11 11 11 2 0 11 0 17 13 2 13 2 13 13 13 13 13 14 13 14 2 14 1 13 14 15 13 14 14 13 13 3 14 13 14 13 13 14 11 13 0 13 15 15 14 13 13 17 14 14 13 16 2 13 13
split_gain=24.8477 5.94541 4.3768 3.60638 3.06938 1.82714 1.74296 1.71387 1.13423 1.06077 1.02172 1.01097 1.00579 0.946984 0.835682 0.770603 0.744698 1.09052 0.740617 0.859975 0.75033 0.719859 0.707126 0.620053 0.639264 0.605273 0.768595 0.613509 0.597491 0.577198 0.690834 1.30627 0.685487 0.574604 0.591733 0.57531 0.723045 0.571557 0.599259 0.807529 0.713808 0.566437 0.650729 0.546947 0.601518 0.543736 0.53836 0.529075 0.684911 0.62704 0.520983 0.520976 0.518289 0.516755 0.50719 0.659853 0.504946 0.497858 0.496475 0.488835 0.747117 0.686325
threshold=11.827217102050783 12.543088436126711 0 1 10.961292743682863 2 43.500000000000007 1.0000000180025095e-35 10.956196784973146 11.881944179534914 2.5000000000000004 11.051819801330568 11.533303260803224 13.447151660919191 3 4 39.500000000000007 5 28.500000000000004 6 7 8 9 10 11 12 13 20.500000000000004 14 10104.855468750002 15 16 17 18 19 20 21 22 85.250000000000014 23 24 25 26 27 28 11.848518371582033 29 13.135868549346926 30 31 32 33 34 35 36 37 38 39 40 39.500000000000007 41 42
decision_type=2 2 1 1 2 1 2 2 2 2 2 2 2 2 1 1 2 1 2 1 1 1 1 1 1 1 1 2 1 2 1 1 1 1 1 1 1 1 2 1 1 1 1 1 1 2 1 2 1 1 1 1 1 1 1 1 1 1 1 2 1 1
left_child=2 3 4 21 15 13 9 11 29 25 22 57 -9 18 -12 -1 53 51 20 -20 -3 -2 -7 24 -14 26 27 -5 -23 43 31 32 -31 34 -13 36 58 -8 39 40 -39 42 -22 44 -6 59 -15 48 49 -16 -43 -18 -28 -10 55 -27 -50 -4 -35 61 -61 -30
right_child=1 5 7 6 8 10 37 12 16 -11 14 33 23 46 47 -17 17 -19 19 -21 41 28 -24 -25 -26 54 52 -29 45 30 -32 -33 -34 35 -36 -37 -38 38 -40 -41 -42 50 -44 -45 -46 -47 -48 -49 56 -51 -52 -53 -54 -55 -56 -57 -58 -59 -60 60 -62 -63
leaf_value=-125.02073666767375 -160.16690459164047 -252.72701416759642 -78.40566711570348 -59.655073523999818 -63.652631456574909 -417.72607638816339 -54.059827950958429 -183.28788848603691 -131.61996027459426 -115.79769214911867 67.102298126358434 -32.534251748362223 -144.16767526347959 -144.3863902852143 55.171491197448631 -157.18440092391293 39.955901321665081 -92.637034236878335 -154.64903260574502 -35.176364358274441 -227.19957300816642 -159.70814681138413 -117.42447693415598 -147.87160820875542 -61.163357015547255 54.625852631220191 16.597460288717048 121.16844211693115 68.560988898775037 6361.8079663177041 -203.197624297917 -210.62384420378942 18.193254670127864 289.67357534162335 -119.24106280720581 -74.695934913092159 -71.352006613625875 130.20898616030564 -51.403424063123637 83.093696547846051 -102.74376796270172 -282.86541091263706 115.50017760521712 -55.747891498499307 79.63243377264007 -125.35011345977082 82.097202437091624 -11.65140909242109 -135.2933349175164 -89.232694363206406 -128.21646866969351 -38.97183936576112 -121.35000557875574 -99.177725394309988 -135.81773505468774 -125.07144926360034 -61.928255611847639 -163.90720914319883 55.307641901747687 107.74180081453888 -63.470786060521348 -161.6133018244492
leaf_weight=143387 404838 220839 24614 147142 74583 120691 665053 668284 468415 2604545 1907450 50329 91419 219498 540730 197919 88565 254868 264893 514614 52855 329408 282836 307453 112723 151458 119875 161366 48319 7160 61297 24553 9528 9702 149707 151254 38042 52089 280820 321508 121201 148709 100276 364067 112215 420700 277550 2553108 946489 538279 209753 164078 250053 549073 337214 185881 1150922 64466 17751 23551 40463 81122
leaf_count=143387 404838 220839 24614 147142 74583 120691 665053 668284 468415 2604545 1907450 50329 91419 219498 540730 197919 88565 254868 264893 514614 52855 329408 282836 307453 112723 151458 119875 161366 48319 7160 61297 24553 9528 9702 149707 151254 38042 52089 280820 321508 121201 148709 100276 364067 112215 420700 277550 2553108 946489 538279 209753 164078 250053 549073 337214 185881 1150922 64466 17751 23551 40463 81122
internal_value=-7.68022e-05 -4.95884e-05 -0.000185491 -8.5895e-05 -0.000143767 -2.52143e-05 -6.76242e-05 -0.000247854 -0.000121924 -8.47662e-05 -1.45574e-05 -0.00017086 -0.000280867 -6.7866e-05 -1.04603e-05 -0.000283185 -0.00014554 -9.60674e-05 -8.7549e-05 -5.36276e-05 -0.000123651 -0.000159039 -9.20962e-05 -0.000228105 -0.000160522 -4.88503e-05 -1.55026e-05 4.27727e-05 -0.000135105 -6.68059e-05 -0.000175729 -1.74658e-05 0.000323752 -0.000138182 -0.000199294 -8.17701e-05 4.20202e-05 -2.05354e-05 8.62703e-06 4.17367e-05 -4.52678e-05 -9.03948e-05 -9.89563e-06 -4.65309e-05 2.30241e-05 -0.00010596 -7.99473e-06 -2.00036e-05 -3.36254e-05 -1.25483e-06 -0.000124782 -2.24473e-05 -6.41022e-05 -0.000170217 -8.23884e-05 -3.90377e-05 -5.02782e-05 -0.000323753 0.000237538 -3.65843e-05 7.64369e-05 -9.24779e-05
internal_weight=2.10016e+07 1.67961e+07 4.20545e+06 6.74661e+06 2.51971e+06 1.00495e+07 5.3982e+06 1.68574e+06 2.1784e+06 3.95753e+06 8.0405e+06 505865 1.17988e+06 2.00899e+06 7.63698e+06 341306 1.525e+06 507511 1.51194e+06 779507 732432 1.3484e+06 403527 511595 204142 1.35299e+06 678436 308508 943563 653403 102538 41241 16688 416785 200036 216749 65495 1.44067e+06 775618 494798 173290 511593 153131 550865 186798 614155 497048 5.72953e+06 3.17642e+06 1.07901e+06 358462 252643 369928 1.01749e+06 674553 337339 2.09741e+06 89080 27453 193455 64014 129441
internal_count=21001550 16796098 4205452 6746606 2519708 10049492 5398205 1685744 2178402 3957534 8040505 505865 1179879 2008987 7636978 341306 1524999 507511 1511939 779507 732432 1348401 403527 511595 204142 1352989 678436 308508 943563 653403 102538 41241 16688 416785 200036 216749 65495 1440671 775618 494798 173290 511593 153131 550865 186798 614155 497048 5729528 3176420 1079009 358462 252643 369928 1017488 674553 337339 2097411 89080 27453 193455 64014 129441
cat_boundaries=0 1 2 3 4 6 8 10 12 14 16 18 19 21 22 23 25 26 27 29 30 31 33 35 36 38 39 41 43 44 46 48 49 50 51 53 55 56 57 58 60 61 63 65
cat_threshold=19 4 4 2 1983911795 150537 2132181145 15934 3271654693 65728 556196384 131129 69898432 104489 182462537 131605 1033680464 229384 577822 1115482004 105765 290067 534035 2190614820 195025 757905 789 2961267740 255389 794657 164436 224559872 66 1081640590 159127 101192 679485697 66048 344596 2558525830 84096 1591754754 141453 319580 156397275 100930 1088431505 133545 1675 1610 562472 1078460688 66564 3574837767 26655 18 847948 323800 757072993 4426 70 2164345879 388 63971876 25602
is_linear=0
shrinkage=0.05


Tree=75
num_leaves=63
num_cat=43
split_feature=0 0 17 17 0 17 11 2 2 2 11 0 13 11 13 13 0 11 13 13 1 16 15 13 13 1 13 14 13 13 13 13 2 13 13 14 14 14 14 13 14 11 11 14 1 13 14 15 13 17 14 15 14 3 14 15 13 16 13 15 14 14
split_gain=23.6072 5.46229 4.32695 3.30975 2.93305 1.72851 1.64929 1.5938 1.23905 1.19369 1.13684 0.922073 0.852627 0.819777 0.893159 0.806773 0.804071 0.783175 0.846433 0.756997 0.737026 1.82271 0.73506 0.731676 0.726513 0.694265 1.0328 0.689277 0.675325 0.668354 0.640373 0.623768 0.619836 0.651387 0.575736 0.575371 0.563175 0.554103 0.554055 0.653548 0.550022 0.548883 0.54035 0.537338 0.981035 0.526738 0.524213 0.769933 1.26519 0.519968 0.643246 0.601049 0.518058 0.51284 0.507216 0.503648 0.724547 0.496678 0.484042 0.681218 0.873005 0.521351
threshold=11.827217102050783 12.543088436126711 0 1 10.961292743682863 2 1.0000000180025095e-35 27.500000000000004 30.500000000000004 22.500000000000004 11.533303260803224 11.051819801330568 3 11.953175544738771 4 5 13.227429866790773 11.881944179534914 6 7 8768.0366210937518 8 9 10 11 5652.8034667968759 12 13 14 15 16 17 2.5000000000000004 18 19 20 21 22 23 24 25 11.848518371582033 10.956196784973146 26 251425.33593750003 27 28 29 30 31 32 33 34 99.649997711181655 35 36 37 38 39 40 41 42
decision_type=2 2 1 1 2 1 2 2 2 2 2 2 1 2 1 1 2 2 1 1 2 1 1 1 1 2 1 1 1 1 1 1 2 1 1 1 1 1 1 1 1 2 2 1 2 1 1 1 1 1 1 1 1 2 1 1 1 1 1 1 1 1
left_child=2 3 4 30 23 32 11 13 16 24 -8 45 27 14 54 -15 29 19 22 20 40 -22 -19 -1 -6 26 -10 -11 36 52 -2 -12 33 -3 -13 -33 -18 -32 39 -21 -9 -39 -14 44 -16 46 47 48 -4 50 -20 -51 -7 -54 -5 56 -17 -29 59 60 -27 -61
right_child=1 5 6 7 9 8 10 17 25 12 31 34 42 15 43 55 28 18 49 38 21 -23 -24 -25 -26 58 -28 57 -30 -31 37 35 -34 -35 -36 -37 -38 41 -40 -41 -42 -43 -44 -45 -46 -47 -48 -49 -50 51 -52 -53 53 -55 -56 -57 -58 -59 -60 61 -62 -63
leaf_value=-121.67154589341709 -150.45368235301703 -412.28511094517154 2515.1119821951161 -169.7866844718128 -133.96165949283804 -152.57712223812777 -174.12349406173507 145.92371863133522 91.447978178716042 -115.46320134743802 -144.13650840682658 -97.72684975217787 -2.7485368378522255 -172.72928130279229 37.427545223306879 59.680516720873129 294.66469979041796 -48.262254758610837 68.539959531115898 220.92876343521129 36093.153649828106 18366.887615962827 -133.28456868507038 -151.57366720584233 -97.980999215888644 358.3571762197804 -270.80216807341679 5.8041198220651111 -191.70780225376143 -114.74796274602309 -152.36769276562455 -133.14515840239119 -10.216409298533836 -48.566461449163768 -46.287918919068986 -78.695694374677998 -146.36463774632793 -15.917565758042294 -57.36312907570391 -34.892361999876265 -2.5100276499819305 -118.56840069053342 -55.118984344990899 -66.608047071791233 33548.49047365196 -159.34395183508809 -112.61339878114518 -158.47710471894644 17.625148650301071 -97.158644470482983 -51.069119926997146 -21.011546725443988 -247.35643232194525 205.0197270561448 -71.080873011796214 -141.23970979317124 -133.07535525525455 -92.267838065107568 -67.186792242140172 -159.20161554358526 -12.870578919604487 55.92727904661588
leaf_weight=164149 458076 103256 1019 193774 400530 266452 668284 125103 31302 194282 205016 183469 275202 571545 210428 111317 181211 346706 237383 55084 409 2051 487758 177157 432891 113135 47002 76777 426233 697591 310768 136897 5727631 199465 233316 169682 182019 182710 536360 78079 187133 396847 639808 315740 918 59064 21123 5271 2603 221363 289628 310970 324586 2758 290397 625183 200876 158912 1189430 200015 112810 244596
leaf_count=164149 458076 103256 1019 193774 400530 266452 668284 125103 31302 194282 205016 183469 275202 571545 210428 111317 181211 346706 237383 55084 409 2051 487758 177157 432891 113135 47002 76777 426233 697591 310768 136897 5727631 199465 233316 169682 182019 182710 536360 78079 187133 396847 639808 315740 918 59064 21123 5271 2603 221363 289628 310970 324586 2758 290397 625183 200876 158912 1189430 200015 112810 244596
internal_value=-7.40929e-05 -4.75671e-05 -0.000180034 -8.23673e-05 -0.000138548 -2.42043e-05 -0.000242041 -6.4864e-05 -4.96045e-05 -0.000117196 -0.000274426 -0.000166511 -8.80606e-05 -9.38973e-05 -5.90631e-05 -0.000117243 -7.63986e-05 -3.9441e-05 -5.82441e-05 -3.26048e-06 6.06984e-05 0.000922765 -9.59066e-05 -0.000274835 -0.000164215 -2.08401e-05 -0.000166683 -0.000146135 -3.66466e-05 -0.0001007 -0.000152439 -0.000218331 -7.27537e-06 -7.70028e-05 -0.000135303 -0.000173161 1.34489e-05 -0.000127718 -3.33235e-05 5.79589e-05 5.39084e-05 -9.88293e-05 -6.07687e-05 -1.40254e-05 4.76783e-05 -0.000312528 -0.00014181 0.000180108 0.000740364 -2.85754e-05 6.63114e-06 -6.34295e-05 -0.000139688 -0.000181827 -0.00010809 -8.86908e-05 -3.68233e-05 -8.86486e-05 -1.47002e-05 1.92708e-05 8.99631e-05 -1.66553e-05
internal_weight=2.10016e+07 1.67961e+07 4.20545e+06 6.74661e+06 2.51971e+06 1.00495e+07 1.68574e+06 5.3982e+06 4.01914e+06 2.1784e+06 1.17988e+06 505865 1.34498e+06 2.52018e+06 1.01126e+06 1.50892e+06 2.08085e+06 2.87803e+06 1.89381e+06 984219 314696 2460 834464 341306 833421 1.93829e+06 78304 429971 789463 1.29139e+06 1.3484e+06 511595 6.03035e+06 302721 416785 306579 363230 890325 669523 133163 312236 579557 915010 527086 211346 89080 30016 8893 3622 1.05934e+06 527011 532333 593796 327344 484171 937376 312193 235689 1.85999e+06 670556 225945 444611
internal_count=21001550 16796098 4205452 6746606 2519708 10049492 1685744 5398205 4019140 2178402 1179879 505865 1344981 2520178 1011257 1508921 2080850 2878027 1893808 984219 314696 2460 834464 341306 833421 1938290 78304 429971 789463 1291387 1348401 511595 6030352 302721 416785 306579 363230 890325 669523 133163 312236 579557 915010 527086 211346 89080 30016 8893 3622 1059344 527011 532333 593796 327344 484171 937376 312193 235689 1859986 670556 225945 444611
cat_boundaries=0 1 2 3 5 7 9 11 13 14 15 17 19 21 22 24 26 28 30 32 34 35 36 37 38 40 41 42 44 45 46 48 49 50 51 52 53 54 56 57 59 60 61 62
cat_threshold=19 4 19 2150217250 50242 2610125476 157978 144984868 103665 1532528072 140942 319576320 169033 65 3408 1983944563 150795 4110821605 31292 591956091 256128 693048 2900562292 188446 237498440 160121 69898944 105001 3223339439 28006 709504069 132613 2961265692 189853 574810 638469 534035 167937 2226127925 16422 803186 32321 757073019 4426 54144 1618 2098256 64 18 264087 551 801361 72497 1570 1107461328 14 5 3428975234 134953 778 353389 984244
is_linear=0
shrinkage=0.05


Tree=76
num_leaves=63
num_cat=43
split_feature=0 0 17 17 0 0 17 2 2 11 13 11 0 2 13 13 17 2 13 11 13 17 13 13 13 13 13 0 4 0 13 15 14 11 13 13 14 13 3 13 14 14 13 13 13 1 15 1 14 14 13 13 14 17 14 13 14 13 14 14 16 14
split_gain=22.8379 5.24514 4.35297 2.98452 2.68098 1.77214 1.66086 1.61893 1.14259 0.969001 0.918746 0.912395 0.883433 0.830767 0.744466 0.716656 0.698953 0.659751 0.802079 0.656335 0.64478 0.638943 0.846917 0.63089 0.629606 0.627051 0.611553 0.744718 0.603823 0.602336 1.01258 0.864439 0.59758 0.578273 0.578182 0.570766 0.568184 0.558063 0.619295 0.721579 0.769312 0.644373 0.993952 0.531881 0.528966 0.549706 0.510411 0.589526 0.575332 0.50892 0.965981 0.789285 0.502066 0.811449 0.48449 1.0084 0.483806 0.476707 0.552896 0.536443 0.473309 0.64682
threshold=11.827217102050783 12.543088436126711 0 1 10.848378181457521 11.426314353942873 2 43.500000000000007 22.500000000000004 11.409124851226808 3 11.933449268341066 13.447151660919191 2.5000000000000004 4 5 6 24.500000000000004 7 1.0000000180025095e-35 8 9 10 11 12 13 14 10.777470111846926 1.0000000180025095e-35 12.029485225677492 15 16 17 10.844077110290529 18 19 20 21 88.049999237060561 22 23 24 25 26 27 11813.657714843752 28 11813.657714843752 29 30 31 32 33 34 35 36 37 38 39 40 41 42
decision_type=2 2 1 1 2 2 1 2 2 2 1 2 2 2 1 1 1 2 1 2 1 1 1 1 1 1 1 2 2 2 1 1 1 2 1 1 1 1 2 1 1 1 1 1 1 2 1 2 1 1 1 1 1 1 1 1 1 1 1 1 1 1
left_child=2 3 4 25 14 19 12 11 15 23 32 21 17 20 -1 -6 -15 34 36 26 -8 22 -5 -7 -23 60 27 -4 -24 30 -13 -32 -10 57 -3 -11 -19 -9 41 -40 -41 42 -39 -43 45 -14 48 -48 -36 50 -31 -51 53 -29 55 -20 -26 58 -12 -59 61 -2
right_child=1 6 5 7 8 9 13 37 10 35 33 29 44 16 -16 -17 -18 18 54 -21 -22 24 28 -25 56 -27 -28 52 -30 49 31 -33 -34 -35 46 -37 -38 38 39 40 -42 43 -44 -45 -46 -47 47 -49 -50 51 -52 -53 -54 -55 -56 -57 -58 59 -60 -61 -62 -63
leaf_value=-133.40023671593241 42.162258880360241 -238.04690528077299 -173.22090712775116 -146.51928564465561 -90.146172480667076 -111.62721735352825 -384.38842401589648 -62.209882522863246 -48.34710502031885 -135.24106299435206 172.59938838608869 -199.61161896413279 15720.991284130872 64.258003684967122 -161.1252456900113 -123.54504825382502 -44.00469362333564 -136.24299607547329 477.17802195261834 -169.76422867592032 -97.306497942201375 -41.055840484027797 101.43853505489898 -37.503969917596898 -156.03299287389129 -108.342651360128 -122.52755250761375 185.79354112384382 -92.299332315792157 22.234273732561977 138.88386633235902 -129.87394061584592 -106.18461350530102 -53.961732860979673 -170.03484945910606 -114.19498833145678 86.875579269780246 124.21666792479192 -135.53152048106622 210.22501333551264 -72.3542839082982 -8.4663662620319879 -92.82589417023992 109.03172911983275 74.628525311012552 -140.57525401382426 963.57042692330526 -181.59157070771835 233.70745973575578 -171.13728414837297 -117.47957997589184 -99.307923972742728 -83.573994845673042 -130.52035657984334 -148.68358945493819 -182.22198991325604 -76.507701781015385 -97.906082325174623 -14.086234021327321 9.6144599831036714 -152.11076937536183 -146.55344232057504
leaf_weight=122484 37532 302673 19871 98369 366175 94480 120888 434742 178591 259840 36918 128732 223 1907450 121955 504334 5729528 117794 34525 529011 282639 573062 219239 185065 172943 890805 113447 16034 62916 302333 33726 173866 270589 668285 44338 391028 217404 78775 134404 63837 96041 173008 169277 290587 287666 209159 673 217467 66389 401573 538055 857139 61004 15964 462603 48073 395581 77061 55028 118288 373742 46322
leaf_count=122484 37532 302673 19871 98369 366175 94480 120888 434742 178591 259840 36918 128732 223 1907450 121955 504334 5729528 117794 34525 529011 282639 573062 219239 185065 172943 890805 113447 16034 62916 302333 33726 173866 270589 668285 44338 391028 217404 78775 134404 63837 96041 173008 169277 290587 287666 209159 673 217467 66389 401573 538055 857139 61004 15964 462603 48073 395581 77061 55028 118288 373742 46322
internal_value=-7.20287e-05 -4.59387e-05 -0.000176229 -8.00402e-05 -0.000134619 -0.000238422 -2.30451e-05 -6.34191e-05 -0.000117715 -0.000192233 -8.98227e-05 -7.994e-05 -6.37097e-05 -1.28846e-05 -0.000291972 -0.000162726 -9.1902e-06 -8.27208e-05 -5.47469e-05 -0.000295321 -8.28032e-05 -4.95722e-05 6.53866e-06 -0.000114373 -6.8275e-05 -0.00014658 -0.000224063 -0.00014162 5.05826e-05 -9.89195e-05 -0.000161041 -9.27058e-05 -0.000148801 -6.20973e-05 -0.000121718 -0.000225674 6.11907e-06 -1.80366e-05 2.4216e-06 -5.85862e-05 1.32035e-05 2.76497e-05 -3.73934e-05 6.24513e-05 -5.88225e-06 -6.63392e-05 -7.58136e-05 -0.000120192 1.16181e-05 -8.89662e-05 -5.88336e-05 -0.000109083 -8.22666e-05 7.81372e-05 -9.21666e-05 1.93812e-05 -0.000105555 -2.77542e-06 9.10984e-05 -4.69618e-05 -0.000194158 -8.6771e-05
internal_weight=2.10016e+07 1.67961e+07 4.20545e+06 6.74661e+06 2.51971e+06 1.68574e+06 1.00495e+07 5.3982e+06 2.27527e+06 930413 1.40476e+06 3.95753e+06 2.00899e+06 8.0405e+06 244439 870509 7.63698e+06 1.51194e+06 880399 755331 403527 1.52211e+06 380524 279545 1.14159e+06 1.3484e+06 226320 112873 282155 2.43542e+06 336324 207592 449180 955580 631540 650868 335198 1.44067e+06 1.00593e+06 294282 159878 711647 248052 463595 497048 209382 328867 218140 110727 2.0991e+06 840388 1.25871e+06 93002 31998 545201 82598 568524 287295 91946 195349 457596 83854
internal_count=21001550 16796098 4205452 6746606 2519708 1685744 10049492 5398205 2275269 930413 1404760 3957534 2008987 8040505 244439 870509 7636978 1511939 880399 755331 403527 1522110 380524 279545 1141586 1348401 226320 112873 282155 2435424 336324 207592 449180 955580 631540 650868 335198 1440671 1005929 294282 159878 711647 248052 463595 497048 209382 328867 218140 110727 2099100 840388 1258712 93002 31998 545201 82598 568524 287295 91946 195349 457596 83854
cat_boundaries=0 1 2 3 5 7 9 10 12 14 15 17 19 21 23 25 27 28 29 31 33 34 36 38 39 40 42 44 46 47 48 49 51 53 54 55 56 58 59 61 62 63 64 65
cat_threshold=19 4 4 2166993442 50242 2051052407 154905 183014936 230851 2 678986266 29447 183511113 533 2 2566922374 135242 1610634896 230809 1345103775 105573 78155984 105001 1870402483 72008 2697117741 255136 34 355520 2708927016 153241 2157988271 15462 525556 1075348108 157072 730203459 65543 690572 100938 679478275 98819 539041025 33291 156397275 68162 2340 71907 111658 4163013774 9473 1637878222 13568 246022 8 524294 1358971072 198872 72240 910180480 10376 669218 221752 66 400677
is_linear=0
shrinkage=0.05


Tree=77
num_leaves=63
num_cat=41
split_feature=0 0 17 17 0 0 2 17 2 11 17 0 2 13 11 13 13 11 2 13 13 14 15 15 13 13 14 13 13 17 13 13 14 2 2 13 14 13 13 13 14 15 14 15 14 13 5 13 3 14 13 0 11 15 13 1 11 0 17 14 17 15
split_gain=21.8892 4.81303 4.38009 2.76627 2.58098 1.8851 1.46153 1.45613 1.07355 0.907036 0.833146 0.803427 0.784908 0.761711 0.745308 0.731595 0.709319 0.673773 0.764566 0.841951 0.753427 1.02949 0.852236 0.680683 0.653575 0.650829 0.648203 0.628985 0.628417 0.624523 0.622051 0.6154 0.612811 0.634751 0.591644 0.774301 0.582308 0.580466 0.557085 0.544371 0.522077 0.51349 1.35837 0.501414 0.499163 1.02412 0.490624 0.489297 0.490548 0.801875 0.697532 0.584819 0.486378 0.482212 0.479947 0.566264 0.478166 0.634321 0.496197 0.58603 0.458574 0.45415
threshold=11.827217102050783 12.543088436126711 0 1 10.961292743682863 11.426314353942873 43.500000000000007 2 22.500000000000004 11.409124851226808 3 13.447151660919191 2.5000000000000004 4 10.956196784973146 5 6 11.848518371582033 41.500000000000007 7 8 9 10 11 12 13 14 15 16 17 18 19 20 1.5000000000000002 24.500000000000004 21 22 23 24 25 26 27 28 29 30 31 1750.0000000000002 32 88.049999237060561 33 34 11.953825473785402 11.34359931945801 35 36 11813.657714843752 1.0000000180025095e-35 10.777470111846926 37 38 39 40
decision_type=2 2 1 1 2 2 2 1 2 2 1 2 2 1 2 1 1 2 2 1 1 1 1 1 1 1 1 1 1 1 1 1 1 2 2 1 1 1 1 1 1 1 1 1 1 1 2 1 2 1 1 2 2 1 1 2 2 2 1 1 1 1
left_child=2 3 4 17 16 31 10 11 24 28 13 34 25 -5 27 26 -1 18 19 -2 21 22 -20 -23 -6 -9 -16 -10 36 -14 -19 -4 33 -21 38 40 -7 -12 61 -11 -36 42 -22 -15 45 -37 -45 -8 49 50 -49 -51 -17 -42 55 -13 57 -33 59 -59 -41 -3
right_child=1 7 5 6 8 9 47 12 14 39 37 54 29 43 15 52 -18 30 20 32 41 23 -24 -25 -26 -27 -28 -29 -30 -31 -32 56 -34 -35 35 44 -38 -39 -40 60 53 -43 -44 46 -46 -47 -48 48 -50 51 -52 -53 -54 -55 -56 -57 -58 58 -60 -61 -62 -63
leaf_value=-107.76571917693968 -155.78877475205283 57.467288905345235 -152.73792330517722 -114.18013596990859 -81.751671458314362 48.79384795664037 -53.54975773730694 -365.16900281510175 -62.245077366071477 -129.5861630402801 -62.281826478678653 14934.941719924327 61.045103500718689 -90.630430958638556 -129.61980717888611 -69.977951698042034 -140.99967019009031 -107.22284808800032 4049.2146428609544 4232.9883909616347 658.84761269077615 -176.27674771019085 262.75226909308225 106.93346714146901 -120.87951914776568 -92.441173045091489 -70.42048922798422 16.445250159462375 -83.65904742279973 -41.804458942168871 -144.50523090659371 -165.00700099882599 -128.38021818033977 33.389792124244927 -158.33503397567733 469.54074407612808 -90.680892558741505 -106.78722459483916 -214.85279428342585 -77.445149678686548 213.25838023999245 -83.490354064069834 -183.3846421583039 259.10149690694965 -140.62681827248889 -167.81720540116441 8.9912709251551863 86.736967022091278 -44.876340686605822 -56.976454472626394 -156.10548987310176 92.572088832035149 -26.582369757879135 -52.511176883332155 66.947306765392966 -135.83238519185397 -157.8962578169612 -85.69885721883675 -111.82493931611262 57.417963762059848 -146.85431112799989 -163.16855947504243
leaf_weight=170939 136993 101924 316514 477278 365433 53096 637083 120888 162913 247189 835058 218 1907450 169730 133238 153137 170367 462078 4856 2776 6633 11757 4705 16044 467988 282639 244048 240430 173389 5729528 461338 22801 104502 53754 95671 34517 53060 2131666 328557 200784 110609 74845 8120 69352 477802 50742 274450 40955 235302 66824 72971 387536 411215 111058 297849 198981 307249 24581 54208 29978 202895 201059
leaf_count=170939 136993 101924 316514 477278 365433 53096 637083 120888 162913 247189 835058 218 1907450 169730 133238 153137 170367 462078 4856 2776 6633 11757 4705 16044 467988 282639 244048 240430 173389 5729528 461338 22801 104502 53754 95671 34517 53060 2131666 328557 200784 110609 74845 8120 69352 477802 50742 274450 40955 235302 66824 72971 387536 411215 111058 297849 198981 307249 24581 54208 29978 202895 201059
internal_value=-6.97218e-05 -4.41794e-05 -0.000171735 -7.6846e-05 -0.000129996 -0.000234121 -6.08442e-05 -2.2249e-05 -0.000109966 -0.000186483 -7.65414e-05 -6.03249e-05 -1.27353e-05 -3.68427e-05 -8.23356e-05 -0.000106696 -0.000257841 -0.000140906 -8.88085e-05 -0.000132581 1.39419e-05 0.000202532 0.000649828 4.85244e-05 -0.000154556 -8.06967e-05 -0.000160598 -2.54654e-05 -0.000111153 -9.14437e-06 -0.000164885 -0.000292806 -5.50535e-05 7.75562e-05 -7.84547e-05 -5.1964e-05 -1.5334e-05 -8.97993e-05 -0.000115384 -0.000218837 1.04968e-05 -6.47147e-05 0.000204803 5.42165e-06 -8.71653e-05 2.42825e-05 4.01358e-05 -1.77243e-05 8.22101e-06 3.33587e-05 -8.52491e-05 6.30988e-05 -7.06563e-05 5.26289e-05 -5.1781e-06 -6.52551e-05 -0.000254447 -0.000174692 -0.000124426 -1.79493e-05 -0.000183035 -6.64747e-05
internal_weight=2.10016e+07 1.67961e+07 4.20545e+06 6.74661e+06 2.51971e+06 1.68574e+06 5.3982e+06 1.00495e+07 2.1784e+06 930413 3.95753e+06 2.00899e+06 8.0405e+06 990810 1.34498e+06 941638 341306 1.3484e+06 424985 298025 126960 37362 9561 27801 833421 403527 377286 403343 279545 7.63698e+06 923416 755331 161032 56530 1.51194e+06 880399 106156 2.96672e+06 631540 650868 317338 89598 14753 513532 563061 85259 343802 1.44067e+06 803588 568286 113926 454360 564352 221667 497048 199199 438817 131568 108767 54559 403679 302983
internal_count=21001550 16796098 4205452 6746606 2519708 1685744 5398205 10049492 2178402 930413 3957534 2008987 8040505 990810 1344981 941638 341306 1348401 424985 298025 126960 37362 9561 27801 833421 403527 377286 403343 279545 7636978 923416 755331 161032 56530 1511939 880399 106156 2966724 631540 650868 317338 89598 14753 513532 563061 85259 343802 1440671 803588 568286 113926 454360 564352 221667 497048 199199 438817 131568 108767 54559 403679 302983
cat_boundaries=0 1 2 3 4 6 8 10 12 14 15 16 17 19 21 22 24 26 27 29 31 32 34 35 37 39 41 42 43 44 45 46 48 50 51 53 54 56 57 58 59 60
cat_threshold=19 4 4 2 3089245422 228162 2167010882 36035 2118129523 151307 2443924617 166709 1094935571 65797 197728 2949 2456 44570526 230851 183511113 533 692756 25797433 251456 225487172 12902 2 3654632842 157552 2445397005 172567 22732 678953498 29447 115573 2147525790 19969 1586040263 108870 2149583279 15590 525540 640 311770 3332 524294 1090568384 198872 1614317198 159123 100360 2378174465 32772 2278 156397275 68098 8 539888 8 2340
is_linear=0
shrinkage=0.05


Tree=78
num_leaves=63
num_cat=40
split_feature=0 0 17 0 17 11 17 2 17 11 11 13 0 0 2 13 1 13 13 2 13 13 13 0 13 15 14 13 11 13 1 13 1 13 13 17 13 13 1 13 13 15 11 13 0 13 14 16 15 13 13 14 15 14 4 2 13 13 14 13 3 14
split_gain=20.8837 4.53172 4.33919 3.48027 2.89833 1.65612 1.43033 1.33952 1.27713 0.874555 0.807083 0.87273 0.786386 0.780509 0.673765 0.825626 0.628878 0.774817 0.620027 0.660031 0.619936 0.610504 0.592424 0.590938 1.03741 0.711539 0.548371 0.972624 0.540617 0.723935 0.633903 0.625091 0.539559 2.04309 0.53731 0.525903 0.810472 0.543646 0.520351 0.829181 0.799719 0.514937 0.500816 0.671938 0.496819 0.600153 0.585974 0.553034 0.523882 1.09355 0.692184 0.652179 0.513794 0.739016 0.494283 0.493048 0.670883 0.491828 0.788972 0.815878 0.625697 0.491421
threshold=11.827217102050783 12.543088436126711 0 11.007835865020754 1 11.006946563720705 2 44.500000000000007 3 11.933449268341066 1.0000000180025095e-35 4 11.29636335372925 13.447151660919191 12.500000000000002 5 10219.785156250002 6 7 21.500000000000004 8 9 10 12.029485225677492 11 12 13 14 11.429073333740236 15 2850.420532226563 16 9879.2597656250018 17 18 19 20 21 14606.089843750002 22 23 24 12.542801380157472 25 13.314807891845705 26 27 28 29 30 31 32 33 34 1.0000000180025095e-35 43.500000000000007 35 36 37 38 93.049999237060561 39
decision_type=2 2 1 2 1 2 1 2 1 2 2 1 2 2 2 1 2 1 1 2 1 1 1 2 1 1 1 1 2 1 2 1 2 1 1 1 1 1 2 1 1 1 2 1 2 1 1 1 1 1 1 1 1 1 2 2 1 1 1 1 2 1
left_child=2 4 12 10 18 16 13 9 20 35 -4 -12 34 42 15 41 21 -18 -2 22 -7 -5 -20 24 -11 -26 27 -21 31 -30 -31 -10 -23 -34 -1 36 -6 -37 40 -40 -25 -8 57 -44 45 46 47 -16 49 61 51 -50 53 -47 -38 -45 -57 -3 59 -59 -60 -46
right_child=1 6 3 5 7 8 14 -9 28 23 11 -13 -14 -15 44 -17 17 -19 19 26 -22 32 -24 38 25 -27 -28 -29 29 30 -32 -33 33 -35 -36 37 54 -39 39 -41 -42 -43 43 55 48 52 -48 -49 50 -51 -52 -53 -54 -55 -56 56 -58 58 60 -61 -62 -63
leaf_value=-148.21826195167142 -137.2546760911865 -119.4610855578015 -79.212785750986995 -51.952515156264781 -147.61262914106806 -89.145674585922507 -68.973543423222964 -11.914234263506479 -132.22599519065693 -195.32633399361066 -152.12299511232578 -125.7232163014358 -135.44742517487467 -13.618252035507613 390.18961874124807 -16.33101890069338 -13.590095219726392 -152.22824152142513 -176.69040751901468 107.63818929591508 -53.545998280903952 -8.1202808019490487 -118.97437957512412 4.0041644141732835 32.273768938201371 -136.34372651288524 -95.50934348678966 -80.179250772040362 -102.96888368123946 -16.440485250354424 -98.458392422627924 -82.12272450131718 12594.957486483632 -123.68190110609407 -176.87963819590587 -10.017804257669741 86.871306333556646 -84.204291608604862 -68.422474162276558 -177.34910934782948 -94.261686558343911 -250.9225596891207 -65.517334470795561 -189.37996400678605 400.50909691924318 80.738779005450127 -39.400097619352039 35.865870557578091 -13.835275925708267 116.63131416295364 7.5576899666542889 914.79149610785976 -110.12689984988975 -89.557964075213761 -65.421257651775889 -187.41474157533941 53.356536172915369 -94.014890665284867 -132.59526733870263 766.78943992938298 318.84961700261158 -435.14928832873585
leaf_weight=82115 242494 199820 156071 260845 92874 458171 349133 1351124 168334 123973 174459 190118 565219 497048 146004 907395 53762 80004 176994 61553 534705 455559 229173 319841 71750 148405 490028 148159 259785 130476 255224 182135 1050 2036 195384 351905 230083 815307 321966 376145 1128614 486906 294723 559647 40220 517150 895130 748912 164453 572996 638671 381402 1444719 516865 66218 95487 107130 30051 148488 46424 30169 230549
leaf_count=82115 242494 199820 156071 260845 92874 458171 349133 1351124 168334 123973 174459 190118 565219 497048 146004 907395 53762 80004 176994 61553 534705 455559 229173 319841 71750 148405 490028 148159 259785 130476 255224 182135 1050 2036 195384 351905 230083 815307 321966 376145 1128614 486906 294723 559647 40220 517150 895130 748912 164453 572996 638671 381402 1444719 516865 66218 95487 107130 30051 148488 46424 30169 230549
internal_value=-6.76219e-05 -4.26731e-05 -0.000167265 -0.000141838 -7.43707e-05 -0.000120067 -2.13932e-05 -5.79914e-05 -0.000145067 -7.23827e-05 -0.000260682 -0.000301413 -0.000268721 -5.91303e-05 -1.19642e-05 -3.94716e-05 -6.17957e-05 -0.000161348 -0.000139942 -0.000124063 -0.000104934 -4.32871e-05 -0.000174764 -9.07562e-05 -0.000151583 -8.64233e-05 -9.46347e-05 -2.69686e-05 -0.000185073 -0.000157931 -0.000114464 -0.000235069 -8.5517e-06 0.000650357 -0.000337657 -4.29795e-05 7.35559e-06 -5.97619e-05 -8.10047e-05 -0.000116465 -6.39142e-05 -7.53175e-05 -7.69997e-05 -9.58791e-05 -4.34845e-06 -1.40293e-05 8.03207e-06 3.66426e-05 1.6026e-05 -1.40821e-05 3.74725e-05 7.88158e-05 -2.99611e-05 -3.05312e-06 4.77527e-05 -0.000120667 -5.38376e-05 -3.31371e-05 1.28717e-05 0.000147252 -4.46552e-05 -9.68848e-05
internal_weight=2.10016e+07 1.67961e+07 4.20545e+06 3.36273e+06 6.74661e+06 2.84209e+06 1.00495e+07 5.3982e+06 1.98883e+06 4.04708e+06 520648 364577 842718 2.00899e+06 8.0405e+06 1.74343e+06 853256 133766 1.3484e+06 1.10591e+06 992876 719490 406167 2.49069e+06 344128 220155 699740 209712 995954 645485 385700 350469 458645 3086 277499 1.55639e+06 389175 1.16721e+06 2.14657e+06 698111 1.44846e+06 836039 1.51194e+06 1.05699e+06 6.29707e+06 4.26878e+06 1.79005e+06 894916 2.02829e+06 843765 1.18453e+06 545855 2.47873e+06 1.03402e+06 296301 762264 202617 454952 255132 76475 178657 270769
internal_count=21001550 16796098 4205452 3362734 6746606 2842086 10049492 5398205 1988830 4047081 520648 364577 842718 2008987 8040505 1743434 853256 133766 1348401 1105907 992876 719490 406167 2490694 344128 220155 699740 209712 995954 645485 385700 350469 458645 3086 277499 1556387 389175 1167212 2146566 698111 1448455 836039 1511939 1056987 6297071 4268780 1790046 894916 2028291 843765 1184526 545855 2478734 1034015 296301 762264 202617 454952 255132 76475 178657 270769
cat_boundaries=0 1 2 3 4 6 8 10 12 14 16 18 20 21 22 24 26 28 30 32 33 35 37 39 41 42 44 46 47 48 49 51 53 54 55 56 58 60 61 63 64
cat_threshold=4 4 4 18 2435706016 111318 1728833648 152917 45136148 162241 2658304 100361 1428759142 63659 553660857 55057 348285644 17060 675463213 254116 170 444424 3506438276 156832 2854775083 3365 4086793039 25154 214075392 133188 1317797923 18724 2 2566922374 4170 1342710174 103428 907633883 147862 2286067716 51201 789 135921666 125702 357158112 150930 594743 16 2579 3691257153 3456 1412233507 105545 263508 3714 28327 1375827509 1217 2316034560 257692 287238 564134060 4130 196612
is_linear=0
shrinkage=0.05


Tree=79
num_leaves=63
num_cat=42
split_feature=0 17 0 17 0 0 17 2 2 13 11 11 11 0 14 13 13 14 0 15 13 13 2 0 13 15 11 13 13 2 0 14 15 6 13 13 13 0 15 14 14 17 14 17 15 14 2 13 13 16 13 14 15 14 14 13 3 14 13 13 16 13
split_gain=20.0814 4.11689 4.06672 2.65561 2.53649 1.93393 1.39916 1.22322 1.15295 1.04579 0.933961 0.808639 0.757508 0.748676 0.699857 0.691161 0.642826 0.665114 0.642117 0.63124 1.42805 0.629263 0.627917 0.611987 0.931561 0.684696 0.6091 0.592439 0.58842 0.665433 0.616097 1.37789 1.2708 1.27486 0.610123 0.584736 0.583293 0.760676 0.667545 0.626624 0.595512 0.543136 0.670626 0.537433 0.594075 0.807594 0.534285 0.68513 0.655307 0.633073 0.999291 0.685997 0.525413 0.653128 0.509222 0.576876 0.508076 0.495574 1.16166 0.808581 0.500659 0.495228
threshold=11.827217102050783 0 12.543088436126711 1 10.848378181457521 11.426314353942873 2 43.500000000000007 29.500000000000004 3 11.409124851226808 11.933449268341066 1.0000000180025095e-35 13.447151660919191 4 5 6 7 10.777470111846926 8 9 10 2.5000000000000004 12.029485225677492 11 12 12.542801380157472 13 14 16.500000000000004 12.527451992034914 15 16 24.500000000000004 17 18 19 11.320536136627199 20 21 22 23 24 25 26 27 28.500000000000004 28 29 30 31 32 33 34 35 36 60.250000000000007 37 38 39 40 41
decision_type=2 1 2 1 2 2 1 2 2 1 2 2 2 2 1 1 1 1 2 1 1 1 2 2 1 1 2 1 1 2 2 1 1 2 1 1 1 2 1 1 1 1 1 1 1 1 2 1 1 1 1 1 1 1 1 1 2 1 1 1 1 1
left_child=1 4 3 28 15 12 13 11 36 14 16 61 18 46 -10 -1 17 19 -3 20 -7 -20 27 24 -13 -26 57 -8 30 34 -2 32 -32 -34 -30 -12 37 -6 39 -39 -40 42 -23 44 45 -38 48 -48 -4 50 -49 -51 53 -50 -11 56 -56 58 60 -59 -24 -5
right_child=2 5 6 7 8 10 22 -9 9 54 35 23 -14 -15 -16 -17 -18 -19 21 -21 -22 41 26 -25 25 -27 -28 -29 29 -31 31 -33 33 -35 -36 -37 43 38 40 -41 -42 -43 -44 -45 -46 -47 47 49 52 51 -52 -53 -54 -55 55 -57 -58 59 -60 -61 -62 -63
leaf_value=-142.60090260358575 -132.92796037627195 -152.08553675414547 -205.93292210222353 -13.112934403243708 -98.605822209144208 7005.1516680570048 -318.24973778031199 -13.707112846710153 -27.741666110476491 14.257375180999407 -118.24405896624859 -187.68853721128181 -147.16125359317334 -12.937339433732269 -84.195036711617377 -114.11796738045778 -75.481258201755381 -82.184302010583636 -99.255237995309017 61.947505470751892 251.88421514122993 -80.433395222683387 539.43828496910373 -90.026917153725378 69.468759652018164 -125.15550473252125 -42.651433722157762 -79.768831639685231 -95.261854367662735 -74.540369186526917 -549.75931332052562 -54.002365297745932 10957.989741341316 19047.522334791138 -179.6007364196098 -97.338254597852483 144.36478816197069 -88.983979618641214 -2.5751385602880874 79.4162730436815 -126.13085981892124 -96.783544258873917 64.644395055503054 -122.73773099067849 -110.09013830435242 -87.079211343396864 -121.72484278508455 -175.87193395886618 374.18500660767052 102.38802658767018 256.08071871090124 -152.26639147214846 -71.907937524169753 -261.991952742526 4876.5363758887825 -73.91646110087872 -0.85865217772916369 -157.62593323097681 435.15144476249407 67.595795342519708 -143.38736112373701 -73.120324949881976
leaf_weight=117080 289475 39442 309432 702581 140024 966 144981 1440671 216936 265605 246535 114946 529011 497048 328225 127359 178551 60557 78907 33903 5568 21763 62185 2099100 54007 167371 5343260 258546 91117 753291 496 5716 651 376 207279 404333 35546 47847 84205 71440 155729 53815 32393 424848 143438 34916 343127 54062 10022 84905 97372 200041 352580 60398 881 175636 149993 537032 415948 953859 324694 819529
leaf_count=117080 289475 39442 309432 702581 140024 966 144981 1440671 216936 265605 246535 114946 529011 497048 328225 127359 178551 60557 78907 33903 5568 21763 62185 2099100 54007 167371 5343260 258546 91117 753291 496 5716 651 376 207279 404333 35546 47847 84205 71440 155729 53815 32393 424848 143438 34916 343127 54062 10022 84905 97372 200041 352580 60398 881 175636 149993 537032 415948 953859 324694 819529
internal_value=-6.53102e-05 -0.00016302 -4.08453e-05 -7.08726e-05 -0.000122555 -0.000223503 -2.06867e-05 -5.51942e-05 -0.000106112 -7.05084e-05 -0.000175251 -6.95547e-05 -0.000282942 -5.80103e-05 -0.000120476 -0.000275608 -9.88119e-05 2.0103e-06 -0.000206389 0.000159011 0.00060865 -0.000167697 -1.1361e-05 -8.74225e-05 -0.000150039 -9.00631e-05 -8.14921e-06 -7.21471e-05 -0.000133639 -0.000116091 -0.000195828 0.000259774 0.00159067 0.00259065 -0.000179285 -0.000208082 -0.000141693 -0.000101195 -6.26643e-05 3.40038e-05 -0.000110721 -8.92328e-05 2.25608e-05 -0.000173342 -0.00010869 1.02031e-05 -7.55115e-05 -4.67002e-05 -0.000106175 -5.13255e-06 7.74747e-05 -4.90352e-05 -6.5719e-05 -0.000190401 -2.45003e-05 -6.63201e-05 5.38872e-06 1.34027e-05 4.50738e-05 -3.65201e-06 -1.729e-05 -4.09657e-05
internal_weight=2.10016e+07 4.20545e+06 1.67961e+07 6.74661e+06 2.51971e+06 1.68574e+06 1.00495e+07 5.3982e+06 2.27527e+06 1.13728e+06 930413 3.95753e+06 755331 2.00899e+06 545161 244439 279545 100994 226320 40437 6534 186878 8.0405e+06 2.43542e+06 336324 221378 7.63698e+06 403527 1.3484e+06 1.05169e+06 296714 7239 1523 1027 298396 650868 1.13799e+06 499245 359221 119287 239934 107971 54156 638748 213900 70462 1.51194e+06 779507 732432 436380 151434 284946 423000 70420 592115 326510 150874 2.29372e+06 802827 1.49089e+06 386879 1.52211e+06
internal_count=21001550 4205452 16796098 6746606 2519708 1685744 10049492 5398205 2275269 1137276 930413 3957534 755331 2008987 545161 244439 279545 100994 226320 40437 6534 186878 8040505 2435424 336324 221378 7636978 403527 1348401 1051687 296714 7239 1523 1027 298396 650868 1137993 499245 359221 119287 239934 107971 54156 638748 213900 70462 1511939 779507 732432 436380 151434 284946 423000 70420 592115 326510 150874 2293718 802827 1490891 386879 1522110
cat_boundaries=0 1 2 3 5 6 8 10 11 12 14 16 18 19 21 23 24 25 27 29 31 32 33 34 35 36 37 38 39 41 43 44 46 47 48 49 50 52 53 55 57 58 60
cat_threshold=19 4 4 2443818598 120130 355520 2243914888 106725 229679430 4710 4733 12 1048576 68 276917324 189623 541245485 254116 42 452470857 789 11042816 104489 113 2448 2702188547 9298 2150713647 11366 48239956 243059 1796 74075 886913 8 540256 2 904 467179 3280043365 71888 623309352 136505 81 608305680 164872 106510 1026 266752 48906 101974289 572 68885 34495390 72557 1745977361 259280 8 1080854303 102181
is_linear=0
shrinkage=0.05


Tree=80
num_leaves=63
num_cat=41
split_feature=0 17 0 0 17 17 17 11 2 2 0 2 13 14 13 11 11 13 1 13 13 11 13 13 13 14 15 13 13 1 13 15 2 14 6 13 0 13 14 11 13 1 14 0 13 13 13 15 14 1 13 13 13 13 14 13 13 14 13 13 15 2
split_gain=19.0512 4.16682 3.75031 3.19034 2.48873 1.54428 1.2886 1.22867 1.14839 0.943216 0.871881 0.783228 1.26319 1.13065 0.842031 0.755096 0.704861 0.827999 0.735186 0.9063 0.711496 0.684415 0.758464 0.755463 0.676245 0.668733 1.18437 1.72154 0.645883 0.63562 1.07365 0.635118 0.625533 0.620925 1.10328 0.579607 0.569534 0.957196 0.611541 0.56912 0.83284 0.631863 2.22603 0.607999 1.06149 0.556433 0.554469 0.605356 0.554188 0.54481 0.540254 0.53623 0.528483 0.523852 0.567559 0.523739 0.51742 0.505749 0.908036 0.688251 0.503324 0.501943
threshold=11.827217102050783 0 12.543088436126711 10.961292743682863 1 2 3 10.956196784973146 43.500000000000007 30.500000000000004 11.29636335372925 39.500000000000007 4 5 6 11.933449268341066 11.34359931945801 7 2905.6528320312505 8 9 1.0000000180025095e-35 10 11 12 13 14 15 16 5652.8034667968759 17 18 16.500000000000004 19 43.500000000000007 20 12.029485225677492 21 22 11.272544384002687 23 1560.2900390625002 24 11.745054244995119 25 26 27 28 29 4115.9980468750009 30 31 32 33 34 35 36 37 38 39 40 9.5000000000000018
decision_type=2 1 2 2 1 1 1 2 2 2 2 2 1 1 1 2 2 1 2 1 1 2 1 1 1 1 1 1 1 2 1 1 2 1 2 1 2 1 1 2 1 2 1 2 1 1 1 1 1 2 1 1 1 1 1 1 1 1 1 1 1 2
left_child=1 10 4 21 24 11 -4 45 15 46 55 28 13 14 -13 -6 17 -9 19 -18 -20 23 -23 25 -2 26 27 -3 -5 30 33 -15 35 34 -11 -26 37 -17 -39 40 41 42 -12 -43 -45 -7 -8 50 -34 -47 61 60 -51 54 -41 -1 -28 58 -38 -59 -50 -48
right_child=2 3 6 5 8 7 9 16 -10 29 39 12 -14 31 -16 36 18 -19 20 -21 -22 22 -24 -25 32 -27 56 -29 -30 -31 -32 -33 48 -35 -36 -37 57 38 -40 53 -42 43 -44 44 -46 49 47 -49 51 52 -52 -53 -54 -55 -56 -57 -58 59 -60 -61 -62 -63
leaf_value=-136.82048367195995 -127.02984897171282 1539.4605332415119 -13.647140444027173 -24.287187114184146 -46.90953984963727 -80.845304284063246 -172.99955989014163 -71.533617312985569 -13.021757204374808 285.92504308518767 6448.731585954999 -149.9926421597782 -52.551722468195386 272.70071279462502 66.350441919106288 -182.05264656566925 11.743830562612949 -106.49442531595415 -74.22081379598977 -74.952578885191912 -110.89723983331233 -119.05357291768487 -140.27221972051876 -95.355352679191583 -98.686169854806948 -31.589414223058522 347.32349862513865 859.55159126908245 -85.229054986396662 -20.018237604267782 -246.60624174682849 177.43228677419998 -103.12370392244657 -100.61320774012137 15524.327475935826 -168.97087713204456 -110.80435081713836 -139.01133378778684 -9.7707030226906681 -62.962228703482111 -98.227054787893124 -57.238556466014693 -302.31126156089789 3918.4363930517575 -162.12903130523216 1.804337350129481 -91.448443310918492 -134.92110710378148 49.987824775756238 10.707755983731593 -91.728663958562493 -74.660348539723515 -109.93572696193496 -148.96090787245203 -142.49664930636115 -162.02567413568588 -126.01433234307306 -147.43087418737468 -3.0813896152312967 -80.70622844763021 -43.689548957577585 165.87979846550735
leaf_weight=98612 270148 744 6030352 231822 1522110 236544 665665 198508 1440671 9690 208 20838 125787 17727 25090 108230 139614 215991 321492 269852 378912 159932 158654 87696 106559 38858 2914 2749 253841 1859986 45429 52347 269213 22952 233 199240 434873 102781 125313 54456 128414 31453 431 4184 4057 252573 67606 707128 56694 51611 500084 276860 114954 214101 127915 178887 3684 389839 510287 764101 169687 140367
leaf_count=98612 270148 744 6030352 231822 1522110 236544 665665 198508 1440671 9690 208 20838 125787 17727 25090 108230 139614 215991 321492 269852 378912 159932 158654 87696 106559 38858 2914 2749 253841 1859986 45429 52347 269213 22952 233 199240 434873 102781 125313 54456 128414 31453 431 4184 4057 252573 67606 707128 56694 51611 500084 276860 114954 214101 127915 178887 3684 389839 510287 764101 169687 140367
internal_value=-6.32722e-05 -0.000158443 -3.94431e-05 -0.000133526 -6.82787e-05 -0.000114256 -2.00847e-05 -0.000135306 -5.31009e-05 -4.20159e-05 -0.000257863 -5.1172e-05 2.23567e-05 0.000141357 -5.14602e-05 -6.70152e-05 -0.000159924 -0.00021556 -0.000139146 -8.59236e-05 -0.000170261 -0.000256607 -0.000296758 -0.000162995 -0.000129041 -5.60626e-06 0.000356846 0.00110006 -8.77795e-05 -1.69191e-05 -0.000156467 0.000267722 -0.000111314 6.11986e-05 0.000391473 -0.000171843 -8.42814e-05 -0.000144687 -8.65697e-05 -0.000222231 -0.000145327 5.28845e-05 0.00161268 2.77881e-05 0.000410084 -7.80724e-05 -6.53935e-05 -4.76908e-05 -8.73536e-05 -4.34663e-05 -1.50101e-05 -5.6374e-05 -0.000113664 -0.000254963 -0.000192648 -0.000330449 -3.76811e-05 -7.46029e-05 -4.7483e-05 -9.68148e-05 7.0501e-07 5.27139e-05
internal_weight=2.10016e+07 4.20545e+06 1.67961e+07 3.36273e+06 6.74661e+06 2.9075e+06 1.00495e+07 2.18005e+06 5.3982e+06 4.01914e+06 842718 727452 241789 116002 45928 3.95753e+06 1.52437e+06 414499 1.10987e+06 409466 700404 455231 318586 136645 1.3484e+06 48949 10091 3493 485663 1.93829e+06 78304 70074 1.07825e+06 32875 9923 305799 2.43542e+06 336324 228094 565219 168747 40333 639 39694 8241 655682 2.08085e+06 1.41518e+06 772454 419138 708057 503241 166565 396472 182371 277499 6598 2.0991e+06 945160 1.15394e+06 226381 207973
internal_count=21001550 4205452 16796098 3362734 6746606 2907503 10049492 2180051 5398205 4019140 842718 727452 241789 116002 45928 3957534 1524369 414499 1109870 409466 700404 455231 318586 136645 1348401 48949 10091 3493 485663 1938290 78304 70074 1078253 32875 9923 305799 2435424 336324 228094 565219 168747 40333 639 39694 8241 655682 2080850 1415185 772454 419138 708057 503241 166565 396472 182371 277499 6598 2099100 945160 1153940 226381 207973
cat_boundaries=0 1 2 3 4 6 7 9 11 13 15 17 19 21 22 23 25 27 29 30 31 33 35 36 38 39 41 43 45 46 47 49 51 53 55 56 58 60 61 63 65 66
cat_threshold=4 4 2 19 1784056873 75678 188978 1616118784 74884 2887538065 57264 1888825728 152076 37783548 128722 1859258207 20233 811641057 30232 2654208 104489 51456 2122 6291457 4096 448609138 246017 591956091 256132 1048 323586 2702188803 140370 541245485 254112 886979 137396456 562 664720 2129928 560 822675496 120626 104112266 86337 2868 534037 2172650592 2692 3628160386 155796 2195751424 76 1061827156 71082 411780 3465281571 19244 272662689 1032 504842 1149588833 233726 1369967182 7936 145
is_linear=0
shrinkage=0.05


Tree=81
num_leaves=63
num_cat=43
split_feature=0 17 0 0 17 2 17 17 17 13 13 11 2 0 13 13 2 13 14 13 15 15 14 6 13 0 2 13 14 13 11 11 14 14 13 13 14 13 1 13 13 14 15 1 13 14 13 13 14 13 0 0 13 0 0 13 15 14 13 13 13 15
split_gain=18.3159 4.23539 3.52019 3.19573 2.36657 1.63196 1.14459 1.12307 0.93819 0.994334 0.944416 0.895589 0.870532 0.869512 0.784964 0.68624 0.644019 0.697249 0.900225 0.609766 0.608238 0.594905 0.590136 0.839146 0.633269 0.578998 0.575054 1.009 0.709304 0.5772 0.562701 0.555737 0.577144 0.572381 0.549535 0.525786 0.789363 0.556211 0.544597 0.531682 0.525433 0.56955 0.568912 0.541547 0.519134 0.512197 0.656664 0.507163 0.503045 0.568643 0.496051 0.48943 1.90902 0.485415 0.478037 0.471018 0.526227 0.567149 0.850518 0.482038 0.466032 0.460298
threshold=11.827217102050783 0 12.607837200164797 10.848378181457521 1 34.500000000000007 2 3 4 5 6 12.61660671234131 27.500000000000004 11.29636335372925 7 8 28.500000000000004 9 10 11 12 13 14 25.500000000000004 15 11.320536136627199 3.5000000000000004 16 17 18 10.844077110290529 10.904303073883058 19 20 21 22 23 24 9879.2597656250018 25 26 27 28 5075.3947753906259 29 30 31 32 33 34 12.272974491119387 12.599718093872072 35 12.665114879608156 10.36855983734131 36 37 38 39 40 41 42
decision_type=2 1 2 2 1 2 1 1 1 1 1 2 2 2 1 1 2 1 1 1 1 1 1 2 1 2 2 1 1 1 2 2 1 1 1 1 1 1 2 1 1 1 1 2 1 1 1 1 1 1 2 2 1 2 2 1 1 1 1 1 1 1
left_child=1 13 4 15 35 14 -4 55 10 31 22 26 40 34 30 54 19 18 20 21 -18 -13 23 -7 -24 -16 27 28 -8 -28 -5 33 -33 -10 -1 -2 37 -37 -38 50 41 47 43 -42 -43 46 -27 -9 -12 -50 -40 -39 -53 -20 -3 -6 57 58 -57 -59 -15 -47
right_child=2 3 6 5 7 8 11 12 9 -11 48 16 -14 60 25 -17 17 -19 53 -21 -22 -23 24 -25 -26 45 29 -29 -30 -31 -32 32 -34 -35 -36 36 38 51 39 -41 42 44 -44 -45 -46 61 -48 -49 49 -51 -52 52 -54 -55 -56 56 -58 59 -60 -61 -62 -63
leaf_value=-130.77577807405933 -110.1269035717316 -227.94673272624232 -9.400194520898367 -68.626007864687296 -52.184420437395971 29.737892171145685 -285.74926872798841 -199.53918406151115 68.342649232499113 -69.010506327179186 -89.426303930381167 46.186884121314144 -42.900425963972161 -106.83034973508047 -82.750143208198097 -131.8380860412116 771.87937548234549 -117.65865774488776 -259.68753344165583 -168.00252564253171 53.21188427098496 -157.65603361481445 123.64991110636184 184.47790600688677 -78.53811280310002 -106.05784179656548 121.77557654536213 -425.95584962276155 250.08359499494182 -20.545771415499622 -107.1292874218293 -69.300282974884979 -13.480310479617447 -29.20786922409475 -154.02854829590194 -64.160377185783744 -47.978160959150685 -162.31581677559996 -155.38636158945019 -165.66077844876165 14318.007865994929 -89.368657670329412 -132.86184368173508 -75.103526169564432 16.809637615419344 -15.358626240468221 22.388755295484046 -83.770214589464388 -75.827264257937358 45.591939832976095 11.971501681449794 26944.359350037252 -158.63296803532583 -34.215477022153209 -80.374461587509728 237.01607333797421 -19.23338350478771 263.15714466270146 -265.70592246449468 34.646304958607288 -122.8802794221545 -91.915477987563918
leaf_weight=104372 505638 24706 5625704 223571 683956 45064 14596 99692 50050 492526 71027 201171 2377751 204253 289223 201653 61653 747944 24062 654759 86125 402046 25524 33700 53234 57728 319216 44886 17575 753664 520427 125926 186093 93411 173127 59329 509389 134096 57213 140858 591 274710 629609 445620 327661 92075 127389 298946 34564 52525 75437 371 1157 420139 99708 32976 532709 83798 47215 103836 360966 462610
leaf_count=104372 505638 24706 5625704 223571 683956 45064 14596 99692 50050 492526 71027 201171 2377751 204253 289223 201653 61653 747944 24062 654759 86125 402046 25524 33700 53234 57728 319216 44886 17575 753664 520427 125926 186093 93411 173127 59329 509389 134096 57213 140858 591 274710 629609 445620 327661 92075 127389 298946 34564 52525 75437 371 1157 420139 99708 32976 532709 83798 47215 103836 360966 462610
internal_value=-6.11676e-05 -0.000154484 -3.78029e-05 -0.000129363 -6.3526e-05 -0.000113391 -1.74337e-05 -4.94154e-05 -6.99733e-05 -9.48323e-05 4.69241e-06 -3.884e-05 -6.19671e-05 -0.000254719 -0.000144336 -0.000278113 -5.51015e-05 -3.098e-05 9.56231e-06 -8.07944e-05 0.000116458 -4.45242e-05 9.13406e-05 0.000188108 -5.4459e-06 -0.000116043 -2.10268e-06 -0.000134037 7.96904e-05 7.37316e-06 -0.000183464 -4.15811e-05 -7.90316e-05 3.98685e-05 -0.000327206 -0.000120016 -9.86077e-05 -0.000188633 -7.6188e-05 -0.0001331 -8.56178e-05 -5.95433e-05 -0.000109877 -6.66828e-05 -2.88608e-05 -9.25932e-05 -2.05719e-05 -0.000105905 -8.16306e-05 -1.0845e-06 -6.12463e-05 -0.000244496 0.000645288 -2.60018e-05 -0.000185711 -1.1751e-05 1.4282e-05 7.14531e-05 -3.98432e-05 0.000119018 -0.000219135 -0.000116627
internal_weight=2.10016e+07 4.20545e+06 1.67961e+07 3.36273e+06 7.42256e+06 3.03667e+06 9.37354e+06 5.93907e+06 1.26364e+06 948006 315638 3.74784e+06 4.45458e+06 842718 1.77302e+06 326067 2.5979e+06 1.33992e+06 591979 1.25798e+06 147778 603217 157522 78764 78758 1.02902e+06 1.14994e+06 77057 32171 1.07288e+06 743998 455480 312019 143461 277499 1.48349e+06 977850 194953 782897 273508 2.07683e+06 1.00101e+06 1.07582e+06 446211 602371 739802 185117 398638 158116 87089 132650 135624 1528 444201 124414 1.48449e+06 800534 267825 80191 187634 565219 554685
internal_count=21001550 4205452 16796098 3362734 7422558 3036667 9373540 5939070 1263644 948006 315638 3747836 4454580 842718 1773023 326067 2597899 1339923 591979 1257976 147778 603217 157522 78764 78758 1029025 1149937 77057 32171 1072880 743998 455480 312019 143461 277499 1483488 977850 194953 782897 273508 2076829 1001009 1075820 446211 602371 739802 185117 398638 158116 87089 132650 135624 1528 444201 124414 1484490 800534 267825 80191 187634 565219 554685
cat_boundaries=0 1 2 3 4 5 7 9 11 13 15 16 18 19 20 21 23 25 26 28 29 30 32 34 35 37 39 41 42 43 45 46 48 50 51 53 55 57 58 59 61 63 65 66
cat_threshold=4 4 19 2 2 4262883734 153736 2052491817 207646 3708905511 27176 1782580005 153400 3295324736 171944 41036 952313765 61076 1095 2596 605453 436340736 522 1657016514 241016 743564 3042970800 161 430165 974849 3465281571 27436 103449169 104489 533008 2701148168 24898 2023032078 1090 3926107610 44614 656054 2346 2852192512 43076 298112 570589184 131335 1073913856 1536 557946 83890560 36961 135270404 131072 1881286350 78702 593 79882 85524768 17537 147378433 18448 492315365 4642 260
is_linear=0
shrinkage=0.05


Tree=82
num_leaves=63
num_cat=44
split_feature=0 17 0 0 17 2 17 2 0 11 13 13 11 0 17 14 13 13 13 11 13 13 2 13 13 14 13 0 13 14 13 0 13 15 6 14 15 13 14 13 15 13 13 14 13 13 14 11 17 14 2 6 13 17 13 14 13 14 13 13 14 2
split_gain=17.2828 4.16432 3.20713 3.17907 2.14292 1.3735 1.16362 1.10541 0.892445 0.86434 0.79883 0.794202 0.754795 0.674458 0.6556 0.909947 1.25908 0.684238 0.653453 0.649502 0.84002 0.665118 0.626297 0.801186 0.615728 0.65094 0.608289 0.559694 0.555593 0.547511 0.802358 0.530463 0.587241 0.524582 0.641343 0.524456 0.658869 0.517119 0.723459 0.615071 0.514335 1.18068 1.16272 0.652475 0.914475 0.599508 0.562626 0.555343 0.519086 0.641367 0.526014 0.513655 2.03604 0.510087 0.579754 0.495404 0.490094 0.489245 0.492365 0.483915 0.483702 0.572934
threshold=11.827217102050783 0 11.007835865020754 12.543088436126711 1 34.500000000000007 2 31.500000000000004 11.29636335372925 1.0000000180025095e-35 3 4 11.953175544738771 13.447151660919191 5 6 7 8 9 11.006946563720705 10 11 48.500000000000007 12 13 14 15 10.685305595397951 16 17 18 13.239193439483644 19 20 11.500000000000002 21 22 23 24 25 26 27 28 29 30 31 32 11.836436271667482 33 34 36.500000000000007 40.500000000000007 35 36 37 38 39 40 41 42 43 6.5000000000000009
decision_type=2 1 2 2 1 2 1 2 2 2 1 1 2 2 1 1 1 1 1 2 1 1 2 1 1 1 1 2 1 1 1 2 1 1 2 1 1 1 1 1 1 1 1 1 1 1 1 2 1 1 2 2 1 1 1 1 1 1 1 1 1 2
left_child=1 8 9 4 18 19 13 12 26 24 -7 -11 37 -5 15 16 -12 -17 -2 21 55 60 -20 35 25 33 -1 -26 -14 30 -16 32 57 -3 -35 36 -24 -6 39 -39 42 48 46 44 -44 -45 -9 -43 49 -42 -50 -29 -53 54 -22 -21 -40 58 -8 -10 -4 -62
right_child=3 2 5 6 7 10 31 40 59 11 14 -13 28 -15 29 17 -18 -19 22 20 53 -23 23 -25 27 -27 -28 51 -30 -31 -32 -33 -34 34 -36 -37 -38 38 56 -41 41 47 43 45 -46 -47 -48 -49 50 -51 -52 52 -54 -55 -56 -57 -58 -59 -60 -61 61 -63
leaf_value=-124.23698917035637 -108.10634254809557 -72.65753927860969 -76.956238423002844 -103.67730896268368 6.4162258071580256 0.32331403383491308 190.01952781100192 -2.6433514380632914 -98.304333004195456 -99.806850382056027 241.1649996978019 -125.56574237510495 -55.902061154248258 -4.5809704037572372 35.524139247866337 19.526273351498823 -35.707162608585897 -96.968895907908518 -98.410432678734196 -15.310737986191089 -97.959958073748481 -75.666215997538259 -0.70562515195124442 -81.625146710334505 -138.12785029754966 -71.918977608858469 -146.32712088110685 -49.353887729981267 -119.88412887375405 -76.324240321975537 -59.494394911118164 23.630347154083577 -62.35555907376984 4695.0284532921096 79.504681586915979 0.13986561703277403 326.75087884137758 -154.39272824942663 -89.74144969878617 -73.937116372708815 -28.235422467297578 -22.564554185592172 228.56237723508985 63.69420441826351 37.05882265957316 -48.469669001935749 -134.82658280215219 -100.32351737523477 -118.59283118505346 168.06599281569194 -7.9881091220613598 488.9146728932854 -92.51380835486485 -103.29945134528273 -31.134105785551768 -78.229393158395766 22.233877295021376 -31.17201361407497 -8.6279859538650872 -118.09607328018883 -156.06047077061831 73.232446502117099
leaf_weight=104372 403236 4493 84549 1511939 394112 354835 242668 188421 226812 153805 34901 210772 587634 497048 91934 48147 58514 65694 771832 139498 70633 308511 13158 94338 46853 16603 173127 71575 1137644 373318 155381 2984788 3440275 2518 6955 47345 18492 128803 180961 174612 139382 259568 80151 204418 154919 230915 187734 591646 55569 170082 254391 2296 4778 523458 103772 324605 277243 1131844 240930 338407 20740 83596
leaf_count=104372 403236 4493 84549 1511939 394112 354835 242668 188421 226812 153805 34901 210772 587634 497048 91934 48147 58514 65694 771832 139498 70633 308511 13158 94338 46853 16603 173127 71575 1137644 373318 155381 2984788 3440275 2518 6955 47345 18492 128803 180961 174612 139382 259568 80151 204418 154919 230915 187734 591646 55569 170082 254391 2296 4778 523458 103772 324605 277243 1131844 240930 338407 20740 83596
internal_value=-5.88678e-05 -0.000149514 -0.000124605 -3.61716e-05 -6.27204e-05 -0.000103706 -1.83483e-05 -4.86364e-05 -0.000248904 -0.000238691 -6.25348e-05 -0.000280841 -6.97857e-05 -5.23856e-05 -8.94362e-05 -1.24376e-05 0.000103212 -0.000107337 -0.000119103 -0.000133051 -0.000153518 -8.52395e-05 -9.63653e-05 -1.04794e-05 -0.000140227 6.10064e-05 -0.000322341 -0.000189232 -9.07321e-05 -0.000115149 -5.74442e-05 -9.84373e-06 -1.97116e-05 0.000312465 0.000523411 0.000106987 0.00026453 -3.85167e-05 -6.25753e-05 -0.00012246 -2.44307e-05 -4.34967e-05 2.36153e-06 4.18381e-05 0.000108963 5.59032e-06 -6.7995e-05 -8.17136e-05 9.02162e-06 5.4829e-05 -3.67128e-05 -0.00010775 0.0002987 -0.000188188 -0.00011411 -0.000101379 -2.29189e-05 5.15631e-06 4.72516e-05 -0.000212854 -1.13418e-05 6.06832e-05
internal_weight=2.10016e+07 4.20545e+06 3.36273e+06 1.67961e+07 6.74661e+06 2.84209e+06 1.00495e+07 5.3982e+06 842718 520648 1.18272e+06 364577 2.88101e+06 2.00899e+06 827889 207256 93415 113841 1.3484e+06 1.65936e+06 1.16197e+06 497396 945165 173333 156071 30569 277499 125502 1.72528e+06 620633 247315 8.0405e+06 5.05572e+06 13966 9473 78995 31650 1.15573e+06 761619 303415 2.5172e+06 1.47064e+06 1.04656e+06 670403 235070 435333 376155 851214 619424 309464 309960 78649 7074 697863 174405 464103 458204 1.61544e+06 483598 565219 188885 104336
internal_count=21001550 4205452 3362734 16796098 6746606 2842086 10049492 5398205 842718 520648 1182724 364577 2881009 2008987 827889 207256 93415 113841 1348401 1659362 1161966 497396 945165 173333 156071 30569 277499 125502 1725278 620633 247315 8040505 5055717 13966 9473 78995 31650 1155731 761619 303415 2517196 1470638 1046558 670403 235070 435333 376155 851214 619424 309464 309960 78649 7074 697863 174405 464103 458204 1615442 483598 565219 188885 104336
cat_boundaries=0 1 2 3 5 7 8 9 11 13 15 17 19 21 23 24 26 28 29 31 33 34 35 36 38 39 41 42 44 46 47 49 51 52 53 54 56 57 59 60 62 63 65 67 68
cat_threshold=4 4 4 1578516608 137736 1855066958 19721 2 334989 541066269 66950 2164296552 8531 11047425 104493 539756504 104386 249790976 208927 1392600302 16640 809502849 28688 713121 3465281571 27436 2856359128 141570 860578 2172729618 8324 290235408 142240 305 170185 1736 1619829018 72772 200763 2333082657 131890 3408 3030977300 51937 673743518 27360 213267 3263432704 132357 2420322593 98318 186609 18 96369 235573840 776 2 3288367109 26680 298624 268634308 155786 67924 285246480 672 492315365 102946 314584
is_linear=0
shrinkage=0.05


Tree=83
num_leaves=63
num_cat=45
split_feature=0 0 17 0 17 11 2 17 17 13 11 2 13 13 13 2 13 11 0 13 0 0 13 14 1 13 14 13 2 17 14 13 13 14 13 13 16 14 13 15 13 14 14 14 13 13 14 14 11 14 14 13 13 14 13 17 13 15 14 0 13 3
split_gain=16.1531 4.12347 3.42779 3.02696 2.13495 1.2912 1.04381 1.0276 0.931392 0.793931 0.710473 0.677598 0.775375 0.686799 0.65676 0.671646 0.673277 0.639036 0.602722 0.600237 0.58552 0.57717 1.03028 0.637378 0.542333 0.864008 0.640364 0.858112 0.538789 0.578613 0.53464 1.2383 0.608446 0.531705 0.530584 0.520889 0.794616 0.602967 0.503122 0.50035 0.674991 0.498608 0.496714 0.496174 0.751653 0.517964 0.495906 0.473036 0.471001 0.465833 0.464874 1.12467 0.919983 0.462527 0.54383 0.460671 0.452476 0.485375 0.761951 0.912523 0.550229 0.446728
threshold=11.827217102050783 11.007835865020754 0 12.543088436126711 1 11.006946563720705 43.500000000000007 2 3 4 11.933449268341066 25.500000000000004 5 6 7 16.500000000000004 8 11.429073333740236 13.447151660919191 9 10.36855983734131 12.029485225677492 10 11 9988.9702148437518 12 13 14 2.5000000000000004 15 16 17 18 19 20 21 22 23 24 25 26 27 28 29 30 31 32 33 11.006946563720705 34 35 36 37 38 39 40 41 42 43 11.953825473785402 44 99.950000762939467
decision_type=2 2 1 2 1 2 2 1 1 1 2 2 1 1 1 2 1 2 2 1 2 2 1 1 2 1 1 1 2 1 1 1 1 1 1 1 1 1 1 1 1 1 1 1 1 1 1 1 2 1 1 1 1 1 1 1 1 1 1 2 1 2
left_child=1 9 19 4 14 24 10 18 17 20 50 13 33 47 -2 16 -16 39 38 48 -1 22 -12 -24 35 26 27 -26 34 -30 31 -19 -32 -13 -9 36 37 -4 41 40 -7 -5 -14 44 -23 -45 -38 -10 -3 -37 52 -52 61 54 -17 -22 57 58 59 -8 -60 -6
right_child=3 2 5 7 6 8 56 28 11 -11 21 12 42 -15 15 53 -18 30 -20 -21 55 43 23 -25 25 -27 -28 -29 29 -31 32 -33 -34 -35 -36 49 46 -39 -40 -41 -42 -43 -44 45 -46 -47 -48 -49 -50 -51 51 -53 -54 -55 -56 -57 -58 -59 60 -61 -62 -63
leaf_value=-214.39942047694777 -110.89850998287631 -46.501652762698804 94.88640426264601 -126.42341289927354 44.288104690070298 -95.467792313299299 337.99258645701889 -317.09184562072915 46.115905272162308 -117.95949817610354 -165.39628590826288 -87.979907826226693 -53.767731584580588 -94.529006252037021 -91.538585548344429 -69.34505137919642 -151.75789931241926 44.74312711260027 -4.3519218835695943 -115.20595616211895 -62.037372012430751 23.243771996597122 -129.54139228004152 -9.9473270821737074 1243.955373594702 -135.29546186385224 -125.27206371407729 28.370257626734929 56.791762614283655 -33.29231465304408 -98.623776823916074 -98.071909599309777 -53.186074554519465 -49.748157883515425 -78.440662244385749 -81.330201095809031 -99.056180676060421 2.1267775501103188 -121.68254668302544 -112.67983451366536 -15.428498638586371 4.5606987367567857 5.0572404082723557 -129.8582059722111 -85.722740446940961 -71.133454725711644 5.3053439371759854 -71.630195157848178 -118.15990220194567 -11.943420980820019 3.6558273237023968 -111.032851915631 -66.158929449515014 -81.85130364501839 11.816512951208264 -116.78343934917604 6.678139555568487 -69.863992343143408 51.377891443026215 91.309232646966493 -166.79397263990469 13458.142084936522
leaf_weight=38160 243200 89354 71998 241654 351522 33191 13079 112364 43967 339853 101775 156462 182008 426087 137283 184205 176434 48235 497048 413590 163932 322991 105653 128896 6219 76746 32808 21415 1907450 5729528 99663 48729 125373 232179 291163 140082 69741 88841 908286 103598 39482 361999 274351 487686 411809 876614 84359 175505 209582 261047 350279 409340 410487 395157 212122 108895 890666 367085 38598 78220 53023 482
leaf_count=38160 243200 89354 71998 241654 351522 33191 13079 112364 43967 339853 101775 156462 182008 426087 137283 184205 176434 48235 497048 413590 163932 322991 105653 128896 6219 76746 32808 21415 1907450 5729528 99663 48729 125373 232179 291163 140082 69741 88841 908286 103598 39482 361999 274351 487686 411809 876614 84359 175505 209582 261047 350279 409340 410487 395157 212122 108895 890666 367085 38598 78220 53023 482
internal_value=-5.69703e-05 -0.000144604 -0.000123418 -3.50284e-05 -6.09343e-05 -9.88326e-05 -4.68766e-05 -1.76368e-05 -0.000120907 -0.000260309 -6.01423e-05 -0.000101122 -7.16563e-05 -0.000139692 -0.000117212 -0.00010084 -0.000162753 -0.00018009 -4.9623e-05 -0.00022148 -0.000202553 -7.68904e-05 -0.0001377 -8.00412e-05 -4.73804e-05 -0.000138452 2.9615e-06 0.000180257 -9.64474e-06 -6.66957e-06 -0.000138198 -4.00309e-05 -0.000180487 -0.000123556 -6.59517e-05 -2.99324e-05 1.81955e-05 9.59321e-05 -6.53259e-05 -0.000256624 -0.000155971 -2.99442e-05 -2.74543e-05 -6.71473e-05 -3.40219e-05 -8.49875e-05 -6.29416e-05 -6.78229e-05 -0.000167481 -6.77179e-05 -3.33447e-05 -6.10287e-05 -5.76411e-06 -7.63018e-05 -3.81325e-05 -0.000176901 -1.0436e-05 -4.60937e-05 2.04455e-05 0.000122666 -8.14185e-05 5.35438e-05
internal_weight=2.10016e+07 4.20545e+06 3.55461e+06 1.67961e+07 6.74661e+06 2.84209e+06 5.3982e+06 1.00495e+07 1.98883e+06 650840 3.95753e+06 1.49056e+06 845000 645559 1.3484e+06 1.1052e+06 313717 498271 2.00899e+06 712526 310987 2.43542e+06 336324 234549 853256 137188 60442 27634 8.0405e+06 7.63698e+06 322000 96964 225036 388641 403527 716068 314939 160839 1.51194e+06 176271 72673 603653 456359 2.0991e+06 734800 1.3643e+06 154100 219472 298936 401129 1.52211e+06 759619 762491 791484 396327 272827 1.44067e+06 550005 182920 91299 91621 352004
internal_count=21001550 4205452 3554612 16796098 6746606 2842086 5398205 10049492 1988830 650840 3957534 1490559 845000 645559 1348401 1105201 313717 498271 2008987 712526 310987 2435424 336324 234549 853256 137188 60442 27634 8040505 7636978 322000 96964 225036 388641 403527 716068 314939 160839 1511939 176271 72673 603653 456359 2099100 734800 1364300 154100 219472 298936 401129 1522110 759619 762491 791484 396327 272827 1440671 550005 182920 91299 91621 352004
cat_boundaries=0 1 2 3 4 6 8 10 12 14 16 18 19 21 22 24 25 26 28 30 31 33 35 36 37 39 40 42 43 44 45 47 49 50 51 52 53 55 57 58 60 61 63 64 65 67
cat_threshold=4 4 4 8 1858212711 32040 2200567366 35267 36193852 103746 2654208 104457 2777751819 140370 257433829 99886 541245484 254112 886979 179484948 154081 758417 131328 16704 2 328866 413070070 213196 2587027517 1260 758292 174598217 533 3469558278 198830 71 676887 416941458 123654 1350 4292379781 28931 7289 344179 111626 4163538126 12033 1369966958 14080 172890 35456 545299 318661 1640833292 241317 1377869811 55044 448714 2761362041 131650 19 1614317190 158994 3090 252185 1082370 155650
is_linear=0
shrinkage=0.05


Tree=84
num_leaves=63
num_cat=43
split_feature=0 0 17 0 17 2 13 17 17 11 0 13 2 11 17 13 17 13 11 13 13 2 13 14 15 14 13 13 11 13 17 2 13 14 13 13 6 13 15 1 1 13 13 3 14 15 14 1 15 14 13 2 14 14 13 14 11 13 13 13 14 14
split_gain=15.4516 3.89575 3.11118 2.79356 1.96003 1.2986 1.05228 1.01203 0.917895 0.842808 0.779421 0.782759 0.739882 0.736899 0.783359 0.822046 0.698597 0.679817 0.673853 0.707723 0.639601 0.615018 0.639554 0.631861 0.608986 0.628247 1.13404 0.626669 0.604528 0.700941 0.584247 0.578207 0.99408 0.642978 0.659664 0.657629 0.568604 0.568152 0.616972 0.635565 0.564192 0.729306 0.677134 0.626656 0.58355 0.579359 1.05683 0.594312 0.563749 1.10153 0.655504 0.547723 0.626403 0.53819 0.532218 0.526156 0.519495 0.767313 0.517975 0.501479 0.487422 0.483682
threshold=11.827217102050783 11.007835865020754 0 12.607837200164797 1 39.500000000000007 2 3 4 12.61660671234131 10.36855983734131 5 27.500000000000004 11.006946563720705 6 7 8 9 11.006946563720705 10 11 28.500000000000004 12 13 14 15 16 17 11.848518371582033 18 19 3.5000000000000004 20 21 22 23 35.500000000000007 24 25 153767.46875000003 9462.2128906250018 26 27 99.850002288818374 28 29 30 2735.122924804688 31 32 33 6.5000000000000009 34 35 36 37 12.440172195434572 38 39 40 41 42
decision_type=2 2 1 2 1 2 1 1 1 2 2 1 2 2 1 1 1 1 2 1 1 2 1 1 1 1 1 1 2 1 1 2 1 1 1 1 2 1 1 2 2 1 1 2 1 1 1 2 1 1 1 2 1 1 1 1 2 1 1 1 1 1
left_child=1 10 18 4 28 13 48 -6 -5 31 -1 -12 -9 17 15 -15 20 -4 19 -3 36 37 23 -23 25 26 -21 -27 40 53 -13 32 33 35 -35 -10 -8 -11 39 -39 41 45 43 55 -43 46 -2 -47 49 50 -7 52 -19 -30 -33 -42 -55 -58 -16 -51 -40 -50
right_child=3 2 5 8 7 6 16 12 9 21 11 30 -14 14 58 -17 -18 51 -20 24 -22 22 -24 -25 -26 27 -28 -29 29 -31 -32 54 -34 34 -36 -37 -38 38 60 -41 42 44 -44 -45 -46 47 -48 -49 61 59 -52 -53 -54 56 -56 -57 57 -59 -60 -61 -62 -63
leaf_value=-199.40598458245827 597.26331140613149 -85.375678537101166 -79.871464387998287 -7.3106444616132649 -10.059025656086305 39.8218343263854 40.703681338087883 -80.046348367387694 1338.558264501956 -163.86873911894074 -105.50102769456372 -56.148828302561924 -37.202785884613299 -29.559391316439726 -72.365988690698856 -79.488940648385963 -60.573345280355198 69.267400850009111 -117.66362525488185 -117.35054295485162 -33.747801789523599 -97.822483584916881 -102.87557554724445 91.639509731005305 -81.139328856355135 72.994933311767269 1061.4215997668759 -119.83823246788165 -118.41551654352288 -105.9783074366289 -114.0087347547493 108.82244852297045 -402.86899624185025 183.39950005250103 -445.12188665770611 186.38240191306977 279.34121604604718 -6.3364246237299087 -54.73466532997918 1122.8525784591866 -175.06228714444467 0.92695671882720498 -166.4003290854304 1678.6363585478784 -121.44548288295246 627.74567781972621 -1.2611695419142053 -27.831335860161929 24.651101195215247 40.551859428146969 389.11474557116566 0.17590325296260481 -136.5998148904244 -73.765178824455262 -18.756596450299913 49.820473994891557 190.278322251546 -79.529253143344249 -95.856205898263156 -72.99847724563206 -187.14807812740293 -39.765573643021163
leaf_weight=80894 13150 97908 229015 5625704 1484490 12950 37480 2076829 5234 528632 250856 191489 2377751 263634 318147 399795 468365 14794 499782 7391 109283 226007 774420 339496 75974 8614 10040 12817 116416 549791 127601 363410 43322 8803 13310 6388 9574 159733 246362 22371 32880 90120 84283 285 89090 3400 16070 85804 108227 23155 18771 280847 44305 267203 709470 50769 32825 51402 346110 25629 300878 132005
leaf_count=80894 13150 97908 229015 5625704 1484490 12950 37480 2076829 5234 528632 250856 191489 2377751 263634 318147 399795 468365 14794 499782 7391 109283 226007 774420 339496 75974 8614 10040 12817 116416 549791 127601 363410 43322 8803 13310 6388 9574 159733 246362 22371 32880 90120 84283 285 89090 3400 16070 85804 108227 23155 18771 280847 44305 267203 709470 50769 32825 51402 346110 25629 300878 132005
internal_value=-5.52204e-05 -0.00014093 -0.000120338 -3.37603e-05 -5.66753e-05 -9.6915e-05 -4.9045e-05 -4.38338e-05 -1.56148e-05 -3.47843e-05 -0.000253395 -0.000232781 -5.57488e-05 -0.000120778 -0.00014118 -0.000102744 -8.68411e-05 -7.31689e-05 -0.000213761 -0.000139237 4.67917e-06 -5.05594e-05 -2.69873e-05 1.34369e-05 -5.50123e-05 0.000105964 0.000328795 -7.53458e-05 -0.000108085 -0.000129681 -0.000180805 8.54002e-07 -0.000131441 7.20852e-05 -8.61768e-05 0.000373023 0.000158784 -7.56671e-05 -4.70576e-05 3.26613e-05 -6.09106e-05 -1.95437e-05 -0.000134103 -3.35576e-05 -8.31655e-05 7.67352e-05 0.000269929 1.34289e-05 2.45728e-05 0.000139074 0.000368394 -2.83061e-05 -0.000166661 -8.46901e-05 1.03558e-05 -4.15362e-05 -5.38209e-05 5.44545e-05 -0.000179564 -1.00827e-05 -7.35856e-05 -1.38023e-05
internal_weight=2.10016e+07 4.20545e+06 3.55461e+06 1.67961e+07 7.42256e+06 2.84209e+06 945439 5.93907e+06 9.37354e+06 3.74784e+06 650840 569946 4.45458e+06 1.89665e+06 1.32769e+06 663429 624702 568961 712526 212744 156337 2.5979e+06 1.33992e+06 565503 114836 38862 17431 21431 1.48349e+06 1.01764e+06 319090 1.14994e+06 77057 33735 22113 11622 47054 1.25798e+06 729344 182104 465851 297634 168217 83934 179210 118424 29220 89204 320737 80505 31721 339946 59099 467846 1.07288e+06 83649 351430 84227 664257 48784 547240 240232
internal_count=21001550 4205452 3554612 16796098 7422558 2842086 945439 5939070 9373540 3747836 650840 569946 4454580 1896647 1327686 663429 624702 568961 712526 212744 156337 2597899 1339923 565503 114836 38862 17431 21431 1483488 1017637 319090 1149937 77057 33735 22113 11622 47054 1257976 729344 182104 465851 297634 168217 83934 179210 118424 29220 89204 320737 80505 31721 339946 59099 467846 1072880 83649 351430 84227 664257 48784 547240 240232
cat_boundaries=0 1 2 4 5 6 8 9 11 12 14 16 18 20 21 22 23 25 27 29 30 32 33 35 37 39 40 42 44 45 46 47 48 49 51 52 53 55 56 58 60 62 63 64
cat_threshold=4 4 2052473216 6668 2 19 2435706008 229574 18 2693025273 230720 2 2952941052 4032 3834058266 254401 35881 275 3295193664 171944 937104 554 539417 424149029 5128 141033477 6704 3117765898 148336 19 1657017026 241016 303713 541327552 106528 1115947074 1112 2268907610 4457 2564 2052090533 66693 1673953630 189674 248184 194 818306 1042 234594 709099648 4096 348224 548884 3042971064 161 368787 2558804992 576 207947358 242102 840302720 2048 600599 129672
is_linear=0
shrinkage=0.05


Tree=85
num_leaves=63
num_cat=44
split_feature=0 0 17 17 11 0 0 11 2 13 1 13 1 13 17 13 13 2 14 13 13 13 13 11 13 13 0 13 14 2 14 15 13 14 14 13 13 15 16 13 14 14 15 2 0 14 4 13 15 14 14 14 17 15 4 15 13 14 2 13 15 14
split_gain=14.6043 3.70851 3.49947 2.82235 1.58967 1.57684 1.54124 1.10515 0.999323 0.855185 0.785287 0.7659 0.715808 0.712384 0.688483 0.716355 0.685374 0.65768 0.646428 0.73349 0.644687 0.628386 0.622639 0.621024 0.673889 0.623547 0.618511 0.649842 0.791966 0.857559 0.578708 0.896449 1.0078 0.571451 0.540479 1.33151 0.666198 0.621399 0.850652 0.618337 0.532944 0.532391 0.806675 0.53061 0.517104 1.36576 1.40031 0.515725 0.51059 0.697166 0.62944 0.50878 0.498046 0.578343 0.491904 0.751107 0.66064 0.490054 0.473743 0.472757 0.452924 0.569258
threshold=11.827217102050783 10.777470111846926 0 1 10.777098655700685 12.607837200164797 12.899594783782961 11.34359931945801 20.500000000000004 2 2905.6528320312505 3 9988.9702148437518 4 5 6 7 27.500000000000004 8 9 10 11 12 12.928067684173586 13 14 11.732255935668947 15 16 27.500000000000004 17 18 19 20 21 22 23 24 25 26 27 28 29 23.500000000000004 14.314603328704836 30 2.5000000000000004 31 32 33 34 35 36 37 1.0000000180025095e-35 38 39 40 24.500000000000004 41 42 43
decision_type=2 2 1 1 2 2 2 2 2 1 2 1 2 1 1 1 1 2 1 1 1 1 1 2 1 1 2 1 1 2 1 1 1 1 1 1 1 1 1 1 1 1 1 2 2 1 2 1 1 1 1 1 1 1 2 1 1 1 2 1 1 1
left_child=1 59 22 6 12 8 17 9 11 52 13 -5 47 33 15 18 51 34 19 -10 41 -19 26 24 -8 44 -3 -28 29 -29 54 -32 -33 -9 35 37 -36 38 -2 -39 -15 -14 -43 -24 -25 46 -46 -4 49 -17 -50 -12 53 -6 56 -56 -26 -18 -7 -1 -49 -62
right_child=3 2 4 5 7 58 23 10 14 -11 16 -13 20 40 -16 48 57 21 -20 -21 -22 -23 43 25 30 -27 27 28 -30 -31 31 32 -34 -35 36 -37 -38 39 -40 -41 -42 42 -44 -45 45 -47 -48 60 50 -51 -52 -53 -54 -55 55 -57 -58 -59 -60 -61 61 -63
leaf_value=-119.91072189226425 3184.829554360781 -113.15981100870096 -32.985278897988309 -110.30582392087523 51.545212096574147 -57.36241175098985 -83.614113359083063 42.901454687937445 252.99560299840306 -76.366530223535889 6.0643588442459988 -49.846333634212172 -106.55684254516331 -11.610613545964934 -39.822193123614284 -127.46444772164898 -63.55682214056641 -82.7219033326556 -89.141102881304874 -75.069748949694628 -114.45834369611566 -33.883662876724472 -126.56595896284598 -198.61678030775329 147.62260662866393 -71.498017948882634 -131.39142611784155 -102.0538130851385 -47.754418907948832 190.02923546426646 -9.6336548127801507 1691.0327000602165 118.78073120712762 -33.147499231923938 -87.145199435919594 -153.60295250323901 -131.46883501527438 -161.85974712878487 104.60655549058829 120.15110534206643 -89.222982706127738 545.97093688997234 -53.181048277771339 -69.138618891014175 57945.028418992581 -419.1337446423961 84479.632338893716 -30.486247745727454 28.336920373368596 74.922760755626953 224.32429599776921 -67.118114308048646 -70.55940173746221 -57.772087746339821 7997.7726381800085 90.934015547067986 -252.36394503950143 -98.021723924225725 9.2779650342017703 -127.81289621826244 64.75824443289676 -12.770319479088187
leaf_weight=138009 9775 296613 379502 999163 25399 3127061 196336 107891 63849 535998 129979 1083307 22878 122253 2895034 104770 335594 483445 283632 58575 91431 616835 167671 268405 26881 591822 23722 5218 25502 5985 52744 38360 35067 132193 279088 85174 537459 11424 19523 17239 184502 9807 19245 252286 2874 7690 235 136221 146111 127372 177257 129206 76643 50366 3766 18898 54348 339836 4372579 189102 108046 164354
leaf_count=138009 9775 296613 379502 999163 25399 3127061 196336 107891 63849 535998 129979 1083307 22878 122253 2895034 104770 335594 483445 283632 58575 91431 616835 167671 268405 26881 591822 23722 5218 25502 5985 52744 38360 35067 132193 279088 85174 537459 11424 19523 17239 184502 9807 19245 252286 2874 7690 235 136221 146111 127372 177257 129206 76643 50366 3766 18898 54348 339836 4372579 189102 108046 164354
internal_value=-5.3692e-05 -0.000137018 -0.000123382 -3.28285e-05 -9.96083e-05 -2.25839e-05 -7.38347e-05 -0.000123063 -4.18301e-05 -0.000175409 -9.87383e-05 -6.97412e-05 -4.49729e-05 -5.11471e-05 -2.67588e-05 9.89777e-06 -0.000126584 -0.00010072 -4.05791e-05 5.54426e-05 -0.000147742 -7.43351e-05 -0.000218271 -3.11481e-05 1.82932e-05 -5.53515e-05 -0.000266825 -0.00012103 1.08271e-05 0.000361055 7.63585e-05 0.000148315 0.000261265 1.33619e-05 -0.000130971 -4.13387e-05 -0.000146681 0.000143512 0.000305412 -2.20237e-05 -0.000101633 -7.02686e-06 0.000135022 -0.000176986 -0.000116942 0.00022229 0.00110468 -2.62791e-05 4.67945e-05 -9.78191e-06 8.7409e-05 -5.74563e-05 -7.08835e-05 2.00269e-05 -1.10339e-05 0.000194935 -6.85034e-05 -0.000153107 -7.34254e-06 -0.000298692 1.27002e-05 4.99252e-05
internal_weight=2.10016e+07 4.20545e+06 3.87834e+06 1.67961e+07 3.10134e+06 1.34387e+07 3.35739e+06 2.16986e+06 5.93907e+06 688406 1.48145e+06 2.08247e+06 931484 546839 3.8566e+06 961566 934615 2.05996e+06 406056 122424 143361 1.10028e+06 776997 1.29743e+06 426400 871026 357040 60427 36705 11203 230064 126171 73427 240084 959682 143135 816547 57961 29298 28663 306755 51930 29052 419957 279204 10799 3109 788123 555510 232142 323368 259185 152408 75765 103893 22664 81229 675430 7.49964e+06 327111 408621 272400
internal_count=21001550 4205452 3878341 16796098 3101344 13438710 3357388 2169860 5939070 688406 1481454 2082470 931484 546839 3856600 961566 934615 2059962 406056 122424 143361 1100280 776997 1297426 426400 871026 357040 60427 36705 11203 230064 126171 73427 240084 959682 143135 816547 57961 29298 28663 306755 51930 29052 419957 279204 10799 3109 788123 555510 232142 323368 259185 152408 75765 103893 22664 81229 675430 7499640 327111 408621 272400
cat_boundaries=0 1 2 4 6 8 9 11 13 14 16 18 20 22 24 26 28 29 30 31 33 34 35 37 39 40 41 43 44 45 46 47 49 50 51 52 53 54 55 56 58 59 61 62 63
cat_threshold=4 4 571605009 5505 2305979172 119161 2060753544 152108 2 2097841363 205062 13632728 99410 51778 755663890 4 179353860 153985 37194151 112707 4030188826 147665 2197942914 61341 1126440473 65640 3221553426 147456 143553 823579 1681 1414532177 196704 605832 802816 2287247918 46140 856884481 67395 1055 20 135537152 37888 9643 60714 2692 28784 17887673 128881 2078 69334 451098 343593 3 3586 192 406979848 69632 822730 1522565941 19832 2696 939521
is_linear=0
shrinkage=0.05


Tree=86
num_leaves=63
num_cat=45
split_feature=0 0 17 17 0 2 0 2 0 13 13 2 13 13 14 17 13 11 13 15 13 14 13 5 14 2 13 14 17 15 3 13 14 16 14 15 13 13 13 13 14 14 11 15 14 13 14 13 15 17 13 11 14 14 14 13 13 0 5 15 14 1
split_gain=13.7387 3.67015 3.09288 2.83708 1.47459 1.36151 1.32191 0.951991 0.820277 0.77721 0.720663 0.706522 0.703973 0.692655 0.661332 0.751227 0.798221 0.624199 0.66706 0.818566 0.594544 0.674083 0.710032 0.648052 0.587903 0.586353 0.544952 0.531986 0.523268 0.52072 0.542655 1.98082 0.516918 0.508636 0.643098 0.505884 0.558932 0.50368 0.500774 0.489052 0.485691 0.484603 0.476173 0.458855 0.758014 0.606328 0.444137 0.540084 0.567959 0.439845 0.43329 0.51934 0.424061 0.418174 0.411428 1.04772 1.01531 0.496452 0.822397 0.473645 1.10203 0.432859
threshold=11.827217102050783 10.961292743682863 0 1 12.616340160369875 32.500000000000007 13.061691284179689 20.500000000000004 10.36855983734131 2 3 24.500000000000004 4 5 6 7 8 11.881944179534914 9 10 11 12 13 1750.0000000000002 14 22.500000000000004 15 16 17 18 98.450000762939467 19 20 21 22 23 24 25 26 27 28 29 12.624444484710695 30 31 32 33 34 35 36 37 10.956196784973146 38 39 40 41 42 14.042400836944582 1750.0000000000002 43 44 73669.367187500015
decision_type=2 2 1 1 2 2 2 2 2 1 1 2 1 1 1 1 1 2 1 1 1 1 1 2 1 2 1 1 1 1 2 1 1 1 1 1 1 1 1 1 1 1 2 1 1 1 1 1 1 1 1 2 1 1 1 1 1 2 2 1 1 2
left_child=1 8 10 6 7 26 11 12 -1 27 25 38 29 -10 39 16 -16 20 19 24 33 22 -22 -23 -19 -3 -4 -7 43 -5 -31 -32 -21 34 -9 41 -37 40 -2 -11 -13 -29 54 44 -28 -45 -27 -48 -49 50 -15 52 -52 -35 56 -56 59 -58 -59 60 -6 -57
right_child=3 2 5 4 42 9 -8 17 13 14 -12 37 -14 49 15 -17 -18 18 -20 32 21 23 -24 -25 -26 46 28 35 -30 30 31 -33 -34 53 -36 36 -38 -39 -40 -41 -42 -43 -44 45 -46 -47 47 48 -50 -51 51 -53 -54 -55 55 61 57 58 -60 -61 -62 -63
leaf_value=-183.04504054242221 -84.964215924627354 -116.85825226350489 -51.934598191800887 0.62533061358423814 1493.7411609902658 13.05900634237587 -57.484089555252289 215.78918956033851 -96.528385860732499 -26.238041286673525 -99.565165512637705 6.909704551085361 -99.870241008679301 -134.45016981129461 158.04594211821859 -45.157354966198824 -31.501817339355469 64.517573675300454 -21.358079858264599 -127.59056241681938 1.1236727226806111 108.87273224051097 -182.5787789592523 -33.075037493256971 -58.659673853436473 -90.597649630401165 -78.376578468871969 -58.700473902556951 -82.264253171509708 -97.763145059346243 1003.1195376074852 -154.4541991663171 -63.587300771119232 66.504469832733136 20.73557934427663 -0.28878755366895348 -69.931331822451099 -74.491860684100729 -126.48150566122914 -94.303812104749156 -67.917073900570358 21.115057532826178 -37.368974229720948 -143.58924444266776 61.664912384266522 -49.773860390285336 -95.958337677931112 133.06713042587344 -29.194858649333767 -64.622119309874236 18.189569803985524 9225.7685684461376 -133.43352508616815 -69.279830523731476 -194.76437788979749 175.35982360680802 238.31737189602683 -1156.5770083749987 22224.123367941243 -214.27695724656078 -15.292065389758328 -295.78669069341703
leaf_weight=80894 469370 116684 671100 486049 19430 196124 1011790 82040 214392 93561 422621 245791 1137116 25600 39367 294615 57956 148271 1604258 294711 85382 119262 112099 473495 178589 85382 45649 41412 696441 464694 6404 12425 358894 171744 100881 107900 158779 820985 507495 167647 301957 150260 5151657 47863 70070 68759 34682 23726 45610 219396 9989 361 18612 173098 601339 566343 576701 7667 29188 239509 152240 85224
leaf_count=80894 469370 116684 671100 486049 19430 196124 1011790 82040 214392 93561 422621 245791 1137116 25600 39367 294615 57956 148271 1604258 294711 85382 119262 112099 473495 178589 85382 45649 41412 696441 464694 6404 12425 358894 171744 100881 107900 158779 820985 507495 167647 301957 150260 5151657 47863 70070 68759 34682 23726 45610 219396 9989 361 18612 173098 601339 566343 576701 7667 29188 239509 152240 85224
internal_value=-5.22873e-05 -0.000133107 -0.000114626 -3.20516e-05 -2.17802e-05 -9.15388e-05 -7.31645e-05 -4.01958e-05 -0.000251161 -5.36928e-05 -0.000206737 -9.37705e-05 -6.72824e-05 -0.000226732 -9.22792e-05 -5.12027e-05 6.92319e-05 -2.55745e-05 -3.98535e-05 -7.23446e-05 2.42802e-06 -2.50157e-05 -0.000105019 1.6394e-06 -7.7396e-06 -0.000148294 -0.000122472 -1.51832e-05 -0.000147278 -3.598e-05 -7.27174e-05 0.000190425 -0.000104652 4.35201e-05 0.000110914 -4.46706e-05 -8.92027e-05 -7.05878e-05 -0.000126253 -0.000153909 -3.34523e-05 1.72895e-05 -6.88429e-06 -8.2291e-05 -1.17468e-05 -0.000152282 -9.39805e-05 -2.45987e-05 5.59806e-05 -0.000174031 -0.000301088 -0.000168473 -0.000192318 7.76903e-06 1.21532e-05 -7.06544e-06 3.56508e-05 7.63932e-05 0.000254308 -2.51449e-05 3.82402e-05 3.68595e-05
internal_weight=2.10016e+07 4.20545e+06 3.63621e+06 1.67961e+07 1.34387e+07 2.9075e+06 3.35739e+06 6.00941e+06 569244 1.30762e+06 728705 2.3456e+06 2.10669e+06 488350 653146 391938 97323 3.90272e+06 2.58472e+06 980465 1.318e+06 790238 197481 592757 326860 306084 1.59988e+06 654475 928782 969572 483523 18829 653605 527763 182921 458351 266679 1.36873e+06 976865 261208 547748 191672 7.4293e+06 232341 115719 116622 189400 104018 69336 273958 54562 28962 28601 344842 2.27764e+06 1.25291e+06 1.02474e+06 613556 36855 411179 171670 651567
internal_count=21001550 4205452 3636208 16796098 13438710 2907503 3357388 6009412 569244 1307621 728705 2345598 2106688 488350 653146 391938 97323 3902724 2584723 980465 1318001 790238 197481 592757 326860 306084 1599882 654475 928782 969572 483523 18829 653605 527763 182921 458351 266679 1368733 976865 261208 547748 191672 7429298 232341 115719 116622 189400 104018 69336 273958 54562 28962 28601 344842 2277641 1252906 1024735 613556 36855 411179 171670 651567
cat_boundaries=0 1 2 4 6 8 10 11 12 14 16 17 19 20 22 23 25 26 27 28 30 31 32 33 34 36 38 40 42 43 44 45 46 48 49 51 52 53 55 56 57 58 60 62 63 64
cat_threshold=4 4 2115389839 154280 256385253 105006 1980598491 142854 2433606808 239844 576056 2 4719632 75014 860930473 140550 3152 326689800 234824 524952 1074205440 26643 639164 48498292 103783 560768 2 3626 839385155 8192 739921 81 225848 1110 202656000 648 810051352 26548 1402112271 240966 29462528 82 422538 16404 1932 555540 3758145673 10384 857117 4194465 33284 2216 4 575668549 5145 332084 550325 69461 4170286621 251088 1114525978 2862 1234 65536
is_linear=0
shrinkage=0.05


Tree=87
num_leaves=63
num_cat=40
split_feature=0 0 17 17 11 0 0 17 2 11 2 13 13 14 2 14 1 13 11 13 13 13 14 15 14 13 13 1 17 13 15 14 13 14 0 1 14 13 1 0 13 14 3 13 15 13 13 14 1 13 15 13 2 13 13 15 1 13 2 3 14 14
split_gain=12.8012 3.66913 3.26627 2.62095 1.47782 1.33423 1.25088 1.02248 0.91817 0.793141 0.772732 0.794816 0.766128 0.727223 0.707017 0.700834 0.690282 0.655352 0.639153 0.745701 0.621125 0.615009 0.593698 0.647908 0.59177 1.06728 0.714003 0.590314 0.577287 0.635935 0.702819 0.706111 0.556047 0.674233 0.631791 0.533807 2.37248 6.83576 0.532816 0.511796 0.574626 0.625355 0.569635 2.06266 0.493358 0.515168 0.483554 0.681949 0.604118 1.03895 0.578906 0.481032 0.46342 0.593511 0.568745 0.45571 0.750509 0.728944 0.451972 0.78207 2.15443 0.625192
threshold=11.827217102050783 10.777470111846926 0 1 10.777098655700685 12.616340160369875 13.061691284179689 2 20.500000000000004 11.429073333740236 25.500000000000004 3 4 5 21.500000000000004 6 9988.9702148437518 7 10.777098655700685 8 9 10 11 12 13 14 15 103178.58593750001 16 17 18 19 20 21 11.923603534698488 18562.363281250004 22 23 30868.512695312504 10.36855983734131 24 25 60.45000076293946 26 27 28 29 30 2487.885131835938 31 32 33 43.500000000000007 34 35 36 12502.433593750002 37 33.500000000000007 61.850000381469734 38 39
decision_type=2 2 1 1 2 2 2 1 2 2 2 1 1 1 2 1 2 1 2 1 1 1 1 1 1 1 1 2 1 1 1 1 1 1 2 2 1 1 2 2 1 1 2 1 1 1 1 1 2 1 1 1 2 1 1 1 2 1 2 2 1 1
left_child=1 39 18 6 16 8 14 9 21 -6 11 -9 15 -14 17 -12 -4 -2 19 58 22 -5 23 -18 25 -11 -26 -24 29 30 31 -10 33 44 -35 52 37 -37 -23 -1 41 42 43 -41 45 -16 47 -30 49 -48 -50 -20 54 -54 -34 57 -57 -31 -3 60 -60 -61
right_child=3 2 4 5 7 -7 -8 10 28 24 12 -13 13 -15 32 -17 20 -19 51 -21 -22 38 27 -25 26 -27 -28 -29 46 55 -32 -33 35 34 -36 36 -38 -39 -40 40 -42 -43 -44 -45 -46 -47 48 -49 50 -51 -52 -53 53 -55 -56 56 -58 -59 59 61 -62 -63
leaf_value=-173.89278851530108 -59.515843038594085 -58.223020527301564 -12.578746136170777 -40.480192524009183 -81.059794534803643 -16.341085979526181 -54.609885077489892 -43.607617008385262 -164.86433275122363 46.810502924466078 -91.373034802019376 -80.63366978952017 6.0188821539416502 -43.697961817304844 383.43022535536369 -40.126814776717588 538.03628311590728 -120.4124660960144 -97.164501327064215 -70.588946770096214 -106.13869660171986 -69.630445055603019 -136.3617306945238 -31.933597627294535 -92.292987087661643 -60.302349415242318 -43.520979543476599 6859.5379055147196 23.060325112581815 74.132973153801217 -194.11614082153793 134.12722948086048 -53.177031357112632 -121.26526185471857 -45.711988688455371 23365.285335702956 -455.08612453273855 13.631479793372637 -133.33463937359281 4876.4424081100524 -106.00316946426801 -108.39119902173263 -59.273382890145697 -184.40056911595985 6.9872634459878178 5.867122719389954 377.54023812245686 -48.202342738770859 -26.696871279350127 -1.8368617348306544 -74.122126550423488 -111.02935128211067 4.2449797687604587 -81.073088440481484 -130.4165631366254 73.756248902400344 1387.2001343862148 -109.50584448602386 3323.9976749787124 55.2293244944874 -81.864601587317523 -65.551335354945877
leaf_weight=80894 241495 39051 788123 885443 221529 7429298 1011790 267465 43478 46104 133754 436947 313366 313494 18005 161305 9367 618878 238268 163170 88448 850246 25747 18467 81962 82276 111658 1332 554462 153976 97987 53652 290297 20007 293857 230 2155 780 370999 215 122837 61988 60690 487 99802 15265 3700 679027 841927 7568 842897 306387 211566 225433 307828 451247 2436 170367 427 11808 833 17053
leaf_count=80894 241495 39051 788123 885443 221529 7429298 1011790 267465 43478 46104 133754 436947 313366 313494 18005 161305 9367 618878 238268 163170 88448 850246 25747 18467 81962 82276 111658 1332 554462 153976 97987 53652 290297 20007 293857 230 2155 780 370999 215 122837 61988 60690 487 99802 15265 3700 679027 841927 7568 842897 306387 211566 225433 307828 451247 2436 170367 427 11808 833 17053
internal_value=-5.06946e-05 -0.000128708 -0.000115144 -3.11615e-05 -9.2176e-05 -2.12891e-05 -7.06775e-05 -0.00011479 -3.88063e-05 -0.000174163 -9.49461e-05 -0.000134375 -6.48203e-05 -3.35471e-05 -9.07222e-05 -0.000131255 -3.94978e-05 -0.000126789 -0.000206817 -0.000137388 -0.000140418 -6.54074e-05 -8.31116e-06 0.000153822 -0.000124068 -4.08127e-05 -0.000179259 -0.00017496 -2.44471e-05 8.9184e-06 -7.17912e-05 2.35232e-05 -6.9829e-05 -2.3197e-05 -6.31841e-05 -8.99009e-05 0.000558452 0.00254412 -8.84106e-05 -0.000289521 -0.000253672 -0.000177404 -6.42645e-05 0.00135185 7.11145e-05 0.000237831 -3.55303e-05 -1.17097e-05 -5.28537e-05 0.000312035 -5.52943e-05 -0.000236438 -9.18842e-05 -5.27445e-05 -0.00012048 2.91598e-05 6.15145e-05 -1.60977e-05 2.02842e-07 0.000145729 0.00136508 9.24955e-05
internal_weight=2.10016e+07 4.20545e+06 3.87834e+06 1.67961e+07 3.10134e+06 1.34387e+07 3.35739e+06 2.16986e+06 6.00941e+06 543529 1.62633e+06 704412 921919 626860 2.3456e+06 295059 931484 860373 776997 232342 143361 2.10669e+06 54913 27834 322000 128380 193620 27079 3.90272e+06 973143 195117 97130 1.48522e+06 446936 313864 1.03829e+06 3165 1010 1.22124e+06 327111 246217 123380 61392 702 133072 33270 2.92958e+06 1.23349e+06 1.69609e+06 11268 1.68482e+06 544655 1.03512e+06 436999 598125 778026 453683 324343 69172 30121 1260 28861
internal_count=21001550 4205452 3878341 16796098 3101344 13438710 3357388 2169860 6009412 543529 1626331 704412 921919 626860 2345598 295059 931484 860373 776997 232342 143361 2106688 54913 27834 322000 128380 193620 27079 3902724 973143 195117 97130 1485225 446936 313864 1038289 3165 1010 1221245 327111 246217 123380 61392 702 133072 33270 2929581 1233489 1696092 11268 1684824 544655 1035124 436999 598125 778026 453683 324343 69172 30121 1260 28861
cat_boundaries=0 1 2 3 5 7 8 9 11 13 15 17 18 19 20 22 24 25 27 28 29 31 32 33 35 37 38 40 41 43 45 46 48 49 51 53 55 56 58 59 60
cat_threshold=4 4 8 169887356 38339 2166945346 32962 735112 758548 1376878603 163910 408977893 35360 179583244 153985 906823899 142854 1020053 2628 330978 404665044 147648 2585979133 1192 2 268960962 8454 1139 342073 541607184 26532 442504 557536 184553472 165952 2076214069 162936 115175 587202560 10352 3088 541066496 9600 3288998934 105835 921361 22286752 16384 3536 266220128 100652 1437663435 163849 2290498148 71698 2078 3281457924 154176 78244 238668
is_linear=0
shrinkage=0.05


Tree=88
num_leaves=63
num_cat=42
split_feature=0 0 17 17 2 0 0 11 0 13 11 13 13 2 13 0 13 2 14 13 0 1 13 14 13 14 13 14 0 13 0 14 13 6 14 13 11 14 15 13 16 3 14 2 13 14 14 15 17 13 2 13 15 13 16 15 14 15 13 13 17 14
split_gain=12.2431 3.73602 3.09922 2.4725 1.40361 1.21206 1.16178 0.872533 1.00031 1.22821 0.870986 0.90118 0.73681 0.654687 0.647763 0.64332 0.78903 0.636238 0.631996 0.892537 0.626638 0.621897 0.84476 0.717171 0.614958 0.595983 0.566385 0.542414 0.529148 0.578913 0.511112 0.677693 1.06881 0.59998 0.508561 0.505706 0.502965 0.622059 0.478012 0.925095 0.528071 0.470739 0.455874 0.441968 0.636715 0.438648 0.435751 0.430613 0.428843 0.711887 0.816647 0.493192 0.895684 0.425657 0.453409 0.42401 0.41853 0.405393 0.728356 0.652346 0.403908 0.529009
threshold=11.827217102050783 10.777470111846926 0 1 32.500000000000007 12.616340160369875 13.061691284179689 11.953175544738771 12.049132823944094 2 10.777098655700685 3 4 24.500000000000004 5 11.157345771789553 6 23.500000000000004 7 8 11.406220912933351 5197.6342773437509 9 10 11 12 13 14 10.36855983734131 15 11.732255935668947 16 17 22.500000000000004 18 19 11.848518371582033 20 21 22 23 74.450000762939467 24 2.5000000000000004 25 26 27 28 29 30 43.500000000000007 31 32 33 34 35 36 37 38 39 40 41
decision_type=2 2 1 1 2 2 2 2 2 1 2 1 1 2 1 2 1 2 1 1 2 2 1 1 1 1 1 1 2 1 2 1 1 2 1 1 2 1 1 1 1 2 1 2 1 1 1 1 1 1 2 1 1 1 1 1 1 1 1 1 1 1
left_child=1 28 14 6 15 7 13 60 9 18 12 27 46 26 17 16 -4 -3 19 -9 45 22 23 -10 56 -22 -2 55 -1 34 -16 32 -32 -34 48 36 -15 -38 39 -14 -40 -20 47 44 -7 -13 -6 -26 51 50 -50 52 -30 54 -33 -12 -17 59 -59 -23 61 -5
right_child=3 2 4 5 10 43 -8 8 21 -11 11 20 38 35 30 24 -18 -19 41 -21 25 57 -24 -25 42 -27 -28 -29 29 -31 31 53 33 -35 -36 -37 37 -39 40 -41 -42 -43 -44 -45 -46 -47 -48 -49 49 -51 -52 -53 -54 -55 -56 -57 -58 58 -60 -61 -62 -63
leaf_value=-165.19814908953606 -76.202637162396329 -110.20434853617026 -87.741661950022092 284.23753242061809 -16.34517983436108 -381.94875372342307 -51.879390823615545 -110.26534957252414 -121.74623904781384 -146.05883262299463 11.394403701031138 -87.878084548140762 84.825107297406248 -20.245986384330173 -98.246671021886058 -91.030345265538827 -46.105492946544793 -51.722449323449297 -147.90726027159127 213.86620921940704 -81.777558785970641 -33.876076739071777 35.686604143395016 -15.462456191464481 -68.422893906995256 -12.315467054244801 -118.1967930281653 5.3237106631810098 661.27662765690025 -101.43413638464627 -136.71902689862182 31.359055545847514 624.34287780744125 67.028892658928001 -99.974515462055024 -38.678183899065566 -16.367476885345514 -119.84122008251097 -4.3514624238051516 -53.585838235316352 -69.855140617602046 -15.683423459954248 -61.183802539593493 -8.408228317065733 -65.715813686202452 -49.00202452596141 56.765823625418491 16.759464929850402 28.828219748888525 -98.891823136065341 1036.7581043975313 -62.572005403584171 -0.80985628601238213 -121.2932242783977 -77.915723213798003 -61.202899034193891 -61.966319339663883 -1.760276149825404 -81.021942783924359 -122.91043504226073 -26.332280498931869 10.520069488530863
leaf_weight=80894 489357 142564 137484 29170 53133 88933 1011790 20539 117325 252253 49532 82129 29415 151983 348112 238592 148290 214882 56074 32147 136936 328049 460407 271988 85761 201863 487508 279018 3118 122779 5767 15144 4344 4356 67896 875232 84866 256652 89687 31331 94788 103808 479799 7055939 284426 125072 122121 172244 1922 30998 729 14161 4614 27550 14278 99744 444405 657113 903933 454972 1764501 557133
leaf_count=80894 489357 142564 137484 29170 53133 88933 1011790 20539 117325 252253 49532 82129 29415 151983 348112 238592 148290 214882 56074 32147 136936 328049 460407 271988 85761 201863 487508 279018 3118 122779 5767 15144 4344 4356 67896 875232 84866 256652 89687 31331 94788 103808 479799 7055939 284426 125072 122121 172244 1922 30998 729 14161 4614 27550 14278 99744 444405 657113 903933 454972 1764501 557133
internal_value=-4.91209e-05 -0.000125414 -0.000111728 -3.00183e-05 -8.93547e-05 -2.04297e-05 -6.83989e-05 -3.71256e-05 -5.23976e-05 -0.000120929 -5.21476e-05 -7.81043e-05 7.99739e-06 -8.77166e-05 -0.000201025 -0.000119764 -0.000188215 -0.000151551 -3.23829e-05 0.000117789 -0.000120693 -4.24236e-05 -5.7779e-06 -5.99921e-05 -0.000105996 -7.88058e-05 -0.000118985 -2.38074e-05 -0.000287686 -0.000251235 -0.000243172 -0.000121355 0.000184189 0.00053387 -0.000174721 -6.54005e-05 -0.000105875 -0.00013955 -4.79563e-05 7.36887e-05 -8.80148e-05 -8.18735e-05 -7.43435e-05 -6.92467e-06 -5.99405e-05 -0.00018919 8.62874e-05 -2.07444e-05 -6.24815e-05 -0.000174529 0.000610485 0.000109734 0.000430639 -0.00019894 -6.66277e-05 -0.000100732 -0.000140186 -5.57076e-05 -4.09801e-05 -8.5067e-05 -1.33575e-05 2.25968e-05
internal_weight=2.10016e+07 4.20545e+06 3.87834e+06 1.67961e+07 3.10134e+06 1.34387e+07 3.35739e+06 6.00941e+06 3.65861e+06 464821 1.39477e+06 974294 420475 2.3456e+06 776997 1.70658e+06 285774 357446 212568 52686 546000 3.19379e+06 849720 389313 1.4208e+06 338799 976865 428294 327111 246217 419551 71439 14467 8700 123438 1.36873e+06 493501 341518 245221 60746 184475 159882 737804 7.4293e+06 373359 207201 175254 258005 55542 33649 2651 21893 7732 56972 29422 149276 682997 2.34407e+06 1.56105e+06 783021 2.3508e+06 586303
internal_count=21001550 4205452 3878341 16796098 3101344 13438710 3357388 6009412 3658608 464821 1394769 974294 420475 2345598 776997 1706575 285774 357446 212568 52686 546000 3193787 849720 389313 1420801 338799 976865 428294 327111 246217 419551 71439 14467 8700 123438 1368733 493501 341518 245221 60746 184475 159882 737804 7429298 373359 207201 175254 258005 55542 33649 2651 21893 7732 56972 29422 149276 682997 2344067 1561046 783021 2350804 586303
cat_boundaries=0 1 2 4 6 8 10 12 13 15 17 18 20 21 23 24 26 27 29 30 32 33 34 36 37 38 40 41 42 43 44 45 47 48 50 51 52 53 54 56 58 59 60
cat_threshold=4 4 3986175511 6456 1981221001 155161 3460058446 2440 257433829 105262 1363204375 174711 24597 18350594 6184 2555656840 154585 40072 4248463491 158344 951060 1922271503 240966 311395 2076214069 163432 8513 1076183808 17552 115143 50563109 235595 567300 304 12722176 242278 7 302720 167782473 541 145528 106540 2256 18 1207959552 272662833 16448 2348 270785544 8400 99 1541 549528 77 776938708 157706 2419110538 53155 2 16384
is_linear=0
shrinkage=0.05


Tree=89
num_leaves=63
num_cat=44
split_feature=0 0 17 17 11 0 11 2 0 1 17 1 13 14 13 13 13 2 13 17 13 13 2 13 14 14 0 13 13 14 15 0 13 15 14 14 0 13 14 14 13 5 13 15 13 14 14 1 13 13 14 11 14 13 13 13 15 14 13 14 13 11
split_gain=11.6171 3.81613 3.32246 2.14231 1.32447 1.15447 1.06079 1.03725 1.02222 0.783494 0.777636 0.770182 0.911086 0.820332 0.706692 0.688929 0.679812 0.694449 0.650395 0.648758 0.796253 0.628884 0.622383 0.80949 0.605853 0.534542 0.532617 0.666116 0.528634 0.521597 0.614612 0.512851 0.945068 0.508515 0.503154 0.50021 0.49603 0.495723 0.485979 0.47987 0.478303 0.477985 0.779739 0.472423 1.34547 0.447838 0.440107 0.42594 0.554507 0.432094 0.423485 0.419887 0.445572 0.806339 0.548312 0.416557 0.456952 0.463999 0.413141 0.410701 0.534207 0.577167
threshold=11.827217102050783 10.685305595397951 0 1 10.685154438018801 13.135868549346926 11.409124851226808 43.500000000000007 13.08253860473633 9988.9702148437518 2 2792.1848144531255 3 4 5 6 7 22.500000000000004 8 9 10 11 42.500000000000007 12 13 14 12.280593872070314 15 16 17 18 12.257157325744631 19 20 21 22 11.481175899505617 23 24 25 26 1750.0000000000002 27 28 29 30 31 9561.1879882812518 32 33 34 11.825604915618898 35 36 37 38 39 40 41 42 43 13.073373317718508
decision_type=2 2 1 1 2 2 2 2 2 2 1 2 1 1 1 1 1 2 1 1 1 1 2 1 1 1 2 1 1 1 1 2 1 1 1 1 2 1 1 1 1 2 1 1 1 1 1 2 1 1 1 2 1 1 1 1 1 1 1 1 1 2
left_child=1 58 16 8 9 7 10 19 22 55 28 12 35 -14 24 38 17 -3 29 20 46 -9 31 25 -12 -24 40 -28 33 30 -11 32 47 -6 -29 -8 -18 -33 -13 -34 50 42 -22 44 -27 -17 -5 49 -49 -2 -21 52 53 -23 -54 56 -4 -58 -1 60 -25 -62
right_child=3 2 4 5 6 -7 11 21 -10 18 14 15 13 -15 -16 45 36 -19 -20 26 41 51 23 59 -26 43 27 34 -30 -31 -32 37 39 -35 -36 -37 -38 -39 -40 -41 -42 -43 -44 -45 -46 -47 -48 48 -50 -51 -52 -53 54 -55 -56 -57 57 -59 -60 -61 61 -63
leaf_value=-113.07646070160027 -61.093547449761267 -104.94598872037619 -64.232594313891695 12.956836428269709 -81.7596001988572 14.85236623606761 -88.202320759104268 -37.714403164939725 -46.635658606775053 446.39397752908201 -76.842180088628822 -64.628147700663703 74.657157727105286 -21.423852149402592 -60.789746910120613 -52.883956015777585 -100.21838713547473 -48.566099502972612 -111.81765974822893 -68.60355194962986 526.71851640437774 499.35283000336642 -38.012581609135943 -87.539950066839268 2.1347918842171114 2335.8772961175491 -98.077105235757159 23.519087342340573 -85.716314620431476 -97.772571644654192 -29.294772608371204 -113.38048917754939 -128.4532867663651 -13.223742098477707 -55.747804309458303 -29.329421534081487 -76.285323104198866 -62.834240066764693 15.921491683357818 -84.343560320528752 -72.788833340068592 0.64828151484143748 28.141919697819322 37.454696541226262 0.85954189455842434 -79.259060693177744 -111.99841801043368 -42.701832898988783 -133.75360400052406 33.660190620679352 -11.917419403648456 1.1012738589681248 144.80604275472143 55.09279101480206 -84.125335866782919 4.5953494990719266 37.817522224185495 -49.13273642339027 -126.64503935249873 -80.563929924461902 29.397436232780418 16727.952653578435
leaf_weight=98257 64167 127187 141279 249761 35831 3582574 73952 1055014 978025 11423 49523 78201 91492 135461 460917 350102 219640 205705 77797 384745 65188 69167 114938 44939 146585 3750 1384369 678150 136689 32819 22597 490026 125885 48909 1583839 136892 241645 674379 117937 155776 918297 780349 129320 129003 7384 354105 584252 53012 53270 90273 468973 1102530 132181 119802 150199 466819 99710 98622 145356 291149 81098 314
leaf_count=98257 64167 127187 141279 249761 35831 3582574 73952 1055014 978025 11423 49523 78201 91492 135461 460917 350102 219640 205705 77797 384745 65188 69167 114938 44939 146585 3750 1384369 678150 136689 32819 22597 490026 125885 48909 1583839 136892 241645 674379 117937 155776 918297 780349 129320 129003 7384 354105 584252 53012 53270 90273 468973 1102530 132181 119802 150199 466819 99710 98622 145356 291149 81098 314
internal_value=-4.72448e-05 -0.000121562 -0.000109751 -2.86371e-05 -8.68239e-05 -1.97116e-05 -0.000108002 -2.8547e-05 -6.43631e-05 -3.74659e-05 -0.000150693 -7.99768e-05 -2.55787e-05 4.39438e-05 -0.000123376 -0.000106428 -0.000201197 -0.000146727 -0.000144625 -3.83297e-05 -1.24022e-05 -1.65288e-06 -8.20515e-05 -4.13146e-05 -4.38711e-05 2.88634e-05 -4.69852e-05 -3.60571e-05 -0.000231732 -3.02094e-05 0.000106965 -9.81043e-05 -0.000138263 -0.000133569 -1.93384e-05 -0.00010041 -0.000240502 -7.93984e-05 -2.35481e-05 -0.000201762 -6.94727e-05 1.82814e-05 8.84082e-05 9.44121e-05 0.000406766 -0.00012951 -4.82674e-05 -6.96534e-05 -0.000146694 -1.66403e-05 -4.25295e-05 1.83693e-05 5.78674e-05 0.000117291 1.8096e-05 -1.82466e-05 -6.03771e-05 -1.14242e-05 -0.000313638 -8.41891e-05 -8.90654e-06 6.74761e-05
internal_weight=2.10016e+07 4.20545e+06 3.96184e+06 1.67961e+07 3.16766e+06 1.34387e+07 2.2166e+06 9.85614e+06 3.35739e+06 951066 878454 1.33814e+06 437797 226953 657025 900345 794177 332892 144636 7.22724e+06 1.80887e+06 2.62889e+06 2.37936e+06 672575 196108 255075 5.41837e+06 3.64636e+06 221429 66839 34020 1.70679e+06 542383 84740 2.26199e+06 210844 461285 1.1644e+06 196138 281661 1.77202e+06 974857 194508 140137 11134 704207 834013 260722 106282 154440 853718 1.57388e+06 471349 188969 282380 806430 339611 198332 243613 417500 126351 81412
internal_count=21001550 4205452 3961839 16796098 3167662 13438710 2216596 9856136 3357388 951066 878454 1338142 437797 226953 657025 900345 794177 332892 144636 7227243 1808870 2628893 2379363 672575 196108 255075 5418373 3646358 221429 66839 34020 1706788 542383 84740 2261989 210844 461285 1164405 196138 281661 1772015 974857 194508 140137 11134 704207 834013 260722 106282 154440 853718 1573879 471349 188969 282380 806430 339611 198332 243613 417500 126351 81412
cat_boundaries=0 1 2 3 5 6 8 10 12 14 15 17 19 21 22 23 25 27 28 29 31 32 33 34 36 37 38 40 42 43 45 46 47 49 51 52 53 55 57 59 60 61 63 64 66
cat_threshold=4 4 8 2246667636 99568 208168 772809729 5529 8454360 99408 265814117 105258 178043165 154017 2 3366069486 105035 3443375 185876 1423983754 49965 41284 887024 1862490176 58375 806775788 5168 1020053 2692 2736724913 134294 2225 606484 688668 254122153 135353 557526 336539 3798574236 58919 270028816 388 32 268436488 16648 298474 22820 587399313 3090 587661457 2 639668 460980 2722238528 8265 1552442368 75779 134371769 255313 227 177605 1514152883 222976 303192 17041701 198672
is_linear=0
shrinkage=0.05


Tree=90
num_leaves=63
num_cat=42
split_feature=0 0 17 17 17 0 0 2 11 0 13 13 13 13 11 13 15 13 14 2 13 13 3 14 2 13 1 13 14 14 13 13 13 1 13 14 14 14 0 11 13 14 2 13 2 15 14 13 14 14 15 14 13 13 13 0 13 17 14 2 13 2
split_gain=10.8567 3.71632 3.13287 2.03537 1.33306 1.07217 0.999994 0.934285 0.809672 0.919513 1.2755 0.783814 0.756169 0.647796 0.597002 0.590706 0.585192 0.779746 0.846075 0.76147 0.690464 0.603569 0.584784 0.624381 0.569699 0.735292 0.692318 2.14629 2.2813 0.603302 0.670951 0.635615 0.591586 0.568458 0.838618 0.553014 0.538942 0.530892 0.524586 0.520617 1.02882 0.512003 0.509004 0.635139 0.50476 0.501533 0.499911 0.489787 0.476719 0.456257 0.424447 0.418118 1.11191 0.537026 0.413837 0.407954 0.536302 0.605982 0.457129 0.462972 0.567653 0.405427
threshold=11.827217102050783 10.685305595397951 0 1 2 12.616340160369875 13.08253860473633 32.500000000000007 11.953175544738771 12.049132823944094 3 4 5 6 11.848518371582033 7 8 9 10 28.500000000000004 11 12 74.450000762939467 13 11.500000000000002 14 24086.048828125004 15 16 17 18 19 20 5197.6342773437509 21 22 23 24 11.481175899505617 12.06630849838257 25 26 6.5000000000000009 27 41.500000000000007 28 29 30 31 32 33 34 35 36 37 10.36855983734131 38 39 40 29.500000000000004 41 2.5000000000000004
decision_type=2 2 1 1 1 2 2 2 2 2 1 1 1 1 2 1 1 1 1 2 1 1 2 1 2 1 2 1 1 1 1 1 1 2 1 1 1 1 2 2 1 1 2 1 2 1 1 1 1 1 1 1 1 1 1 2 1 1 1 2 1 2
left_child=1 55 13 6 15 8 14 11 -5 10 22 -6 35 44 24 48 17 18 -17 21 -21 -18 23 -10 25 -2 29 28 -28 30 -26 -31 -29 34 -11 47 -14 -19 -15 40 -16 -27 43 -13 -3 -24 -44 -9 -4 -36 -43 52 -35 -53 -37 -1 57 58 -57 -60 -61 -7
right_child=3 2 4 5 7 61 -8 12 9 33 -12 42 36 38 39 16 19 37 -20 20 -22 -23 45 -25 26 41 27 32 -30 31 -32 -33 -34 51 49 54 -38 -39 -40 -41 -42 50 46 -45 -46 -47 -48 -49 -50 -51 -52 53 -54 -55 -56 56 -58 -59 59 60 -62 -63
leaf_value=-150.71014551072182 -176.92490669787986 -85.27463657909567 -87.838532401519032 -11.571417118459067 -78.573370925033856 -170.90070936237498 -44.303875676436249 -22.055347112449727 78.626660122565866 -76.283760831743919 -140.54202394715321 -105.53768394216868 -22.567223931085394 -96.887135773318789 -32.854811276651162 96.143710700398159 35.328493464534041 -23.622257690898643 -50.795250872320871 129.63338183755369 7.2380714944808204 -72.734447513688352 147.73680882494438 -178.00386813899368 278.58954381839033 -150.09437947115694 18858.942600148966 -476.3293343808042 285.69530667490693 7.0199407438805794 3.9709861941474629 -93.46975625534067 803.27230181355924 84.439797445553026 149.10523263918842 4.0376838305259302 -61.969724879834033 -98.617059261283345 -73.126367780574952 -77.499142125972327 -105.03007557704123 286.82181602333515 -3.2163902989062083 -50.991146973020207 -29.574501651892298 -41.461579709072616 -58.349014943373277 61.395757356404289 -19.751921988375035 9.93102454911301 -68.050854160439556 -34.045148150360909 -75.332240923285283 -99.237854999910454 -43.963722289749882 -107.08184355254843 -108.12124420668556 -94.080151892183352 -80.702376531766376 574.99695166974902 10.051172791766385 -7.9732353087863892
leaf_weight=80894 67478 266701 102303 2350804 366668 373359 978025 42505 20184 220216 233840 93664 230641 196916 116889 34382 71956 68359 51101 76268 87328 80890 61575 61324 27051 31826 1462 5052 2034 169220 144540 231452 6023 195453 62736 188354 345734 68117 216523 1390466 136958 20815 149682 105017 114037 87898 591695 55657 151433 566768 28097 825964 272885 1049765 205908 7272 90239 43203 10600 4720 6685 7055939
leaf_count=80894 67478 266701 102303 2350804 366668 373359 978025 42505 20184 220216 233840 93664 230641 196916 116889 34382 71956 68359 51101 76268 87328 80890 61575 61324 27051 31826 1462 5052 2034 169220 144540 231452 6023 195453 62736 188354 345734 68117 216523 1390466 136958 20815 149682 105017 114037 87898 591695 55657 151433 566768 28097 825964 272885 1049765 205908 7272 90239 43203 10600 4720 6685 7055939
internal_value=-4.54735e-05 -0.000117318 -0.000105662 -2.7485e-05 -8.33986e-05 -1.87852e-05 -6.23079e-05 -0.000102129 -3.44881e-05 -4.91997e-05 -0.000114905 -0.000130488 -6.7458e-05 -0.000194461 -7.9803e-05 -2.72274e-05 2.41406e-06 -5.98254e-05 5.85842e-05 4.60707e-05 0.000121043 -3.41712e-05 -3.15614e-05 -0.000139299 -4.23436e-05 -0.000129932 -2.02216e-05 0.000320123 0.00139818 -2.88875e-05 4.95602e-05 -6.2483e-05 -2.14249e-05 -3.9637e-05 -4.60104e-06 -2.19558e-05 -0.00010633 -0.000133991 -0.000237803 -9.65484e-05 -0.000162395 -2.80993e-05 -0.000106299 -0.000177372 -0.000147391 2.7186e-05 -8.72541e-05 8.42302e-05 -9.01211e-05 2.47783e-05 7.34644e-05 -5.23374e-05 -1.00754e-05 -6.28891e-05 -4.8395e-05 -0.000306865 -0.000261244 -0.000159884 1.57583e-05 0.000129344 0.000350505 -6.08341e-06
internal_weight=2.10016e+07 4.20545e+06 3.96184e+06 1.67961e+07 3.16766e+06 1.34387e+07 3.35739e+06 2.37552e+06 6.00941e+06 3.65861e+06 464821 1.30673e+06 1.0688e+06 794177 2.37936e+06 792137 538401 221959 85483 316442 163596 152846 230981 81508 735050 148216 586834 14571 3496 572263 171591 400672 11075 3.19379e+06 849720 492424 576375 136476 413439 1.64431e+06 253847 80738 940058 198681 380738 149473 741377 98162 253736 629504 48912 2.34407e+06 468338 1.87573e+06 394262 243613 162719 72480 29277 22005 11405 7.4293e+06
internal_count=21001550 4205452 3961839 16796098 3167662 13438710 3357388 2375525 6009412 3658608 464821 1306726 1068799 794177 2379363 792137 538401 221959 85483 316442 163596 152846 230981 81508 735050 148216 586834 14571 3496 572263 171591 400672 11075 3193787 849720 492424 576375 136476 413439 1644313 253847 80738 940058 198681 380738 149473 741377 98162 253736 629504 48912 2344067 468338 1875729 394262 243613 162719 72480 29277 22005 11405 7429298
cat_boundaries=0 1 2 3 5 7 9 11 13 14 16 17 19 21 22 24 26 27 28 30 32 34 36 37 38 39 41 42 44 45 46 48 49 50 51 52 54 56 58 60 61 62 64
cat_threshold=4 4 2 3986208279 6968 353007619 131592 2090226055 153768 265818229 106282 3238019972 63712 2881 135268393 132875 694321 642193472 66326 478460946 131856 155653 3508098347 23100 2483241544 8226 78926 16506 336593920 35848 3797041957 71047 1615865264 67341 2555388032 153617 574464 205730 928924 2201968011 134288 336531 3895820868 67636 1698 263552 1611923715 133248 534070 131584 601 33802 3022162396 26161 241066658 247946 1679032707 2056 3661833139 159232 18 135689 272630673 17408
is_linear=0
shrinkage=0.05


Tree=91
num_leaves=63
num_cat=51
split_feature=0 0 17 0 17 2 11 17 13 13 2 13 13 14 2 17 13 13 0 13 0 13 13 14 13 1 13 15 13 15 13 15 14 13 13 14 13 15 14 13 14 13 14 13 13 2 13 14 13 15 14 13 13 15 15 13 13 13 14 13 15 15
split_gain=10.2967 3.67211 2.30915 2.23518 1.80739 1.21291 1.18032 1.14546 1.10305 0.81284 0.782374 0.810395 0.769593 0.76126 0.760661 0.737964 0.740165 0.724552 0.820383 0.711758 0.626364 0.720175 0.626117 0.609905 0.996471 0.599292 2.69712 0.570527 0.546891 0.83992 0.544322 0.539486 0.535159 0.738548 0.533221 0.532901 0.520107 0.65071 0.485266 0.480044 0.486235 0.47659 0.470257 0.51606 0.482781 0.464345 0.90417 0.458151 0.456792 0.835042 0.505752 0.902421 0.468804 0.446142 0.425196 0.458952 0.424857 0.424346 0.554549 0.588867 0.576119 0.43582
threshold=11.406220912933351 12.280593872070314 0 10.685305595397951 1 19.500000000000004 10.685154438018801 2 3 4 43.500000000000007 5 6 7 39.500000000000007 8 9 10 11.36322069168091 11 13.135868549346926 12 13 14 15 4416.4152832031259 16 17 18 19 20 21 22 23 24 25 26 27 28 29 30 31 32 33 34 12.500000000000002 35 36 37 38 39 40 41 42 43 44 45 46 47 48 49 50
decision_type=2 2 1 2 1 2 2 1 1 1 2 1 1 1 2 1 1 1 2 1 2 1 1 1 1 2 1 1 1 1 1 1 1 1 1 1 1 1 1 1 1 1 1 1 1 2 1 1 1 1 1 1 1 1 1 1 1 1 1 1 1 1
left_child=3 2 10 56 12 8 9 45 13 -6 11 -2 47 28 39 34 38 18 -16 -12 21 -9 -7 24 31 30 -27 -19 29 -4 -25 -21 33 -23 -8 -10 53 -38 -17 -11 -41 -37 43 -18 -44 46 -3 -5 49 50 51 -22 -52 -34 55 -48 -1 61 59 -59 -61 -47
right_child=1 7 5 4 6 22 15 20 35 14 19 -13 -14 -15 17 16 42 27 -20 23 48 32 -24 25 -26 26 -28 -29 -30 -31 -32 -33 36 -35 -36 41 37 -39 -40 40 -42 -43 44 -45 -46 57 54 -49 -50 -51 52 -53 -54 -55 -56 -57 -58 58 -60 60 -62 -63
leaf_value=-102.4629342929843 -59.306654658824804 48.900076507203636 205.3271576904117 -89.316406915689925 -48.197498684666186 -7.3176661588349008 -39.015795660052078 -76.663878382059437 -58.599259301549502 -56.808997594281891 -63.877545851711695 -85.791374690712388 -96.937135460272273 -57.954933106249797 61.586321004351511 -31.856296829984785 28.86995117322531 69.463785929176083 1737.5375800426491 485.75427920571258 1037.7890672587534 -118.75884922859296 -39.224301859483425 12.192730046549878 -23.791878020458718 10020.178285969698 -133.64559870538361 -38.703818671606228 -17.571691874038699 -11.651613707116486 -78.841887348417558 37.545512366207277 -29.373805093185275 -24.079106225830941 -81.253573491752562 -66.791874846439896 7.8156197499804101 -104.54686477556716 -73.374632309748094 -59.89308981981808 47.351121421511657 -123.55479490192498 -75.167171343389242 -56.660950782788859 -28.012658001748107 96.061037631359071 120.42932241224771 -42.309691827634929 -75.11439353856035 -87.041796599542437 265.66804911234112 101.43113033933328 -65.570925301713217 58.956108416300417 -210.23577313353672 -166.08613859663384 -114.65258711445873 -172.230503947529 115.28309736900701 -121.47623595477853 177.63822585586169 -44.60650275867156
leaf_weight=98395 397681 442956 54711 58349 134691 1714092 84230 2189283 532058 69502 144709 546792 181476 391280 26664 96867 98146 20673 3104 17260 97098 383470 1714211 49146 38561 562 1704 29086 150965 54548 67454 23798 322762 591792 135412 206863 517301 517581 177856 36911 54121 324531 79076 90746 109260 322300 104165 71048 1502072 589073 129815 141291 226035 452906 442355 117973 145218 307480 1350234 140414 279213 1602224
leaf_count=98395 397681 442956 54711 58349 134691 1714092 84230 2189283 532058 69502 144709 546792 181476 391280 26664 96867 98146 20673 3104 17260 97098 383470 1714211 49146 38561 562 1704 29086 150965 54548 67454 23798 322762 591792 135412 206863 517301 517581 177856 36911 54121 324531 79076 90746 109260 322300 104165 71048 1502072 589073 129815 141291 226035 452906 442355 117973 145218 307480 1350234 140414 279213 1602224
internal_value=-4.41165e-05 -3.33946e-05 -6.42069e-05 -0.000158435 -0.000136402 -4.92152e-05 -0.000109497 -1.78774e-05 -8.35457e-05 -3.52922e-05 -0.000124086 -0.000147581 -0.00024426 -3.2312e-05 1.98675e-05 -0.000141403 -0.000114693 0.000146322 0.000341393 -5.94324e-05 -3.01072e-05 -4.06113e-05 -3.20421e-05 2.05343e-06 0.000109138 -6.96772e-05 0.000735658 2.9547e-05 3.39622e-05 0.000119161 -8.5334e-05 0.000280535 -2.37469e-05 -5.36061e-05 -0.000220671 -0.000114932 -7.6629e-06 -3.08636e-05 -0.000177122 -4.27755e-05 3.27766e-05 -0.00015035 -6.92237e-05 -1.34774e-05 -0.000125131 4.5905e-07 -2.81945e-05 -0.000151062 -1.06468e-05 1.25871e-05 5.44061e-05 0.000110762 1.66503e-05 2.32911e-05 -6.50805e-05 -8.63791e-06 -0.000299271 8.38844e-06 2.40597e-05 -1.11442e-05 2.73729e-05 -8.5273e-06
internal_weight=2.10016e+07 1.92007e+07 6.43093e+06 1.80083e+06 1.55722e+06 5.14326e+06 1.24634e+06 1.27698e+07 1.71496e+06 374752 1.28767e+06 944473 310873 651504 240061 871593 651951 79527 29768 343194 7.66048e+06 4.9751e+06 3.4283e+06 198485 79619 118866 2266 49759 260224 109259 116600 41058 2.78581e+06 975262 219642 1.06345e+06 1.81055e+06 1.03488e+06 274723 160534 91032 531394 377228 188892 188336 5.10931e+06 1.10745e+06 129397 2.68538e+06 1.18331e+06 594239 238389 355850 775668 664493 222138 243613 4.00186e+06 2.07734e+06 727107 419627 1.92452e+06
internal_count=21001550 19200719 6430926 1800831 1557218 5143259 1246345 12769793 1714956 374752 1287667 944473 310873 651504 240061 871593 651951 79527 29768 343194 7660479 4975095 3428303 198485 79619 118866 2266 49759 260224 109259 116600 41058 2785812 975262 219642 1063452 1810550 1034882 274723 160534 91032 531394 377228 188892 188336 5109314 1107449 129397 2685384 1183312 594239 238389 355850 775668 664493 222138 243613 4001865 2077341 727107 419627 1924524
cat_boundaries=0 1 2 3 5 7 9 11 12 13 15 17 19 21 23 24 26 28 29 31 32 34 35 36 38 40 41 43 44 45 47 48 50 51 53 55 57 58 60 61 62 64 66 67 68 70 72 74 75 77 78 79
cat_threshold=4 4 18 1133551960 108294 277891909 90421 790303025 134294 2262569188 158504 505857 8 3505295526 90212 2690651192 6208 3760036144 150606 2402750977 95763 4236199952 31537 138381 159523971 102945 371326984 128 1299 1073741848 99334 1866 302006988 8848 2087 3723 4722054 32780 807287276 5168 564838 273157526 260 3976 886528 677647416 35008 560337 268895876 131272 728595 771755017 39065 604047880 38931 1510736263 206970 807507 2869142061 53799 2950 172881 2281865252 4130 687939584 16389 2345 275 2773525576 5121 1522606899 221952 4163250347 197342 100696 29360900 55552 2200 1152
is_linear=0
shrinkage=0.05


Tree=92
num_leaves=63
num_cat=48
split_feature=0 0 17 0 17 2 11 17 13 14 13 17 13 13 2 13 13 14 11 2 13 14 15 13 14 13 13 14 15 14 2 14 13 14 13 16 15 13 13 13 1 13 14 13 15 11 13 13 13 14 2 0 14 13 15 0 14 14 14 13 13 15
split_gain=10.1431 3.43402 2.36842 2.12673 1.69379 1.15984 1.08834 1.07349 1.06328 0.80008 0.797589 0.719301 0.702337 0.673353 0.672883 0.998156 0.798528 0.753538 0.642571 0.625679 0.772052 0.760039 0.828412 1.77087 0.590023 0.959694 0.874981 0.585716 0.570545 0.569138 0.567575 0.793688 0.766874 0.565681 0.546224 0.531484 0.596153 0.528229 0.519929 0.508535 0.500091 0.602804 0.500911 0.499152 0.682935 0.48588 0.458348 0.453579 0.449966 0.440622 0.440048 0.430528 0.424728 0.423747 0.49425 0.421912 0.557809 0.430761 0.41609 0.633754 0.58619 0.46526
threshold=11.406220912933351 12.280593872070314 0 10.685305595397951 1 18.500000000000004 10.685154438018801 2 3 4 5 6 7 8 16.500000000000004 9 10 11 11.609022140502931 43.500000000000007 12 13 14 15 16 17 18 19 20 21 43.500000000000007 22 23 24 25 26 27 28 29 30 1647.9273071289065 31 32 33 34 11.836436271667482 35 36 37 38 33.500000000000007 11.913460731506349 39 40 41 13.651602268218996 42 43 44 45 46 47
decision_type=2 2 1 2 1 2 2 1 1 1 1 1 1 1 2 1 1 1 2 2 1 1 1 1 1 1 1 1 1 1 2 1 1 1 1 1 1 1 1 1 2 1 1 1 1 2 1 1 1 1 2 2 1 1 1 2 1 1 1 1 1 1
left_child=3 2 14 46 10 8 12 -3 9 35 -5 34 -6 29 15 27 30 38 24 53 21 22 23 -21 25 -7 -26 43 48 -13 -16 32 -32 -17 -8 37 -37 -4 -18 -20 41 52 -43 44 -2 49 -1 -24 -23 -41 -28 -40 -14 54 -9 56 -56 -57 60 -60 -10 -62
right_child=1 7 5 4 6 18 11 19 58 -11 -12 13 40 -15 16 33 17 -19 39 20 -22 28 47 -25 26 -27 50 -29 -30 -31 31 -33 -34 -35 -36 36 -38 -39 51 45 -42 42 -44 -45 -46 -47 -48 -49 -50 -51 -52 -53 -54 -55 55 57 -58 -59 59 -61 61 -63
leaf_value=-97.33978757833512 760.64510661614918 0.94117201625049351 187.159395399375 -68.498951214506818 -44.249694304750392 -52.057346046089009 -37.065005877049451 -27.716492476994276 -106.68651490079412 -56.506135112714041 -94.903145973087248 12.991292080566474 50.136139768940893 -53.757118601041384 -80.170741612666404 -84.278967697109749 -46.210742418836325 -62.066795811083097 -50.585838187680025 2304.9703844539972 -54.505846877636579 -308.82256045429494 151.64677984679929 43.877971976419673 -88.767036555261768 36.084363817335905 -53.146249395025009 -85.320826456762944 16.146118767714324 -58.255496576984847 72.564940125058911 -71.940116718925864 -52.542067691766356 -135.61022004467387 -77.190894817164917 59.787827960789826 -76.852556751359501 24.378362191787204 -14.426432612964891 -13.127987128109272 -11.375818866640749 252.16846298547716 31.025077221736968 -47.957115696250099 -71.709433594177156 -5.906640081531437 -108.91995775873579 -28.51471559521524 -65.935164765553239 -72.158069787933897 13.828935158214154 85.33903451248699 -42.032989193392588 -44.096687944414413 -59.854103937167565 -568.71833009131228 -147.73714653104773 236.20301956459022 -46.886938404610561 -106.39548033118554 59.948421394774961 -59.312251267336705
leaf_weight=98395 14570 5109314 37872 141710 134629 172445 84230 562780 125239 358303 169163 93149 10047 418027 254843 82497 83105 284969 873335 33627 1019609 40932 221439 50496 214407 542605 183383 98896 381668 140775 30976 82348 37115 99753 135412 82707 114807 57584 71837 165220 167710 23745 23616 52969 15223 879870 145218 203060 86647 165935 316382 78566 15005 3937220 345106 41483 639040 97372 191416 445351 90426 125972
leaf_count=98395 14570 5109314 37872 141710 134629 172445 84230 562780 125239 358303 169163 93149 10047 418027 254843 82497 83105 284969 873335 33627 1019609 40932 221439 50496 214407 542605 183383 98896 381668 140775 30976 82348 37115 99753 135412 82707 114807 57584 71837 165220 167710 23745 23616 52969 15223 879870 145218 203060 86647 165935 316382 78566 15005 3937220 345106 41483 639040 97372 191416 445351 90426 125972
internal_value=-4.28904e-05 -3.22488e-05 -6.20455e-05 -0.000156353 -0.000134861 -4.68626e-05 -0.000108815 -1.72431e-05 -8.17265e-05 -3.22228e-05 -0.000239274 -0.000139453 -3.75604e-05 -0.000113082 -0.000122688 -0.000180276 -0.000100003 -5.88988e-05 -3.06921e-05 -2.90825e-05 -5.34388e-06 2.54608e-05 6.86926e-05 0.000212028 -4.87001e-06 2.7236e-05 -3.70153e-05 -9.73144e-05 -1.77185e-05 -4.5149e-05 -0.000152583 -7.5575e-05 5.07266e-05 -0.000262948 -0.000217712 2.90639e-05 -1.77543e-05 0.00012593 7.69153e-06 -4.83981e-05 1.3695e-05 0.000123507 0.0002284 8.34092e-07 0.000164531 -2.74244e-05 -0.00029373 4.02835e-05 -0.000109253 -7.90486e-05 -7.64868e-07 6.31499e-05 -7.48539e-05 -3.76841e-05 -5.86607e-05 -7.78265e-05 -8.93389e-05 3.76339e-06 -0.000114677 -0.000138562 -7.01553e-05 -2.03269e-05
internal_weight=2.10016e+07 1.92007e+07 6.43093e+06 1.80083e+06 1.55722e+06 5.14326e+06 1.24634e+06 1.27698e+07 1.62968e+06 651273 310873 871593 374752 651951 1.28767e+06 363908 923759 518477 3.51358e+06 7.66048e+06 2.03748e+06 1.01787e+06 508622 84123 1.42922e+06 715050 714172 181658 509247 233924 405282 150439 68091 182250 219642 292970 197514 95456 233508 2.08436e+06 240123 72413 47361 82762 29793 1.21102e+06 243613 424499 127579 331155 499765 150403 25052 5.623e+06 1.68578e+06 1.123e+06 984146 138855 978404 636767 341637 216398
internal_count=21001550 19200719 6430926 1800831 1557218 5143259 1246345 12769793 1629677 651273 310873 871593 374752 651951 1287667 363908 923759 518477 3513582 7660479 2037478 1017869 508622 84123 1429222 715050 714172 181658 509247 233924 405282 150439 68091 182250 219642 292970 197514 95456 233508 2084360 240123 72413 47361 82762 29793 1211025 243613 424499 127579 331155 499765 150403 25052 5623001 1685781 1123001 984146 138855 978404 636767 341637 216398
cat_boundaries=0 1 2 3 5 6 8 9 11 13 15 17 18 20 21 22 24 25 27 29 30 31 32 33 35 36 38 39 40 42 44 46 48 49 51 52 54 56 58 59 60 62 63 64 65 66 68 70 71
cat_threshold=4 4 18 1133544920 108294 506113 3336311012 224040 8 277875533 90421 772810241 38809 654828689 101751 606389278 121705 445482 1883431802 22191 64057 1026 1073873152 17455 408804 1233817864 5 2147485110 103624 728836 97 741906 170645 2114570 102688 412261 807287276 5168 48 1802 16778576 65794 2190158336 4 59778763 222286 1292009600 34306 741779 654458881 32832 686 1522606899 221952 1614815258 18084 541114376 21504 103659 311705 1193410641 17451 773 395797 131351 34406 467458 131144 268640771 133192 3203
is_linear=0
shrinkage=0.05


Tree=93
num_leaves=63
num_cat=44
split_feature=0 0 17 0 17 2 17 13 11 2 13 14 13 13 13 14 14 11 14 13 13 14 14 13 13 1 15 2 1 13 13 15 14 13 2 14 1 13 14 6 13 15 13 3 13 14 13 15 15 13 13 13 0 1 15 13 13 14 13 11 0 17
split_gain=9.43927 3.18632 2.22348 2.14308 1.57172 1.15266 1.03594 0.960002 0.94906 0.769146 0.95555 0.760198 0.745661 0.677135 0.657317 0.652967 0.608703 0.587923 0.574817 0.567018 0.55298 0.541167 0.536708 0.867861 0.810436 0.596206 0.556422 0.527532 0.846244 0.708872 0.650036 0.518476 0.510349 0.509784 0.497727 0.59969 0.490276 0.480769 0.475752 0.654032 0.648462 0.555912 0.493239 0.467315 0.78379 0.989404 0.679014 0.848285 0.451096 0.753385 0.575961 0.441509 0.430528 0.415689 0.676348 0.629837 0.447241 0.412795 0.530583 0.436709 0.411864 0.408068
threshold=11.406220912933351 12.280593872070314 0 10.685305595397951 1 18.500000000000004 2 3 10.685154438018801 16.500000000000004 4 5 6 7 8 9 10 11.609022140502931 11 12 13 14 15 16 17 6059.4882812500009 18 24.500000000000004 170394.17968750003 19 20 21 22 23 42.500000000000007 24 10569.545898437502 25 26 37.500000000000007 27 28 29 74.850002288818374 30 31 32 33 34 35 36 37 11.913460731506349 2850.420532226563 38 39 40 41 42 12.681206226348879 12.973885536193849 43
decision_type=2 2 1 2 1 2 1 1 2 2 1 1 1 1 1 1 1 2 1 1 1 1 1 1 1 2 1 2 2 1 1 1 1 1 2 1 2 1 1 2 1 1 1 2 1 1 1 1 1 1 1 1 2 2 1 1 1 1 1 2 2 1
left_child=3 2 9 37 14 7 -3 11 13 10 32 31 34 -6 16 19 53 22 -12 -14 -10 33 23 -7 25 -24 -25 30 29 60 57 -4 48 -9 -11 -36 -26 61 42 -40 -41 -42 -16 44 45 -19 47 -45 49 -2 -50 -17 -21 54 55 -5 -56 58 59 -8 -29 -1
right_child=1 6 5 4 8 17 27 21 20 12 18 -13 15 -15 38 51 -18 43 -20 52 -22 -23 24 26 36 -27 -28 28 -30 -31 -32 -33 -34 -35 35 -37 -38 -39 39 40 41 -43 -44 46 -46 -47 -48 -49 50 -51 -52 -53 -54 -55 56 -57 -58 -59 -60 -61 -62 -63
leaf_value=-65.319906475571003 -87.791651403599374 0.8941134154378233 -59.213190572253374 78.04119512349672 -64.946014301581826 -34.803965573616829 169.99826107737792 -63.086809408863793 -64.263237918579307 -78.183546427222979 -80.065019312254265 -53.578518550974835 -45.217153291304072 -7.9981288897001832 -89.463155662634136 -29.318222084422359 1.9058676437800388 -85.848766753319254 -128.82970904244021 -13.705110982316638 -83.096535113643228 -59.116515224429804 28.412248656903468 2.5425134324104874 -57.501343128661944 -171.87616859284356 93.133181475545825 -65.363753277388241 30651.753154261762 0.018489106324705063 -36.972777170423434 48.383965008640644 -81.054785133924753 -120.07059601910642 18.761244949557931 -64.550523235352017 444.53674962376465 -103.76029580749979 -41.594157047237246 -82.14989379829386 1061.1246793553698 4.9119716420775461 -50.216371414861008 204.50039761638328 -83.339033123340059 24.212616907961912 -37.621761259453528 -1.6088131381014137 284.53112277963982 160.23150203999649 -99.483385198338397 -80.570204862885305 81.072082786862666 -78.978859795289566 16.641502801848038 -38.476020419851693 -93.637989451683879 -124.3846116450699 -109.93527922978993 -87.199541308544951 -28.534806925864544 -113.68021980364506
leaf_weight=58819 15001 5109314 67841 26378 64356 270347 110841 190793 201463 222764 82497 410778 99995 122723 52235 152741 256800 146807 99753 71837 235770 521415 279614 155138 471117 34690 218104 1071005 333 2496594 1791076 205369 98896 233481 58419 86379 212 145495 257300 17171 10089 20072 148185 41649 392924 217602 822234 463144 6433 26978 34350 153058 78566 68562 13461 24460 38193 984128 211685 99747 895070 39299
leaf_count=58819 15001 5109314 67841 26378 64356 270347 110841 190793 201463 222764 82497 410778 99995 122723 52235 152741 256800 146807 99753 71837 235770 521415 279614 155138 471117 34690 218104 1071005 333 2496594 1791076 205369 98896 233481 58419 86379 212 145495 257300 17171 10089 20072 148185 41649 392924 217602 822234 463144 6433 26978 34350 153058 78566 68562 13461 24460 38193 984128 211685 99747 895070 39299
internal_value=-4.165e-05 -3.13843e-05 -6.00862e-05 -0.000151105 -0.000129531 -4.53752e-05 -1.69298e-05 -8.0131e-05 -0.000190936 -0.000118844 -0.000180413 -3.50055e-05 -9.45908e-05 -9.6694e-05 -8.84351e-05 -5.80687e-05 -4.28332e-05 -2.92549e-05 -0.000261302 1.80154e-06 -0.000231264 -0.000112767 -4.55515e-06 2.92974e-05 -3.22871e-05 2.99005e-05 7.87114e-05 -2.85603e-05 -1.74544e-05 -1.76424e-05 -4.40619e-05 2.96286e-05 -9.9241e-05 -0.0001547 -0.00014985 -7.76871e-05 -7.37564e-05 -0.000289009 -0.000127065 -8.76959e-05 8.31155e-05 0.000222714 -0.000186898 -4.61912e-05 -7.75301e-05 -2.47087e-05 -2.8306e-05 1.73409e-05 -7.62287e-06 0.000107421 -0.000126038 -0.000107091 6.31499e-05 -0.000115904 -5.21597e-05 7.73093e-05 -0.000179564 -6.9503e-05 -2.81477e-05 2.80444e-05 -4.00982e-05 -0.000203397
internal_weight=2.10016e+07 1.92007e+07 6.43093e+06 1.80083e+06 1.55722e+06 5.14326e+06 1.27698e+07 1.62968e+06 624312 1.28767e+06 363908 683988 923759 187079 932906 556197 427854 3.51358e+06 182250 250398 437233 945689 1.42922e+06 643589 785633 314304 373242 7.66048e+06 4.463e+06 4.46267e+06 3.19748e+06 273210 181658 424274 367562 144798 471329 243613 505052 304632 47332 30161 200420 2.08436e+06 757333 364409 1.32703e+06 504793 82762 41979 40783 305799 150403 171054 102492 50838 51654 1.4064e+06 422273 210588 1.96608e+06 98118
internal_count=21001550 19200719 6430926 1800831 1557218 5143259 12769793 1629677 624312 1287667 363908 683988 923759 187079 932906 556197 427854 3513582 182250 250398 437233 945689 1429222 643589 785633 314304 373242 7660479 4463002 4462669 3197477 273210 181658 424274 367562 144798 471329 243613 505052 304632 47332 30161 200420 2084360 757333 364409 1327027 504793 82762 41979 40783 305799 150403 171054 102492 50838 51654 1406401 422273 210588 1966075 98118
cat_boundaries=0 1 2 3 5 7 8 10 12 14 15 16 17 19 21 22 23 25 27 28 30 32 33 34 36 37 39 40 42 43 45 47 48 50 51 52 54 56 58 59 61 63 64 66 67
cat_threshold=4 19 18 1116775898 108294 654828689 101751 375041 606389278 115561 278087232 24759 773415973 171674 445482 42412 412261 2190158336 6148 2250191844 23594 225561 404708 3649755528 196743 1472748105 155681 2140 61937925 224467 3341198032 22328 2116 728836 2435252741 131208 144021 1514218291 224000 159850 1105461504 97 1412 2147778696 73728 3919481104 218297 299605 477065252 2819 1024 571 67372048 55 604241920 32768 2342193921 4224 3864 537412641 169600 604046336 131074 922128 3341156480 1280 19
is_linear=0
shrinkage=0.05


Tree=94
num_leaves=63
num_cat=49
split_feature=0 0 0 17 17 11 1 17 13 13 14 2 13 14 13 17 13 2 1 13 13 15 14 13 13 14 15 14 13 13 14 13 13 15 15 14 13 2 13 14 17 13 13 14 15 0 13 14 13 14 14 15 13 13 15 14 1 2 13 14 13 1
split_gain=9.11142 2.95713 2.11275 1.87758 1.8276 1.09006 1.08047 1.04679 0.942394 0.743473 0.732646 0.685213 0.992261 0.747069 0.665215 0.65457 0.663217 0.646424 1.19959 0.645146 0.600257 0.655506 0.59903 0.589873 0.576127 0.677981 0.733928 0.563581 0.554894 0.539204 0.535363 0.530413 0.520081 0.500248 0.494572 0.51103 0.495734 0.494118 1.08105 0.905014 0.481485 0.560897 0.475888 0.546212 0.517985 0.486599 0.758456 1.02434 0.649021 0.687693 0.525286 0.475566 0.747564 0.601286 0.474783 0.46906 0.462983 0.462237 0.95269 0.626337 0.564259 0.560833
threshold=11.406220912933351 12.231351852416994 10.566581249237062 0 1 10.56644916534424 6339.1398925781259 2 3 4 5 48.500000000000007 6 7 8 9 10 8.5000000000000018 388236.43750000006 11 12 13 14 15 16 17 18 19 20 21 22 23 24 25 26 27 28 15.500000000000002 29 30 31 32 33 34 35 10.36855983734131 36 37 38 39 40 41 42 43 44 45 4000.8947753906255 12.500000000000002 46 47 48 191340.98437500003
decision_type=2 2 2 1 1 2 2 1 1 1 1 2 1 1 1 1 1 2 2 1 1 1 1 1 1 1 1 1 1 1 1 1 1 1 1 1 1 2 1 1 1 1 1 1 1 2 1 1 1 1 1 1 1 1 1 1 2 2 1 1 1 2
left_child=2 3 42 11 9 23 20 57 10 -4 -8 19 13 14 54 31 55 24 40 -2 21 -5 -23 33 25 26 -9 29 -24 -10 -18 -7 -29 -6 36 -36 -33 38 39 -25 -19 -42 43 44 45 48 47 -47 49 -1 -48 52 -39 -53 -13 -17 -15 58 59 -3 -59 -62
right_child=1 7 4 6 5 15 8 17 27 -11 -12 12 -14 56 -16 16 30 18 -20 -21 -22 22 28 37 -26 -27 -28 32 -30 -31 -32 34 -34 -35 35 -37 -38 51 -40 -41 41 -43 -44 -45 -46 46 50 -49 -50 -51 -52 53 -54 -55 -56 -57 -58 60 -60 -61 61 -63
leaf_value=1549.8808688592235 -51.258060435369593 -36.596290963535651 -67.950124602557665 24.575556802504163 -76.017111690998405 -75.280527275332048 27.164118813371172 -303.86918579122158 6.8906124219385676 -84.87578354309781 -45.564087914949233 190.88352045901001 -51.015321372984005 60.336865290627976 -88.195422156862293 0.42000444944078485 -29.864395588883838 13.996212265319992 22934.010565440625 -71.759908076841199 -30.877070371527818 -64.384023505861208 62.702024098504786 -49.45081378147129 -17.437631523138773 -208.20618973231717 15.143916353733585 -114.55056570153002 -23.7583060124628 -67.897910222729394 -68.994038566444587 -82.794485716697096 -68.268216292368194 -13.836506262887836 -30.686393192960079 -83.185295529639291 2.319261745662164 457.38478444003908 -87.065303688464894 147.72284045981797 8.5300190799241165 -48.195676701219419 -120.02479882758922 -119.60870771794899 -116.87484795020137 2080.6402593100465 398.87528648357221 9215.2477766578413 -160.17551641479574 15.546371943936629 98.065667312604205 21.381944374345586 3.8812577239808892 -35.15251020884407 -88.488076446810467 -54.233899430570915 427.91914997698717 -60.766320435351922 -57.147728669186897 -202.79995985423321 -16.883566770652035 11019.602859437658
leaf_weight=529 369999 58308 136284 488928 45701 105136 227718 61031 162479 190766 529768 6151 109511 70010 25944 164209 178963 4511148 377 600988 1768738 276730 123189 11368 859816 365937 305631 257597 287664 307723 177497 9404 318466 64681 28179 34938 52995 14171 49900 14230 1712415 2794672 98975 39184 12814 365 699 970 4145 1894 4537 69592 37631 86560 5921 164514 307 955003 380121 139199 1118861 369
leaf_count=529 369999 58308 136284 488928 45701 105136 227718 61031 162479 190766 529768 6151 109511 70010 25944 164209 178963 4511148 377 600988 1768738 276730 123189 11368 859816 365937 305631 257597 287664 307723 177497 9404 318466 64681 28179 34938 52995 14171 49900 14230 1712415 2794672 98975 39184 12814 365 699 970 4145 1894 4537 69592 37631 86560 5921 164514 307 955003 380121 139199 1118861 369
internal_value=-4.01525e-05 -3.00666e-05 -0.00014769 -5.93925e-05 -0.000130541 -0.000104135 -4.53248e-05 -1.69373e-05 -7.58002e-05 -0.000236271 -3.33238e-05 -0.000115587 -3.54469e-05 7.18418e-05 -0.000106716 -0.000134049 -0.000109518 -9.915e-06 -4.7293e-06 -0.000133568 -2.66609e-05 1.01576e-06 -3.04558e-05 -3.4575e-05 -3.92842e-05 -7.18653e-05 -2.3811e-05 -0.000106551 7.84616e-06 -6.59294e-05 -0.000156759 -0.000206908 -0.000139707 -0.000132627 -0.000137485 -0.000236166 -3.76463e-05 3.61295e-06 -0.000105949 0.000158193 -4.8472e-06 -1.64055e-05 -0.000318721 -0.000213647 -3.56849e-05 0.000184843 0.000489195 0.00154833 -0.000119366 0.000529594 0.000215784 4.33899e-05 0.000174651 -1.66017e-07 0.000199802 -5.82885e-05 0.000168378 -4.50358e-05 -8.45938e-05 -0.000173673 -3.40201e-05 -9.93037e-06
internal_weight=2.10016e+07 1.92007e+07 1.80083e+06 5.93783e+06 1.63672e+06 1.30967e+06 4.749e+06 1.32629e+07 1.80375e+06 327050 757486 1.18883e+06 217844 108333 38016 915835 685183 1.0611e+07 9.01861e+06 970987 2.94525e+06 1.17651e+06 687583 393834 1.59242e+06 732599 366662 1.04626e+06 410853 470202 356460 230652 576063 110382 125516 63117 62399 283452 75498 25598 9.01824e+06 4.50709e+06 164112 65137 25953 13139 6571 1335 6568 2423 5236 207954 51802 156152 12072 328723 70317 2.65186e+06 577628 197507 2.07423e+06 1.11923e+06
internal_count=21001550 19200719 1800831 5937831 1636719 1309669 4749000 13262888 1803751 327050 757486 1188831 217844 108333 38016 915835 685183 10611027 9018612 970987 2945249 1176511 687583 393834 1592415 732599 366662 1046265 410853 470202 356460 230652 576063 110382 125516 63117 62399 283452 75498 25598 9018235 4507087 164112 65137 25953 13139 6571 1335 6568 2423 5236 207954 51802 156152 12072 328723 70317 2651861 577628 197507 2074233 1119230
cat_boundaries=0 1 2 3 5 7 8 10 11 13 14 16 18 20 21 22 24 26 27 28 29 31 33 34 36 38 39 40 41 43 45 46 47 49 51 52 53 54 55 57 58 59 60 62 64 65 66 68 69 71
cat_threshold=4 4 4 1117562712 99974 114036964 159530 81024 435189455 10550 861250 272650374 16 8 772876049 171931 789252881 3222 2118467620 15153 1411 135922 9439553 90421 1299246204 4757 151025 2056 693798 1610891264 17 6293632 153617 888581 3336667155 60359 73418912 30737 339 846 264109 268960256 65536 235643040 33280 558707 18 1279323816 131308 1592017714 90880 495780 1331 1476395040 65540 33571584 82432 131104 32768 26 891814404 135168 3494188042 6730 1559 726738 84839000 17187 466950 170113175 203992
is_linear=0
shrinkage=0.05


Tree=95
num_leaves=63
num_cat=48
split_feature=0 0 0 17 17 11 1 13 17 13 11 13 17 13 2 1 13 17 13 14 15 13 13 14 15 2 13 15 14 13 15 15 13 13 15 14 13 11 13 14 15 13 14 14 13 13 14 13 15 2 14 13 13 6 14 6 14 13 3 16 13 14
split_gain=8.79027 2.842 2.34839 1.86703 1.73838 1.00717 0.957506 0.969963 0.914678 0.698677 0.671999 0.731568 0.642347 0.617177 0.60256 0.790562 0.597906 0.591774 0.912139 0.734139 0.730137 0.676018 0.577373 0.596023 0.597298 0.544635 0.569942 0.661184 0.522556 0.521592 0.980268 0.569362 0.516911 0.516788 0.67848 0.505031 0.548508 0.504054 0.518159 0.516087 0.529002 0.509395 0.499395 0.489995 0.653636 0.561873 0.487687 0.485905 0.54567 0.482218 0.555117 0.643564 0.481114 0.469891 0.469771 0.469591 0.464038 0.519136 0.487574 0.731031 0.486476 0.463541
threshold=11.384678363800051 12.231351852416994 10.566581249237062 0 1 10.56644916534424 8406.1752929687518 2 3 4 11.386874198913576 5 6 7 8.5000000000000018 388236.43750000006 8 9 10 11 12 13 14 15 16 33.500000000000007 17 18 19 20 21 22 23 24 25 26 27 12.239556312561037 28 29 30 31 32 33 34 35 36 37 38 16.500000000000004 39 40 41 37.500000000000007 42 23.500000000000004 43 44 80.649997711181655 45 46 47
decision_type=2 2 2 1 1 2 2 1 1 1 2 1 1 1 2 2 1 1 1 1 1 1 1 1 1 2 1 1 1 1 1 1 1 1 1 1 1 2 1 1 1 1 1 1 1 1 1 1 1 2 1 1 1 2 1 2 1 1 2 1 1 1
left_child=2 3 -1 10 9 52 17 28 37 -4 11 -2 33 49 22 -16 -14 18 19 32 -21 54 23 24 -10 26 -13 -28 29 30 -8 -31 -5 34 -7 47 -37 38 -3 -40 -41 46 53 44 -27 -45 -39 -9 -49 50 51 -12 61 -18 -19 -56 58 -58 60 -60 -24 -6
right_child=1 8 4 6 5 12 7 35 14 -11 13 25 16 -15 15 -17 42 21 -20 20 -22 -23 56 -25 -26 43 27 -29 -30 31 -32 -33 -34 -35 -36 36 -38 41 39 40 -42 -43 -44 45 -46 -47 -48 48 -50 -51 -52 -53 -54 -55 55 -57 57 -59 59 -61 -62 -63
leaf_value=-110.92849693365416 -54.874493412518135 28.092600762088843 -85.514293052793079 -89.339560398129109 -5.5201944188918795 46.377733869512284 678.93453330995237 -93.352982874275412 -273.92301937294326 -63.745875570742527 231.01972046561397 -105.66607369939538 -32.549826525130939 -69.381837517268295 -8.6754744986224974 21787.310037168594 -39.805945571848589 -45.165674092956579 -33.276000905284675 -85.818926234967876 127.96465192395971 -39.957231753427465 113.6046845780902 -195.99410208142592 6.2165018532956315 -7.9073954914619211 49.741076926017563 -68.851045078202787 -53.128869797867907 132.36887387777242 -19.818723842419786 -50.958197031478726 49.070534180155072 -66.118617844131549 -59.017041080506765 -62.280608394097911 -123.8161392787747 -87.878614852171182 85.959210468477679 -10.463229623321787 -142.59544530866577 -83.314614728109888 -64.970739700411201 176.44832967025414 272.9876035595459 -19.543413516573676 8.6379279490903169 -76.440176555685866 19.128752017772822 -38.0113970673493 -123.38512699490821 -100.71445636430212 0.73890850041661915 56.988801917530111 -20.220876885311284 21.585180514961849 78.81236587855129 -136.99530673684586 539.86338931018997 53.589653834273918 -145.2110259990375 -53.05318378264392
leaf_weight=164112 164619 372408 150100 68217 54525 17543 13298 150967 63225 159988 16808 36475 325093 439800 9018235 377 109529 297855 448936 40809 206054 1404146 74698 381854 319655 11203 37065 37226 437986 52067 18436 102820 97362 147342 52906 164037 203753 266984 87734 173616 173188 1180508 194953 11024 14470 48812 397423 91469 127765 290619 57019 40653 253050 20010 476552 415618 112073 302060 35749 160598 142503 65571
leaf_count=164112 164619 372408 150100 68217 54525 17543 13298 150967 63225 159988 16808 36475 325093 439800 9018235 377 109529 297855 448936 40809 206054 1404146 74698 381854 319655 11203 37065 37226 437986 52067 18436 102820 97362 147342 52906 164037 203753 266984 87734 173616 173188 1180508 194953 11024 14470 48812 397423 91469 127765 290619 57019 40653 253050 20010 476552 415618 112073 302060 35749 160598 142503 65571
internal_value=-3.85979e-05 -2.89527e-05 -0.000147085 -5.7432e-05 -0.000128049 -0.000101578 -4.35065e-05 -7.90023e-05 -1.60175e-05 -0.000233938 -0.000113075 -5.59633e-05 -0.000131128 -0.000137471 -9.45322e-06 -4.44655e-06 -0.000106208 -2.95099e-05 6.39829e-06 6.00778e-05 0.000114709 -4.14328e-05 -3.78084e-05 -6.91298e-05 -2.50459e-05 9.2345e-06 -6.39451e-05 1.55386e-05 -3.31454e-05 3.69156e-05 0.000221554 -9.25945e-07 -2.13747e-05 -0.000205442 -9.40187e-05 -0.000117812 -0.000159312 -4.22831e-05 -9.32233e-06 -4.64133e-05 -7.38201e-05 -5.67e-05 -0.000154224 0.00010403 0.000286708 2.55995e-05 -2.16779e-05 -7.65788e-05 -2.90402e-05 -9.29362e-05 -0.000179856 -7.01305e-05 -3.28901e-05 -7.81128e-05 -1.37071e-05 4.44465e-06 -8.86817e-06 -4.62794e-05 2.85962e-05 8.56982e-05 -2.3022e-05 -0.000115298
internal_weight=2.10016e+07 1.92868e+07 1.71472e+06 6.02394e+06 1.55061e+06 1.24052e+06 4.81815e+06 1.3626e+06 1.32629e+07 310088 1.20579e+06 360894 867376 844899 1.0611e+07 9.01861e+06 649585 3.45555e+06 861378 412442 246863 2.59417e+06 1.59242e+06 764734 382880 196275 110766 74291 624607 186621 31734 154887 165579 217791 70449 737991 367790 2.65186e+06 806946 434538 346804 1.84492e+06 324492 85509 25673 59836 664407 370201 219234 405099 114480 57461 373146 129539 1.19002e+06 892170 827681 414133 413548 196347 217201 120096
internal_count=21001550 19286828 1714722 6023940 1550610 1240522 4818147 1362598 13262888 310088 1205793 360894 867376 844899 10611027 9018612 649585 3455549 861378 412442 246863 2594171 1592415 764734 382880 196275 110766 74291 624607 186621 31734 154887 165579 217791 70449 737991 367790 2651861 806946 434538 346804 1844915 324492 85509 25673 59836 664407 370201 219234 405099 114480 57461 373146 129539 1190025 892170 827681 414133 413548 196347 217201 120096
cat_boundaries=0 1 2 4 5 7 9 10 12 14 15 17 18 19 21 23 24 25 27 28 29 31 32 33 35 37 38 39 41 43 44 45 47 48 49 51 53 54 56 57 58 60 62 63 64 66 67 69 70
cat_threshold=4 4 1102292824 108039 4 958654219 38101 2231148042 222024 8 199171985 134290 777202961 171915 2 451303463 246704 271930 2560 4291593236 14665 1299246204 4821 413041 2056 268444036 2193 1594 407553 8 1030 1864 401 146800647 82080 555100644 5168 74 40678 839123075 131528 3555788604 147651 24624 3906 1008492610 58117 362245 35146 1207984401 36997 8576 132 544552 436224134 131400 852 988485 50463760 2064 9455953 90407 102480 889395 268697731 131080 68 34345218 16642 970833
is_linear=0
shrinkage=0.05


Tree=96
num_leaves=63
num_cat=43
split_feature=0 0 0 17 17 17 1 11 13 13 2 13 13 14 13 1 13 17 13 11 3 13 14 13 15 3 14 16 13 14 13 14 14 14 13 15 2 13 13 13 1 13 14 6 3 13 13 15 3 11 14 13 14 2 14 13 13 15 1 3 14 15
split_gain=8.16564 2.65769 2.48005 1.74617 1.63923 0.923968 0.921118 0.901636 0.900797 0.697603 0.679653 1.15962 0.737972 0.629977 0.682377 0.972998 0.656021 0.583732 0.607421 0.573823 0.56953 0.911622 0.833673 0.668382 0.608212 0.587104 0.538965 0.524293 1.18423 0.928774 0.895777 0.542877 0.53205 0.506898 0.702603 0.547625 0.500413 0.625535 0.60487 0.474404 0.505799 0.512864 0.555856 0.474338 0.831927 0.585128 0.4666 0.642318 0.487438 0.459609 0.456568 0.446155 0.440277 0.425971 0.565043 0.949817 0.498526 0.430447 0.434358 0.425381 0.422385 0.408346
threshold=11.384678363800051 12.231351852416994 10.566581249237062 0 1 2 8406.1752929687518 10.56644916534424 3 4 16.500000000000004 5 6 7 8 7883.5864257812509 9 10 11 11.386874198913576 74.850002288818374 12 13 14 15 76.250000000000014 16 17 18 19 20 21 22 23 24 25 24.500000000000004 26 27 28 10807.518066406252 29 30 2.5000000000000004 99.450000762939467 31 32 33 94.750000000000014 11.386874198913576 34 35 36 8.5000000000000018 37 38 39 40 30868.512695312504 73.250000000000014 41 42
decision_type=2 2 2 1 1 1 2 2 1 1 2 1 1 1 1 2 1 1 1 2 2 1 1 1 1 2 1 1 1 1 1 1 1 1 1 1 2 1 1 1 2 1 1 2 2 1 1 1 2 2 1 1 1 2 1 1 1 1 2 2 1 1
left_child=2 3 51 10 9 53 19 39 33 -4 11 26 13 14 15 -12 -15 46 -19 27 21 -21 -23 24 -22 -25 -2 28 -5 -30 32 -32 -29 34 -8 -36 38 -38 -7 50 -41 42 -42 44 45 -14 47 48 -9 -45 -6 52 -1 54 55 -3 -56 -58 -59 -16 -20 -10
right_child=1 5 4 6 7 36 8 17 61 -11 12 -13 43 16 59 -17 -18 18 60 20 23 22 -24 25 -26 -27 -28 30 29 -31 31 -33 -34 -35 35 -37 37 -39 -40 40 41 -43 -44 49 -46 -47 -48 -49 -50 -51 -52 -53 -54 -55 56 -57 57 58 -60 -61 -62 -63
leaf_value=-51.788924169237589 -69.357347068429235 -162.68194859113501 -61.576595683772489 -39.051934197349155 -5.2441846979472757 -84.402834839992295 -53.423144852181217 39.41657209707342 -56.094475714040712 -76.51047300268506 54.370861274579603 -47.703762839709725 156.91291839831649 20.10655288183607 60.28970055368972 4493.7114959603114 -69.959410736482099 -30.922335198874393 -65.28635408095947 -76.352392625689006 68.292299985302165 26.448824359540961 -51.911128791647208 91.128243622586893 -3.1991003701579759 -36.08071144743726 -121.54649711231087 -12.729395843519759 11.921018870014393 228.72161345190889 74.776534485310918 -27.307595893516556 -115.50202106834023 -45.625574986520405 367.84109242841561 23.174667925638644 -48.52632368867981 0.20306551830599348 -31.666288620627256 4.5855453932663295 83.983479813656587 -132.64392875615769 -72.936562093869597 -20.48754472153955 14576.562374310373 -47.191182720284104 -63.309349839749622 -58.386196458768474 -108.37182595175932 -67.107667532312448 -52.018050187342126 -108.47713403952703 -109.04582356017005 13.848809304272434 -222.8765803579947 268.44891910170776 -466.74287448209839 559.30905628709206 -40.930928220993707 -45.908438187115024 -30.417954862563786 -92.370709716667818
leaf_weight=26064 71322 104603 134832 148726 51110 1526515 48968 21507 395531 175256 34012 183382 9991 79793 33720 1985 180329 325093 146250 367944 108166 202866 306711 48286 538643 844218 86047 140366 84935 103798 175689 215870 169331 456802 32270 32359 1949100 2686601 1793686 235982 4208 12459 7988 130305 382 20572 142866 50288 3130 304802 61399 105749 32299 4511352 233745 134544 26645 13899 282198 69151 178242 396668
leaf_count=26064 71322 104603 134832 148726 51110 1526515 48968 21507 395531 175256 34012 183382 9991 79793 33720 1985 180329 325093 146250 367944 108166 202866 306711 48286 538643 844218 86047 140366 84935 103798 175689 215870 169331 456802 32270 32359 1949100 2686601 1793686 235982 4208 12459 7988 130305 382 20572 142866 50288 3130 304802 61399 105749 32299 4511352 233745 134544 26645 13899 282198 69151 178242 396668
internal_value=-3.72456e-05 -2.79494e-05 -0.000141807 -5.54898e-05 -0.000122245 -1.54407e-05 -4.20225e-05 -9.65396e-05 -7.68373e-05 -0.00022507 -0.000109301 -0.000169113 -8.57422e-05 -3.58266e-05 5.01596e-05 0.000237496 -8.17311e-05 -0.000124499 -0.000100743 -2.82944e-05 -4.16519e-05 -7.37989e-05 -3.04919e-05 -2.33258e-05 1.53765e-05 -5.13735e-05 -0.000268679 2.78517e-06 5.39921e-05 0.000137137 -2.18571e-05 2.84003e-05 -8.5398e-05 -2.89253e-05 6.55906e-05 0.00017382 -2.62191e-05 -1.56068e-05 -4.10363e-05 -3.15502e-05 5.49258e-06 -0.000209997 2.06461e-05 -0.000128472 6.06726e-05 3.16891e-05 -0.000195341 -9.42479e-05 0.000114883 -0.000141927 -0.000117353 -0.000326642 -0.000215536 7.17832e-07 -3.30134e-05 3.12624e-05 -6.06351e-05 -2.03588e-05 -3.0339e-06 -1.54105e-05 -0.000149139 -0.000111333
internal_weight=2.10016e+07 1.92868e+07 1.71472e+06 6.02394e+06 1.55061e+06 1.32629e+07 4.81815e+06 1.24052e+06 1.3626e+06 310088 1.20579e+06 340751 865042 398990 138868 35997 260122 867376 649585 3.45555e+06 2.41683e+06 877521 509577 1.53931e+06 646809 892504 157369 1.03872e+06 337459 188733 701256 391559 309697 570399 113597 64629 7.9559e+06 4.6357e+06 3.3202e+06 373146 260637 24655 12196 466052 30945 30563 217791 74925 24637 435107 112509 164112 58363 5.30699e+06 795634 239147 556487 322742 296097 102871 324492 792199
internal_count=21001550 19286828 1714722 6023940 1550610 13262888 4818147 1240522 1362598 310088 1205793 340751 865042 398990 138868 35997 260122 867376 649585 3455549 2416834 877521 509577 1539313 646809 892504 157369 1038715 337459 188733 701256 391559 309697 570399 113597 64629 7955902 4635701 3320201 373146 260637 24655 12196 466052 30945 30563 217791 74925 24637 435107 112509 164112 58363 5306986 795634 239147 556487 322742 296097 102871 324492 792199
cat_boundaries=0 1 2 3 5 7 9 11 12 14 16 17 19 21 22 24 25 26 27 29 30 32 33 34 35 37 38 40 42 44 46 47 49 51 52 53 55 56 57 59 61 62 63 64
cat_threshold=4 4 18 1085515608 99847 1188829412 27434 3640138594 160392 467213249 138388 283690 269488128 132112 151521792 4224 8 777202961 171915 276330094 51462 748552 1558483062 35652 1152 412261 20 3492397365 166377 537659 1767254504 54852 685105 371816 14337 1084301824 66049 347 62724357 207939 3345392336 21944 9455953 90405 2282725542 134336 280692 32780 74019 555100644 5176 330 970833 1323582258 90368 512164 71825 2587483472 34566 563108469 104865 8 14586 2730
is_linear=0
shrinkage=0.05


Tree=97
num_leaves=63
num_cat=45
split_feature=0 0 0 17 17 1 11 17 13 13 11 2 13 13 13 17 13 14 0 13 2 13 14 13 14 15 6 14 13 11 0 13 14 14 14 3 13 14 14 13 15 13 1 13 14 1 13 14 13 14 15 13 14 16 15 14 0 13 17 14 11 13
split_gain=7.64025 2.51382 2.46518 1.71732 1.38216 0.906563 0.820894 0.904902 0.817218 0.725212 0.693832 0.65631 0.897012 0.640268 0.630971 0.568844 0.722273 0.57237 0.730146 0.567842 0.550892 0.607489 0.596714 0.528058 0.545801 0.578457 0.526362 1.21707 3.16958 0.513025 0.790978 0.479156 0.474138 0.464094 0.463005 0.460891 1.13755 1.51303 0.494164 0.596666 0.469602 0.456676 0.540126 0.779518 0.852901 0.508881 3.26079 0.444958 0.456317 0.44044 0.437325 0.434221 0.427058 0.572083 0.440513 0.425834 0.420103 0.570288 0.594851 0.46881 0.495605 0.98827
threshold=11.384678363800051 12.231351852416994 10.685305595397951 0 1 8675.4951171875018 12.239556312561037 2 3 4 10.685154438018801 27.500000000000004 5 6 7 8 9 10 11.533604145050051 11 30.500000000000004 12 13 14 15 16 43.500000000000007 17 18 12.534354209899904 12.535017967224123 19 20 21 22 97.950000762939467 23 24 25 26 27 28 3487.3161621093755 29 30 3373.397338867188 31 32 33 34 35 36 37 38 39 40 10.36855983734131 41 42 43 10.363864898681642 44
decision_type=2 2 2 1 1 2 2 1 1 1 2 2 1 1 1 1 1 1 2 1 2 1 1 1 1 1 2 1 1 2 2 1 1 1 1 2 1 1 1 1 1 1 2 1 1 2 1 1 1 1 1 1 1 1 1 1 2 1 1 1 2 1
left_child=2 3 56 11 9 15 -3 -8 -7 -4 41 12 26 -13 -12 16 17 18 -5 34 23 22 31 -9 25 -25 -2 28 -28 33 -31 -22 -16 -23 -17 38 37 -37 39 -10 -38 -6 45 -44 -45 50 -47 48 -21 -11 -43 -19 53 -18 -54 -14 -1 58 59 60 61 -58
right_child=1 6 4 5 10 8 7 20 35 49 14 13 55 -15 32 19 52 51 -20 47 21 29 -24 24 -26 -27 27 -29 -30 30 -32 -33 -34 -35 -36 36 40 -39 -40 -41 -42 42 43 44 -46 46 -48 -49 -50 -51 -52 -53 54 -55 -56 -57 57 -59 -60 -61 -62 -63
leaf_value=-111.79467111989334 -88.451482697662598 5.6771305581298295 -78.974409105137426 198.76697913901509 -39.801146559422911 -28.043833557250949 -18.83144863434427 -36.506496681566659 -114.21716881559041 -21.42686220220676 -25.688465008901751 -49.162064529214845 -92.613329952384902 -17.230761598998289 -34.910455841698017 -14.937980682572652 84.81672496459457 71.850896170715174 61.895274349082143 44.96523866778962 -30.840507375045856 -139.90821083912107 -30.51260518543295 -129.11085783418147 -115.63498288459833 23.973575851571386 4997.742480764523 -43.094791085773437 -196.96390216336692 8812.8796486008505 -51.898890903177019 167.76464490236995 -61.873422546095348 -55.038802894282348 -56.942652354452918 1680.9694315684155 126.96377222448555 9.8375315801351473 -93.878939765647559 21.978647452596306 -153.06737429237955 170.79684002463677 -92.156682248024396 -93.08278250716242 95.902992162159904 262.20636187867859 -89.32292496315786 -28.231808281037321 -12.652504417733509 -67.532868979560504 0.78110770643779692 -71.347409715816511 -103.38568996687562 -73.525756065141834 -22.50978841474662 -34.017824901261797 331.35369314815529 -78.299098018201676 -69.909113379186167 -64.331560054602647 27.517773714860631 24.647505226128079
leaf_weight=80894 263137 4035415 130495 26977 98993 659064 5536924 800753 61418 64882 361831 283829 44267 361301 231531 382248 114576 105234 189787 208860 75093 53642 598710 110583 776701 220705 367 4598 740 447 710707 182372 229772 160836 723470 4084 7185 7965 471693 94134 14058 28251 38946 19575 23121 772 2111 912261 399791 98534 142295 112307 109278 60681 153076 247554 1910 103620 23708 17688 12332 3461
leaf_count=80894 263137 4035415 130495 26977 98993 659064 5536924 800753 61418 64882 361831 283829 44267 361301 231531 382248 114576 105234 189787 208860 75093 53642 598710 110583 776701 220705 367 4598 740 447 710707 182372 229772 160836 723470 4084 7185 7965 471693 94134 14058 28251 38946 19575 23121 772 2111 912261 399791 98534 142295 112307 109278 60681 153076 247554 1910 103620 23708 17688 12332 3461
internal_value=-3.6029e-05 -2.70368e-05 -0.000137171 -5.38214e-05 -0.000112775 -4.04659e-05 -1.48714e-05 -2.30976e-05 -7.57804e-05 -0.000209768 -8.85557e-05 -0.000107187 -0.000146757 -7.27988e-05 -0.000113732 -2.71459e-05 7.84747e-06 5.35273e-05 0.000111029 -3.8762e-05 -4.22762e-05 -2.22822e-05 8.07408e-06 -6.09407e-05 -8.32979e-05 -2.9562e-05 -0.000212648 0.00026249 0.00174261 -5.03602e-05 -2.99185e-05 7.17259e-05 -0.000152502 -0.000118142 -6.60275e-05 -0.000115084 6.62026e-05 0.00045406 -0.000124708 -4.74147e-05 -0.000153931 -3.0028e-05 5.34976e-06 -0.000100695 4.68791e-05 5.52709e-05 0.000714014 -1.89394e-05 1.41701e-05 -0.000139561 4.41352e-05 -3.77105e-06 -3.74874e-05 2.29455e-05 -7.7857e-05 -8.60442e-05 -0.000284494 -0.000238199 -0.000114187 1.56639e-05 0.000197511 0.000598492
internal_weight=2.10016e+07 1.92868e+07 1.71472e+06 6.02394e+06 1.47111e+06 4.81815e+06 1.32629e+07 9.22747e+06 1.3196e+06 293911 1.1772e+06 1.20579e+06 560663 645130 823134 3.49855e+06 871916 434305 216764 2.62663e+06 3.69055e+06 1.78181e+06 856175 1.90874e+06 1.10799e+06 331288 268842 5705 1107 925632 711154 257465 461303 214478 1.10572e+06 660537 33292 12049 627245 155552 21243 354064 255071 81642 42696 173429 2883 1.52091e+06 608651 163416 170546 217541 437611 175257 262354 291821 243613 162719 59099 35391 17703 5371
internal_count=21001550 19286828 1714722 6023940 1471109 4818147 13262888 9227473 1319601 293911 1177198 1205793 560663 645130 823134 3498546 871916 434305 216764 2626630 3690549 1781807 856175 1908742 1107989 331288 268842 5705 1107 925632 711154 257465 461303 214478 1105718 660537 33292 12049 627245 155552 21243 354064 255071 81642 42696 173429 2883 1520912 608651 163416 170546 217541 437611 175257 262354 291821 243613 162719 59099 35391 17703 5371
cat_boundaries=0 1 2 3 5 7 9 11 13 14 16 17 19 21 22 24 25 26 27 29 31 32 33 34 36 37 38 40 41 43 45 46 48 49 51 52 53 55 56 57 58 59 61 62 63 65
cat_threshold=4 4 19 1119332184 108167 958653706 38101 3505404878 217240 1680326716 58189 790260993 40344 2 451303463 246768 743621 3281451 247734 3691471688 184232 561228 3096597859 2838 801280 92 147616 3226480640 131200 402916096 1056 362389 282112 599682 557842471 6144 400396 33318 956303494 2056 582 1050961 90421 834950152 138314 568914 42770560 4104 401833 8752144 10304 532924 24 270948384 164480 91496 29 158 8336 1254171521 159248 19 60245 4259841 10752
is_linear=0
shrinkage=0.05


Tree=98
num_leaves=63
num_cat=44
split_feature=0 0 0 17 17 1 13 13 17 1 13 11 11 13 13 14 13 13 2 1 13 11 15 13 14 14 13 3 3 16 14 13 14 13 11 13 14 13 17 13 14 13 11 15 14 14 14 2 13 1 15 13 0 13 17 2 14 13 13 14 13 13
split_gain=7.36968 2.51592 2.41777 1.57119 1.27653 0.928288 0.870007 0.797823 0.785847 0.71373 1.10688 0.612839 0.61256 0.682231 0.631902 0.588565 1.34263 0.587626 0.551475 0.789739 0.56094 0.544775 0.53182 0.510578 0.503168 0.462932 0.622998 0.482536 0.460715 0.532668 1.5002 0.534685 0.45838 0.454599 0.444402 0.471154 0.469059 0.452782 0.428859 0.783902 0.42856 0.426338 0.425891 0.510601 0.449091 0.417586 0.406588 0.405162 0.401618 0.451255 0.394729 1.12411 0.394433 0.49704 0.482828 0.453791 0.705892 1.24971 0.624226 0.398434 0.433738 0.397367
threshold=11.384678363800051 10.685305595397951 12.231351852416994 0 1 8675.4951171875018 2 3 4 9669.4501953125018 5 10.685154438018801 11.386874198913576 6 7 8 9 10 8.5000000000000018 388236.43750000006 11 11.609022140502931 12 13 14 15 16 69.649997711181655 80.850002288818374 17 18 19 20 21 12.239556312561037 22 23 24 25 26 27 28 11.836436271667482 29 30 31 32 48.500000000000007 33 11047.436523437502 34 35 10.36855983734131 36 37 29.500000000000004 38 39 40 41 42 43
decision_type=2 2 2 1 1 2 1 1 1 2 1 2 2 1 1 1 1 1 2 2 1 2 1 1 1 1 1 2 2 1 1 1 1 1 2 1 1 1 1 1 1 1 2 1 1 1 1 2 1 2 1 1 2 1 1 2 1 1 1 1 1 1
left_child=1 52 3 9 7 21 -7 -3 34 12 32 48 14 -14 -2 16 -16 -13 20 -20 28 -5 -17 46 -22 26 -8 -28 -10 30 -30 -31 33 -11 35 -4 50 -36 39 -26 -12 45 44 -44 -25 -27 -23 -48 -6 -50 51 -37 61 54 55 59 57 -57 -58 60 -54 -1
right_child=2 4 8 5 11 6 25 -9 18 10 40 17 13 -15 15 22 -18 -19 19 -21 24 23 -24 42 38 41 27 -29 29 31 -32 -33 -34 -35 37 36 -38 -39 -40 -41 -42 -43 43 -45 -46 -47 47 -49 49 -51 -52 -53 53 -55 -56 56 58 -59 -60 -61 -62 -63
leaf_value=-97.039822751365691 -46.478747070766076 -75.025688649880564 28.107558737140433 -2.6788055650575191 -33.617976487257422 -26.641641879388409 -93.12863894727144 -49.872949831487261 -63.750720420153087 25.063180386251862 -93.149854461303363 -15.595145964253062 -32.742248357727661 -57.905552763033853 -45.959417613861298 39.785990375325042 159.00165978333118 -46.791927756655561 -6.4793573553739412 20698.193667276671 -179.81866222994589 -74.187933985187016 -39.201557340697768 78.429635472431627 3779.0246951166223 17.790822663075389 101.9657208097114 -32.316128990298971 888.92998059246167 113.58052257136769 -139.39095470508923 -122.97645895428887 -117.76732254399616 -108.67239124213012 -26.045768566333209 1061.016581882614 -94.547116458911844 -77.845718806343939 -94.446011444693823 54.696283595906976 -18.181042875333333 -99.475376032036209 20.491720765907303 -33.295816339083196 -41.366689608958524 -101.38298173181266 -48.575906586935531 31.5407764459876 4.2451375391529842 -71.114758794791356 -13.448165863274699 -90.804898921152017 -149.41168232637511 -73.819296912729541 -68.687907377708925 3457.3090849299388 86.003733009086233 199.28538826765259 -61.114982051872495 -84.833849972515509 790.75002061769544 -111.20929183921585
leaf_weight=35478 86016 130495 372568 1538717 120291 659064 100940 163416 421756 21141 37636 246569 305869 332606 16475 49564 20815 576565 9018235 377 357440 302347 99756 41836 4422 63427 30537 98952 33940 158997 34691 146655 85500 35834 775007 12654 260043 1069908 329765 104749 114581 292193 433787 435004 381751 74488 269794 95310 211676 22097 145218 16463 1449 103493 23701 822 6407 2474 7960 13264 3149 45416
leaf_count=35478 86016 130495 372568 1538717 120291 659064 100940 163416 421756 21141 37636 246569 305869 332606 16475 49564 20815 576565 9018235 377 357440 302347 99756 41836 4422 63427 30537 98952 33940 158997 34691 146655 85500 35834 775007 12654 260043 1069908 329765 104749 114581 292193 433787 435004 381751 74488 269794 95310 211676 22097 145218 16463 1449 103493 23701 822 6407 2474 7960 13264 3149 45416
internal_value=-3.4891e-05 -0.000134226 -2.60595e-05 -5.23274e-05 -0.00010958 -3.95527e-05 -7.52878e-05 -0.000202794 -1.41287e-05 -0.000103372 -0.000171012 -8.63046e-05 -8.14949e-05 -0.000108285 -1.87542e-05 3.29284e-05 0.00021059 -0.000109966 -8.04431e-06 -3.25457e-06 -3.51709e-05 -2.60741e-05 -1.14507e-05 -4.35566e-05 -6.48399e-05 -0.000115841 -5.86463e-05 1.39427e-05 -5.48851e-06 3.48899e-05 0.000160757 6.62217e-06 -0.000271168 -0.000161226 -3.84744e-05 -7.52543e-06 -4.29082e-05 -5.20114e-05 -2.89735e-05 5.69197e-05 -7.72427e-05 -0.00014648 -2.52156e-05 -5.17396e-06 -6.63224e-05 -7.40071e-05 -7.90686e-05 -4.3553e-05 -3.12989e-05 6.90218e-06 2.05488e-05 0.000188537 -0.000283057 -0.000238199 -0.000122611 -5.97954e-06 0.000173725 0.000832426 2.20148e-05 -0.000183686 0.000217231 -0.00037329
internal_weight=2.10016e+07 1.71472e+06 1.92868e+07 6.02394e+06 1.47111e+06 4.81815e+06 1.3196e+06 293911 1.32629e+07 1.20579e+06 294692 1.1772e+06 911101 638475 272626 186610 37290 823134 1.0611e+07 9.01861e+06 1.59242e+06 3.49855e+06 149320 1.95983e+06 796376 660537 230429 129489 796039 374283 68631 305652 142475 56975 2.65186e+06 806946 434378 1.84492e+06 438936 109171 152217 430108 1.29238e+06 868791 423587 137915 667451 365104 354064 233773 174335 29117 243613 162719 59226 35525 17663 3296 14367 17862 4598 80894
internal_count=21001550 1714722 19286828 6023940 1471109 4818147 1319601 293911 13262888 1205793 294692 1177198 911101 638475 272626 186610 37290 823134 10611027 9018612 1592415 3498546 149320 1959829 796376 660537 230429 129489 796039 374283 68631 305652 142475 56975 2651861 806946 434378 1844915 438936 109171 152217 430108 1292378 868791 423587 137915 667451 365104 354064 233773 174335 29117 243613 162719 59226 35525 17663 3296 14367 17862 4598 80894
cat_boundaries=0 1 2 4 6 7 9 11 13 14 16 18 20 21 23 24 25 27 28 29 31 32 34 36 37 39 40 41 42 44 45 46 47 48 50 51 53 55 56 57 59 61 62 64 66
cat_threshold=4 4 1119332184 108167 958653706 38101 4 3640154978 160392 467361536 160914 2220790792 147784 36874 134245201 6790 555363329 38280 848171907 257386 102 1189451 222222 856718 42534 956321922 16456 68 594615 8782464 175400 395877 134762816 12800 3555788604 180291 26683 1008492866 125701 1 16 33426 822083714 147520 3466 136 856384 397438 277875029 90421 320 134889664 67764 1256268673 157200 19 303360 6291457 147456 46138240 9216 87 10486401 16384 304895866 115112
is_linear=0
shrinkage=0.05


Tree=99
num_leaves=63
num_cat=47
split_feature=0 0 0 17 17 1 13 2 13 13 17 1 13 11 11 13 3 13 13 14 14 13 1 13 14 15 13 3 6 14 15 13 15 13 13 14 14 14 13 14 13 15 14 13 13 14 1 16 14 13 4 13 14 13 14 13 14 13 3 16 15 16
split_gain=6.91116 2.69605 2.25649 1.49173 1.18517 0.925164 0.820961 0.791294 0.76583 0.683878 0.646609 0.617894 1.04678 0.576732 0.550703 0.611783 0.52973 0.696011 0.671794 0.634425 0.593952 0.509541 0.505685 2.93956 3.7999 3.01212 1.57148 0.491985 0.451088 0.545431 0.778204 0.436324 0.43232 0.652593 0.588121 0.544091 0.500652 0.464713 0.431599 0.431319 0.595011 0.426951 0.481388 0.808913 0.425773 0.457217 0.52129 0.487962 0.424575 0.500637 0.514697 0.422439 0.41336 0.492213 0.398119 0.392972 0.392205 0.66463 0.806181 0.483991 0.391903 0.381096
threshold=11.406220912933351 10.685305595397951 12.231351852416994 0 1 8675.4951171875018 2 12.500000000000002 3 4 5 9669.4501953125018 6 11.609022140502931 10.685154438018801 7 74.850002288818374 8 9 10 11 12 139907.17187500003 13 14 15 16 76.850002288818374 2.5000000000000004 17 18 19 20 21 22 23 24 25 26 27 28 29 30 31 32 33 19365.343750000004 34 35 36 1.5000000000000002 37 38 39 40 41 42 43 60.45000076293946 44 45 46
decision_type=2 2 2 1 1 2 1 2 1 1 1 2 1 2 2 1 2 1 1 1 1 1 2 1 1 1 1 2 2 1 1 1 1 1 1 1 1 1 1 1 1 1 1 1 1 1 2 1 1 1 2 1 1 1 1 1 1 1 2 1 1 1
left_child=1 51 3 11 8 13 -7 9 -3 -4 44 21 52 32 31 -16 17 -15 20 -19 -18 28 38 24 25 -24 -26 -20 29 30 -2 -6 33 35 -34 -5 -36 -35 -12 -23 -41 42 55 -44 45 -9 -47 -48 49 50 -14 -1 53 -13 61 -8 57 58 -10 -60 -31 -17
right_child=2 4 7 5 14 6 41 10 56 -11 22 12 48 16 15 54 18 19 27 -21 -22 39 23 -25 26 -27 -28 -29 -30 60 -32 -33 34 37 36 -37 -38 -39 -40 40 -42 -43 43 -45 -46 46 47 -49 -50 -51 -52 -53 -54 -55 -56 -57 -58 -59 59 -61 -62 -63
leaf_value=-73.874603862227744 6488.3230660724239 -71.498683431240579 -12.404952997349756 -113.87983585491003 -35.938340261465918 -23.219370719329529 12.595424859895321 -3.128355166987058 406.42112239622747 -97.147294822247034 -53.819910652682125 -5.4563671126278583 -35.712907061124682 -81.296880295225861 -19.188690617177553 -60.721042785589773 50.592107578311065 -64.166554754657781 74.701751636460003 12.038985427663739 -15.627942872406695 -3.8936023697108797 117053.98274145316 -852.80625862760644 78788.579503897519 217844.96001489507 -3917.8855071582639 -39.526465820626619 -51.687696153080111 79.00549650999865 -2.5052130329218474 0.44743715227336911 -51.101669917611986 2.8848696439022206 -58.344178319395454 3.1097406346087157 25.155037012927369 61.33995467535442 -13.181883081955377 -6.7775833780860921 -66.772461325828132 -83.795718209476036 -92.955166972899235 59.706854707624373 -11.624452076550369 56.381631495599869 2094.3904494132976 319.6099744734413 -21.768753258962171 -123.48563451850232 459.41571759450835 -79.833735201584346 -113.08307767413008 -106.63898406390791 -53.246400469457562 -110.18175082939433 -58.918867815086884 -62.538664167994241 56.775601537533888 -81.046163184037468 -106.17096647304814 -18.084057729326826
leaf_weight=98382 3370 131278 1211533 59926 112259 600165 28460 784086 261 1666056 1869567 26392 6691 313860 312481 41290 208397 179840 55800 218143 314933 277821 245 5195 317 373 1157 668856 317113 7570 4627 262493 362806 188523 124645 139141 375896 229942 4351167 126119 152705 471121 52677 89051 2413110 718712 79428 161942 121317 21687 1136 145231 70091 44786 335223 66818 126235 29255 15493 8351 7406 182599
leaf_count=98382 3370 131278 1211533 59926 112259 600165 28460 784086 261 1666056 1869567 26392 6691 313860 312481 41290 208397 179840 55800 218143 314933 277821 245 5195 317 373 1157 668856 317113 7570 4627 262493 362806 188523 124645 139141 375896 229942 4351167 126119 152705 471121 52677 89051 2413110 718712 79428 161942 121317 21687 1136 145231 70091 44786 335223 66818 126235 29255 15493 8351 7406 182599
internal_value=-3.3903e-05 -0.00012756 -2.51189e-05 -5.07361e-05 -0.000103363 -3.8197e-05 -7.39861e-05 -1.36499e-05 -0.000190703 -3.68514e-05 -7.22122e-06 -0.000100825 -0.000163984 -2.45886e-05 -8.15754e-05 -0.000103369 -4.23831e-05 -7.68023e-05 -2.27506e-05 -3.28933e-05 2.04174e-05 -8.02527e-05 -1.74144e-05 0.000398861 0.00197621 0.00524045 0.000581537 -5.39251e-05 -0.000128472 8.54704e-05 0.000418572 -3.08893e-05 -1.03911e-06 3.09036e-05 -2.38871e-05 -4.36183e-05 1.12471e-05 6.63545e-05 -1.79021e-05 -5.07895e-05 -9.47225e-05 -0.000110449 -5.57046e-05 2.72381e-06 8.04923e-06 2.68704e-05 5.00051e-05 0.000113581 -7.23638e-05 -0.000242412 0.000100358 -0.000282236 -0.000261783 -0.000176841 -0.000134686 -0.000142609 -0.00012359 -9.9302e-06 0.000184429 0.000154253 -9.26193e-05 -8.30481e-05
internal_weight=2.10016e+07 1.80083e+06 1.92007e+07 5.93783e+06 1.55722e+06 4.749e+06 1.30829e+06 1.32629e+07 310873 2.87759e+06 1.03853e+07 1.18883e+06 292100 3.44071e+06 1.24634e+06 871593 1.95983e+06 711843 1.24799e+06 397983 523330 896731 6.22802e+06 7287 2092 618 1474 724656 340086 22973 7997 374752 1.48088e+06 617532 863347 199067 500541 418465 6.22073e+06 556645 278824 708127 237006 141728 4.15728e+06 1.74417e+06 960082 241370 150831 29514 7827 243613 141269 71178 559112 95278 179595 53360 24105 23844 14976 223889
internal_count=21001550 1800831 19200719 5937831 1557218 4749000 1308292 13262888 310873 2877589 10385299 1188831 292100 3440708 1246345 871593 1959829 711843 1247986 397983 523330 896731 6228021 7287 2092 618 1474 724656 340086 22973 7997 374752 1480879 617532 863347 199067 500541 418465 6220734 556645 278824 708127 237006 141728 4157278 1744168 960082 241370 150831 29514 7827 243613 141269 71178 559112 95278 179595 53360 24105 23844 14976 223889
cat_boundaries=0 1 2 4 6 8 9 11 13 15 17 18 19 21 23 24 25 27 28 29 31 32 34 36 37 38 39 41 42 44 45 46 48 50 51 52 53 55 57 58 60 61 63 64 66 67 68 69
cat_threshold=4 4 1085515608 108167 3106071818 168148 412358535 207080 18 3640154978 160392 689466625 38296 340423279 11078 1548546276 2885 365396 265419 3827736588 50025 908067340 139442 49229 1712 536870912 8194 232128 1473 277875013 90417 309 589701424 18312 2425422828 169127 4810 66067 623390 313856257 140432 447531 164186627 69760 2090 917849 3137339524 320 131683156 29953 101212 40 32914 229377 22 1245782962 91952 397157 134762816 12800 362260 855638017 6152 534824 1176306176 16907 39 694 72
is_linear=0
shrinkage=0.05


Tree=100
num_leaves=63
num_cat=42
split_feature=0 0 0 2 17 13 11 17 13 14 11 17 13 15 13 13 1 13 14 13 11 13 17 13 14 1 15 13 14 13 3 0 13 14 1 15 13 14 0 3 14 13 0 1 14 14 13 13 1 13 14 13 2 13 13 14 1 15 0 14 16 13
split_gain=6.56331 2.66687 2.10284 1.51509 1.20166 1.11713 1.05233 0.996275 0.790987 0.787196 0.727162 0.742677 0.671523 0.639099 0.551001 0.526764 0.65508 2.28343 0.530409 0.515394 0.50763 0.594233 0.501232 0.476058 0.743526 0.471073 0.982459 0.460754 0.501926 0.541681 0.539549 0.521786 0.485103 0.478431 0.450008 0.448255 0.524965 0.461977 0.508771 0.436932 0.630568 1.04729 0.433982 0.452853 0.430565 0.430395 0.42803 0.427475 0.441875 0.710585 1.02054 0.413916 0.411065 0.766924 0.407432 0.403186 0.445537 0.400318 0.398449 1.24581 0.945911 0.773443
threshold=11.406220912933351 10.685305595397951 12.280593872070314 12.500000000000002 0 1 11.386874198913576 2 3 4 12.288261890411379 5 6 7 8 9 13913.367187500002 10 11 12 10.685154438018801 13 14 15 16 9988.9702148437518 17 18 19 20 68.250000000000014 12.899594783782961 21 22 3599.328979492188 23 24 25 12.222945213317873 98.750000000000014 26 27 11.732255935668947 2549.3889160156255 28 29 30 31 3886.603149414063 32 33 34 19.500000000000004 35 36 37 1647.9273071289065 38 11.533604145050051 39 40 41
decision_type=2 2 2 2 1 1 2 1 1 1 2 1 1 1 1 1 2 1 1 1 2 1 1 1 1 2 1 1 1 1 2 2 1 1 2 1 1 1 2 2 1 1 2 2 1 1 1 1 2 1 1 1 2 1 1 1 2 1 2 1 1 1
left_child=1 51 3 5 8 9 23 12 -3 13 34 -12 42 14 45 55 18 -18 -17 25 47 -22 -16 24 -5 26 -11 39 29 30 -29 32 -30 -33 -4 36 -7 54 -39 -13 41 -41 46 -44 -27 -2 -8 -6 -49 50 -50 -1 53 -26 -38 56 -9 -54 59 60 -25 -61
right_child=2 4 10 6 20 35 7 15 -10 19 11 27 -14 -15 22 16 17 -19 -20 -21 21 -23 -24 58 52 44 -28 28 31 -31 -32 33 -34 -35 -36 -37 37 38 -40 40 -42 -43 43 -45 -46 -47 -48 48 49 -51 -52 -53 57 -55 -56 -57 -58 -59 -60 61 -62 -63
leaf_value=-70.217750283281347 183.43724782205337 -66.084191251801045 14765.953340318294 -22.655683941145043 -36.384749306161211 -77.483168410642179 -10.859864349794599 177.36650182346528 -47.646707828680206 1717.0328849687621 -16.988998811550591 -14.490414611466258 -56.378806102179446 -23.558086359491337 -64.794007912858689 6.8844712436265842 1473.4625271751399 -36.571152336814343 -32.582865003433838 -71.849738662142499 -18.799555523600802 -42.895715550604336 261.68823095838655 246.20989029283683 -26.561722548979198 181.66535041373191 6.7017201649868712 -102.16082776005351 -120.78821774037206 -77.286229775490142 55.922138788819524 44.622602975344762 -51.172775360089872 -116.94570670937684 7.9422431805342057 -83.140433449472951 13.472827939415311 34.299180230848563 363.73815640832458 28405.909907098641 -217.6320717101693 -159.39627638486127 148.00817600539321 -9.9864143242190053 -69.638744817408707 -97.488607029003475 -80.496729410631502 8.373376345883571 -93.127227784851584 -73.08650612841852 93.035154278401478 -75.846954968622256 86.579372032836375 214.79465878407083 -126.73445758675435 -53.011023376104099 -23.668309187497471 11.340077824303263 -28.040758405943645 117.47146299345695 -18.645008692688133 -92.395334095795633
leaf_weight=98407 9548 137545 383 253174 97045 97644 34190 2710 173328 1079 5330746 1310144 440350 184985 12495 732199 1627 5648 899389 220618 329559 542034 48912 25755 21409 15241 2177 86135 293163 455592 339829 223898 352324 451141 3885290 628188 22478 61392 6033 1698 30345 9105 8319 186756 37135 23212 38418 196734 17796 41957 21220 145206 107629 34678 22703 592774 587921 215397 795472 17964 13509 21798
leaf_count=98407 9548 137545 383 253174 97045 97644 34190 2710 173328 1079 5330746 1310144 440350 184985 12495 732199 1627 5648 899389 220618 329559 542034 48912 25755 21409 15241 2177 86135 293163 455592 339829 223898 352324 451141 3885290 628188 22478 61392 6033 1698 30345 9105 8319 186756 37135 23212 38418 196734 17796 41957 21220 145206 107629 34678 22703 592774 587921 215397 795472 17964 13509 21798
internal_value=-3.28197e-05 -0.00012409 -2.42595e-05 -4.75763e-05 -0.000100023 -9.37119e-05 -3.48099e-05 -4.97405e-05 -0.000187969 -3.87113e-05 -1.25171e-05 -2.04078e-05 -0.000102771 2.05047e-05 0.000126533 -3.6436e-05 -1.80799e-05 0.000455327 -2.01909e-05 -9.8548e-05 -7.80852e-05 -9.90096e-05 0.000214868 1.7137e-07 3.3223e-05 3.74542e-05 0.000621008 -3.81145e-05 -5.22185e-05 -2.30018e-05 1.75321e-05 -7.17227e-05 -0.000103865 -4.0989e-05 5.52423e-06 -0.000130144 -6.69405e-05 6.63364e-06 8.95311e-05 -1.51301e-05 -0.000175561 0.000152456 -4.03125e-05 -1.47332e-06 1.18423e-06 -3.90596e-05 -0.000144667 -2.94216e-05 2.14835e-06 -9.61612e-05 5.74494e-05 -0.000277926 7.75307e-05 0.000202481 -0.000117069 -6.18565e-05 -3.26175e-05 5.58381e-05 -2.3726e-05 8.33528e-05 0.000283089 -0.000113924
internal_weight=2.10016e+07 1.80083e+06 1.92007e+07 6.43093e+06 1.55722e+06 1.39384e+06 5.03709e+06 3.5303e+06 310873 555402 1.27698e+07 8.88412e+06 708033 279152 94167 2.82227e+06 1.63886e+06 7275 1.63159e+06 276250 1.24634e+06 871593 61407 1.50678e+06 632287 55632 3256 3.55337e+06 2.20208e+06 881556 425964 1.32053e+06 645487 675039 3.88567e+06 838438 210250 112606 67425 1.35129e+06 41148 10803 267683 195075 52376 32760 72608 374752 277707 80973 39016 243613 379113 56087 45181 1.1834e+06 590631 323026 874498 79026 39264 39762
internal_count=21001550 1800831 19200719 6430926 1557218 1393840 5037086 3530301 310873 555402 12769793 8884120 708033 279152 94167 2822268 1638863 7275 1631588 276250 1246345 871593 61407 1506785 632287 55632 3256 3553374 2202082 881556 425964 1320526 645487 675039 3885673 838438 210250 112606 67425 1351292 41148 10803 267683 195075 52376 32760 72608 374752 277707 80973 39016 243613 379113 56087 45181 1183405 590631 323026 874498 79026 39264 39762
cat_boundaries=0 1 3 4 6 7 8 10 11 13 15 17 18 20 22 23 25 26 27 29 30 32 34 35 36 38 39 40 42 43 44 46 48 50 51 53 55 57 58 59 60 61 63
cat_threshold=4 562537754 100102 4 3106071818 168149 875273 19 2312837641 155792 51 8650754 774 562573123 197822 1207975968 8704 460234 262160 514 689466625 38328 1 1743799393 25643 397913 773 3699533120 36644 893700 7440438 73922 55672882 90115 137218 2082 3558883488 159936 91537 132370 0 2592 139296 2816 164170240 16384 1050949 90417 3458978464 164352 560730 1246045106 91696 622854208 25600 169345088 2072 621834 353 504148 30 2281771010 72596
is_linear=0
shrinkage=0.05


Tree=101
num_leaves=63
num_cat=46
split_feature=0 0 0 17 17 11 2 13 2 13 1 13 13 13 11 1 13 3 13 14 3 14 13 13 11 13 14 13 13 14 17 13 13 16 13 15 14 13 14 16 15 13 13 14 3 13 14 1 15 13 0 13 15 1 13 14 13 15 14 14 15 17
split_gain=6.26506 2.57622 1.95689 1.34447 1.04388 0.864822 0.837858 1.11515 0.7073 0.673839 0.617526 0.917111 0.606307 0.591891 0.535147 0.683686 0.616921 0.513198 0.856606 0.799494 0.61726 0.517736 0.700786 0.589186 0.511604 0.609723 0.509854 0.507581 0.507385 0.492176 0.491593 0.696715 0.685243 0.491385 0.834906 0.624633 0.488187 0.549433 0.483646 0.574585 0.632063 0.807907 0.506779 0.476043 0.593707 0.485828 0.464161 0.603664 0.587348 0.463864 0.453787 0.496464 0.453682 0.682959 0.495254 0.449978 0.447616 0.434101 0.422701 0.42233 0.566943 0.408873
threshold=11.406220912933351 10.685305595397951 12.231351852416994 0 1 10.685154438018801 46.500000000000007 2 20.500000000000004 3 9669.4501953125018 4 5 6 12.272423267364504 170394.17968750003 7 83.450000762939467 8 9 99.649997711181655 10 11 12 11.386874198913576 13 14 15 16 17 18 19 20 21 22 23 24 25 26 27 28 29 30 31 99.950000762939467 32 33 7475.6809082031259 34 35 10.36855983734131 36 37 3942.836303710938 38 39 40 41 42 43 44 45
decision_type=2 2 2 1 1 2 2 1 2 1 2 1 1 1 2 2 1 2 1 1 2 1 1 1 2 1 1 1 1 1 1 1 1 1 1 1 1 1 1 1 1 1 1 1 2 1 1 2 1 1 2 1 1 2 1 1 1 1 1 1 1 1
left_child=1 50 3 10 27 13 30 26 9 -4 24 58 -7 55 15 28 29 21 20 -20 -19 23 -23 -15 49 -26 33 38 -10 -16 31 -5 46 35 -35 -8 37 -34 39 40 42 -42 -3 44 -33 -45 48 -48 -32 59 -1 -52 53 -28 -54 -6 -41 -38 -12 60 -2 -30
right_child=2 4 8 6 5 12 7 -9 14 -11 11 -13 -14 17 16 -17 -18 18 19 -21 -22 22 -24 -25 25 -27 52 -29 61 -31 32 43 36 34 -36 -37 57 -39 -40 56 41 -43 -44 45 -46 -47 47 -49 -50 -51 51 -53 54 -55 -56 -57 -58 -59 -60 -61 -62 -63
leaf_value=-93.250271874534093 107.48022377722337 55.652929863260084 -85.75440053273779 7.5837725018300262 -8.4084231597492138 -41.199127528228523 163.88493378373843 31.81521391620063 60.14609579419448 -24.16993877357163 -68.075747477599819 -92.743103528074883 -58.357249600332445 -32.550338544055485 53.682986921261048 190306.19956548663 -42.416611546533574 -39.878975846553651 173.77790002244083 53.002870360531325 3063.1778197332587 32.50185643658952 -96.841355493998137 54.225649248608718 -11.636912417931127 -50.171130143055144 -38.126485064988628 -11.722872189445511 65.634888196853723 -19.251148841246323 175.59542578723961 -51.531410259682531 -94.41324223727753 -111.02533800912079 12.583543199885208 4.2166528615714922 -58.611062612058959 -9.7162189134545773 -48.915916824914994 -77.655245810499864 204.62000573900968 6.4562030987520309 -76.471576173892387 -36.666748707807351 218.3747342989098 8.0326696693740818 28.730171607639022 -45.263516415863528 -80.376316671327913 16.351197171569858 -36.361553357086635 -63.757651687460751 -36.841765922366136 1321.3214547918917 -123.46530519163881 -53.763725642312608 -17.103206766456243 -95.51852426264368 -4.5682330249762346 -54.103386210606004 -4.9494758273745907 -35.564111546959616
leaf_weight=80894 8076 14193 1672944 669111 38910 140766 28038 535325 1274300 2976699 41622 152999 296467 10918 1105546 348 3388165 17450 3298 18911 408 10976 22386 16205 175304 454091 120704 503250 595640 1350698 17821 474729 148111 47236 115365 57097 346253 310375 213749 25209 14570 26760 15570 334750 527 380449 291522 202143 195860 139778 62632 100087 61644 3197 62030 47617 119605 346713 97479 95884 23598 898548
leaf_count=80894 8076 14193 1672944 669111 38910 140766 28038 535325 1274300 2976699 41622 152999 296467 10918 1105546 348 3388165 17450 3298 18911 408 10976 22386 16205 175304 454091 120704 503250 595640 1350698 17821 474729 148111 47236 115365 57097 346253 310375 213749 25209 14570 26760 15570 334750 527 380449 291522 202143 195860 139778 62632 100087 61644 3197 62030 47617 119605 346713 97479 95884 23598 898548
internal_value=-3.18079e-05 -0.00012098 -2.34445e-05 -4.73005e-05 -9.73263e-05 -0.000147369 -3.53964e-05 4.49479e-06 -1.2764e-05 -2.84795e-05 -9.48528e-05 -0.000157993 -0.000185865 -5.74058e-05 -4.28043e-06 1.38265e-05 -1.28587e-05 2.50994e-05 0.000163888 0.000371102 -9.39664e-05 -6.68343e-05 -0.000198699 9.54009e-05 -7.42866e-05 -9.89001e-05 -4.95744e-05 -6.38349e-05 1.35479e-05 6.22052e-06 -4.64533e-05 -2.82764e-05 -6.46372e-05 1.13874e-06 -4.98147e-05 9.84502e-05 -8.84314e-05 -4.84034e-05 -0.00010375 -5.09612e-05 6.54478e-05 0.000191945 -0.000110217 -5.12211e-05 -9.00081e-05 -2.54459e-05 -2.5903e-05 7.44894e-07 -8.74646e-05 -1.63385e-05 -0.000272179 -0.000224064 -0.000100319 -3.26883e-05 -0.000168065 -0.000153269 -0.00010811 -0.000114914 -6.50591e-05 -8.52795e-05 7.30026e-05 -6.21958e-06
internal_weight=2.10016e+07 1.80083e+06 1.92007e+07 5.93783e+06 1.55722e+06 624312 4.749e+06 1.03064e+06 1.32629e+07 4.64964e+06 1.18883e+06 292100 437233 187079 8.61324e+06 2.76884e+06 5.84441e+06 100552 40067 22209 17858 60485 33362 27123 896731 629395 495311 932906 2.76849e+06 2.45624e+06 3.71836e+06 1.85957e+06 1.8588e+06 247736 162601 85135 1.15145e+06 458486 429656 215907 71093 41330 29763 1.19046e+06 475256 715199 707346 493665 213681 267336 243613 162719 247575 123901 123674 86527 144814 692966 139101 127558 31674 1.49419e+06
internal_count=21001550 1800831 19200719 5937831 1557218 624312 4749000 1030636 13262888 4649643 1188831 292100 437233 187079 8613245 2768836 5844409 100552 40067 22209 17858 60485 33362 27123 896731 629395 495311 932906 2768488 2456244 3718364 1859566 1858798 247736 162601 85135 1151452 458486 429656 215907 71093 41330 29763 1190455 475256 715199 707346 493665 213681 267336 243613 162719 247575 123901 123674 86527 144814 692966 139101 127558 31674 1494188
cat_boundaries=0 1 2 4 6 8 10 12 14 16 17 18 20 22 24 25 27 29 30 31 33 35 36 38 39 40 42 43 44 45 47 49 50 52 53 54 56 58 59 61 62 63 64 65 66 67 68
cat_threshold=4 19 48244415 234740 1700963856 71216 654812189 36215 69077924 17450 431113314 156599 1154148116 171296 1077979913 3136 42 407827 1111532041 64 2785615900 32768 165288450 131216 80539 3500579806 90192 427369704 116301 562343 10 9929236 232242 1658889276 13520 97 8396804 1136 108 171142 2164724032 257 888593 33 2441 8554896 16 1076238868 8256 664341 387974434 12489 71764 2 3864960522 188744 1270948738 91728 1179 14689824 132260 345749 2101520 2454 33434 573460 224 10
is_linear=0
shrinkage=0.05


Tree=102
num_leaves=63
num_cat=44
split_feature=0 0 0 17 17 2 13 17 13 14 2 14 15 13 17 13 2 13 14 13 11 13 13 14 15 14 13 16 15 3 14 15 14 1 11 14 13 14 13 3 1 1 13 13 15 13 3 14 2 1 13 14 14 13 15 13 15 1 13 15 14 2
split_gain=5.97846 2.35623 1.90388 1.48461 1.08025 0.839757 0.836922 0.835709 0.824119 0.790347 0.767215 0.709902 0.896283 1.27057 0.665448 0.647288 0.638304 0.606115 0.815632 0.580296 0.564694 0.762251 0.651419 0.590517 0.812112 0.532748 1.69641 0.816383 1.16576 0.595943 0.522715 0.716057 0.494157 0.49863 0.489992 0.487404 0.479775 0.476715 1.27793 0.632978 0.474958 0.474478 0.467687 0.44236 0.435972 0.524208 0.77567 0.56161 0.430486 0.78925 0.532882 0.442793 0.428004 0.693777 0.413879 0.631993 0.410365 0.409073 1.81942 0.402761 0.607597 0.407954
threshold=11.189863204956056 12.231351852416994 10.566581249237062 0 1 22.500000000000004 2 3 4 5 13.500000000000002 6 7 8 9 10 30.500000000000004 11 12 13 11.157712936401369 14 15 16 17 18 19 20 21 98.649997711181655 22 23 24 4714.1591796875009 10.56644916534424 25 26 27 28 86.850002288818374 1808.2398071289065 1267.1312255859377 29 30 31 32 99.750000000000014 33 8.5000000000000018 388236.43750000006 34 35 36 37 38 39 40 191340.98437500003 41 42 43 48.500000000000007
decision_type=2 2 2 1 1 2 1 1 1 1 2 1 1 1 1 1 2 1 1 1 2 1 1 1 1 1 1 1 1 2 1 1 1 2 2 1 1 1 1 2 2 2 1 1 1 1 2 1 2 2 1 1 1 1 1 1 1 2 1 1 1 2
left_child=2 3 36 5 8 6 11 43 9 10 -4 12 13 -2 -3 -6 17 18 -9 -18 21 23 59 24 -7 26 27 28 -10 -29 31 -23 33 -21 37 -8 -1 38 39 -17 -25 -34 -37 -5 45 47 -47 -45 50 -50 51 -16 -46 -54 55 -39 -53 -19 -59 60 -22 -61
right_child=1 14 4 7 15 20 35 16 25 -11 -12 -13 -14 -15 48 34 19 57 -20 32 22 30 -24 40 -26 -27 -28 29 -30 -31 -32 -33 41 -35 -36 42 -38 54 -40 -41 -42 -43 -44 44 52 46 -48 -49 49 -51 -52 56 53 -55 -56 -57 -58 58 -60 61 -62 -63
leaf_value=-66.326754009301382 1491.4044527968153 -38.378204525184266 -56.146786940332824 -26.606924545827031 -56.762384353290102 275.73791815970253 -93.062494180087882 -26.987217504830916 1567.6908813282535 -26.525143947534254 77.211442641777694 -48.803360481967275 -61.124309576884713 5.8697340185934994 -182.17764648771845 68.183372961283524 2.933137470770498 -26.848254992841937 -65.930497941849353 -14.637934979691636 72.246666723847738 130.5138972137583 -53.387715598763592 189.76987725165546 41.548793510890576 -38.484372371527982 -48.743158996229795 5.1040805521008226 95.890403751408826 253.21058909340491 -50.946839410591679 -12.262835663471925 8000.7318765781429 153.2719327531704 -48.428175659601749 -23.937121847686832 -83.547690700032433 197.31863801575446 -36.948078931023268 2602.0577480517659 -14.624404427240087 -44.591172647455373 -72.609784812122243 -50.562719484650735 -10.366079238555457 -57.204643868275802 1451.2186266036101 125.07254030739878 -5.0341587758903188 19670.19929553321 -9.9138085592152496 -238.28820870980542 118.3510918215281 4.1995693253248652 -35.859141911615829 -31.727496463678701 -7.850215476989252 10428.884945748156 -255.9206598115635 -56.235564750558211 -25.327770802558646 15.278194693357129
leaf_weight=36174 6773 2651861 14887 611604 130023 10816 146521 389395 2730 98058 49540 147102 21288 8676 286537 4267 732172 1201401 476066 492217 34804 14702 302113 3621 31498 337641 25270 5927 3890 221 90944 46286 838 47135 161100 74047 127938 3804 11295 1951 48067 662820 105865 54568 148724 175930 1174 67540 9018235 377 954986 58356 143313 130909 34480 13638 292536 1526 2559 114381 80199 48234
leaf_count=36174 6773 2651861 14887 611604 130023 10816 146521 389395 2730 98058 49540 147102 21288 8676 286537 4267 732172 1201401 476066 492217 34804 14702 302113 3621 31498 337641 25270 5927 3890 221 90944 46286 838 47135 161100 74047 127938 3804 11295 1951 48067 662820 105865 54568 148724 175930 1174 67540 9018235 377 954986 58356 143313 130909 34480 13638 292536 1526 2559 114381 80199 48234
internal_value=-3.07294e-05 -2.45702e-05 -0.000146275 -4.87971e-05 -0.000117679 -9.59378e-05 -0.000146365 -3.70031e-05 -7.2805e-05 2.12781e-05 0.000157309 -6.10251e-05 0.000135563 0.000425351 -1.23757e-05 -0.00018465 -4.84163e-05 -6.77094e-05 -9.96337e-05 -2.777e-05 -6.47746e-05 -1.28849e-06 -9.17067e-05 0.000110614 0.000249103 -0.000113496 6.38935e-05 0.000533417 0.000918553 0.000117896 -7.05264e-05 4.27232e-05 -4.913e-05 -1.35822e-05 -0.000134323 -0.000194418 -0.000302878 -2.32947e-05 0.00020222 0.000777297 -2.78493e-06 -7.8019e-05 -0.00013926 -2.72188e-06 2.37775e-05 -2.2411e-05 -7.73621e-05 5.72893e-05 -6.77676e-06 -2.54493e-06 -3.07437e-05 -6.61462e-05 5.64532e-05 9.34943e-05 -9.93795e-05 9.90722e-05 -2.84861e-05 -4.47886e-05 0.000454713 -3.64116e-05 3.52008e-05 -8.70556e-05
internal_weight=2.10016e+07 1.99387e+07 1.06283e+06 6.67583e+06 898722 1.33594e+06 510272 5.33989e+06 538164 162485 64427 183839 36737 15449 1.32629e+07 360558 4.00613e+06 2.07095e+06 865461 1.93518e+06 825665 245934 579731 94002 42314 375679 38038 12768 6620 6148 151932 60988 1.20301e+06 539352 230535 326433 164112 69435 17513 6218 51688 663658 179912 1.33376e+06 722158 299212 177104 122108 1.0611e+07 9.01861e+06 1.59242e+06 637429 422946 274222 51922 17442 350892 1.20549e+06 4085 277618 115003 162615
internal_count=21001550 19938716 1062834 6675828 898722 1335937 510272 5339891 538164 162485 64427 183839 36737 15449 13262888 360558 4006129 2070947 865461 1935182 825665 245934 579731 94002 42314 375679 38038 12768 6620 6148 151932 60988 1203010 539352 230535 326433 164112 69435 17513 6218 51688 663658 179912 1333762 722158 299212 177104 122108 10611027 9018612 1592415 637429 422946 274222 51922 17442 350892 1205486 4085 277618 115003 162615
cat_boundaries=0 1 2 4 5 7 8 9 10 12 13 15 17 18 20 22 24 25 26 27 29 30 31 32 33 34 35 37 38 40 42 44 45 47 48 50 51 52 54 55 57 58 60 61 62
cat_threshold=4 19 654819857 35877 2 840630272 69513 738960 594944 539 50479105 35840 4 268550992 254613 363862443 150281 697700 4095478160 43561 939532772 73397 199105227 188562 93386 2082 257 3238284036 24608 114 542 577844 548 861059 652432 1241514674 90112 296993 1132724357 5128 134743396 4946 3943178689 62575 2636 8477220 131840 919913 1299310644 4629 888974 106736 74748968 67728 564 140519426 64 2056 8272 102454 2456 249858
is_linear=0
shrinkage=0.05


Tree=103
num_leaves=63
num_cat=50
split_feature=0 0 0 17 17 1 13 2 17 13 13 13 2 2 13 13 14 17 14 1 15 15 13 13 15 13 14 13 15 13 15 13 14 15 13 14 14 13 15 13 13 14 13 1 14 3 1 15 13 14 13 15 0 14 13 15 14 13 14 14 13 13
split_gain=5.72151 2.3335 1.90131 1.5712 1.22279 0.951622 0.951184 0.870058 0.800941 0.745358 0.711737 0.708707 0.663683 0.635314 0.636744 0.565048 0.564274 0.539155 0.531337 0.630165 0.879282 0.523244 0.524065 0.52116 0.518794 0.510325 0.526105 0.57576 0.507536 0.676331 0.507295 0.649495 0.57311 0.497762 0.500317 0.545628 0.494451 0.492611 0.488088 0.487514 0.476518 0.481849 0.635907 0.464095 1.5336 0.463107 0.459307 0.45764 0.69048 0.443502 0.451207 0.57264 0.441602 0.434735 0.455839 0.474252 0.434015 0.554688 0.42326 0.422251 0.538608 0.420903
threshold=11.189863204956056 12.231351852416994 10.566581249237062 0 1 3886.603149414063 2 41.500000000000007 3 4 5 6 36.500000000000007 18.500000000000004 7 8 9 10 11 6059.4882812500009 12 13 14 15 16 17 18 19 20 21 22 23 24 25 26 27 28 29 30 31 32 33 34 4532.8430175781259 35 92.750000000000014 64241.992187500007 36 37 38 39 40 11.564560890197756 41 42 43 44 45 46 47 48 49
decision_type=2 2 2 1 1 2 1 2 1 1 1 1 2 2 1 1 1 1 1 2 1 1 1 1 1 1 1 1 1 1 1 1 1 1 1 1 1 1 1 1 1 1 1 2 1 2 2 1 1 1 1 1 2 1 1 1 1 1 1 1 1 1
left_child=2 3 37 7 11 6 16 10 -5 18 36 -4 17 15 28 -10 21 25 46 -20 -21 22 -6 24 43 -3 27 38 29 -15 31 -25 -33 34 35 -11 39 -1 -27 -2 41 42 -14 -9 -45 -30 -7 48 -38 50 51 -42 -12 54 55 -8 57 -17 -54 60 -16 -51
right_child=1 12 4 8 5 9 53 23 13 33 52 -13 40 14 59 56 -18 -19 19 20 -22 -23 -24 30 -26 26 -28 -29 45 -31 -32 32 -34 -35 -36 -37 47 -39 -40 -41 49 -43 -44 44 -46 -47 -48 -49 -50 61 -52 -53 58 -55 -56 -57 -58 -59 -60 -61 -62 -63
leaf_value=-64.324727449850471 -104.22331409248594 -78.056199369807842 -43.584809759507472 -1.6151543414679548 118.77865193735316 -73.112852330943909 56.171570074194143 34.583901694867841 -56.225079431591986 74.061223346809854 -73.034055969570872 -63.848103639529057 59.235851185423421 -32.396450338675187 -84.012947311144998 54.182005524382113 -15.421024885583257 -26.090228280837621 -51.805120747391406 258.36771717650419 -13.947040829003072 8.3945216641706804 33.388552725934233 -47.60534671990613 -16.779044654400241 251.45201681536875 -4.8228249083835184 -174.79659446660753 -24.65288049300537 52.417817047891006 -48.381923509979515 156.72617651580259 -5.4763508632729101 -76.228976175217028 -70.814134205912254 -49.682243349931582 52.367634655685926 -79.900184489175558 -145.85070049452972 -38.596138584186249 -220.70420076707512 47.965753546800265 -82.869946241606527 4830.4712727625983 -283.58947683500531 28.612734826895394 1541.7133884801533 -47.393900817758414 -42.824448386083716 3.7707546889345398 58.107187713685562 4.5099101772255379 -32.062946173364345 -25.282230516905386 -66.446265463347757 -49.62946107764477 -48.87712580419484 -27.295279740254774 -66.420648631863514 -21.366160168591069 -30.891524220772112 -77.198948385690528
leaf_weight=46161 33276 784967 89115 1333762 10085 16554 5576 79638 558662 8560 103272 90829 334186 81333 109569 100345 107156 6542433 9154 7654 7819 50967 26775 29661 111573 19906 725521 69036 640857 176019 139648 19867 19864 77075 37448 8749 55144 117951 39090 59163 80811 1708040 394739 205 354 139816 328 250036 70548 612157 731958 243857 128658 297440 39308 8130 355942 253496 235030 1273694 316396 976187
leaf_count=46161 33276 784967 89115 1333762 10085 16554 5576 79638 558662 8560 103272 90829 334186 81333 109569 100345 107156 6542433 9154 7654 7819 50967 26775 29661 111573 19906 725521 69036 640857 176019 139648 19867 19864 77075 37448 8749 55144 117951 39090 59163 80811 1708040 394739 205 354 139816 328 250036 70548 612157 731958 243857 128658 297440 39308 8130 355942 253496 235030 1273694 316396 976187
internal_value=-2.99937e-05 -2.39684e-05 -0.000143029 -4.80781e-05 -0.000114452 -8.52667e-05 -5.28351e-05 -9.65741e-05 -3.5945e-05 -0.000187321 -0.000122992 -0.000231014 -1.18328e-05 -4.71183e-05 -3.35651e-05 -7.63706e-05 3.56864e-05 -2.06483e-05 -2.51644e-06 0.000145574 0.000340174 0.000129633 0.000273122 -3.49413e-05 2.45859e-05 -4.62971e-05 -1.9537e-05 -0.000112978 -2.70897e-06 5.81831e-05 -8.95475e-05 2.09509e-05 0.000153104 -0.00024549 -0.00013016 9.21247e-05 -7.94214e-05 -0.000299527 1.72911e-06 -0.000183014 2.35834e-06 1.8309e-05 -1.57245e-05 0.00012158 0.00155725 -2.27828e-05 -0.000218505 -5.39307e-05 2.38983e-05 -1.2338e-05 1.27646e-05 -3.62939e-05 -0.00016667 -0.000102084 -0.000233988 1.43633e-05 -4.67617e-05 -7.54649e-06 -0.000140763 -5.24094e-05 -9.5504e-05 -2.90371e-05
internal_weight=2.10016e+07 1.99387e+07 1.06283e+06 6.67583e+06 898722 718778 545437 1.33594e+06 5.33989e+06 173341 935127 179944 1.32629e+07 4.00613e+06 2.73768e+06 1.26844e+06 194983 8.18095e+06 41509 24627 15473 87827 36860 400810 191770 1.63852e+06 853553 128032 1.03802e+06 257352 209040 69392 39731 131832 54757 17309 468167 164112 58996 92439 5.08194e+06 2.43696e+06 728925 80197 559 780673 16882 375728 125692 2.64497e+06 1.05663e+06 324668 466960 350454 53014 13706 709783 353841 363688 1.69966e+06 425965 1.58834e+06
internal_count=21001550 19938716 1062834 6675828 898722 718778 545437 1335937 5339891 173341 935127 179944 13262888 4006129 2737684 1268445 194983 8180953 41509 24627 15473 87827 36860 400810 191770 1638520 853553 128032 1038025 257352 209040 69392 39731 131832 54757 17309 468167 164112 58996 92439 5081935 2436965 728925 80197 559 780673 16882 375728 125692 2644970 1056626 324668 466960 350454 53014 13706 709783 353841 363688 1699659 425965 1588344
cat_boundaries=0 1 2 4 5 7 9 11 13 15 16 17 18 19 20 22 24 25 27 28 30 31 33 34 36 37 38 40 41 42 44 45 47 49 50 52 53 54 56 57 59 60 61 63 64 65 67 68 69 71 73
cat_threshold=4 4 861481216 7880 2 176816196 82336 793711477 5334 3436058791 84271 2085397524 14377 1029011492 149561 713112 4 63010 3653 968 541130752 1032 531656394 105000 2213 2737986205 5435 34048 1221133346 98368 1282 537396240 9 579 2684489776 17604 728206 1324 2151695370 12359 205949 1169 1250952114 90112 2464 776011840 4098 1422017276 63081 459274 1342194352 553 677162 1050 68092241 4112 467718 572796929 16 21 655368 67244032 8243 327 112791 2149711960 32770 24097 18481 33686049 50176 2720280577 18
is_linear=0
shrinkage=0.05


Tree=104
num_leaves=63
num_cat=52
split_feature=0 0 0 17 1 17 1 13 13 13 14 15 11 13 13 14 13 16 11 17 14 11 13 14 14 14 13 13 15 14 15 13 16 13 14 13 14 13 13 15 13 13 15 15 13 15 14 13 13 14 13 13 14 3 14 13 15 13 16 15 11 13
split_gain=5.50703 2.14949 1.93132 1.50276 1.32615 1.10794 1.05948 0.920639 0.767938 0.723471 0.723081 0.78097 0.856954 0.720192 0.656566 0.733161 0.661817 0.631273 0.618105 0.680467 0.608067 0.594138 0.635834 0.574864 0.571343 0.5509 0.498831 0.480639 0.472169 0.572481 0.465225 0.46483 0.459903 0.928144 0.739747 0.545985 0.513381 0.595169 0.459641 0.621792 0.458654 0.453134 0.452224 0.450281 0.807093 0.448581 0.435976 0.597394 0.445924 0.43562 0.424025 0.41907 0.598887 0.515087 0.494807 1.02904 0.694068 0.539605 0.472291 0.472098 0.447998 0.410376
threshold=11.189863204956056 12.231351852416994 10.566581249237062 0 6405.5310058593759 1 3886.603149414063 2 3 4 5 6 11.088853359222414 7 8 9 10 11 12.239556312561037 12 13 11.246321201324465 14 15 16 17 18 19 20 21 22 23 24 25 26 27 28 29 30 31 32 33 34 35 36 37 38 39 40 41 42 43 44 66.649997711181655 45 46 47 48 49 50 11.218683719635012 51
decision_type=2 2 2 1 2 1 2 1 1 1 1 1 2 1 1 1 1 1 2 1 1 2 1 1 1 1 1 1 1 1 1 1 1 1 1 1 1 1 1 1 1 1 1 1 1 1 1 1 1 1 1 1 1 2 1 1 1 1 1 1 2 1
left_child=2 3 27 21 13 8 7 20 -4 10 11 12 -8 28 49 16 -16 -13 -3 -20 26 51 25 31 -9 43 -7 -1 -5 -30 50 -15 33 36 -35 -34 37 -21 39 -22 45 -32 -38 44 -23 -26 47 -37 -48 -6 -27 52 -2 58 55 59 -57 -56 -54 -53 -59 -25
right_child=1 18 5 4 14 6 9 24 -10 -11 -12 17 -14 23 15 -17 -18 -19 19 32 38 22 -24 61 40 30 -28 -29 29 -31 41 -33 35 34 -36 46 42 -39 -40 -41 -42 -43 -44 -45 -46 -47 48 -49 -50 -51 -52 54 53 -55 57 56 -58 60 -60 -61 -62 -63
leaf_value=-67.894068651366396 -73.124204904470574 7.421216703601317 -63.342222390372449 -14.434688539956097 -15.936672415821704 20.781359867402855 1499.7296980723625 -45.351336776398966 -45.052909719631955 -60.120480767715435 -26.744135883850891 431.96697504719089 910.08218845344641 -50.788173209949036 91.631498570290944 -81.102833774856592 -56.203323453625856 -50.232925303876684 -14.842065432301389 -87.527107499750457 1.1663671940053975 -14.44275790805059 -27.008053431441112 29.9578336925033 2.7200979601796464 -25.655812776247604 -41.499861280356619 -76.103433314674248 -36.031003168375264 -87.117292372472548 22.957177605587006 -16.530550252970354 -93.641879784939746 -143.70321807510823 -18.360866007649385 -92.907677883444563 -1.3829144082954372 31.679661861370835 6.0357719653160693 99.390692227050934 1.450641255271603 -55.446966540401995 109.78404133044606 6.7831005462560832 153.53729178732698 -56.858186038388752 83.48960102269703 64.713134279519181 -76.833557578605905 -69.675844540978787 45.014274580590609 400.61824112900274 88011.600515932892 46.657307517762639 -39.816196984361795 127.1173296513187 -47.615210578448753 20.892395720880632 -88.322548489924799 95.760888255528883 136.61267257931377 -10.508356916295817
leaf_weight=65125 129773 4035415 68874 259069 328424 33723 2809 127024 111070 145632 20824 506 748 349027 45804 614253 107920 2822 5536924 145932 22393 28751 1130868 197403 23993 74003 68417 98987 180225 181594 64209 535340 713881 342340 634874 202325 191721 228710 71623 31160 119251 178970 266752 208951 39989 47853 62434 322277 579303 327568 99604 20054 519 133674 167165 44242 62500 216816 24749 40903 6217 877244
leaf_count=65125 129773 4035415 68874 259069 328424 33723 2809 127024 111070 145632 20824 506 748 349027 45804 614253 107920 2822 5536924 145932 22393 28751 1130868 197403 23993 74003 68417 98987 180225 181594 64209 535340 713881 342340 634874 202325 191721 228710 71623 31160 119251 178970 266752 208951 39989 47853 62434 322277 579303 327568 99604 20054 519 133674 167165 44242 62500 216816 24749 40903 6217 877244
internal_value=-2.90748e-05 -2.31634e-05 -0.000139972 -4.6303e-05 -6.56822e-05 -0.00011117 -8.33885e-05 -4.91684e-05 -0.000222123 -0.000191071 4.31297e-05 0.000486948 0.00100126 -4.43039e-05 -0.000104415 -0.000135794 -3.81303e-05 -6.41098e-05 -1.15162e-05 -1.86543e-05 2.76788e-05 -1.72634e-05 -3.33206e-05 -2.9431e-05 -0.000104078 4.33677e-06 -6.28483e-05 -0.000297699 -9.12287e-05 -0.000128125 -3.20128e-05 -5.92882e-05 -3.52854e-05 -1.72971e-05 -5.03534e-05 -5.26048e-05 2.14768e-05 -2.19426e-05 0.000101545 0.000212339 -4.94404e-05 -7.66457e-05 5.69568e-05 5.8893e-05 0.000169891 -0.000149229 -3.15248e-05 2.28598e-06 -5.91638e-05 -6.76761e-05 3.05073e-05 1.73567e-05 -3.15434e-05 3.35263e-05 4.26626e-05 0.000114487 2.08806e-05 1.17916e-05 -0.0001735 0.000278372 6.26947e-05 -4.86014e-06
internal_weight=2.10016e+07 1.99387e+07 1.06283e+06 6.67583e+06 4.00387e+06 898722 718778 545437 179944 173341 27709 6885 3557 2.5799e+06 1.42397e+06 767977 153724 3328 1.32629e+07 9.22747e+06 227316 2.67196e+06 1.82534e+06 1.95901e+06 318121 694477 102140 164112 620888 361819 416786 884367 3.69055e+06 1.81033e+06 977214 1.88022e+06 833115 374642 125176 53553 191097 243179 458473 277691 68740 71846 1.16634e+06 524602 641737 655992 173607 846612 288715 158942 557897 167699 106742 390198 25268 60957 223033 1.07465e+06
internal_count=21001550 19938716 1062834 6675828 4003871 898722 718778 545437 179944 173341 27709 6885 3557 2579902 1423969 767977 153724 3328 13262888 9227473 227316 2671957 1825345 1959014 318121 694477 102140 164112 620888 361819 416786 884367 3690549 1810329 977214 1880220 833115 374642 125176 53553 191097 243179 458473 277691 68740 71846 1166339 524602 641737 655992 173607 846612 288715 158942 557897 167699 106742 390198 25268 60957 223033 1074647
cat_boundaries=0 1 2 4 6 8 9 10 12 14 15 17 18 19 20 22 23 24 25 27 29 30 31 32 34 35 37 38 40 41 43 45 46 48 50 51 52 54 55 56 58 60 61 63 65 66 67 69 70 72 73 74 76
cat_threshold=10 4 1935224064 7881 319932240 169168 176685120 81936 854032 3653 537047553 213568 1649128217 107606 66820 2282751168 640 8 19 330855 281533072 231952 85180 667675 330149 555229184 1536 1251750834 90372 2724 569004 1047 3265792038 33162 50 3693561828 35489 182880 3659858661 65745 32145 2416313892 32 1648427264 3080 3110 136335460 16422 68096 33280 678 138 8555008 33296 1602 588353 562037010 36640 536871168 256 580202 346128 229376 1111758232 13404 667409 147888 2216861700 166528 2168 2359468066 35456 64 3332 101187588 12416
is_linear=0
shrinkage=0.05


Tree=105
num_leaves=63
num_cat=46
split_feature=0 0 0 17 17 1 2 13 13 17 13 17 11 13 0 13 13 13 2 13 14 13 1 13 14 14 0 13 14 15 17 14 3 13 14 14 15 13 14 13 11 15 14 13 13 14 15 13 0 2 14 13 3 15 13 13 14 13 13 14 2 13
split_gain=5.45 2.01593 1.85473 1.37966 1.01032 1.04 0.78658 0.784646 0.7735 0.679037 0.649173 0.603968 0.542375 0.764316 0.712824 2.05624 0.625968 0.537497 0.519662 0.544086 0.84855 0.525041 0.500182 0.594442 0.497313 0.477062 0.462147 0.461261 0.557303 1.47922 1.31853 0.460219 0.423808 0.414321 0.409328 0.404639 0.404494 0.686922 0.668099 0.403856 0.489343 0.393207 0.625527 1.07026 0.514791 0.390877 0.526206 0.426826 0.455967 0.703475 0.563183 0.388614 0.450794 0.624203 0.902691 0.503253 0.384302 0.581535 0.420589 0.383498 0.370389 0.879377
threshold=11.189863204956056 12.231351852416994 10.566581249237062 0 1 3886.603149414063 22.500000000000004 2 3 4 5 6 11.157712936401369 7 11.244995117187502 8 9 10 30.500000000000004 11 12 13 4772.4606933593759 14 15 16 11.923603534698488 17 18 19 20 21 92.850002288818374 22 23 24 25 26 27 28 10.685154438018801 29 30 31 32 33 34 35 10.36855983734131 26.500000000000004 36 37 66.450000762939467 38 39 40 41 42 43 44 4.5000000000000009 45
decision_type=2 2 2 1 1 2 2 1 1 1 1 1 2 1 2 1 1 1 2 1 1 1 2 1 1 1 2 1 1 1 1 1 2 1 1 1 1 1 1 1 2 1 1 1 1 1 1 1 2 2 1 1 2 1 1 1 1 1 1 1 2 1
left_child=2 3 17 6 8 7 10 25 -4 51 34 -3 13 14 15 -8 26 45 19 20 33 -20 35 -24 -16 39 -14 28 29 30 -7 -12 -22 -11 -2 -23 37 -21 -38 -6 -41 42 43 -29 -44 -1 -47 -48 50 -50 -49 52 53 54 -5 -55 57 -15 -58 -28 61 -13
right_child=1 11 4 9 5 27 12 -9 -10 18 31 60 16 56 24 -17 -18 -19 21 36 32 22 23 -25 -26 -27 59 41 -30 -31 -32 -33 -34 -35 -36 -37 38 -39 -40 40 -42 -43 44 -45 -46 46 47 48 49 -51 -52 -53 -54 55 -56 -57 58 -59 -60 -61 -62 -63
leaf_value=-74.624752922785817 30.447341403499919 -33.334363538073376 -58.760130512689649 429.70276026479235 -63.128778776452727 4079.1352951615045 2571.8716779490765 0.67633408069013967 -37.786430889533086 -46.654089084563594 -93.986828648325272 21.814686339699019 -34.692124146282552 293.75925616428248 91.997800212395859 -45.400637299081524 -49.052850073456881 -71.802115470531106 2.5263866973567932 -9.6995226350886323 -43.520645916875537 -13.441726819281341 255.01028475627245 -25.430688372119651 2.8332454534141878 -24.090651053823695 52.819866550273346 242.94325965853497 -24.87615835236975 -16.447844136789445 121.05199504418368 -47.31190910112673 34.364017064406745 -83.868120778121167 -42.819676246047479 -44.930650925695687 -41.907313888911851 -65.748754049341741 9.1681298748062385 17.03643461102811 -59.104341167855097 -69.934155940362871 -22.105674968712265 -42.1496570433766 -81.006326377625513 -81.195575409898026 -61.642184593233928 1512.758829971498 10.507709834023899 2338.7171748640499 -75.879248460822495 -21.251404206628649 31.658914561862186 400.34947376920229 -144.61700557102913 -152.78113851973376 -73.24101304887958 -6.4372732686029854 -10.578159069549111 -20.061926761670179 -5.5260287598506697 -171.38159114902737
leaf_weight=18596 29336 2651861 87331 19430 29634 847 841 304954 92613 115519 109803 443424 168376 15502 28703 1100 290799 118070 772551 275507 346936 532532 34646 60062 53614 168018 54311 8123 15024 3409 946 206341 74234 164295 164792 535391 319247 294870 480339 15693 27138 76424 23295 14649 30624 8938 7848 380 2526 2964 4790 744871 495883 5131 19141 49306 40988 49463 55723 66245 9725420 442183
leaf_count=18596 29336 2651861 87331 19430 29634 847 841 304954 92613 115519 109803 443424 168376 15502 28703 1100 290799 118070 772551 275507 346936 532532 34646 60062 53614 168018 54311 8123 15024 3409 946 206341 74234 164295 164792 535391 319247 294870 480339 15693 27138 76424 23295 14649 30624 8938 7848 380 2526 2964 4790 744871 495883 5131 19141 49306 40988 49463 55723 66245 9725420 442183
internal_value=-2.82391e-05 -2.23584e-05 -0.00013856 -4.47676e-05 -0.000110335 -8.38059e-05 -9.02116e-05 -4.99017e-05 -0.000216288 -3.33982e-05 -0.000139016 -1.10789e-05 -6.00511e-05 2.16772e-06 0.000124259 0.00107136 -8.64457e-05 -0.000293129 -4.36861e-05 -6.1094e-05 -9.69219e-05 -2.50571e-05 -4.62868e-05 6.38388e-05 0.000101942 -0.000117431 -3.43178e-05 -0.000190494 3.39499e-05 0.000479471 0.0016381 -0.000183208 -5.20794e-05 -0.000164414 -6.70343e-05 -5.60537e-05 -4.27606e-05 -7.49285e-05 -1.98133e-05 -0.000224663 -0.000126409 -0.00022013 -0.000140095 7.96247e-05 -0.000232889 -0.000148115 -2.81537e-05 0.000123988 0.000329897 0.000647541 -6.76935e-06 -2.49695e-06 2.78566e-05 -7.31545e-05 8.07267e-05 -0.000182168 -6.14643e-05 3.25899e-05 -0.000124642 4.04132e-05 -5.74481e-06 -3.67015e-05
internal_weight=2.10016e+07 1.99387e+07 1.06283e+06 6.67583e+06 898722 718778 1.33594e+06 545437 179944 5.33989e+06 510272 1.32629e+07 825665 245934 84258 1941 579731 164112 4.00613e+06 2.07095e+06 700984 1.93518e+06 1.16263e+06 94708 82317 240483 288932 173341 20226 5202 1793 316144 421170 279814 194128 1.06792e+06 1.36996e+06 570377 799586 72465 42831 153115 76691 22772 53919 46042 27446 18508 10660 5490 5170 1.33376e+06 588891 93008 38571 54437 161676 64965 96711 120556 1.0611e+07 885607
internal_count=21001550 19938716 1062834 6675828 898722 718778 1335937 545437 179944 5339891 510272 13262888 825665 245934 84258 1941 579731 164112 4006129 2070947 700984 1935182 1162631 94708 82317 240483 288932 173341 20226 5202 1793 316144 421170 279814 194128 1067923 1369963 570377 799586 72465 42831 153115 76691 22772 53919 46042 27446 18508 10660 5490 5170 1333762 588891 93008 38571 54437 161676 64965 96711 120556 10611027 885607
cat_boundaries=0 1 2 4 6 7 9 10 12 14 16 18 20 21 23 25 26 27 29 30 31 32 33 35 36 37 38 40 41 43 44 45 47 49 50 51 53 54 56 57 59 61 62 64 66 67 69
cat_threshold=4 4 145019510 188726 2467424088 177872 2 654819861 35877 4 402727348 73268 134291456 6672 2346588875 156050 1318060722 90112 353376682 215553 328347 4120119696 43561 39850018 17602 75082 657419 168296516 16384 344081 581 3 631952 268435848 81921 593920 337859 468 142976576 8414 151924 33396 24832 1452 394544 3519416072 65809 543351858 47623 528147 588 1115685392 8192 32 349689914 134032 362 336680962 784 0 2064 578612 1088424008 8192 1105501258 8 59982 4102460386 48608
is_linear=0
shrinkage=0.05


Tree=106
num_leaves=63
num_cat=41
split_feature=0 0 0 17 17 1 13 2 14 13 13 13 15 2 13 2 13 14 17 0 11 14 13 6 13 15 1 3 13 16 11 13 13 14 13 11 1 15 6 14 0 13 14 13 1 13 14 13 1 14 14 1 17 13 13 14 13 0 16 14 15 13
split_gain=5.5308 1.96719 1.88326 1.39385 1.00611 1.1196 0.763064 0.737212 0.814376 1.06805 0.787965 0.729849 0.677166 0.613908 0.959682 0.583741 0.733162 0.819712 0.588216 0.552888 0.532892 0.493427 0.615331 1.11187 0.521646 0.468338 0.540186 0.551122 0.442181 0.436536 0.430126 0.521253 0.510937 0.55463 1.51542 0.466383 0.427404 0.42539 0.540576 0.612305 0.530218 0.419284 0.418833 0.834834 0.418418 4.67706 5.35753 0.408393 0.403788 2.54272 0.403771 0.401908 0.400975 0.498796 0.486288 0.458635 0.8577 0.415781 0.399599 0.391618 0.428481 0.391613
threshold=11.189863204956056 10.566581249237062 12.231351852416994 0 1 3886.603149414063 2 11.500000000000002 3 4 5 6 7 46.500000000000007 8 49.500000000000007 9 10 11 11.792338371276857 10.56644916534424 12 13 38.500000000000007 14 15 5388.0905761718759 94.549999237060561 16 17 11.157712936401369 18 19 20 21 11.638688087463381 14077.190917968752 22 32.500000000000007 23 14.432618141174318 24 25 26 4175.7248535156259 27 28 29 4175.7248535156259 30 31 5652.8034667968759 32 33 34 35 36 11.549319744110109 37 38 39 40
decision_type=2 2 2 1 1 2 1 2 1 1 1 1 1 2 1 2 1 1 1 2 2 1 1 2 1 1 2 2 1 1 2 1 1 1 1 2 2 1 2 1 2 1 1 1 2 1 1 1 2 1 1 2 1 1 1 1 1 2 1 1 1 1
left_child=1 -1 3 7 6 11 -3 8 10 12 -2 20 19 52 48 18 17 25 47 -10 42 22 23 -16 29 26 -17 -28 51 -23 32 35 33 34 -9 61 -35 38 40 -40 -19 -7 43 -6 45 46 -20 -4 59 -50 -22 -27 53 -5 -54 56 -55 -57 -30 -15 -61 -32
right_child=2 4 15 13 5 41 -8 30 9 -11 -12 -13 -14 14 21 16 -18 37 44 -21 50 24 -24 -25 -26 28 27 -29 58 -31 31 -33 -34 36 -36 -37 -38 -39 39 -41 -42 -43 -44 -45 -46 -47 -48 -49 49 -51 -52 -53 54 55 -56 57 -58 -59 -60 60 -62 -63
leaf_value=-66.338930060714333 -28.313996231716857 -55.501382488224067 -14.524172485591226 -37.305654724272244 237.05505404407288 -22.982093368610094 -37.338175463021933 170.67951453907764 -23.744249892821429 -74.689723775814954 -104.84378911298172 -0.3498726579253344 -53.232771906695568 -60.512005375703701 96.796313191347963 36.80166274999501 -8.6287758719910936 9.8487713672071564 25725.207575895245 299.6419897390162 -56.149124109462356 -107.75988103294021 16.835021232212238 772.4911065362561 25.279633569391351 274.46816145746453 873.17483353837383 2771.5749693073885 1837.3449029344099 -4.4561299537035719 -0.88366934505690797 -45.623220515705221 -23.54966471164262 0.28413997290882248 -30.987719578199268 -9.2845525494743022 17572.166206726884 -47.666469612665246 10.72296175968404 2432.2735671492819 146827.57251934189 -54.67419207849057 -22.79129514538845 -59.279459288980242 -17.16652126927438 -315.56310492872228 902.23024613265375 -58.237572267130794 14856.787694208177 -482.19691590180651 -33.188913771296988 297.70273178954596 -8.6900646038006926 -43.617826471163426 -32.68289790192447 38.088617605283069 163.44759861529315 -24.583804329750276 -0.84575455504736974 32.093213278334012 -31.332892558107144 -64.810872979598216
leaf_weight=164112 31200 79908 929805 459804 8741 54484 100036 9194 14300 94870 61253 326932 46498 217654 70612 38777 1545325 119767 229 18618 61438 48556 155290 10572 286412 8485 80396 12639 2141 102235 34518 390673 176761 120594 11397 257337 473 233377 18489 25727 1573 118857 46028 10846 8839443 1929 289 1282345 384 1059 91452 18011 691309 54155 2445195 97132 62605 370891 104141 88528 177498 68251
leaf_count=164112 31200 79908 929805 459804 8741 54484 100036 9194 14300 94870 61253 326932 46498 217654 70612 38777 1545325 119767 229 18618 61438 48556 155290 10572 286412 8485 80396 12639 2141 102235 34518 390673 176761 120594 11397 257337 473 233377 18489 25727 1573 118857 46028 10846 8839443 1929 289 1282345 384 1059 91452 18011 691309 54155 2445195 97132 62605 370891 104141 88528 177498 68251
internal_value=-2.73773e-05 -0.000138513 -2.14532e-05 -4.31124e-05 -0.000109445 -8.29711e-05 -0.000215177 -8.87893e-05 -0.000163153 -9.95027e-05 -0.000283102 -4.77933e-05 3.57822e-05 -3.16847e-05 5.18254e-07 -1.05511e-05 1.29149e-05 5.68756e-05 -1.52401e-05 0.000209275 -0.000118538 3.91307e-05 9.73136e-05 0.000208858 7.65922e-06 0.000125114 0.00019188 0.000257242 5.88236e-05 -6.76085e-05 -7.02382e-05 -9.08911e-05 -2.15419e-05 4.92071e-05 0.00028904 -4.74926e-05 8.39596e-06 1.16149e-05 7.2914e-05 0.00022259 1.83786e-05 -0.000193667 6.48195e-07 0.000194239 -9.4709e-06 0.000644259 0.0048125 -3.82992e-05 -5.31015e-05 0.000782052 -0.000169697 0.000241531 -4.06099e-05 -1.37785e-05 -4.95456e-05 1.68586e-05 0.000105507 -5.25877e-06 1.32564e-05 -5.55941e-05 -1.4896e-05 -0.000137536
internal_weight=2.10016e+07 1.06283e+06 1.99387e+07 6.67583e+06 898722 718778 179944 1.33594e+06 266739 174286 92453 545437 79416 5.33989e+06 1.1588e+06 1.32629e+07 2.20885e+06 663523 1.1054e+07 32918 218505 673677 236474 81184 437203 264590 131812 93035 132778 150791 1.0692e+06 750779 318419 141658 20591 360106 121067 398933 165556 44216 121340 173341 65615 19587 8.84189e+06 2447 518 2.21215e+06 485123 1443 152890 26496 4.18109e+06 1.04459e+06 3.1365e+06 584783 116760 468023 106282 483680 266026 102769
internal_count=21001550 1062834 19938716 6675828 898722 718778 179944 1335937 266739 174286 92453 545437 79416 5339891 1158800 13262888 2208848 663523 11054040 32918 218505 673677 236474 81184 437203 264590 131812 93035 132778 150791 1069198 750779 318419 141658 20591 360106 121067 398933 165556 44216 121340 173341 65615 19587 8841890 2447 518 2212150 485123 1443 152890 26496 4181091 1044587 3136504 584783 116760 468023 106282 483680 266026 102769
cat_boundaries=0 1 2 4 5 7 9 11 12 14 16 17 18 19 21 23 24 25 26 28 30 31 33 34 35 37 38 40 42 43 45 46 47 48 50 52 53 55 56 57 58 60
cat_threshold=4 4 319932248 177872 639122 789324888 104830 1097310725 50196 145019492 188726 1574 39922358 242800 1170231928 17410 535761 4 207121 3229876233 2061 1082131465 2063 2110 1077936144 9 2409323417 155792 2113997285 71207 12290 838926340 70661 3594 197130 251543620 16641 267073 10748448 172048 2097184 99469 107170 2630419810 123716 336134 952331 2 4010419461 29634 1644168724 45058 6180 282083842 35868 64 1032484 1412 84478224 16384
is_linear=0
shrinkage=0.05


Tree=107
num_leaves=63
num_cat=40
split_feature=0 0 0 17 17 1 2 14 13 13 13 13 17 11 17 15 14 11 13 0 1 14 13 13 3 13 16 13 14 13 1 14 13 13 14 0 1 15 1 15 11 0 15 13 13 15 6 14 13 13 15 14 15 13 1 0 13 6 3 0 15 13
split_gain=5.25633 1.78487 1.74107 1.36254 0.992462 1.00858 0.814197 0.808262 0.85986 0.761359 0.752103 0.738877 0.568665 0.54875 0.574489 0.525884 0.510569 0.476706 0.483642 0.49507 0.47521 0.467179 1.04542 0.962213 0.456677 0.982804 0.445245 0.875392 0.692132 0.573076 0.528371 0.445332 0.500021 0.43088 0.601134 0.645459 0.52392 0.427348 0.423142 0.428477 0.411765 0.409565 0.390677 0.508119 0.389459 0.377126 0.551154 0.369815 1.00527 0.564833 0.631799 0.802373 0.50463 0.732092 0.588707 1.52287 0.512029 0.438942 0.427635 0.405217 0.551323 0.562802
threshold=11.189863204956056 10.566581249237062 12.280593872070314 0 1 3886.603149414063 11.500000000000002 2 3 4 5 6 7 12.288261890411379 8 9 10 11.157712936401369 11 11.732255935668947 2549.3889160156255 12 13 14 94.649997711181655 15 16 17 18 19 4000.8947753906255 20 21 22 23 12.248741626739504 14429.033691406252 24 3771.7155761718755 25 10.56644916534424 12.248741626739504 26 27 28 29 43.500000000000007 30 31 32 33 34 35 36 4175.7248535156259 12.337017059326174 37 34.500000000000007 99.950000762939467 13.431216716766359 38 39
decision_type=2 2 2 1 1 2 2 1 1 1 1 1 1 2 1 1 1 2 1 2 2 1 1 1 2 1 1 1 1 1 2 1 1 1 1 2 2 1 2 1 2 2 1 1 1 1 2 1 1 1 1 1 1 1 2 2 1 2 2 2 1 1
left_child=1 -1 3 6 11 9 7 10 -9 40 -2 -3 -5 47 -15 16 -10 33 19 -19 -21 22 -14 42 41 -26 27 28 30 -28 -16 32 -29 34 36 -36 -8 -33 39 -35 -6 -24 43 -23 45 46 -7 48 -4 50 51 57 54 58 55 -50 -56 -49 -54 -51 61 -61
right_child=2 4 13 12 5 44 17 8 15 -11 -12 -13 21 14 26 -17 -18 18 -20 20 -22 23 24 -25 25 -27 29 31 -30 -31 -32 37 -34 38 35 -37 -38 -39 -40 -41 -42 -43 -44 -45 -46 -47 -48 49 52 59 -52 -53 53 -55 56 -57 -58 -59 -60 60 -62 -63
leaf_value=-63.021983557678631 -30.598956814123952 -53.047054862643932 -36.183167495614548 -1.5027224654982678 -4.9064649827790623 6.9658924903263149 -46.201845212420544 -73.378593315414676 -47.74694972194348 -0.71993541166321595 -103.99401776208499 -34.154128829976166 7.4437693268817391 -12.606714780275798 2413.8836804377324 -42.377063795005625 193.54116421347163 -42.007745460349639 -42.335755542514249 147.2732196982906 -6.099394568733695 -77.062021002459005 -42.265445945894726 -48.163413997887801 -79.768069220637614 77.152587094258436 -108.45129383452418 90.55904827369541 -19.947481329173026 -37.491038264881901 73.454549699034587 -39.61022126492972 -74.600624255221192 -26.921420378668298 37.289722854669165 986.84678780921479 12405.548355116507 -136.86083536716976 -47.626211277072073 24.567059134107382 -42.928409723269453 77.023969351942256 -3.8236241434531624 -11.435632431112936 -53.936259964287274 -44.994085908128085 236.58124597309688 229.35137402157852 -12.633219381537749 -65.508580581402541 -29.535433205216869 44.342688282464223 228.08350546816692 -57.773993960193707 60.490491811559338 12599.885520485041 415.97956615410834 709.12674706420739 2815.6909706819006 1053.624367396161 621.0166239381856 -462.02826172644347
leaf_weight=164112 37383 83529 598193 1433050 55917 20034 49303 90406 12384 359792 62007 96415 925237 5330746 1579 56429 28053 111830 484791 8691 200985 118019 833831 1188472 60416 69832 470915 170070 441095 1339568 359927 304651 158056 44263 58115 2601 296 307513 125006 62230 129728 39202 888432 177659 111800 41154 353 108974 2901 1295246 453966 315693 149619 231223 160513 1559 214441 31365 209 28939 188581 104251
leaf_count=164112 37383 83529 598193 1433050 55917 20034 49303 90406 12384 359792 62007 96415 925237 5330746 1579 56429 28053 111830 484791 8691 200985 118019 833831 1188472 60416 69832 470915 170070 441095 1339568 359927 304651 158056 44263 58115 2601 296 307513 125006 62230 129728 39202 888432 177659 111800 41154 353 108974 2901 1295246 453966 315693 149619 231223 160513 1559 214441 31365 209 28939 188581 104251
internal_value=-2.64535e-05 -0.000134797 -2.06783e-05 -4.03977e-05 -0.000107108 -8.08147e-05 -8.39749e-05 -0.000159354 -9.81723e-05 -4.74266e-05 -0.000274597 -0.00021212 -2.94938e-05 -9.60786e-06 -1.64626e-05 5.3372e-06 0.000142941 -6.51548e-05 -8.61322e-05 -3.85761e-05 6.73468e-06 -3.85826e-05 -2.03046e-05 -5.34394e-05 -5.56569e-05 3.16785e-05 -3.20357e-05 -1.39966e-05 2.43579e-05 -4.94013e-05 7.56458e-05 -4.67346e-05 2.65611e-07 -1.56718e-05 6.56474e-05 0.00017113 -6.3486e-05 -7.19268e-05 -5.44229e-05 1.88139e-05 -0.000129662 -6.86871e-05 -2.15387e-05 -7.13213e-05 -0.000185879 -8.48154e-05 9.10188e-05 6.06468e-06 2.71013e-05 -5.24581e-06 2.62651e-05 6.78319e-05 6.52459e-05 2.46015e-05 0.000106064 0.000677131 9.9274e-05 0.000167301 0.000110693 -2.2979e-05 2.72388e-05 -5.06377e-05
internal_weight=2.10016e+07 1.06283e+06 1.99387e+07 7.16892e+06 898722 718778 1.43477e+06 286662 187272 545437 99390 179944 5.73415e+06 1.27698e+07 8.88412e+06 96866 40437 1.14811e+06 806297 321506 209676 4.3011e+06 1.92852e+06 2.37258e+06 1.00328e+06 130248 3.55337e+06 1.74289e+06 802601 1.81048e+06 361506 940290 328126 341814 110315 60716 49599 612164 231499 106493 185645 873033 1.18411e+06 295678 173341 61541 20387 3.88567e+06 1.35866e+06 2.52702e+06 909998 456032 760465 381051 379414 4460 374954 140339 149828 1.61702e+06 321771 133190
internal_count=21001550 1062834 19938716 7168923 898722 718778 1434773 286662 187272 545437 99390 179944 5734150 12769793 8884120 96866 40437 1148111 806297 321506 209676 4301100 1928518 2372582 1003281 130248 3553374 1742891 802601 1810483 361506 940290 328126 341814 110315 60716 49599 612164 231499 106493 185645 873033 1184110 295678 173341 61541 20387 3885673 1358658 2527015 909998 456032 760465 381051 379414 4460 374954 140339 149828 1617017 321771 133190
cat_boundaries=0 1 2 3 5 7 9 11 12 13 14 15 17 18 20 22 23 24 26 27 29 30 32 34 35 36 37 38 40 42 43 44 46 48 49 50 51 53 55 56 58
cat_threshold=4 4 639122 3522353446 157313 145019492 57382 1162338949 50196 2467415896 177872 2 19 1574 9729 2304465801 155776 307074 1482171364 128618 3867663452 174101 2810386441 50 3701624772 35505 721255 3525640833 145 335902 35233792 210242 1174477089 202245 822992 1923 2385 152 3288498252 2064 251543620 16773 1541 18773 3341957448 11173 1139284234 9060 2916 131624 922 805372452 200776 536920754 200768 2131 262768 2049
is_linear=0
shrinkage=0.05


Tree=108
num_leaves=63
num_cat=44
split_feature=0 0 0 17 17 1 2 13 14 13 13 13 1 13 14 15 3 13 15 3 13 11 3 13 13 14 15 17 14 15 13 14 6 14 13 13 16 11 15 15 13 13 0 6 14 11 3 3 15 15 13 13 14 17 14 13 13 0 14 13 13 14
split_gain=5.11631 1.73465 1.50705 1.30058 0.931493 1.00933 0.784268 0.772445 0.731413 0.840339 0.728821 0.689744 0.529885 0.570146 0.87629 0.919904 0.921031 0.664635 0.508144 0.906661 3.79901 0.500281 0.517044 0.757845 0.722032 0.663373 0.604795 0.458022 0.443515 0.443086 0.557031 0.424547 0.443071 0.423768 1.41335 0.796074 0.472506 0.419719 0.415008 0.406923 0.503834 0.402155 0.51593 0.633406 0.399334 0.392442 0.388823 0.559321 0.38566 0.383568 0.658738 0.588864 0.533125 0.616392 0.506708 0.509824 0.469067 0.382701 0.364907 1.1991 0.358536 0.536294
threshold=11.189863204956056 10.566581249237062 12.280593872070314 0 1 3886.603149414063 11.500000000000002 2 3 4 5 6 8675.4951171875018 7 8 9 99.750000000000014 10 11 99.850002288818374 12 11.157712936401369 74.649997711181655 13 14 15 16 17 18 19 20 21 1.5000000000000002 22 23 24 25 11.157712936401369 26 27 28 29 11.815649509429933 42.500000000000007 30 10.56644916534424 81.450000762939467 82.049999237060561 31 32 33 34 35 36 37 38 39 11.804008960723879 40 41 42 43
decision_type=2 2 2 1 1 2 2 1 1 1 1 1 2 1 1 1 2 1 1 2 1 2 2 1 1 1 1 1 1 1 1 1 2 1 1 1 1 2 1 1 1 1 2 2 1 2 2 2 1 1 1 1 1 1 1 1 1 2 1 1 1 1
left_child=1 -1 3 6 7 10 8 -3 9 46 45 -10 21 14 15 16 -14 -17 19 44 -21 33 23 -23 26 -25 -24 -4 -26 30 -13 32 -20 34 48 36 -35 60 -37 40 -16 42 -39 -44 -15 -6 -2 -48 -5 50 58 52 53 -51 55 -52 -56 -33 59 -7 61 -8
right_child=2 4 27 12 5 49 37 -9 11 -11 -12 29 13 18 39 17 -18 -19 31 20 -22 22 24 25 28 -27 -28 -29 -30 -31 -32 57 -34 35 -36 38 -38 41 -40 -41 -42 -43 43 -45 -46 -47 47 -49 -50 51 54 -53 -54 -55 56 -57 -58 -59 -60 -61 -62 -63
leaf_value=-59.870884379794703 -61.015376636582552 -50.394702119511749 -30.757558561191765 -120.30967031547181 -4.6611417336401244 1980.9101864953002 43.456663317576478 -33.688987026423959 -75.161709458547108 -100.23219055021198 -0.68393864108003244 408.60292506189836 121.32109690157468 -56.074290288280523 55.023729546723736 -84.748777904486332 8207.4375949326932 27.724848313791156 173.22690743659351 26138.969426292151 -243.29286904921051 -56.449453967852065 28.248296574314736 -44.780919111751111 -4.1110033269463342 7.6093429778253601 -11.020512207706998 -9.1703684783500652 -38.078697204597397 -40.637334075070385 -3.9355705009194484 -71.176621248349605 -15.313861196863332 1.1157040857385325 26.419107515260293 24.956383745957282 84.816416264097285 -37.226934220561134 -45.641108351065967 -74.508709926257509 -50.821016465155438 -41.677238883307929 -4.6940507577823158 161.73526525769586 -117.11560562517953 -40.781989237105954 6160.327960777222 145.94339620218784 -53.247272456570137 251.42915499332696 197.95690201767104 -65.517056334940577 -69.386779235498537 -18.093891292381752 18.993520647885589 -14.261797889416691 -82.233134145299488 -53.268052409550002 -65.921629476532104 -105.32115775583139 -20.009960869885802 -26.858192714024881
leaf_weight=164112 11087 79774 2553025 86314 55917 522 75325 100170 89450 65169 359792 10636 86518 100266 84202 58087 580 114419 13652 216 644 378496 360156 303107 506431 368381 505246 10216768 509296 74239 27067 109349 289157 102866 305383 186147 213383 151917 186156 195983 111087 452114 193591 8675 123913 129728 266 8748 172627 3560 10234 52660 20061 10545 9653 13747 14551 262088 36575 1233 190834 75655
leaf_count=164112 11087 79774 2553025 86314 55917 522 75325 100170 89450 65169 359792 10636 86518 100266 84202 58087 580 114419 13652 216 644 378496 360156 303107 506431 368381 505246 10216768 509296 74239 27067 109349 289157 102866 305383 186147 213383 151917 186156 195983 111087 452114 193591 8675 123913 129728 266 8748 172627 3560 10234 52660 20061 10545 9653 13747 14551 262088 36575 1233 190834 75655
internal_value=-2.57893e-05 -0.00013268 -2.00915e-05 -3.84379e-05 -0.000105384 -7.99104e-05 -8.10128e-05 -0.000207119 -0.000154994 -0.000277732 -4.65099e-05 -0.000103007 -2.77848e-05 -5.27557e-05 -1.71116e-05 5.41116e-05 0.000186562 -1.27694e-05 -7.85527e-05 -0.00014361 0.00147674 -1.85332e-05 -2.98368e-05 -5.79452e-05 -1.41477e-05 -2.60517e-05 1.9412e-05 -9.79189e-06 -4.27404e-05 -2.0285e-05 0.000119283 -5.6837e-05 -1.28934e-05 7.91187e-06 -2.42086e-05 3.4237e-05 9.25686e-05 -6.25418e-05 -1.53133e-05 -6.43674e-05 -1.32843e-05 -8.22254e-05 -4.23253e-05 9.97249e-06 -0.000149833 -0.000126969 4.94802e-06 0.000248836 -0.000110138 -0.000185013 -0.000110459 -0.000259258 -9.75241e-05 0.000137974 1.26055e-05 0.000175462 -0.000148756 -9.26601e-05 -0.000265127 0.000437678 -1.61106e-05 4.14602e-05
internal_weight=2.10016e+07 1.06283e+06 1.99387e+07 7.16892e+06 898722 718778 1.43477e+06 179944 286662 85270 545437 201392 5.73415e+06 1.55016e+06 650876 259604 87098 172506 899285 225039 860 4.18399e+06 2.93111e+06 1.04998e+06 1.88113e+06 671488 865402 1.27698e+07 1.01573e+06 111942 37703 674246 302809 1.25288e+06 564324 688552 316249 1.14811e+06 372303 391272 195289 806297 354183 202266 224179 185645 20101 9014 258941 173341 86515 86826 34166 14105 48185 23981 24204 371437 38330 1755 341814 150980
internal_count=21001550 1062834 19938716 7168923 898722 718778 1434773 179944 286662 85270 545437 201392 5734150 1550161 650876 259604 87098 172506 899285 225039 860 4183989 2931113 1049984 1881129 671488 865402 12769793 1015727 111942 37703 674246 302809 1252876 564324 688552 316249 1148111 372303 391272 195289 806297 354183 202266 224179 185645 20101 9014 258941 173341 86515 86826 34166 14105 48185 23981 24204 371437 38330 1755 341814 150980
cat_boundaries=0 1 2 4 5 7 9 11 13 14 15 17 18 20 22 24 25 26 27 28 29 31 32 33 35 37 38 39 40 42 44 45 46 47 49 51 52 53 54 56 58 59 61 63 64
cat_threshold=4 4 2467415880 177872 639106 1078435841 50180 145019492 57382 3539114278 157312 1184015674 107658 112913 178 100671776 73728 208 82629 17 346564202 84230 2657426686 35076 365172 1413 4 846728 1542 134479952 106 430310 596251 1380388246 56914 2991352982 52762 40 1445 2755 100802616 8320 3378453385 155840 404533 3592 1836 1898289313 233264 2067103812 213920 34268 1 484441 135808078 8384 2294415888 16397 16 1627654144 32768 1443967461 204293 97326
is_linear=0
shrinkage=0.05


Tree=109
num_leaves=63
num_cat=42
split_feature=0 0 0 17 17 1 2 13 14 13 13 13 1 13 14 13 4 2 11 11 3 13 13 14 14 0 13 14 13 14 1 0 16 13 15 13 5 15 17 13 5 13 13 13 15 13 14 3 14 13 13 0 6 13 14 13 13 0 15 13 14 13
split_gain=4.96722 1.6766 1.44056 1.22676 0.88531 1.04476 0.811821 0.753626 0.695421 0.677912 0.660231 0.62785 0.50919 0.659133 0.490629 0.795839 0.643845 0.460768 0.447726 0.427261 0.416327 0.734566 0.664576 0.718003 0.511625 0.41159 0.692337 0.625237 0.506395 0.714668 0.548072 0.536433 0.448545 0.531737 0.614808 0.487688 0.477637 0.462863 0.433601 0.426841 0.407116 0.729297 0.451986 0.397964 0.505373 0.800974 1.06229 0.397813 0.382005 0.520175 0.381057 0.44879 0.595432 0.398737 0.388504 0.846069 0.380738 0.378701 0.555915 0.801807 0.597181 0.513715
threshold=11.189863204956056 10.566581249237062 12.280593872070314 0 1 3886.603149414063 11.500000000000002 2 3 4 5 6 10331.559570312502 7 8 9 1.0000000180025095e-35 36.500000000000007 11.157712936401369 11.157712936401369 74.649997711181655 10 11 12 13 13.264259815216066 14 15 16 17 11813.657714843752 12.337017059326174 18 19 20 21 17500.000000000004 22 23 24 17500.000000000004 25 26 27 28 29 30 77.649997711181655 31 32 33 11.732255935668947 40.500000000000007 34 35 36 37 10.909216880798342 38 39 40 41
decision_type=2 2 2 1 1 2 2 1 1 1 1 1 2 1 1 1 2 2 2 2 2 1 1 1 1 2 1 1 1 1 2 2 1 1 1 1 2 1 1 1 2 1 1 1 1 1 1 2 1 1 1 2 2 1 1 1 1 2 1 1 1 1
left_child=1 56 3 6 7 9 8 -3 10 -6 -2 -10 18 -14 15 16 -15 25 -5 -8 21 -20 47 -24 -23 28 27 40 29 39 31 -31 33 34 -30 37 -35 -34 -37 -4 42 -42 -27 44 45 46 -7 -22 49 -46 54 53 -53 -52 55 -21 -1 -9 59 -59 -61 -60
right_child=2 4 17 12 5 43 19 57 11 -11 -12 -13 13 14 -16 -17 -18 -19 20 50 22 24 23 -25 -26 26 -28 -29 32 30 -32 -33 35 36 -36 38 -38 -39 -40 -41 41 -43 -44 -45 48 -47 -48 -49 -50 -51 51 52 -54 -55 -56 -57 -58 58 61 60 -62 -63
leaf_value=-52.969799662743441 -15.450395164449311 -50.034645091456518 -103.41780969266838 2.9941711011681038 -31.738141198281394 3866.0814953464601 -4.0060185686526895 -49.313249378045668 -67.946043810032052 -0.77667616649832782 -95.250266622694383 -6.7784508054684016 -60.897513637009155 87.175562995740762 -34.994699346423751 -35.558901280676587 409.36174205674109 3.5949613955834687 -52.174607628368364 138.18218610606672 16.675731888674274 15.400845108074009 -24.033729270812273 24.305770086708254 -32.734847944164905 -540.58946655772093 81.012821029187037 -243.41229394139955 121.44198630029332 -120.33796676599232 1.1850744453802691 134.37612937933108 -193.74184049716496 -35.031512323859538 -50.238999542568678 -30.709394779875222 -137.07748463932259 -22.654251570144336 -119.99818420067086 -9.4646126916723006 1990.962865730442 -16.596762255359863 55.539156259057201 -50.939594538737452 106.47665582343316 -28.558466221210121 182.92839132998162 -29.133771029002585 -56.462187258091312 -90.865539195613394 -54.904044647178331 -16.431408380015199 58.179565279956392 -16.025896754694852 -44.384060345271337 -64.097363481763338 -60.011025851822801 -57.075207706950053 9.5516998774651238 11.051065344499548 169.62807275192961 -71.008323395906245
leaf_weight=81251 25307 68967 461624 1329271 174566 992 341814 40430 93431 370871 59963 107961 439632 51802 684490 103874 15131 4892395 466876 16222 109669 257688 468090 570583 389196 63487 1275229 507272 231400 41772 1006135 263752 64423 971455 232547 167821 242695 715319 666324 614209 31216 51442 269276 111608 6101 14751 4769 847848 28924 6196 61551 259430 25169 89147 333801 20977 82861 12041 13675 7852 9186 27793
leaf_count=81251 25307 68967 461624 1329271 174566 992 341814 40430 93431 370871 59963 107961 439632 51802 684490 103874 15131 4892395 466876 16222 109669 257688 468090 570583 389196 63487 1275229 507272 231400 41772 1006135 263752 64423 971455 232547 167821 242695 715319 666324 614209 31216 51442 269276 111608 6101 14751 4769 847848 28924 6196 61551 259430 25169 89147 333801 20977 82861 12041 13675 7852 9186 27793
internal_value=-2.5006e-05 -0.000130327 -1.93918e-05 -3.73289e-05 -0.000103492 -7.86583e-05 -7.8678e-05 -0.000202674 -0.000153947 -4.46765e-05 -0.000273628 -0.000103256 -2.69826e-05 -5.45697e-05 -2.89932e-05 4.68137e-05 0.000181252 -9.32203e-06 -1.89354e-05 -5.98853e-05 -2.93167e-05 -5.38082e-05 -1.56518e-05 1.20479e-05 -1.93103e-05 -1.6807e-05 1.56514e-06 -3.14251e-05 -2.39169e-05 -6.38528e-06 1.83896e-05 7.70419e-05 -3.66314e-05 -1.85314e-05 2.69997e-05 -5.54513e-05 -3.59297e-05 -2.70222e-05 -8.20256e-05 -3.65908e-05 1.4057e-05 0.000113371 -1.06122e-05 -0.00018559 -8.3677e-05 0.000119092 0.000618524 -4.5699e-05 -0.000184582 4.88751e-05 -7.9745e-05 -4.80082e-05 -1.1066e-05 -0.000117778 -0.000116978 3.62955e-05 -0.000277286 -0.000121982 -5.20712e-05 0.000115525 0.000336169 -0.000169583
internal_weight=2.10016e+07 1.06283e+06 1.99387e+07 7.16892e+06 898722 718778 1.43477e+06 179944 286662 545437 85270 201392 5.73415e+06 1.29493e+06 855297 170807 66933 1.27698e+07 4.43922e+06 1.14811e+06 3.10995e+06 1.11376e+06 1.99619e+06 1.03867e+06 646884 7.8774e+06 2.19792e+06 922693 5.67948e+06 2.38749e+06 1.31166e+06 305524 3.29198e+06 1.6781e+06 463947 1.61389e+06 1.21415e+06 779742 834145 1.07583e+06 415421 82658 332763 173341 61733 20512 5761 957517 41221 12297 806297 435297 284599 150698 371000 37199 164112 110977 70547 29079 17038 41468
internal_count=21001550 1062834 19938716 7168923 898722 718778 1434773 179944 286662 545437 85270 201392 5734150 1294929 855297 170807 66933 12769793 4439221 1148111 3109950 1113760 1996190 1038673 646884 7877398 2197922 922693 5679476 2387492 1311659 305524 3291984 1678097 463947 1613887 1214150 779742 834145 1075833 415421 82658 332763 173341 61733 20512 5761 957517 41221 12297 806297 435297 284599 150698 371000 37199 164112 110977 70547 29079 17038 41468
cat_boundaries=0 1 2 4 5 7 9 11 13 14 16 18 20 21 22 24 25 27 28 29 31 32 34 35 36 38 40 42 44 45 47 48 49 51 53 55 56 58 60 61 63 64 66
cat_threshold=4 4 286377800 46800 639106 145019460 57382 1145544833 54276 3539114278 157320 3094085637 22585 79872 34735258 197638 346631802 18695 1637540097 210682 583738 664715 3222941361 21937 833618 2149428994 203248 438488 86 771756192 4 1566 1354891357 34305 8 2 2148565760 67632 2147616272 273 131072 273 251535428 81957 3588 138420224 81920 74368 393497 102629444 32 849388628 106301 2148667523 139456 135168 41951312 38960 1317879602 90446 358 1250297861 196868 836308 1073876993 198918
is_linear=0
shrinkage=0.05


Tree=110
num_leaves=63
num_cat=46
split_feature=0 0 17 1 17 0 13 2 0 13 13 14 13 13 14 3 15 3 16 15 14 1 15 2 13 14 14 16 13 11 13 2 13 13 14 14 15 0 15 14 13 13 13 13 13 13 15 13 14 13 15 3 0 13 17 13 14 14 13 13 15 0
split_gain=4.6643 1.56756 1.34537 0.921541 0.968577 0.919867 0.793043 0.74168 0.690813 0.623633 0.62164 0.515685 1.13545 0.540832 0.477239 0.622019 0.613187 0.545103 0.849159 0.467936 0.455053 0.505149 0.817379 0.450285 0.809519 0.603952 0.428894 0.53849 1.53457 0.411416 0.397678 0.396356 0.862075 0.58431 0.723538 0.547427 0.543449 1.31306 0.524164 0.520382 1.0842 0.504536 0.43674 0.401086 0.390933 0.378721 0.377557 0.846971 0.370328 0.88319 0.635521 0.361269 0.349244 0.346078 0.343996 0.429113 0.436757 0.42742 0.580761 0.442942 0.518435 0.428385
threshold=11.189863204956056 10.566581249237062 0 3714.3913574218755 1 12.272974491119387 2 5.5000000000000009 12.353046894073488 3 4 5 6 7 8 69.450000762939467 9 61.45000076293946 10 11 12 96561.386718750015 13 46.500000000000007 14 15 16 17 18 10.56644916534424 19 48.500000000000007 20 21 22 23 24 11.217521190643312 25 26 27 28 29 30 31 32 33 34 35 36 37 99.750000000000014 11.549319744110109 38 39 40 41 42 43 44 45 12.770995616912844
decision_type=2 2 1 2 1 2 1 2 2 1 1 1 1 1 1 2 1 2 1 1 1 2 1 2 1 1 1 1 1 2 1 2 1 1 1 1 1 2 1 1 1 1 1 1 1 1 1 1 1 1 1 2 2 1 1 1 1 1 1 1 1 2
left_child=1 45 5 4 6 7 -3 10 23 14 20 12 19 29 17 -16 -17 18 -6 -11 46 -22 -23 -4 25 -25 53 28 -28 -13 -29 33 36 34 41 43 37 -33 -37 40 -34 -9 -41 -35 -5 -1 47 -2 49 50 -12 -26 -36 -8 -10 57 -57 58 -56 -59 -61 -60
right_child=2 3 8 44 9 -7 26 31 54 11 48 13 -14 -15 15 16 -18 -19 -20 -21 21 22 -24 24 51 -27 27 30 -30 -31 -32 32 39 35 52 38 -38 -39 -40 42 -42 -43 -44 -45 -46 -47 -48 -49 -50 -51 -52 -53 -54 -55 55 56 -58 59 61 60 -62 -63
leaf_value=-57.879581843997634 2341.4173606162085 -49.31752432761715 -20.400963632328331 -58.137434473579177 4575.7866542881229 -28.031039792238516 -73.836477276989953 20.256811034750083 34.336567587151514 118.58845474914297 1802.2284266211479 16.032681602300819 -41.795420978827224 -39.41387927405399 -45.77257670036434 73.982288950228352 15.484934477215347 -24.991041458480961 -40.03379808857872 16.054831658796413 -83.647493148579088 4043.5614557824356 -61.440152410152862 -65.882504054338554 15.921997792440459 -0.74684354668243036 928.59406581928238 10.063981979597648 -14.053297551609786 -26.983702835591615 -39.502937096098073 2324.1206939215276 170.36347140629525 -62.590123394862985 -65.866977811099972 -39.6152816735286 4.1224916702052727 115.68462612553522 7.8520116452084983 -10.494418988061096 -30.267920748441703 -44.044101741291527 -66.102910215602108 -16.435203425137569 -27.1305429101496 -50.136713398488475 -0.51667430992601948 42.675144237193138 -94.804767157195613 -85.990418299622164 24.761697139185344 -214.34465715434609 -50.610469754095448 -23.618110564170966 58.69708498357177 31.387148711434566 -29.053435566445117 -30.044707137507757 -120.14203555753828 -46.272840371345048 -156.46376387872408 -21.518608302287614
leaf_weight=73110 1649 54364 4952700 100560 1151 2568516 11195 45274 2406424 7659 1680 44005 50441 145723 18918 26271 37044 65558 1186 37950 19823 1314 2681 231055 790349 345121 2583 14384 6316 101476 28946 356 11886 128890 56251 116465 64719 32876 232324 58328 28793 50514 62190 155057 126152 91002 7465 3716 73256 22139 8818 5008 232818 16840 779787 1878475 1876954 952586 279488 476260 477064 499647
leaf_count=73110 1649 54364 4952700 100560 1151 2568516 11195 45274 2406424 7659 1680 44005 50441 145723 18918 26271 37044 65558 1186 37950 19823 1314 2681 231055 790349 345121 2583 14384 6316 101476 28946 356 11886 128890 56251 116465 64719 32876 232324 58328 28793 50514 62190 155057 126152 91002 7465 3716 73256 22139 8818 5008 232818 16840 779787 1878475 1876954 952586 279488 476260 477064 499647
internal_value=-2.3987e-05 -0.000126046 -1.85468e-05 -0.000100098 -7.06904e-05 -4.45225e-05 -0.000190614 -7.68278e-05 -1.20527e-05 -4.06421e-05 -0.000185002 -7.41789e-05 2.62861e-05 -0.000107316 4.58649e-05 0.000126862 0.000202046 -5.22416e-05 0.000698118 0.000207052 -7.47402e-06 -0.000136771 0.000376096 -2.48905e-05 4.62369e-07 -4.46691e-05 -9.07138e-05 -6.01993e-06 0.000348019 -3.91119e-05 -7.87951e-05 -6.47507e-05 -9.54619e-06 -7.88095e-05 -0.00012739 -4.92578e-05 0.000107436 0.000271765 -7.29456e-06 -8.06319e-05 7.39885e-05 -8.2878e-06 -0.000132823 -0.000100802 -0.000187268 -0.000268146 0.000232477 0.000552093 -0.000246418 -0.000106242 0.000271318 3.31569e-05 -0.000166855 -0.00024844 -3.61889e-06 -9.07543e-06 2.63279e-06 -2.17656e-05 -2.34793e-06 -3.7648e-05 -6.17428e-05 -3.28785e-05
internal_weight=2.10016e+07 1.06283e+06 1.99387e+07 898722 672010 3.9878e+06 134628 1.41928e+06 1.59509e+07 537382 142541 387254 96050 291204 150128 82233 63315 67895 2337 45609 36648 23818 3995 6.32423e+06 1.37153e+06 576176 80264 52229 8899 145481 43330 1.27674e+06 259148 1.01759e+06 384857 632736 97951 33232 348789 161197 40679 95788 120518 283947 226712 164112 12830 5365 105893 32637 10498 795357 289069 28035 9.62668e+06 7.22026e+06 3.75543e+06 3.46483e+06 1.55892e+06 1.90591e+06 953324 779135
internal_count=21001550 1062834 19938716 898722 672010 3987798 134628 1419282 15950918 537382 142541 387254 96050 291204 150128 82233 63315 67895 2337 45609 36648 23818 3995 6324233 1371533 576176 80264 52229 8899 145481 43330 1276741 259148 1017593 384857 632736 97951 33232 348789 161197 40679 95788 120518 283947 226712 164112 12830 5365 105893 32637 10498 795357 289069 28035 9626685 7220261 3755429 3464832 1558922 1905910 953324 779135
cat_boundaries=0 1 2 4 6 8 9 11 13 14 15 16 17 18 19 21 22 23 24 26 28 30 32 33 34 35 36 37 39 41 43 45 47 49 50 52 53 55 56 58 59 61 62 63 65 67 68
cat_threshold=4 4 2149699400 46808 592519168 8008 17277970 66820 82561 2149895582 65585 1418334329 172163 282151 412 49 3 465922 75 6303422 169426 934956 149676 1 67764400 38 1614819332 215040 301029034 306 832599178 35132 78856 47056 549 225 133272 1208098817 201728 805323784 34836 570952004 59596 1146421361 135171 1901194408 236546 2958196941 171697 1322 197632 256 272964 671092840 6314 3072 1632641044 196614 2 3205824602 124566 791413 609573 420741186 106626 3019964440 17940 3489
is_linear=0
shrinkage=0.05


Tree=111
num_leaves=63
num_cat=40
split_feature=0 0 17 2 17 1 0 13 14 13 2 13 13 11 3 15 14 13 0 3 13 14 16 11 13 0 6 14 13 13 14 2 3 13 14 3 13 14 6 14 14 13 1 13 14 13 13 15 15 15 15 0 5 13 13 15 13 1 13 0 14 17
split_gain=4.85223 1.41616 1.31335 0.988684 0.855808 0.974576 0.769992 0.746378 1.18511 0.723103 0.725528 0.713409 0.666606 0.62553 0.620699 1.70746 0.616518 0.824059 0.615927 0.60095 0.636907 1.61381 2.43503 0.56749 0.569052 0.822961 1.34594 0.581282 0.599508 0.539534 0.535993 0.534387 0.531651 0.528424 0.50393 0.492475 0.723895 0.676694 0.558 0.483487 0.460181 1.10504 0.91326 0.74993 0.515541 0.456417 0.430697 0.420922 0.399755 0.399253 0.391408 0.390603 0.385922 0.96592 0.585522 0.518386 0.843692 0.514429 0.690058 0.51454 0.506943 0.412852
threshold=11.189863204956056 10.566581249237062 0 12.500000000000002 1 1733.5891113281252 11.611279010772707 2 3 4 23.500000000000004 5 6 11.157712936401369 93.549999237060561 7 8 9 13.135868549346926 60.850000381469734 10 11 12 12.06630849838257 13 12.067407608032228 18.500000000000004 14 15 16 17 36.500000000000007 71.250000000000014 18 19 99.750000000000014 20 21 29.500000000000004 22 23 24 103178.58593750001 25 26 27 28 29 30 31 32 10.777470111846926 1750.0000000000002 33 34 35 36 57254.009765625007 37 11.860711097717287 38 39
decision_type=2 2 1 2 1 2 2 1 1 1 2 1 1 2 2 1 1 1 2 2 1 1 1 2 1 2 2 1 1 1 1 2 2 1 1 2 1 1 2 1 1 1 2 1 1 1 1 1 1 1 1 2 2 1 1 1 1 2 1 2 1 1
left_child=1 -1 3 6 11 9 7 8 14 10 -6 51 -8 19 32 -16 17 -11 31 20 21 22 -5 29 25 26 -25 28 -26 30 50 52 -2 -18 46 -33 37 38 -37 -27 41 42 -21 44 -42 -29 -12 -31 -43 -32 -15 -3 53 57 55 56 -54 59 -59 -4 -57 -55
right_child=2 4 18 13 5 -7 12 -9 -10 16 34 -13 -14 23 15 -17 33 -19 -20 40 -22 -23 -24 24 27 39 -28 45 -30 47 49 35 -34 -35 -36 36 -38 -39 -40 -41 43 48 -44 -45 -46 -47 -48 -49 -50 -51 -52 -53 54 61 -56 60 -58 58 -60 -61 -62 -63
leaf_value=-51.722014507743353 989.82310071831671 -59.295514216723973 -12.306637528521986 48522.491193039081 46.751652144126183 -35.594446382121895 -76.426004093023408 -87.764922535220975 -81.404460380569034 40.881737772624504 4.1242036521056455 -44.777572626340735 -21.308130918202007 47.759378897350238 8008.1996100620763 71.175161621862841 -53.002008002675623 -21.876336610490583 19.647498629004573 140.77128086432967 -179.26868932470936 -148.26509007275945 13930.417784006053 6063.3517237845626 -21.653849340069247 40.702926855226998 -262.56409860805951 -59.262872106087343 -114.2144417756048 -68.980483293325264 5.535200690702232 -1.913322508044577 -18.618270206948637 -13.691413423243148 -0.29088890527700645 145.21761136399763 -226.38203822864054 -206.72059389756683 3880.0177883306278 -40.726756382240637 112.62415436164484 77.378690291878513 180818.91758767492 -36.053846630082539 -2.9839574689632173 13.656205351322207 124.34145470845304 -31.7583557046406 -39.543928361067088 -49.250762078721529 -3.2929217545377014 -18.19861478901694 -106.2444872973485 19.251630334496806 -13.591705606083906 2.5060663022488954 -43.789208532010619 238.31361908315995 -160.17100764083298 99.922398578089641 -43.543372907383677 -53.626274092505994
leaf_weight=164112 2441 16411 154071 254 239 394969 381693 52136 13811 45453 17961 90838 409902 30980 442 943 46394 64587 3582574 98703 17229 1432 402 221 161359 339089 236 233052 265022 53003 41016 4709787 5224 64965 61530 4193 16305 6187 2220 340398 114205 43113 237 319342 206979 285012 22680 261812 131783 82655 93672 72695 325090 197456 3295390 651994 611619 21960 53427 502595 1220888 595162
leaf_count=164112 2441 16411 154071 254 239 394969 381693 52136 13811 45453 17961 90838 409902 30980 442 943 46394 64587 3582574 98703 17229 1432 402 221 161359 339089 236 233052 265022 53003 41016 4709787 5224 64965 61530 4193 16305 6187 2220 340398 114205 43113 237 319342 206979 285012 22680 261812 131783 82655 93672 72695 325090 197456 3295390 651994 611619 21960 53427 502595 1220888 595162
internal_value=-2.35037e-05 -0.000127599 -1.79549e-05 -4.36197e-05 -0.000102936 -7.85192e-05 -9.08681e-05 -0.000243989 -5.70544e-06 -1.42193e-05 9.56361e-05 -0.000200451 -7.63612e-05 -3.05015e-05 0.000438742 0.00141336 -6.50353e-05 1.8901e-05 -1.15386e-05 3.76033e-06 -0.000272221 0.000551001 0.00258559 -4.51251e-05 -3.01305e-05 4.74786e-06 0.00212582 -5.52404e-05 -9.84784e-05 -8.83775e-05 -3.32674e-05 -1.68265e-05 0.00026321 -0.000147972 8.92088e-05 -3.63892e-06 -0.000209392 7.53375e-05 0.000434922 3.32136e-06 9.59077e-06 6.38393e-05 0.000197373 -1.36022e-05 4.03437e-05 -1.96531e-05 0.000225813 -0.000131843 -1.17087e-05 -0.000107013 3.99004e-05 -9.9903e-05 -2.50172e-05 -2.51515e-06 -3.06369e-05 -4.74068e-05 -7.77758e-05 3.88954e-05 -8.48086e-05 5.30975e-05 -3.22176e-05 -4.07614e-05
internal_weight=2.10016e+07 1.06283e+06 1.99387e+07 3.9878e+06 898722 718778 866592 74997 22861 323809 102410 179944 791595 3.12121e+06 9050 1385 221399 110040 1.59509e+07 933679 19317 2088 656 2.18753e+06 1.62439e+06 679944 457 944445 426381 563138 248323 1.23683e+07 7665 111359 102171 4.73869e+06 28905 12600 6413 679487 914362 273836 98940 640526 321184 518064 40641 314815 174896 123671 124652 89106 7.62965e+06 1.52467e+06 6.10498e+06 2.80959e+06 936709 732053 75387 656666 1.87288e+06 792618
internal_count=21001550 1062834 19938716 3987798 898722 718778 866592 74997 22861 323809 102410 179944 791595 3121206 9050 1385 221399 110040 15950918 933679 19317 2088 656 2187527 1624389 679944 457 944445 426381 563138 248323 12368344 7665 111359 102171 4738692 28905 12600 6413 679487 914362 273836 98940 640526 321184 518064 40641 314815 174896 123671 124652 89106 7629652 1524671 6104981 2809591 936709 732053 75387 656666 1872882 792618
cat_boundaries=0 1 2 4 5 7 9 11 12 13 15 17 18 19 21 22 24 26 27 29 30 32 33 34 35 37 39 40 42 44 45 46 47 48 50 52 53 55 57 58 59
cat_threshold=4 4 3225748240 165254 395960 1632837890 7745 1827543087 84267 3314195256 148395 848 377523 2516631749 196642 1573120 33824 55560 48 617519936 25397 214219 1210081418 163968 2266748953 225472 172733 2382414981 196644 733520 481972278 202826 484682 512195 548906 305792064 248657 2379336637 5222 262484 438378634 133256 553787648 513 3072 416 2944 2184 2335609771 4965 456332011 82517 2256 50466944 66049 1314946 320 793612 2
is_linear=0
shrinkage=0.05


Tree=112
num_leaves=63
num_cat=43
split_feature=0 17 0 0 2 1 17 13 2 13 1 13 14 14 13 17 0 15 0 13 13 3 13 14 11 13 13 13 3 13 13 13 14 0 13 14 14 14 14 17 13 15 3 14 3 16 13 13 13 14 15 6 16 17 17 6 15 6 14 16 11 15
split_gain=4.48194 1.3273 1.2936 1.02766 0.903193 0.749688 0.739407 0.710814 0.627932 0.90253 0.763879 4.05597 0.661522 0.620593 0.596748 0.579929 0.555348 0.688752 0.918441 0.856951 0.542038 0.652536 0.537685 0.537143 0.706476 0.816167 0.554601 0.50587 0.441584 0.435818 0.433723 0.430631 0.444171 0.423661 0.428892 0.635589 0.448383 0.411003 0.404979 0.432438 0.415121 0.772786 0.501385 0.391326 0.388786 0.387426 0.494983 0.383191 0.382171 0.396911 0.877263 0.850025 1.47331 0.782058 0.490725 0.844855 0.398138 0.809784 0.437145 0.469535 0.381365 0.3758
threshold=11.157345771789553 0 10.566581249237062 12.272974491119387 5.5000000000000009 4000.8947753906255 1 2 6.5000000000000009 3 388236.43750000006 4 5 6 7 8 13.191593170166017 9 14.622321128845217 10 11 99.850002288818374 12 13 10.956196784973146 14 15 16 62.649999618530281 17 18 19 20 12.240372657775881 21 22 23 24 25 26 27 28 99.750000000000014 29 75.250000000000014 30 31 32 33 34 35 28.500000000000004 36 37 38 9.5000000000000018 39 1.5000000000000002 40 41 12.401002407073976 42
decision_type=2 1 2 2 2 2 1 1 2 1 2 1 1 1 1 1 2 1 2 1 1 2 1 1 2 1 1 1 2 1 1 1 1 2 1 1 1 1 1 1 1 1 2 1 2 1 1 1 1 1 1 2 1 1 1 2 1 2 1 1 2 1
left_child=2 3 48 4 20 6 14 13 9 38 15 -12 16 27 -4 -10 22 18 -18 -19 21 -2 44 24 26 -26 -16 -8 -29 61 -14 32 -15 34 35 -17 -36 -31 39 40 41 -3 -42 -33 -11 46 -32 -25 49 50 51 54 -53 -54 55 -1 57 -51 -59 -60 -24 -7
right_child=1 8 5 -5 -6 29 7 -9 10 12 11 -13 30 31 23 33 17 19 -20 -21 -22 -23 60 47 25 -27 -28 28 -30 37 45 43 -34 -35 36 -37 -38 -39 -40 -41 42 -43 -44 -45 -46 -47 -48 -49 -50 56 -52 52 53 -55 -56 -57 -58 58 59 -61 -62 -63
leaf_value=826.29242895762457 -44.735345386606042 1113.0110150559165 -43.837647504395001 -25.983483993840039 -23.718479535649568 -2.9428369512228332 -54.198451269570981 -24.018503041984243 11.306816704641552 111.75482277886988 34713.711022792464 -4297.2329074818044 -137.41711299486562 25.755144645811153 46.397591062402313 -39.829308582360866 1296.3746547005767 1613.2590287785119 611595.67832954985 -493.69086344518951 -83.735908945473 1607.5022698432456 -95.206966434746732 -59.581926394877819 1307.4876604398787 20.991852977763529 -30.542056012692683 456.38355618152241 -3.6094219711962392 -23.575518929251583 1510.7575955443579 80.804059545174127 -40.267994967861618 -10.511919766974826 9.4342661682290778 -11.383172370607554 -15.34408252413143 -63.609564856645569 23.991228467649492 -84.138728003375945 -49.446973335339862 -8.8055075558891076 469.19083840272253 5.0848166384331313 -43.332274080464963 -101.64575088539546 -105.90440216336647 -25.467767189103803 -51.847920942389877 1651.3434501746892 -45.228373284294662 8690.8141139589698 2644.2144012908288 -112.62101608362187 -115.59522822825619 -69.476424229258058 -52.354910400822476 -86.428342710378999 1781.6001397690814 -98.273317361457799 -22.46640513621951 -47.261080055730872
leaf_weight=312 65313 17254 60554 2568516 1292252 44790 32814 302632 3534744 55773 205 651 204719 27240 4511 785950 23357 22715 492 48934 78647 256 150385 14880 2441 6413 12674 3029 44696 39056 20144 32770 26116 6981219 565863 957848 1321191 57817 514594 209859 159753 33532 964 32949 92208 215325 27595 23980 131095 222 5395 355 283 500 1036 465 18313 2610 1767 1759 73837 43981
leaf_count=312 65313 17254 60554 2568516 1292252 44790 32814 302632 3534744 55773 205 651 204719 27240 4511 785950 23357 22715 492 48934 78647 256 150385 14880 2441 6413 12674 3029 44696 39056 20144 32770 26116 6981219 565863 957848 1321191 57817 514594 209859 159753 33532 964 32949 92208 215325 27595 23980 131095 222 5395 355 283 500 1036 465 18313 2610 1767 1759 73837 43981
internal_value=-2.27514e-05 -1.76481e-05 -0.000127297 -4.33933e-05 -7.72613e-05 -0.000101459 -7.53533e-05 -4.82279e-05 -1.12115e-05 -3.84298e-05 -7.61106e-06 0.00148598 -7.31609e-05 2.50125e-05 -0.00018393 -7.70143e-06 -3.11095e-05 7.64523e-05 0.000309129 -1.03917e-06 -0.000195942 -8.9731e-05 -5.87081e-05 -7.85634e-05 9.71443e-05 0.000460019 -8.9758e-05 -8.21793e-05 2.17351e-05 -0.000189728 -0.000115203 9.75149e-05 -8.01961e-06 -1.3544e-05 -2.73969e-05 -4.52734e-05 -1.08773e-05 -0.000263064 -3.71547e-06 -4.00615e-05 1.03946e-05 0.000134991 -2.89835e-05 0.000183184 1.52683e-05 -7.27243e-05 5.61378e-05 -0.000196295 -0.00025535 -0.000103203 0.000194711 0.000886356 0.00196046 0.000704288 0.000217044 0.0011582 -0.000204023 0.000136778 2.96615e-05 0.000392252 -0.000107527 -0.000109657
internal_weight=2.10016e+07 2.00241e+07 977455 4.00498e+06 1.43647e+06 813343 627699 502246 1.60191e+07 1.87144e+06 1.41477e+07 856 935484 199614 125453 1.41468e+07 467701 95498 23849 71649 144216 65569 372203 64899 26039 8854 17185 80539 47725 185644 467783 119075 53356 1.06121e+07 3.63085e+06 1.7438e+06 1.88705e+06 96873 935956 421362 211503 50786 160717 65719 147981 263064 47739 38860 164112 33017 8346 2951 1138 783 1813 777 24671 6358 6136 3526 224222 88771
internal_count=21001550 20024095 977455 4004984 1436468 813343 627699 502246 16019111 1871440 14147671 856 935484 199614 125453 14146815 467701 95498 23849 71649 144216 65569 372203 64899 26039 8854 17185 80539 47725 185644 467783 119075 53356 10612071 3630852 1743798 1887054 96873 935956 421362 211503 50786 160717 65719 147981 263064 47739 38860 164112 33017 8346 2951 1138 783 1813 777 24671 6358 6136 3526 224222 88771
cat_boundaries=0 1 2 4 6 8 9 10 12 13 14 16 18 20 21 23 25 27 29 31 33 34 36 37 38 39 40 41 43 44 45 46 48 50 52 53 54 55 56 57 58 59 60 61
cat_threshold=4 4 1901666562 73417 881715506 173291 84201508 32771 480307 296487 2234109904 46808 2 896 6296589 256 755414035 116150 1092747264 84752 632144 1056800 81926 281018372 65569 1114370 71688 716052062 17273 1211237376 84240 1346904320 641 659736 294869547 217040 88151 264963 270709 222860 3 268443664 194 1602 616576 72 16777865 512 307240964 196614 1252065824 24576 340224 1043 48 9 12 416 558153 14 1445
is_linear=0
shrinkage=0.05


Tree=113
num_leaves=63
num_cat=43
split_feature=0 0 2 11 17 0 0 17 13 13 13 14 2 15 11 13 13 13 14 13 15 1 15 13 14 13 14 16 17 13 13 14 1 1 2 13 14 14 15 13 13 13 1 15 14 14 13 6 3 0 11 2 14 15 14 13 15 2 14 13 13 15
split_gain=4.51427 1.2875 1.17255 0.893173 0.876767 0.838443 0.813675 0.724233 0.67513 0.670866 0.599855 0.785389 1.01992 1.17379 1.10784 1.00987 0.593589 0.508165 0.504849 0.772461 0.771949 0.770044 0.499136 0.525948 0.475876 0.473453 0.610026 0.495138 0.459729 0.620032 0.57925 0.867151 0.719774 0.519893 0.518777 0.658995 0.822639 0.61587 0.522525 0.884971 0.66384 0.445208 0.442959 1.22647 0.417557 0.410978 0.420509 0.432884 1.67343 0.409892 0.454185 0.408781 0.460295 0.589029 0.410154 0.496996 0.40757 0.406315 0.676569 0.692246 0.481689 0.44126
threshold=11.157345771789553 10.566581249237062 12.500000000000002 11.122245311737062 0 11.611279010772707 12.067407608032228 1 2 3 4 5 49.500000000000007 6 10.956196784973146 7 8 9 10 11 12 10452.083984375002 13 14 15 16 17 18 19 20 21 22 128595.94140625001 170394.17968750003 42.500000000000007 23 24 25 26 27 28 29 35232.240234375007 30 31 32 33 42.500000000000007 63.45000076293946 12.010389328002931 11.790730953216555 39.500000000000007 34 35 36 37 38 20.500000000000004 39 40 41 42
decision_type=2 2 2 2 1 2 2 1 1 1 1 1 2 1 2 1 1 1 1 1 1 2 1 1 1 1 1 1 1 1 1 1 2 2 2 1 1 1 1 1 1 1 2 1 1 1 1 2 2 2 2 2 1 1 1 1 1 2 1 1 1 1
left_child=1 -1 4 28 5 17 9 10 -7 24 11 12 25 15 -15 -14 -6 -2 19 21 -21 -10 -20 -24 49 27 -27 -3 30 33 31 32 -4 44 38 37 -37 -36 39 -31 -40 -9 -33 -44 -30 46 47 -12 -49 50 -5 54 53 -53 55 -11 -51 58 59 -32 -60 -59
right_child=2 7 3 6 16 8 -8 41 18 51 45 -13 13 14 -16 -17 -18 -19 22 20 -22 -23 23 -25 -26 26 -28 -29 29 34 57 42 -34 -35 35 36 -38 -39 40 -41 -42 -43 43 -45 -46 -47 -48 48 -50 56 -52 52 -54 -55 -56 -57 -58 61 60 -61 -62 -63
leaf_value=-47.625831801410939 -44.684905680822368 272.73921788047357 -5.7874234637554771 -0.94462695171892008 -57.03731219757023 -72.609999386786967 -14.562661468960869 -39.307649844155961 3140.7877051428568 -54.538249243398951 -26.221700815274154 -16.527763328331094 1884.8524285272742 133.0492325611861 2458.8086274253055 -71.761560459827166 -12.041493446129971 -83.560293971310472 0.31769227451504778 -121.95988689210199 89.389795349593285 147.27665394930861 1.3819845747972979 -103.728278230638 -20.15793751235773 51.735170803133705 -52.931539310753173 27.504330901256708 -2.1561711928883596 -51.403568747993816 1060.1215852392932 99.823458852577204 111204.15628728746 171779.27088249085 279.26222390451585 -69.292837831739504 70.217542045418483 55.702950699256327 12.882833232251095 93.819011516485446 -93.655384614750446 -25.545887895179206 39077.259019800018 184.26427796765833 -75.480031891621181 -12.19471302424895 -56.994013434333013 4042.8279019329184 224.78789691881107 122.79597741815469 38.150368809861753 -36.967896072510577 -32.270439425280436 17.552399297146575 -42.071461413821545 4.9475579246966852 -91.945201250243286 -39.489102733980509 -34.200162940902374 -123.83180915501345 -203.4849212608153 44.58029719853694
leaf_weight=164112 37597 6300 327006 323927 1248218 350416 8124070 111526 362 99523 54809 143348 681 3898 2000 3790 2224138 41029 164074 29536 41833 38652 52918 113804 691780 10424 21041 13277 381286 269708 21334 470369 310 292 94332 178552 269587 172633 324721 359027 306183 214354 10513 15168 464452 154589 70765 237 2304 9226 187272 85135 337793 253719 645439 178498 45849 289897 68148 24769 67434 583566
leaf_count=164112 37597 6300 327006 323927 1248218 350416 8124070 111526 362 99523 54809 143348 681 3898 2000 3790 2224138 41029 164074 29536 41833 38652 52918 113804 691780 10424 21041 13277 381286 269708 21334 470369 310 292 94332 178552 269587 172633 324721 359027 306183 214354 10513 15168 464452 154589 70765 237 2304 9226 187272 85135 337793 253719 645439 178498 45849 289897 68148 24769 67434 583566
internal_value=-2.20681e-05 -0.00012699 -1.69465e-05 -1.05794e-05 -3.99386e-05 -8.48167e-05 -1.83852e-05 -0.000101213 -6.935e-05 -4.13305e-05 -6.26317e-05 2.54237e-06 0.000152139 0.000604254 0.00106652 -7.92186e-06 -2.86912e-05 -0.000240543 -2.81949e-05 6.43931e-05 -3.34057e-05 0.000243261 -5.90916e-05 -0.000120018 -1.40107e-05 6.03233e-05 -5.98089e-05 0.000253306 7.6626e-06 -5.0997e-06 2.68263e-05 5.8257e-05 -4.91206e-06 -4.09137e-05 1.0244e-05 4.4257e-05 7.20902e-06 0.000106443 -9.06522e-06 2.31935e-05 -4.12127e-05 -0.000158918 9.9938e-05 0.00030215 -4.16424e-05 -0.000109835 -0.000176058 -7.54005e-05 0.000562574 1.99781e-05 3.39413e-05 -6.28096e-05 -3.32865e-05 7.8886e-06 -8.44428e-05 -3.36666e-05 -0.000109623 2.29966e-06 -6.57314e-05 9.97229e-05 -0.00012199 1.64505e-05
internal_weight=2.10016e+07 977455 2.00241e+07 1.56815e+07 4.34258e+06 870221 1.09822e+07 813343 791595 2.85816e+06 487463 204759 61411 10369 5898 4471 3.47236e+06 78626 441179 110383 71369 39014 330796 166722 1.25805e+06 51042 31465 19577 4.69929e+06 2.82077e+06 1.87851e+06 823366 327316 846030 1.97474e+06 715104 448139 266965 1.25964e+06 628735 630904 325880 496050 25681 845738 282704 128115 57350 2541 566274 511199 1.60011e+06 676647 338854 923460 278021 55075 1.05515e+06 181685 46103 135582 873463
internal_count=21001550 977455 20024095 15681518 4342577 870221 10982231 813343 791595 2858161 487463 204759 61411 10369 5898 4471 3472356 78626 441179 110383 71369 39014 330796 166722 1258054 51042 31465 19577 4699287 2820773 1878514 823366 327316 846030 1974743 715104 448139 266965 1259639 628735 630904 325880 496050 25681 845738 282704 128115 57350 2541 566274 511199 1600107 676647 338854 923460 278021 55075 1055148 181685 46103 135582 873463
cat_boundaries=0 1 2 4 6 8 9 10 12 14 16 17 19 20 21 23 24 26 27 28 29 31 33 34 36 37 38 39 41 43 45 46 47 48 50 51 52 53 55 56 57 59 61 62
cat_threshold=4 19 1166711608 148267 3691862749 22592 868990976 73337 754304 1171 16384 65 4013969636 53264 2219758360 232886 201736 3120562243 8320 944 1212 4195332 43092 331177 571047936 65560 655360 20 10 2147983902 10258 894165110 57394 496131 808474625 131177 86476 88720 2851 1349536000 164197 1212157344 54637 335659200 254614 572 299986 960010 67118274 156038 692527 548 156808 537927682 567 33 589861 3223585665 196993 42998793 201408 3201
is_linear=0
shrinkage=0.05


Tree=114
num_leaves=63
num_cat=42
split_feature=0 0 17 0 2 11 2 13 14 15 13 3 0 13 13 13 14 13 13 17 14 1 6 15 13 14 15 2 16 14 13 13 2 14 13 0 13 15 14 13 3 15 4 2 15 1 15 14 13 0 13 14 15 14 13 13 16 15 6 17 0 15
split_gain=4.25067 1.23825 1.14434 0.891526 0.864864 0.635893 0.606836 0.587293 0.733055 0.686913 1.44852 2.97109 0.582341 0.69116 0.574675 0.560396 0.550994 0.688327 0.532971 0.506768 0.501606 0.480948 0.455044 1.87888 0.54917 0.445173 0.563485 0.455291 0.488109 0.433445 0.428756 0.424394 0.421364 0.414732 0.536218 0.407453 0.407091 0.405698 0.558172 0.4046 0.629709 1.55393 0.496092 0.473423 0.413977 0.402796 1.16992 0.389327 0.5535 0.386857 0.413117 0.463469 0.477386 0.459326 0.559184 0.420495 0.381313 0.377776 0.370243 0.362477 0.721288 0.360019
threshold=11.157345771789553 10.36855983734131 0 12.272974491119387 5.5000000000000009 10.363864898681642 7.5000000000000009 1 2 3 4 71.649997711181655 10.961292743682863 5 6 7 8 9 10 11 12 31540.660156250004 35.500000000000007 13 14 15 16 7.5000000000000009 17 18 19 20 24.500000000000004 21 22 12.146275043487551 23 24 25 26 60.250000000000007 27 1.5000000000000002 2.5000000000000004 28 10452.083984375002 29 30 31 12.240372657775881 32 33 34 35 36 37 38 39 9.5000000000000018 40 11.122486114501955 41
decision_type=2 2 1 2 2 2 2 1 1 1 1 2 2 1 1 1 1 1 1 1 1 2 2 1 1 1 1 2 1 1 1 1 2 1 1 2 1 1 1 1 2 1 2 2 1 2 1 1 1 2 1 1 1 1 1 1 1 1 2 1 2 1
left_child=1 31 3 4 18 7 14 8 -3 10 11 -10 13 -11 29 25 17 21 20 -8 22 -16 24 -24 -2 26 59 -28 -29 39 45 -1 47 36 -35 -23 -9 38 -22 40 41 -4 -42 -41 -45 46 -18 48 -17 50 53 57 -53 55 -55 -21 -39 -52 -12 60 -7 -47
right_child=2 5 6 -5 -6 15 19 33 9 12 58 -13 -14 -15 16 32 30 -19 -20 49 37 35 23 -25 -26 -27 27 28 -30 -31 -32 -33 -34 34 -36 -37 -38 56 -40 43 42 -43 -44 44 -46 61 -48 -49 -50 -51 51 52 -54 54 -56 -57 -58 -59 -60 -61 -62 -63
leaf_value=-44.815035816809136 -208.38280966193639 -21.6939879928983 8088.5365704388932 -23.356250203041057 -22.013557046770348 -24.320776496865257 10.638015474366695 -60.941992871905498 5245.3147606868297 197.64167595088134 55.12508336607398 367.0128657162104 -20.830480468844016 5.2046061198041347 -74.300361311862275 4.8632039807060004 520.48754906999181 -85.522735624475317 -77.373730192221956 19.729671358175985 -69.347946704887093 210.99733639092301 8014.3576516782869 -125.17139750294479 2378.4115211861272 -37.232138063836828 -59.195578188999143 -45.876032044906964 49.178420924186923 -89.1322233088502 -25.197393886771444 -57.934708070410217 -26.378249102801693 -31.580143760832268 12.474637783409072 31.775037102645367 -12.001471982751539 7.2572902866403641 194.3910574044414 -126.66303029933192 -10.663854505344535 -296.18771201571991 299.80514097969547 76.64823399504148 -97.691439927719145 128.90430899765707 -55.525836022061867 -52.573039838221121 -59.809453370028045 -9.376912004924808 -49.726213729081429 27.333315266028514 -19.256893759942251 1.9209535471871277 -41.312367251113578 -7.0445322413621163 -89.846240107848104 -25.827427087095931 -32.836074940692804 -45.224829806022584 98.916708150071472 6.1570185758544547
leaf_weight=30672 2028 41513 383 2568516 1292252 8216 3468576 24755 383 10156 667 913 20762 15119 39805 30867 544 347456 98788 390836 2819 28101 495 763 3469 113248 8635 9481 47795 492482 375343 50222 233319 52792 62371 143290 38404 10940 3988 93352 131349 501 22475 64564 91219 127195 686 100525 35258 6850842 333729 162871 816398 462194 428857 498156 20926 469058 2322 38115 945 178849
leaf_count=30672 2028 41513 383 2568516 1292252 8216 3468576 24755 383 10156 667 913 20762 15119 39805 30867 544 347456 98788 390836 2819 28101 495 763 3469 113248 8635 9481 47795 492482 375343 50222 233319 52792 62371 143290 38404 10940 3988 93352 131349 501 22475 64564 91219 127195 686 100525 35258 6850842 333729 162871 816398 462194 428857 498156 20926 469058 2322 38115 945 178849
internal_value=-2.16991e-05 -0.000123512 -1.67292e-05 -4.06343e-05 -7.21793e-05 -0.000106607 -1.07526e-05 -4.24878e-05 6.02378e-05 0.000188529 0.000793365 0.00218377 0.000132072 0.000293274 -3.55521e-05 -0.000134261 -1.35215e-05 -5.03448e-05 -0.000188314 -6.93382e-06 -4.65245e-05 2.08427e-05 0.000350703 0.00120906 0.000154903 -7.13966e-05 -1.26722e-06 9.32105e-05 0.000144249 -6.60602e-05 1.6615e-05 -0.000310863 -0.000169845 -9.5389e-05 -3.89106e-05 5.72059e-05 -0.000198348 -0.000115981 0.000234194 -2.76618e-05 3.58463e-05 0.00136652 2.82015e-05 -6.7099e-05 -1.37462e-05 6.04104e-05 0.000963415 -0.000230573 -0.000136274 -1.24475e-05 -2.58128e-05 -4.28307e-05 -1.97431e-05 -8.77539e-06 -3.41448e-05 1.66529e-05 -0.000190833 -7.09932e-05 0.000185229 -0.000132978 0.00014933 5.67832e-05
internal_weight=2.10016e+07 977455 2.00241e+07 4.00498e+06 1.43647e+06 896561 1.60191e+07 270157 91835 50322 4285 1296 46037 25275 2.13759e+06 626404 1.24127e+06 558652 144216 1.38815e+07 45428 211196 6755 1258 5497 226435 113187 65911 57276 896325 682617 80894 399969 178322 115163 171391 63159 38673 6807 403843 154708 884 153824 249135 155783 307274 1230 166650 66125 1.04129e+07 3.5621e+06 1.78206e+06 979269 1.78004e+06 891051 888992 31866 802787 2989 47276 9161 306044
internal_count=21001550 977455 20024095 4004984 1436468 896561 16019111 270157 91835 50322 4285 1296 46037 25275 2137594 626404 1241269 558652 144216 13881517 45428 211196 6755 1258 5497 226435 113187 65911 57276 896325 682617 80894 399969 178322 115163 171391 63159 38673 6807 403843 154708 884 153824 249135 155783 307274 1230 166650 66125 10412941 3562099 1782056 979269 1780043 891051 888992 31866 802787 2989 47276 9161 306044
cat_boundaries=0 1 3 4 5 7 9 11 13 14 16 18 19 20 21 23 24 25 26 27 29 31 32 34 36 37 38 40 41 42 43 44 46 48 49 50 51 53 55 56 57 58 59
cat_threshold=4 367605792 15361 349734 32 12589056 4096 21049344 4097 3459269837 86804 1779040282 214377 107726 805863680 140450 554083346 115988 2 7168 271 17170448 272 644900 3176 8 439570 26153506 34880 304175026 114984 132270 2315420312 147626 1074807382 66372 34 581905 69223553 768 541 551 1362 84085 2156155716 45700 4000064852 110863 150103 3 274247 1711538452 12302 2284332096 98561 67 203 2 1318
is_linear=0
shrinkage=0.05


Tree=115
num_leaves=63
num_cat=44
split_feature=0 0 2 17 0 13 11 1 17 13 13 16 13 14 0 13 13 14 15 13 3 1 3 14 14 16 14 15 14 13 3 3 15 1 14 13 4 14 13 13 15 17 13 14 13 14 15 13 14 14 14 15 13 1 15 13 13 14 2 0 13 3
split_gain=4.28116 1.21922 1.12477 1.00052 0.977927 0.862484 0.645924 0.606029 0.67482 0.625576 0.595868 0.544105 0.541442 0.53571 0.52831 0.70983 0.522967 0.484683 0.765744 0.644514 0.64405 0.508059 0.483094 2.99071 0.480679 0.476297 0.500559 0.460109 0.485522 0.47897 0.449077 0.728051 0.447133 0.60754 0.4454 0.442184 0.435009 0.434752 0.491438 0.455139 0.47222 0.422398 0.650389 0.733656 0.573114 0.606905 0.544434 1.12772 0.985953 0.946143 0.504789 0.4835 0.469622 0.44037 0.431515 0.416537 0.411309 0.452169 0.402265 0.397024 0.395421 0.381413
threshold=11.157345771789553 10.36855983734131 20.500000000000004 0 11.595826625823976 1 11.122245311737062 4000.8947753906255 2 3 4 5 6 7 12.067407608032228 8 9 10 11 12 97.250000000000014 9561.1879882812518 99.950000762939467 13 14 15 16 17 18 19 69.049999237060561 69.850002288818374 20 4772.4606933593759 21 22 2.5000000000000004 23 24 25 26 27 28 29 30 31 32 33 34 35 36 37 38 170394.17968750003 39 40 41 42 5.5000000000000009 11.83795738220215 43 61.250000000000007
decision_type=2 2 2 1 2 1 2 2 1 1 1 1 1 1 2 1 1 1 1 1 2 2 2 1 1 1 1 1 1 1 2 2 1 2 1 1 2 1 1 1 1 1 1 1 1 1 1 1 1 1 1 1 1 2 1 1 1 1 2 2 1 2
left_child=1 35 3 4 5 24 41 8 9 -3 17 27 13 30 15 22 -16 19 20 58 -19 -20 25 -24 32 -8 -27 28 -12 -29 36 -32 33 -2 -13 -1 -10 39 -39 -18 -41 42 46 44 45 -44 47 48 -4 -49 61 52 -45 56 -46 -9 -43 -58 -6 -36 -53 -48
right_child=2 7 6 -5 10 -7 14 55 12 -11 11 34 -14 -15 16 -17 37 18 21 -21 -22 -23 23 -25 -26 26 -28 29 -30 -31 31 -33 -34 -35 59 -37 -38 38 -40 40 -42 53 43 51 54 -47 50 49 -50 -51 -52 60 -54 -55 -56 -57 57 -59 -60 -61 -62 -63
leaf_value=-42.57428402596868 2845.2526113225767 -19.894921135244729 746.53859251620565 -23.685110020394859 -95.316333997220227 -67.229100072915443 9.3275082777611722 -53.441618017132896 -52.500689922813706 -41.739245284106033 336.61111441464641 -76.128147493313008 -21.073194845244554 -12.21933517216512 8.5078217302638226 -23.450339505172156 -109.91463025814724 80.00325441618152 56.803838641484532 -86.878594715546825 -125.08038306427426 -56.58811781253695 9843.4767784551623 -114.99616357668829 -69.513906796923763 11.8733849105669 -35.223609007260578 -94.806037042716554 -69.839697573972359 -135.06429398601281 93.97087274256792 36.497311304246068 -33.152229592791628 162.82356850699531 -55.466438692541033 -55.037972666889715 1230.456774035337 53.380803652947954 -24.912711239111832 -139.3350379926751 -11.366875863814677 16.459391857958689 3254.4465067442393 459.26894185762217 907.25217885151051 -103.30970402365202 3694.14896505663 1875.7328032374562 5108.7116614737042 -273.41453298133132 -0.8866732099922956 -97.655272578198861 -270.387478349248 163191.47515087645 112.10734764164408 -27.842499205389231 -44.799420088264164 2.9183003534570164 27.980978700478229 -4.4496961542367597 181.96819237941384 379.77054866572001
leaf_weight=30672 1357 69455 8308 5612008 39511 75368 455221 78960 12083 69809 14276 129333 392470 108368 3103843 1469943 486386 163635 11774 150589 11421 163886 215 883 22324 177269 267080 72966 56550 66677 1004 44898 11924 10002 26068 50222 907 404523 1778382 162486 805000 1497067 11107 11084 55396 87767 3474 10251 10079 15059 110335 84882 81695 250 77975 118607 648331 974265 99253 276829 102991 106797
leaf_count=30672 1357 69455 8308 5612008 39511 75368 455221 78960 12083 69809 14276 129333 392470 108368 3103843 1469943 486386 163635 11774 150589 11421 163886 215 883 22324 177269 267080 72966 56550 66677 1004 44898 11924 10002 26068 50222 907 404523 1778382 162486 805000 1497067 11107 11084 55396 87767 3474 10251 10079 15059 110335 84882 81695 250 77975 118607 648331 974265 99253 276829 102991 106797
internal_value=-2.09254e-05 -0.000123102 -1.59377e-05 -3.20739e-05 -6.98277e-05 -0.000205724 -7.23503e-06 -0.000106329 -8.44738e-05 -0.000182963 -5.70122e-05 -9.10197e-05 -5.99649e-05 1.53649e-05 -1.45218e-05 -3.48241e-05 -7.38163e-06 -2.28631e-05 1.66574e-05 -7.07636e-05 9.06634e-05 -5.70952e-05 1.29269e-07 0.00104827 -3.40548e-05 -1.15007e-06 -3.79744e-05 -0.000156949 -5.31222e-05 -0.000209601 0.000136736 0.000210209 0.000124866 0.00034924 -5.89136e-05 -0.000309009 -0.000122786 -2.02478e-05 -6.13925e-06 -4.14307e-05 -2.15944e-05 9.80094e-06 4.27817e-05 9.94672e-06 7.56824e-05 -1.5543e-05 0.000106497 0.000267726 0.000565663 5.11458e-05 7.45508e-05 -4.44516e-05 -0.000137834 1.58497e-06 0.000143308 -0.000183651 1.41682e-06 -1.60219e-05 6.97585e-06 -2.5745e-05 1.66907e-06 0.000150203
internal_weight=2.10016e+07 977455 2.00241e+07 7.01575e+06 1.40374e+06 120975 1.30083e+07 896561 698994 139264 1.28277e+06 642699 559730 167260 9.11123e+06 2.37061e+06 6.74062e+06 640069 350716 289353 175056 175660 900668 1098 45607 899570 444349 210469 70826 139643 58892 45902 23283 11359 432230 80894 12990 3.63678e+06 2.1829e+06 1.45387e+06 967486 3.89711e+06 777200 512897 232245 98874 264303 43697 18387 25310 220606 280652 92779 3.11991e+06 133371 197567 3.11966e+06 1.6226e+06 138764 302897 187873 110271
internal_count=21001550 977455 20024095 7015751 1403743 120975 13008344 896561 698994 139264 1282768 642699 559730 167260 9111231 2370611 6740620 640069 350716 289353 175056 175660 900668 1098 45607 899570 444349 210469 70826 139643 58892 45902 23283 11359 432230 80894 12990 3636777 2182905 1453872 967486 3897113 777200 512897 232245 98874 264303 43697 18387 25310 220606 280652 92779 3119913 133371 197567 3119663 1622596 138764 302897 187873 110271
cat_boundaries=0 1 3 4 6 8 9 11 12 14 16 17 18 20 21 22 23 24 25 26 28 29 30 32 33 35 37 38 39 41 42 44 45 46 48 49 50 51 52 53 54 56 58 59 61
cat_threshold=4 3293021264 197806 4 2072382511 215335 1050003987 109141 5 1666785280 7745 569668 1553799309 135177 2261706512 191264 576210 3174 335661568 43076 8325 923821 105 200889 785 542721 1073755468 136322 1272 278809 304175026 114984 442817 1610612740 69632 1895890949 65600 96 2 962140168 17438 158156 3221381825 199232 16384 1026 557846536 20 174862 75894 300829 3600 3221242112 620 1431429409 105602 427451623 71265 921996 36062485 98720
is_linear=0
shrinkage=0.05


Tree=116
num_leaves=63
num_cat=46
split_feature=0 0 0 17 1 13 17 13 1 14 15 13 14 13 13 13 15 13 1 13 14 13 13 2 13 1 13 14 15 3 1 14 11 14 13 13 6 14 15 13 0 13 15 14 3 15 3 15 14 13 17 15 13 1 14 13 13 14 13 13 15 15
split_gain=3.98616 1.29583 1.00734 0.971356 1.00768 0.891821 0.655151 0.69686 0.535703 0.502549 0.535537 1.53891 0.487353 1.12281 1.02246 0.484054 0.46741 0.460589 0.449695 0.448638 0.446746 0.444699 0.442037 0.402815 0.530107 0.815611 1.70863 1.92038 2.16768 1.08168 0.832562 2.18151 0.410437 0.620335 1.18288 0.67704 0.610508 0.52801 0.668588 0.632772 0.47425 0.404406 0.559436 0.398436 0.38203 0.375446 0.424037 0.368646 0.4606 0.487923 0.367717 0.366105 0.776385 0.364144 0.660531 0.497922 0.456504 0.358868 0.564106 0.475205 0.598525 0.44065
threshold=11.189863204956056 10.36855983734131 12.280593872070314 0 10928.214355468752 1 2 3 4057.8703613281255 4 5 6 7 8 9 10 11 12 4952.5695800781259 13 14 15 16 49.500000000000007 17 30217.340820312504 18 19 20 98.250000000000014 31540.660156250004 21 12.328239917755129 22 23 24 19.500000000000004 25 26 27 13.372135162353517 28 29 30 61.049999237060554 31 61.250000000000007 32 33 34 35 36 37 6059.4882812500009 38 39 40 41 42 43 44 45
decision_type=2 2 2 1 2 1 1 1 2 1 1 1 1 1 1 1 1 1 2 1 1 1 1 2 1 2 1 1 1 2 2 1 2 1 1 1 2 1 1 1 2 1 1 1 2 1 2 1 1 1 1 1 1 2 1 1 1 1 1 1 1 1
left_child=1 19 3 -2 12 20 7 -3 21 -7 11 -11 13 18 -14 53 -15 -12 44 50 51 47 -20 -4 32 57 27 28 -27 -29 31 -28 33 34 36 40 -25 41 -39 -40 -35 -34 -43 -23 -5 -22 -47 48 -8 -50 -1 52 -6 -10 55 -55 -56 58 -26 -59 -61 -60
right_child=2 6 23 4 5 9 8 -9 15 10 17 -13 14 16 -16 -17 -18 -19 22 -21 45 43 -24 24 25 26 30 29 -30 -31 -32 -33 37 35 -36 -37 -38 38 39 -41 -42 42 -44 -45 -46 46 -48 -49 49 -51 -52 -53 -54 54 56 -57 -58 59 61 60 -62 -63
leaf_value=6.0134519341139825 -3.7105824681906805 -47.548710185071045 -17.870600170064062 174.75642766094745 1897.7285842226349 -77.807719995927073 -55.991498115423703 -26.700341911044688 -40.25188026616739 265.77562725356756 -17.851954681366806 -80.725268772217717 -7.3670366969821774 -50.191983797609829 -43.385073973761806 -43.9187887278174 -12.140754306642281 -77.99644970039094 27.366695132478952 -53.177222002575299 -94.429851933597419 -30.810518044008962 -36.843079887658313 3383.9660824627954 -110.20392958430784 257519.28465224674 236134.93747602418 7081.7745350792047 66930.985572351536 109712.14776612382 -1229.6211376916199 -2571.9404836555573 -227.31676684400827 415.21652434221835 16.789101745307562 -158.87630570904503 249.68933223562271 -102.37028066387684 291.56250818277113 -25.614928495574716 -597.26710830297452 442.80742539823768 -118.07178152885663 -12.665697884489683 16.857654263553741 1422.4688519316387 -14.705561780198787 2.3670108180008689 14.70823162303973 -58.491965346692723 -56.566991430308668 1.1532330372758766 80.77160271215871 53.019949268975601 7.8173000739942839 -10.346348645383479 -45.815838697974911 1.4721551296519262 284.78389247734634 632.93129416403588 74.278440577061616 -8.9724649654916
leaf_weight=12840 2869304 79149 10643198 14292 4063 278367 26636 117059 26146 29528 93844 28406 812184 352838 883305 98369 491736 192808 124720 48584 53256 138500 160477 19243 150961 286 409 6684 2819 306 9002 835 98859 59312 90177 126031 24709 185890 108633 150711 15465 23181 116915 167823 544969 3342 103566 228212 23623 25703 19470 99317 28601 11362 11422 11567 16369 251353 93861 99010 301971 189972
leaf_count=12840 2869304 79149 10643198 14292 4063 278367 26636 117059 26146 29528 93844 28406 812184 352838 883305 98369 491736 192808 124720 48584 53256 138500 160477 19243 150961 286 409 6684 2819 306 9002 835 98859 59312 90177 126031 24709 185890 108633 150711 15465 23181 116915 167823 544969 3342 103566 228212 23623 25703 19470 99317 28601 11362 11422 11567 16369 251353 93861 99010 301971 189972
internal_value=-2.0454e-05 -0.000114803 -1.54247e-05 -3.04241e-05 -4.54591e-05 -9.20104e-05 -9.89567e-05 -0.000180686 -7.85444e-05 -0.000125812 -8.54416e-05 5.3207e-05 -3.28729e-05 -1.3863e-05 -5.18099e-05 -0.000155605 -5.46264e-05 -0.000113464 2.69062e-05 -0.000307155 -1.9929e-05 -5.64265e-05 -2.41881e-05 -7.00406e-06 1.28626e-05 3.68098e-05 0.000350499 0.000811727 0.0018451 0.000350715 -0.000104621 0.00110772 -1.31607e-05 3.21901e-05 0.000115444 -2.34237e-05 0.000328102 -3.53618e-05 -3.18205e-06 4.86907e-05 9.57591e-05 -9.53168e-05 -4.06687e-05 -9.8949e-05 5.29623e-05 -7.60543e-05 -2.20164e-05 -1.35998e-05 -0.000109 -1.85053e-05 -0.000162592 4.81818e-05 0.000193365 -6.15662e-05 1.6562e-05 0.000215158 -0.000147314 3.09407e-05 -4.24741e-06 5.43936e-05 8.81808e-05 3.72869e-05
internal_weight=2.10016e+07 1.06283e+06 1.99387e+07 7.16892e+06 4.29962e+06 915098 981940 196208 785732 622953 344586 57934 3.38452e+06 1.68903e+06 1.69549e+06 175235 844574 286652 844458 80894 292145 610497 285197 1.27698e+07 2.1266e+06 1.10747e+06 20341 10095 3105 6990 10246 1244 1.01913e+06 334937 134129 200808 43952 684189 445234 259344 74777 238955 140096 306323 559261 160164 106908 304174 75962 49326 32310 131981 32664 76866 50720 22929 27791 1.08713e+06 434794 652334 400981 283833
internal_count=21001550 1062834 19938716 7168923 4299619 915098 981940 196208 785732 622953 344586 57934 3384521 1689032 1695489 175235 844574 286652 844458 80894 292145 610497 285197 12769793 2126595 1107469 20341 10095 3105 6990 10246 1244 1019126 334937 134129 200808 43952 684189 445234 259344 74777 238955 140096 306323 559261 160164 106908 304174 75962 49326 32310 131981 32664 76866 50720 22929 27791 1087128 434794 652334 400981 283833
cat_boundaries=0 1 3 4 6 7 8 10 11 13 15 17 18 20 22 23 25 27 29 31 32 33 34 35 37 39 40 41 43 45 46 47 48 49 50 52 53 54 56 57 59 61 62 64 66 67 68
cat_threshold=10 587343898 42566 4 2421285712 46800 156315 6 1285050945 200872 438146 1548501420 128427 3870948441 131093 247087318 90548 1107 2483651744 160 304175027 114984 211497 3880332576 204619 71844136 25601 3124570115 238201 1149407276 18564 144432 128 688188 362643 840499200 65568 134488064 172105 85104 665 2182883330 131080 303636480 32880 9 962826 2880 3200 880656 3309831424 65801 9 578 8 8192 477273 42467526 73860 170000402 16432 180410 84017376 18560 37148 4358 26 2118
is_linear=0
shrinkage=0.05


Tree=117
num_leaves=63
num_cat=47
split_feature=0 0 17 0 2 17 13 1 1 13 14 16 13 14 13 13 14 2 13 2 13 15 2 13 14 13 0 15 6 14 15 13 13 13 13 16 14 13 16 13 1 15 0 13 3 13 14 14 13 14 14 14 14 15 13 13 1 16 16 14 13 13
split_gain=3.6588 1.21573 0.899648 0.916923 1.09628 0.734903 0.727118 0.617154 0.589668 2.56351 2.45408 3.38362 0.582124 0.775937 0.560278 0.54883 0.544543 0.499428 0.489345 0.550116 2.75599 0.487963 0.485299 0.67899 0.660079 0.875434 1.07191 0.596681 0.687611 0.481631 0.628483 0.936927 0.7397 0.465433 0.464016 0.454354 0.428886 0.499364 0.467407 0.430524 0.611102 0.626471 0.416125 0.450848 0.493039 0.705188 1.21139 0.465992 0.497395 0.410686 0.406358 0.403117 0.399467 0.448121 0.855943 0.578666 0.559704 0.552623 0.416655 0.38625 0.715693 0.401409
threshold=11.189863204956056 10.566581249237062 0 12.280593872070314 5.5000000000000009 1 2 1733.5891113281252 27878.399414062504 3 4 5 6 7 8 9 10 48.500000000000007 11 24.500000000000004 12 13 7.5000000000000009 14 15 16 11.217521190643312 17 25.500000000000004 18 19 20 21 22 23 24 25 26 27 28 34448.814453125007 29 13.314807891845705 30 60.45000076293946 31 32 33 34 35 36 37 38 39 40 41 22183.579101562504 42 43 44 45 46
decision_type=2 2 1 2 2 1 1 2 2 1 1 1 1 1 1 1 1 2 1 2 1 1 2 1 1 1 2 1 2 1 1 1 1 1 1 1 1 1 1 1 2 1 2 1 2 1 1 1 1 1 1 1 1 1 1 1 2 1 1 1 1 1
left_child=1 -1 22 4 6 14 -4 18 12 10 -10 -12 13 33 -3 16 -5 50 19 20 -7 59 23 24 25 27 -27 -2 -29 30 31 -20 -32 -6 -19 -28 37 38 -25 -38 41 -41 43 44 45 46 -24 48 -46 -47 -14 -8 53 54 56 -55 -17 -57 -56 60 -18 -61
right_child=2 5 3 15 8 7 51 -9 9 -11 11 -13 17 -15 -16 52 21 34 29 -21 -22 -23 42 36 -26 26 35 28 -30 -31 32 -33 -34 -35 -36 -37 39 -39 -40 40 -42 -43 -44 -45 47 49 -48 -49 -50 -51 -52 -53 -54 55 58 57 -58 -59 -60 61 -62 -63
leaf_value=-39.533964892784688 24.619554313307891 -43.752837271154959 -76.06318926357207 -34.56417665136469 -3.7871685690628172 4208.3199271067706 16.981915748346648 -28.209177314712452 -30.833032036583248 -190.42740482889684 20569.032358619934 6129.7667016903979 -44.479143491315703 7.6714845809439796 -25.137580248081662 63.550874468425178 1151.7154116342704 -30.776241366432703 119.84794809771491 9.0973887526361725 -61.906564255728568 5.2932197526395619 -62.325007986141522 239.53897670102543 -19.728405875120234 12460.062181113371 183.5356524160423 106.22347193173856 983.11040681941893 -23.346143539120476 41.673292743021015 3.0711010498547697 -60.915324209973214 -62.695456057824963 11.737086286950126 -90.245392601381411 -137.14138298170255 17.300527211481675 -126.8607309901865 643.27640431302598 -116.01243546323059 22.139047676263182 101.34966261858391 -15.69203851528564 -7.9531709506739192 157.51220925406017 2395.7313066341922 -7.9444898385227134 51.371909017266631 -140.00712006444854 -24.369374885929712 -49.857213178917306 -63.476786855331376 9.2453866299305698 46.316631312136998 65.541918865588386 948.69642577851744 -117.3540307878834 -102.25200096544032 -21.126969732613546 11.162064088878106 130.09580722322389
leaf_weight=164112 23759 72373 138315 938862 185046 224 51998 394969 1064 4055 462 1025 571379 585446 107571 43081 30270 126427 7241 141133 584 1056126 7391 30909 613155 280 28275 26896 20638 136366 5470 15329 17462 204687 200004 53838 143699 224033 159151 4900 212583 53391 1684081 4690293 460955 11150 13608 2770108 718778 11517 702277 96882 1515657 481648 159784 82721 26220 368392 82544 102170 28123 190663
leaf_count=164112 23759 72373 138315 938862 185046 224 51998 394969 1064 4055 462 1025 571379 585446 107571 43081 30270 126427 7241 141133 584 1056126 7391 30909 613155 280 28275 26896 20638 136366 5470 15329 17462 204687 200004 53838 143699 224033 159151 4900 212583 53391 1684081 4690293 460955 11150 13608 2770108 718778 11517 702277 96882 1515657 481648 159784 82721 26220 368392 82544 102170 28123 190663
internal_value=-2.03183e-05 -0.00011071 -1.54999e-05 -2.85079e-05 -5.11254e-05 -8.78587e-05 -0.000143796 -6.52329e-05 -4.08172e-05 0.000430972 0.00166908 0.00297695 -4.20274e-05 -1.15763e-05 -0.000178223 -1.57998e-05 1.9794e-06 -6.05855e-05 -1.40649e-05 5.55091e-05 0.00135644 2.16538e-05 -6.82819e-06 -3.24992e-05 1.40818e-06 9.40628e-05 -1.69467e-05 0.00022234 0.000324605 -6.8364e-05 7.24869e-05 0.000259744 -0.000111847 -6.62393e-05 -5.40802e-06 -2.74799e-05 -6.38761e-05 -2.78827e-05 -8.74936e-05 -9.98263e-05 -6.2709e-05 8.07076e-05 -2.87769e-06 -7.28896e-06 5.0578e-06 0.000172148 0.000380813 3.21061e-06 2.95268e-05 -2.13207e-05 -7.47277e-05 -6.7096e-05 -3.09132e-05 -9.91997e-06 4.19898e-05 -2.72629e-05 0.000196932 -6.79555e-05 -2.32685e-06 7.27066e-05 0.000190119 4.9288e-05
internal_weight=2.10016e+07 1.06283e+06 1.99387e+07 7.97533e+06 2.86907e+06 898722 287195 718778 2.58187e+06 6606 2551 1487 2.57527e+06 975179 179944 5.10626e+06 2.34621e+06 1.60009e+06 323809 141941 808 1.40735e+06 1.19634e+07 1.59551e+06 766841 153686 82393 71293 47534 181868 45502 22570 22932 389733 326431 82113 828666 414093 190060 414573 270874 58291 1.03679e+07 8.6838e+06 3.99351e+06 43666 20999 3.94984e+06 1.17973e+06 22667 1.27366e+06 148880 2.76005e+06 1.24439e+06 311629 932761 69301 451113 242328 351226 58393 292833
internal_count=21001550 1062834 19938716 7975328 2869067 898722 287195 718778 2581872 6606 2551 1487 2575266 975179 179944 5106261 2346214 1600087 323809 141941 808 1407352 11963388 1595507 766841 153686 82393 71293 47534 181868 45502 22570 22932 389733 326431 82113 828666 414093 190060 414573 270874 58291 10367881 8683800 3993507 43666 20999 3949841 1179733 22667 1273656 148880 2760047 1244390 311629 932761 69301 451113 242328 351226 58393 292833
cat_boundaries=0 1 2 4 6 7 8 10 11 13 15 16 18 20 21 23 24 26 27 28 29 31 33 35 37 38 39 41 42 44 45 47 49 50 51 52 53 54 55 56 57 59 61 62 63 64 66 68
cat_threshold=26 4 3738780557 145665 1908490887 132237 214158 6 256641337 143379 595400 2438062928 37586 953985066 119621 20058 1897607429 179536 1074339841 3072 2240 919273890 240811 526384 579403810 34849 1601 66193 2851 2181039120 66209 67160160 2 167772472 8209 3221398532 99008 76 351889 2282811480 768 16 18877445 20544 512 3252934596 19296 1090585540 18496 286826 1478 1099088516 26751 402325 138266 57978 161 67113729 131072 2181186708 142370 66 54 65537 546834440 115205 806387720 81921
is_linear=0
shrinkage=0.05


Tree=118
num_leaves=63
num_cat=40
split_feature=0 0 2 17 17 13 0 13 13 13 14 11 15 3 16 13 0 13 14 2 13 3 13 13 14 13 0 13 14 2 13 14 13 2 13 14 6 13 13 6 6 13 14 13 3 15 13 14 14 15 4 14 14 13 5 3 1 17 15 13 2 1
split_gain=3.45635 1.12114 0.914115 0.721534 0.700787 0.713251 0.651779 0.642977 0.607037 0.593442 0.797344 0.585801 0.579235 1.05888 0.66681 0.548022 0.501615 0.61865 0.464643 0.602466 0.768559 0.770921 0.65341 0.48405 0.462506 0.53121 0.449863 0.620252 0.453529 0.429491 0.525137 0.475463 0.746285 1.13583 0.457561 0.704613 0.806966 2.7221 0.818213 0.437231 0.408888 1.24877 0.406664 0.526446 0.543232 0.427062 0.416525 0.401296 0.400446 0.399451 0.585159 0.392521 0.391775 0.545821 0.492931 0.387073 0.378695 0.376943 0.373314 0.369725 0.457771 0.365153
threshold=11.189863204956056 10.36855983734131 12.500000000000002 0 1 2 11.611279010772707 3 4 5 6 11.157712936401369 7 62.45000076293946 8 9 12.067407608032228 10 11 7.5000000000000009 12 99.649997711181655 13 14 15 16 11.953825473785402 17 18 25.500000000000004 19 20 21 37.500000000000007 22 23 1.0000000180025095e-35 24 25 1.0000000180025095e-35 1.0000000180025095e-35 26 27 28 94.250000000000014 29 30 31 32 33 1.5000000000000002 34 35 36 1750.0000000000002 67.049999237060561 9462.2128906250018 37 38 39 48.500000000000007 46858.117187500007
decision_type=2 2 2 1 1 1 2 1 1 1 1 2 1 2 1 1 2 1 1 2 1 2 1 1 1 1 2 1 1 2 1 1 1 2 1 1 2 1 1 2 2 1 1 1 2 1 1 1 1 1 2 1 1 1 2 2 2 1 1 1 2 2
left_child=1 15 3 6 5 -3 9 51 24 10 12 -4 14 -14 -2 57 17 -13 23 22 21 -21 55 49 25 -5 52 48 -29 34 31 32 33 -31 35 36 37 -6 -38 -34 41 -25 43 44 -9 -44 -47 59 -28 50 -10 61 53 -19 -54 -20 -45 -1 -22 60 -32 -8
right_child=2 4 11 8 29 -7 7 42 18 -11 -12 16 13 -15 -16 -17 -18 26 19 20 58 -23 -24 40 -26 -27 27 28 -30 30 47 -33 39 -35 -36 -37 38 -39 -40 -41 -42 -43 45 56 -46 46 -48 -49 -50 -51 -52 -53 54 -55 -56 -57 -58 -59 -60 -61 -62 -63
leaf_value=4.0113920603602535 4364.6239332209389 -44.007644517650618 3.7425163849580714 -124.18801953099756 2861.9249880894049 -24.826664000404989 -52.211678862149853 134.19073149706347 -63.6256373009398 -65.768803797676554 -68.948347791868613 -2.117815245478869 336.85548657312529 -63.231412674108554 45.153360127819667 -51.438553098545327 -12.401565501741425 16.105223196436693 -95.072081307959081 -35.287083176918081 169.4481928511392 8204.2340747573162 -60.33202863437937 15784.750935478294 -29.245510218110212 -40.387139496656275 -24.205622108122771 -101.00856425397325 -9.9600493295940407 1173.1092974633391 -7.9532212668864535 -1.0458978870100484 1204.7544529932143 32.573111697357241 -35.852130389982861 -33.668625650581042 -35.945968373629334 -48.945444829165993 43.663787248015119 -5.8871429625460907 -20.367086692567501 79.002406218378709 1.9951892911612958 6044.7916934179857 -172.96416765847007 -117.85553788047315 -31.608558795403862 -29.224629249648299 -122.96606285867102 -141.12219937339395 293.48715721517186 -84.167270638616998 7.6936782791192657 -23.273300333382167 -30.200181476867147 50.850066162041912 -22.51708853271947 -47.650514688777207 56.943626981703346 -16.694091274062522 61.280485551188761 51.003839113158122
leaf_weight=15319 1690 75049 4679231 249528 247 121159 48699 47074 69981 52339 12476 1069224 413 6597 1482 42034 8124070 236365 61719 190895 144245 1736 408003 1116 827645 305813 30753 53708 161903 2377 27787 168606 220 4557 243687 57286 16156 503 21927 11428 567780 11574 142338 397 7724 67184 77547 129566 89476 165199 12397 244885 169398 327877 672844 296331 98982 23541 143313 88609 12776 56765
leaf_count=15319 1690 75049 4679231 249528 247 121159 48699 47074 69981 52339 12476 1069224 413 6597 1482 42034 8124070 236365 61719 190895 144245 1736 408003 1116 827645 305813 30753 53708 161903 2377 27787 168606 220 4557 243687 57286 16156 503 21927 11428 567780 11574 142338 397 7724 67184 77547 129566 89476 165199 12397 244885 169398 327877 672844 296331 98982 23541 143313 88609 12776 56765
internal_value=-1.9985e-05 -0.00010784 -1.53018e-05 -3.56467e-05 -9.31009e-05 -0.000177628 -7.64429e-05 -6.30968e-05 -2.54205e-05 -0.000217322 -3.48461e-06 -9.66817e-06 0.000324667 7.05133e-05 0.00088435 -0.000286758 -1.60031e-05 -3.42063e-05 -8.31293e-06 1.09766e-05 5.48862e-05 -2.24013e-05 -1.65473e-05 -3.73442e-05 -5.10792e-05 -8.63782e-05 -5.25796e-05 -0.000104573 -5.38231e-05 -7.19901e-05 -3.97214e-05 2.40712e-05 0.000264039 0.000674396 -0.000114338 -2.1944e-05 0.000142459 0.00176667 0.000110509 1.93863e-05 -1.23772e-05 0.000268322 -2.29409e-05 4.25559e-05 0.000166965 -5.81177e-05 -0.000118594 -8.58707e-05 -0.000195564 -9.5879e-05 -5.93485e-06 -0.000113667 -4.01649e-05 -7.92329e-06 -6.17637e-05 3.27464e-05 -2.60537e-05 -0.000151273 0.000106657 -2.35012e-05 0.000101509 -3.30124e-05
internal_weight=2.10016e+07 1.06283e+06 1.99387e+07 4.32387e+06 981940 196208 866592 791595 3.45728e+06 74997 22658 1.56148e+07 10182 7010 3172 80894 1.09356e+07 2.81155e+06 2.07429e+06 1.24624e+06 480189 192631 766053 828047 1.38299e+06 555341 1.74232e+06 335840 215611 785732 445926 187188 18582 6934 339806 96119 38833 750 38083 11648 580470 12690 441246 154177 54798 287069 144731 258738 120229 247577 82378 350349 1.40648e+06 564242 842242 358050 99379 38860 287558 129172 40563 105464
internal_count=21001550 1062834 19938716 4323867 981940 196208 866592 791595 3457275 74997 22658 15614849 10182 7010 3172 80894 10935618 2811548 2074289 1246242 480189 192631 766053 828047 1382986 555341 1742324 335840 215611 785732 445926 187188 18582 6934 339806 96119 38833 750 38083 11648 580470 12690 441246 154177 54798 287069 144731 258738 120229 247577 82378 350349 1406484 564242 842242 358050 99379 38860 287558 129172 40563 105464
cat_boundaries=0 1 2 4 6 8 10 11 12 13 15 17 18 20 22 24 25 27 29 30 32 33 35 37 38 40 42 44 45 47 48 50 51 52 53 54 55 57 58 59 61
cat_threshold=4 4 2421285712 38608 1167760184 148259 4282536164 53504 2147877656 230790 461496 404 108 304185275 115112 1552701597 6212 398696 9011216 76897 622874 73907 557073 73874 737926 1610629220 49408 37749344 123394 278728 1732455185 136521 33280 37880576 131137 177799170 67252 610389 0 66096 9502720 66576 65536 2048 202376 975175747 8320 1212 2854510595 9344 346066 4802 30 340064 696713 39027264 155672 9 349 2416181412 90112
is_linear=0
shrinkage=0.05


Tree=119
num_leaves=63
num_cat=46
split_feature=0 0 2 17 13 13 17 13 17 13 14 14 13 11 13 13 14 2 14 15 13 3 13 15 14 0 13 13 14 1 13 14 13 6 15 1 13 14 0 14 13 13 15 13 14 13 14 15 13 13 0 13 0 15 3 14 5 14 6 13 15 15
split_gain=3.37739 1.32187 0.908388 0.700282 0.63147 0.593863 0.536291 0.548174 0.506731 0.541979 0.695361 0.575706 0.806371 0.502742 0.811919 0.555293 0.548441 0.497791 0.508344 0.589565 0.467052 0.5043 0.447504 0.461383 0.636885 0.724073 0.577521 0.489273 0.539179 0.444741 1.05993 0.41866 0.676077 0.538331 1.47836 0.437161 0.497633 0.412542 0.411011 0.51893 0.832533 0.645875 0.453724 0.856279 0.790525 0.411239 0.711272 0.516619 0.890562 0.464216 0.398054 0.684221 0.484115 0.396039 0.383199 1.65978 0.366257 0.36526 0.440092 1.54242 3.48909 0.707571
threshold=10.777470111846926 11.384678363800051 12.500000000000002 0 1 2 3 4 5 6 7 8 9 1.0000000180025095e-35 10 11 12 7.5000000000000009 13 14 15 65.649997711181655 16 17 18 14.314603328704836 19 20 21 2487.885131835938 22 23 24 34.500000000000007 25 2850.420532226563 26 27 10.36855983734131 28 29 30 31 32 33 34 35 36 37 38 11.515449047088625 39 12.908501148223879 40 99.750000000000014 41 17500.000000000004 42 43.500000000000007 43 44 45
decision_type=2 2 2 1 1 1 1 1 1 1 1 1 1 2 1 1 1 2 1 1 1 2 1 1 1 2 1 1 1 2 1 1 1 2 1 2 1 1 2 1 1 1 1 1 1 1 1 1 1 1 2 1 2 1 2 1 2 1 2 1 1 1
left_child=13 3 6 4 -2 57 22 17 -4 11 20 12 53 14 -1 16 -15 54 -19 -20 21 -11 23 24 25 -3 -26 28 -25 30 -12 32 33 -6 -35 36 37 -33 45 41 -41 -40 43 -42 -44 46 47 48 -16 -49 51 -13 -52 -10 -8 -56 -14 58 -5 60 -60 -61
right_child=1 2 8 5 31 -7 7 -9 9 10 29 50 56 15 38 -17 -18 18 19 -21 -22 -23 -24 27 26 -27 -28 -29 -30 -31 -32 35 -34 34 -36 -37 -38 -39 39 40 42 -43 44 -45 -46 -47 -48 49 -50 -51 52 -53 -54 -55 55 -57 -58 -59 59 61 -62 -63
leaf_value=-28.23159256774132 -41.520964786605646 -68.810228006316592 -0.58768998493287661 -14.125242462680035 30.136912037359942 -4.3021596925544143 -28.362704798636699 -42.044542431027736 266.17261554594114 -100.68681256830223 -35.375377915591891 89.796014143963163 18.574544035857617 -43.721644864163714 3316.9514113435444 -46.148273181921354 -7.5200521458269298 -8.8770388367457596 303.41706640127563 43.856496870125923 -64.975660889988646 -5.1694443952513289 -54.100058349592246 -76.372395637887536 179.20213280555311 66553.888148278376 -1.098863045360595 -90.290975248102043 91.93604714209107 -17.004359589950308 63.246327293112792 58.268239179921629 -25.705939539528778 2704.8755758614097 6.3178896582186104 -61.224646429819771 -27.264048785318053 -22.706615252602415 42.717509748455406 -9.8111259251799776 416.0140800490089 -38.830920148651309 145.99432143658797 2.9271810263760929 -30.41954179437305 -57.422149654840297 -74.325269578254193 38.944428559174007 -75.839814551600284 -70.528378943830305 -21.641913419089544 -4.8517123014103163 37.269286484929403 44.008908980554381 24844.890454846107 -59.909783247640149 -61.662127089842585 -34.462107958729554 8586.6027900358113 337.77959643977448 -41.20851289168877 -10.469353835798756
leaf_weight=46360 116482 85015 9063596 261683 20696 578618 656445 2273108 62784 79786 32088 22023 384424 43617 474 133001 52767 184673 75299 151405 822098 499255 454280 39632 50312 1036 55318 92334 60459 2016760 60147 12837 37512 1493 4185 38186 32214 13126 8247 8016 2220 9805 3790 1952 4716 6870 2837 927 387 1125 1210371 35626 630217 87991 792 3124 96430 264624 251 431 436 4837
leaf_count=46360 116482 85015 9063596 261683 20696 578618 656445 2273108 62784 79786 32088 22023 384424 43617 474 133001 52767 184673 75299 151405 822098 499255 454280 39632 50312 1036 55318 92334 60459 2016760 60147 12837 37512 1493 4185 38186 32214 13126 8247 8016 2220 9805 3790 1952 4716 6870 2837 927 387 1125 1210371 35626 630217 87991 792 3124 96430 264624 251 431 436 4837
internal_value=-1.96016e-05 -1.70795e-05 -1.36883e-05 -6.42146e-05 -0.000135381 -4.64848e-05 -3.4307e-05 -2.53438e-05 -7.97762e-06 -1.91965e-05 -3.19119e-05 -1.55414e-06 3.97946e-05 -0.000179008 -8.40406e-05 -0.000219467 -0.000128037 4.13484e-06 4.73087e-05 9.74713e-05 -5.92149e-05 -2.48169e-05 -7.00655e-05 -3.03367e-05 2.45687e-05 -7.64046e-05 0.000106826 -8.50282e-05 -8.44599e-06 -1.37726e-05 9.35929e-05 -7.09753e-05 2.82808e-05 0.000222218 0.000653576 -0.000136775 -5.05092e-05 0.000112367 5.28851e-05 0.000133614 0.000304434 -6.23403e-05 0.000556511 0.00098374 0.000346055 -0.000194928 0.000117188 0.0006649 0.00168714 0.000229874 -1.53129e-05 0.000114061 -1.93651e-05 0.000140681 -2.27606e-05 0.000470378 8.15871e-06 -8.4601e-05 -4.3411e-05 0.000381613 0.00259182 8.82915e-05
internal_weight=2.10016e+07 2.06744e+07 1.92868e+07 1.38761e+06 276731 1.11088e+06 4.18323e+06 3.34485e+06 1.51036e+07 6.04e+06 3.51013e+06 2.52987e+06 631629 327111 97726 229385 96384 1.07174e+06 411377 226704 1.40114e+06 579041 838386 384106 191681 86051 105630 192425 100091 2.109e+06 92235 160249 63886 26374 5678 96363 58177 25963 51366 38746 20694 18052 12678 4172 8506 12620 5750 2913 861 2052 1.89824e+06 57649 1.84059e+06 150775 660361 3916 480854 532262 267638 5955 687 5268
internal_count=21001550 20674439 19286828 1387611 276731 1110880 4183232 3344846 15103596 6040000 3510134 2529866 631629 327111 97726 229385 96384 1071738 411377 226704 1401139 579041 838386 384106 191681 86051 105630 192425 100091 2108995 92235 160249 63886 26374 5678 96363 58177 25963 51366 38746 20694 18052 12678 4172 8506 12620 5750 2913 861 2052 1898237 57649 1840588 150775 660361 3916 480854 532262 267638 5955 687 5268
cat_boundaries=0 1 3 5 6 8 9 11 12 13 15 17 19 20 21 22 24 26 27 28 30 32 33 35 36 38 39 41 42 43 45 47 48 50 51 53 54 55 57 59 61 62 63 64 66 67 68
cat_threshold=4 835282698 38100 1508148076 156215 4 9709322 131755 26 1028433962 94469 471173 401413 134742048 4100 3938065483 215336 3416789260 216744 537514 417120 284 43058449 720 979723271 109780 3180 551874 671433733 1168 442507267 11328 172342 3294336 164480 141740 2250539012 131625 1568 1207965857 215298 791570 607431 339763216 212 272654720 12500 2314 360612 1025 139824 335897360 32960 881286 562 268698384 128 67133440 32832 135004162 90113 566 106512 268189 512 516 278 1024
is_linear=0
shrinkage=0.05


Tree=120
num_leaves=63
num_cat=47
split_feature=0 0 17 11 0 13 2 13 14 13 3 15 13 17 13 14 13 11 13 14 14 15 14 3 13 16 14 13 0 13 13 15 13 13 2 13 14 13 3 14 14 0 13 14 3 15 13 14 13 17 16 13 15 13 14 13 13 15 0 14 6 13
split_gain=3.31419 1.3063 0.9715 0.790996 1.217 1.0336 0.653847 0.542563 0.543433 0.58824 0.975722 0.596967 0.524436 0.501506 0.573883 0.564753 0.539296 0.508879 0.823125 1.27372 0.90065 0.501489 0.68053 0.641948 0.62864 0.427298 0.547126 0.594342 0.427265 0.495894 0.480194 0.423809 0.995842 0.613467 0.414129 0.676094 0.433963 0.552429 0.495556 0.42957 0.410838 0.385003 2.09063 0.380742 0.456325 0.566937 2.00242 1.91954 0.552045 0.678507 0.504658 1.13118 1.04242 0.464876 0.379391 0.477194 0.374942 0.481072 0.366273 0.436061 0.673888 0.380682
threshold=10.777470111846926 11.827217102050783 0 11.953175544738771 12.067407608032228 1 23.500000000000004 2 3 4 98.750000000000014 5 6 7 8 9 10 11.913188934326174 11 12 13 14 15 99.450000762939467 16 17 18 19 10.36855983734131 20 21 22 23 24 12.500000000000002 25 26 27 97.549999237060561 28 29 11.953825473785402 30 31 85.250000000000014 32 33 34 35 36 37 38 39 40 41 42 43 44 11.406220912933351 45 11.500000000000002 46
decision_type=2 2 1 2 2 1 2 1 1 1 2 1 1 1 1 1 1 2 1 1 1 1 1 2 1 1 1 1 2 1 1 1 1 1 2 1 1 1 2 1 1 2 1 1 2 1 1 1 1 1 1 1 1 1 1 1 1 1 2 1 2 1
left_child=28 2 6 13 5 21 12 8 9 10 -8 -11 -2 16 15 -15 -3 -18 19 -19 -20 22 24 -24 -5 -16 -27 -28 30 43 -1 32 -17 -33 35 39 37 -37 -38 -6 -7 42 -42 44 50 46 47 -46 49 -47 51 52 -30 -52 55 -23 -10 -58 61 60 -60 -14
right_child=1 3 -4 4 34 40 7 -9 56 11 -12 -13 58 14 25 31 17 18 20 -21 -22 54 23 -25 -26 26 27 -29 29 -31 -32 33 -34 -35 -36 36 38 -39 -40 -41 41 -43 -44 -45 45 48 -48 -49 -50 -51 53 -53 -54 -55 -56 -57 57 -59 59 -61 -62 -63
leaf_value=-31.938150871627979 -47.647833987823631 -7.6464594428645798 -12.190193735706181 320.53855476950048 -107.03957833317364 -46.219798543779781 47.246598506683171 -23.814691145785492 14.874077427982048 -44.665462575647418 314.55261413300195 66.82636686935659 6.0019951753076839 -26.530686406987481 -6.8762960214667146 285.62783653750375 34.162816287751411 -4.6305990775512331 186.62158122668015 286.6395248546375 -37.851041572587746 235.37345629149732 -18.640915045857039 13543.697860427263 47.989033887298504 -116.19794809461392 -88.784063601924942 12.61087384284383 1906.586731616997 -31.718894930320541 -49.773694617741945 59.797447140459013 -5.0884215565584743 -57.784345365109225 -11.482547869237898 20.639574140319382 32.398710143545763 -97.013766123025107 -128.00277909909491 -40.345647488132641 2705.3445106262952 -97.834472184691734 -77.165118810991601 -31.609191760760655 22.256272079094948 622.25123814318295 -46.265038200456672 21039.906442531676 -14.596395660902402 138.69460536475853 15.667903378204159 -51.329177632711577 -38.982505314683522 -52.80801943212537 -89.414620028995159 -32.359174223129472 -56.58314857920459 -3.3347245200626277 -66.978714677979681 -28.979730749857936 58.696608202937206 -43.719165991128925
leaf_weight=40420 135876 1375287 3101344 21516 483532 161343 18591 252522 48541 23228 572 32328 16268 422439 632507 100813 1978682 9755 18379 12097 42136 6875 92874 1105 28681 181816 186612 235656 2630 133185 40474 219787 110577 200459 8124070 201802 608522 324525 38409 592798 252 242163 998 61864 368 1265 843 329 10252 5285 9014 5383 2421 13378 73653 65978 38365 53839 12577 59047 35603 49640
leaf_count=40420 135876 1375287 3101344 21516 483532 161343 18591 252522 48541 23228 572 32328 16268 422439 632507 100813 1978682 9755 18379 12097 42136 6875 92874 1105 28681 181816 186612 235656 2630 133185 40474 219787 110577 200459 8124070 201802 608522 324525 38409 592798 252 242163 998 61864 368 1265 843 329 10252 5285 9014 5383 2421 13378 73653 65978 38365 53839 12577 59047 35603 49640
internal_value=-1.9266e-05 -1.67675e-05 -4.29226e-05 -1.07281e-05 -1.85329e-05 -8.25648e-05 -9.29182e-05 -5.56486e-05 2.63653e-06 0.00011161 0.000350415 2.9191e-05 -0.000149365 4.35686e-06 -1.37653e-05 1.33414e-05 1.64371e-05 3.26174e-05 0.000154389 0.000417346 5.93561e-05 -1.06328e-05 5.55676e-05 -2.38268e-05 0.000204185 -3.68712e-05 -6.69461e-05 -3.57201e-05 -0.000177173 -0.000144419 -0.000276868 4.32715e-05 0.000101018 1.42228e-05 -1.42403e-05 -3.32252e-05 -6.97065e-06 -4.06835e-05 2.04575e-05 -6.18434e-05 -0.00013422 -0.000175236 0.0007 -6.73727e-05 3.35305e-05 0.00023329 0.00114839 0.00311386 0.000148644 0.00050686 -7.80779e-05 0.00020902 0.000745802 -0.000211856 -7.57796e-05 5.12654e-06 -5.52196e-05 -0.000114429 -9.16424e-05 -3.46317e-05 7.69874e-05 -0.000184408
internal_weight=2.10016e+07 2.06744e+07 3.87834e+06 1.67961e+07 1.10691e+07 695438 776997 467986 215464 74719 19163 55556 309011 5.727e+06 2.29067e+06 1.05408e+06 3.43634e+06 2.06105e+06 82367 21852 60515 290682 144176 93979 50197 1.23659e+06 604084 422268 327111 246217 80894 631636 211390 420246 1.03737e+07 2.24959e+06 1.17326e+06 526327 646931 1.07633e+06 404756 243413 1250 113032 51168 18342 1540 697 16802 6550 32826 10434 5051 22392 146506 72853 140745 92204 173135 107227 48180 65908
internal_count=21001550 20674439 3878341 16796098 11069096 695438 776997 467986 215464 74719 19163 55556 309011 5727002 2290666 1054075 3436336 2061049 82367 21852 60515 290682 144176 93979 50197 1236591 604084 422268 327111 246217 80894 631636 211390 420246 10373658 2249588 1173258 526327 646931 1076330 404756 243413 1250 113032 51168 18342 1540 697 16802 6550 32826 10434 5051 22392 146506 72853 140745 92204 173135 107227 48180 65908
cat_boundaries=0 1 3 5 6 8 9 11 12 14 15 17 19 20 21 22 23 25 26 27 29 31 33 34 36 38 40 41 43 44 45 47 48 49 51 52 54 55 56 58 59 61 62 64 66 67 68 70
cat_threshold=4 3987224083 6420 463120508 104522 698498 688128 69634 2133 2459075042 194776 26 4061163032 169325 693633 1846707256 37167 2158053376 576 740618 526730 938 340037 2222994448 260 90 856084 94601412 65552 1239449892 257778 2451668715 115176 736 2148544008 131361 1879064600 168009 3270150716 65281 735521 135606400 138 134750 144690 49152 16928 230341 1024 161480736 139792 32965 1082130688 100898 1 20 1094746112 156866 813 1216348420 90624 162396 8192 2048 144179240 32832 1857 886531 69472272 65568
is_linear=0
shrinkage=0.05


Tree=121
num_leaves=63
num_cat=49
split_feature=0 0 2 17 0 13 13 14 13 15 13 11 0 13 16 14 15 14 13 14 6 13 13 14 15 13 13 14 14 11 13 13 15 14 0 13 14 13 14 14 13 14 13 4 14 13 0 15 13 14 14 13 13 14 13 15 14 0 15 14 13 3
split_gain=3.62142 1.21495 0.88735 0.738489 0.556142 0.798288 0.509459 0.508951 0.912479 0.549907 0.488118 0.46975 0.567534 0.671841 0.444908 0.483019 0.44468 0.493716 0.58764 0.493491 0.443414 0.442919 0.429419 0.440973 0.53992 0.69403 0.504168 0.641811 0.416615 0.399556 0.607302 0.495798 0.397929 0.869159 0.635716 1.18888 1.33515 0.665766 0.699906 0.443601 0.430528 0.584112 0.522559 0.61205 0.39338 0.435638 0.503485 0.386483 0.655709 0.785731 0.477795 0.868334 0.616449 0.421787 0.381351 0.443339 0.417093 0.378431 0.420399 0.369032 0.430148 0.526819
threshold=10.777470111846926 11.406220912933351 12.500000000000002 0 12.280593872070314 1 2 3 4 5 6 11.609022140502931 11.732255935668947 7 8 9 10 11 12 13 11.500000000000002 14 15 16 17 18 19 20 21 1.0000000180025095e-35 22 23 24 25 10.566581249237062 26 27 28 29 30 31 32 33 1.0000000180025095e-35 34 35 11.426314353942873 36 37 38 39 40 41 42 43 44 45 12.067407608032228 46 47 48 87.049999237060561
decision_type=2 2 2 1 2 1 1 1 1 1 1 2 2 1 1 1 1 1 1 1 2 1 1 1 1 1 1 1 1 2 1 1 1 1 2 1 1 1 1 1 1 1 1 2 1 1 2 1 1 1 1 1 1 1 1 1 1 2 1 1 1 2
left_child=29 3 4 22 5 44 16 8 20 -10 14 -4 13 -13 15 54 17 18 -6 21 -7 -18 23 24 26 28 27 -2 -26 30 32 -31 33 -1 37 36 -36 38 -35 -37 -34 42 43 -42 -3 46 -46 50 49 -49 51 -8 -52 -50 56 -56 -5 58 -9 60 61 -33
right_child=1 2 11 10 6 7 47 57 9 -11 -12 12 -14 -15 -16 -17 19 -19 -20 -21 -22 -23 -24 -25 25 -27 -28 -29 -30 31 -32 59 40 34 35 39 -38 -39 -40 -41 41 -43 -44 -45 45 -47 -48 48 53 -51 52 -53 -54 -55 55 -57 -58 -59 -60 -61 -62 -63
leaf_value=-36.159554358173615 4454.510794798729 -34.28942946266325 3.5425371507127696 167.99703401340813 -112.45045443469135 353.19341436022336 -89.302565209665772 -11.723876013487519 85.560090384235451 -77.248911642059909 -4.8350743494831478 -47.113808557318002 -11.40781944479768 -5.9933837395627059 -32.471427214839416 -24.525387128853119 45.265555095540549 -140.55556942873301 288.1920795575017 92.75461944044001 29.986416305128841 -145.88923117112037 -34.415760152678381 -31.675058386990912 114.58778624763411 -18.269477884782557 -74.961349330149957 15.270184180363083 31.363511179561513 -43.957435086443482 -26.080998752355384 -42.030813006654178 -60.140417168188655 -55.169797238361753 17.926587489516717 318.73771210082396 566.46147244420558 -37.539875860664417 2355.9792318298164 -50.887490514793562 87.221675860424227 -29.390322645661442 25.331865555802143 4950.9017809589704 167.1700873090239 -20.830319279501964 44.499107820414885 102.03280844195125 -218.28713340876376 -100.20799715447612 29.911318483386459 104.63300920250077 -122.11140276589086 -90.386216116861036 29.637155951708976 -25.160583312585914 -15.228695411536364 -97.590702820417604 -50.621154082978215 -16.491315127407258 -47.38322384915152 71.775627824747701
leaf_weight=7601 751 248272 5047710 18428 33688 12409 194664 202833 13642 65982 635546 199813 9573543 214900 266452 152596 89612 207638 55163 414105 33983 88647 147131 80271 7640 21289 15046 6321 15244 91696 54542 15778 9768 873 1058 1933 1718 4461 1558 2292 1560 7026 2870 466 2004 152408 151177 144435 145177 213951 166366 278912 302708 435847 31004 61475 14526 226549 284581 75882 38891 7138
leaf_count=7601 751 248272 5047710 18428 33688 12409 194664 202833 13642 65982 635546 199813 9573543 214900 266452 152596 89612 207638 55163 414105 33983 88647 147131 80271 7640 21289 15046 6321 15244 91696 54542 15778 9768 873 1058 1933 1718 4461 1558 2292 1560 7026 2870 466 2004 152408 151177 144435 145177 213951 166366 278912 302708 435847 31004 61475 14526 226549 284581 75882 38891 7138
internal_value=-1.89874e-05 -1.63758e-05 -1.30178e-05 -6.01263e-05 -3.34412e-05 -5.92029e-05 -2.04825e-05 -8.99287e-05 2.7142e-06 -9.99819e-05 -4.24673e-05 -7.36074e-06 -1.36433e-05 -7.09076e-05 -7.72102e-05 -3.29607e-05 1.07147e-05 -3.92728e-05 5.93572e-05 3.57347e-05 0.000178958 -3.3822e-05 -0.000131072 -7.04837e-05 2.49549e-05 0.00012592 -0.000176654 0.000171421 0.000317027 -0.000184052 -9.93897e-05 -0.000220121 4.07006e-05 0.000193127 0.000428217 0.000764106 0.00156569 8.76383e-05 0.000751537 0.000233176 -0.000110368 9.12677e-05 0.000509988 0.00112328 -1.26026e-05 2.53785e-05 8.49239e-05 -3.52161e-05 -5.79129e-05 -4.72335e-06 -1.25969e-05 2.28305e-05 -4.8364e-05 -9.07205e-05 3.97277e-05 -1.23199e-05 0.000185749 -0.00010628 -8.14642e-05 -0.000160091 -0.000250796 -7.8862e-05
internal_weight=2.10016e+07 2.06744e+07 1.92007e+07 1.47372e+06 4.16475e+06 1.39384e+06 2.77091e+06 839979 126016 79624 1.18003e+06 1.5036e+07 9.98826e+06 414713 544481 278029 888853 296489 88851 592364 46392 178259 293693 146562 66291 44173 22118 7072 22884 327111 97726 229385 43184 21494 13893 7001 2776 6892 2431 4225 21690 11922 4896 2026 553861 305589 153181 1.88206e+06 939410 358386 942650 473576 469074 581024 125433 92479 32954 713963 487414 137689 61807 22916
internal_count=21001550 20674439 19200719 1473720 4164753 1393840 2770913 839979 126016 79624 1180027 15035966 9988256 414713 544481 278029 888853 296489 88851 592364 46392 178259 293693 146562 66291 44173 22118 7072 22884 327111 97726 229385 43184 21494 13893 7001 2776 6892 2431 4225 21690 11922 4896 2026 553861 305589 153181 1882060 939410 358386 942650 473576 469074 581024 125433 92479 32954 713963 487414 137689 61807 22916
cat_boundaries=0 1 3 5 6 8 9 11 13 14 15 16 17 19 20 22 24 25 26 28 30 31 32 34 36 37 38 40 41 43 44 45 47 48 50 51 53 54 56 57 58 60 62 63 65 66 67 68 69 71
cat_threshold=4 631677208 100118 278140163 141544 2084 2148013154 145408 10 1491501836 158263 2889049351 172277 101 542133 1794 266826 9700353 128 801792 8388867 131176 1311529205 224040 177322 2085 1242306672 68096 100679716 131112 8192 32802 339862372 46295 274180115 12631 2142 541861 4243524 1091 266314 268444192 36996 231680 137482 268477028 1027 599209 16640 4176 951760 8396824 99590 965 2689165440 66580 112512 893170 593651864 65552 237119564 69632 930 134611464 131072 646 1077 2217 631608 1075844104 151072
is_linear=0
shrinkage=0.05


end of trees

feature_importances:
state=2596
occupancy_class=1117
log_tiv=895
peril=820
tiv_x_sprinkler=677
building_age_winsor=494
equipment_type=426
tiv_per_building_age=249
inspection_score_imputed=123
construction_type_imputed=81
report_lag_days=58
deductible=14
prior_claim_count=12
occ_freq=2

parameters:
[boosting: gbdt]
[objective: quantile]
[metric: quantile]
[tree_learner: serial]
[device_type: cpu]
[data_sample_strategy: bagging]
[data: ]
[valid: ]
[num_iterations: 300]
[learning_rate: 0.05]
[num_leaves: 63]
[num_threads: 6]
[seed: 42]
[deterministic: 0]
[force_col_wise: 0]
[force_row_wise: 0]
[histogram_pool_size: -1]
[max_depth: 8]
[min_data_in_leaf: 200]
[min_sum_hessian_in_leaf: 0.001]
[bagging_fraction: 1]
[pos_bagging_fraction: 1]
[neg_bagging_fraction: 1]
[bagging_freq: 0]
[bagging_seed: 400]
[bagging_by_query: 0]
[feature_fraction: 1]
[feature_fraction_bynode: 1]
[feature_fraction_seed: 30056]
[extra_trees: 0]
[extra_seed: 12879]
[early_stopping_round: 0]
[early_stopping_min_delta: 0]
[first_metric_only: 0]
[max_delta_step: 0]
[lambda_l1: 0]
[lambda_l2: 0]
[linear_lambda: 0]
[min_gain_to_split: 0]
[drop_rate: 0.1]
[max_drop: 50]
[skip_drop: 0.5]
[xgboost_dart_mode: 0]
[uniform_drop: 0]
[drop_seed: 17869]
[top_rate: 0.2]
[other_rate: 0.1]
[min_data_per_group: 100]
[max_cat_threshold: 32]
[cat_l2: 10]
[cat_smooth: 10]
[max_cat_to_onehot: 4]
[top_k: 20]
[monotone_constraints: ]
[monotone_constraints_method: basic]
[monotone_penalty: 0]
[feature_contri: ]
[forcedsplits_filename: ]
[refit_decay_rate: 0.9]
[cegb_tradeoff: 1]
[cegb_penalty_split: 0]
[cegb_penalty_feature_lazy: ]
[cegb_penalty_feature_coupled: ]
[path_smooth: 0]
[interaction_constraints: ]
[verbosity: -1]
[saved_feature_importance_type: 0]
[use_quantized_grad: 0]
[num_grad_quant_bins: 4]
[quant_train_renew_leaf: 0]
[stochastic_rounding: 1]
[linear_tree: 0]
[max_bin: 255]
[max_bin_by_feature: ]
[min_data_in_bin: 3]
[bin_construct_sample_cnt: 200000]
[data_random_seed: 175]
[is_enable_sparse: 1]
[enable_bundle: 1]
[use_missing: 1]
[zero_as_missing: 0]
[feature_pre_filter: 1]
[pre_partition: 0]
[two_round: 0]
[header: 0]
[label_column: ]
[weight_column: ]
[group_column: ]
[ignore_column: ]
[categorical_feature: 13,14,15,16,17]
[forcedbins_filename: ]
[precise_float_parser: 0]
[parser_config_file: ]
[objective_seed: 16083]
[num_class: 1]
[is_unbalance: 0]
[scale_pos_weight: 1]
[sigmoid: 1]
[boost_from_average: 1]
[reg_sqrt: 0]
[alpha: 0.99]
[fair_c: 1]
[poisson_max_delta_step: 0.7]
[tweedie_variance_power: 1.5]
[lambdarank_truncation_level: 30]
[lambdarank_norm: 1]
[label_gain: ]
[lambdarank_position_bias_regularization: 0]
[eval_at: ]
[multi_error_top_k: 1]
[auc_mu_weights: ]
[num_machines: 1]
[local_listen_port: 12400]
[time_out: 120]
[machine_list_filename: ]
[machines: ]
[gpu_platform_id: -1]
[gpu_device_id: -1]
[gpu_use_dp: 0]
[num_gpu: 1]

end of parameters

pandas_categorical:[]
