tree
version=v4
num_class=1
num_tree_per_iteration=1
label_index=0
max_feature_idx=17
objective=tweedie
feature_names=log_tiv tiv_per_building_age building_age_winsor inspection_score_imputed prior_claim_count deductible report_lag_days state_freq occ_freq state_mean_loss state_loss_prob tiv_x_sprinkler sprinkler_flag state occupancy_class equipment_type construction_type_imputed peril
feature_infos=[9.1760902404785156:16.46375846862793] [178.92013549804688:3383716.25] [0:50] [60:100] [0:3] [1000:25000] [0:44] [416769:424163] [1044854:1054362] [6647.80078125:8052.443359375] [0.19909045100212097:0.20603416860103607] [0:15.882904052734375] [0:1] -1:48:49:31:41:19:14:16:12:24:35:4:40:10:8:21:3:20:17:9:32:29:44:2:28:5:30:0:27:22:43:37:33:26:45:34:38:7:1:11:36:23:6:15:25:13:18:47:39:46:42 -1:7:14:1:4:12:5:19:0:10:3:8:18:16:11:13:2:15:9:6:17 -1:6:2:5:7:9:8:0:10:4:1:11:3 -1:3:0:5:1:4:2:6 -1:1:4:0:3:2
tree_sizes=7088 7410 7374 7405 7393 7419 7268 7435 7386 7436 7209 7352 7332 7394 7208 7421 7420 7433 7394 7411 7417 7424 7382 7367 7384 7370 7413 7353 7352 7302 7392 7179 7367 7264 7288 7369 7359 7326 7280 7332 7331 7134 7461 7314 7310 7233 7152 7058 7314 7364 7339 7315 7241 7110 7270 7006 7258 7105 7316 7254 7258 7269 7225 7086 7290 7239 7280 7235 7337 7286 7267 7035 7301 7270 7343 7263 7264 7267 7276 7226 7161 7278 7214 7329 7274 7215 7268

Tree=0
num_leaves=63
num_cat=29
split_feature=0 0 0 17 17 0 0 12 0 17 17 0 12 12 0 12 12 0 12 12 17 12 12 17 17 0 17 17 17 0 17 0 17 0 0 17 17 0 12 17 0 17 12 12 0 13 0 0 17 13 13 13 13 0 13 13 13 17 14 0 17 14
split_gain=8.0348e+08 1.4053e+08 9.48417e+07 3.31448e+07 2.73517e+07 1.8958e+07 1.31119e+07 1.25578e+07 1.21555e+07 9.85348e+06 6.7658e+06 6.62571e+06 5.93876e+06 5.84229e+06 5.5943e+06 5.2792e+06 4.3066e+06 3.81256e+06 3.7178e+06 3.40243e+06 2.96323e+06 2.62128e+06 2.61748e+06 2.58563e+06 2.18506e+06 1.8925e+06 1.62318e+06 1.55069e+06 1.4402e+06 1.43459e+06 1.33673e+06 1.27954e+06 1.22267e+06 1.13776e+06 1.04733e+06 1.04667e+06 1.02479e+06 1.01464e+06 1.0062e+06 922861 904962 875719 854025 842501 842490 817843 801741 797204 777934 773271 765312 745634 715267 688004 683955 666999 661604 654063 640337 628798 584445 583422
threshold=12.804709911346437 13.548122406005861 12.120216846466066 0 1 14.096644878387453 13.147021293640138 1.0000000180025095e-35 11.564560890197756 2 3 13.180584430694582 1.0000000180025095e-35 1.0000000180025095e-35 12.440037727355959 1.0000000180025095e-35 1.0000000180025095e-35 12.448048114776613 1.0000000180025095e-35 1.0000000180025095e-35 4 1.0000000180025095e-35 1.0000000180025095e-35 5 6 12.448048114776613 7 8 9 12.448048114776613 10 13.302617073059084 11 11.217521190643312 11.804008960723879 12 13 11.933642864227297 1.0000000180025095e-35 14 14.432618141174318 15 1.0000000180025095e-35 1.0000000180025095e-35 13.839263916015627 16 13.839263916015627 14.314603328704836 17 18 19 20 21 12.607837200164797 22 23 24 25 26 12.927468776702883 27 28
decision_type=2 2 2 1 1 2 2 2 2 1 1 2 2 2 2 2 2 2 2 2 1 2 2 1 1 2 1 1 1 2 1 2 1 2 2 1 1 2 2 1 2 1 2 2 2 1 2 2 1 1 1 1 1 2 1 1 1 1 1 2 1 1
left_child=2 3 8 11 15 9 12 17 30 19 16 18 27 41 28 29 37 35 50 -3 42 48 60 53 59 -17 -21 -5 -9 -4 33 51 -20 -1 -18 55 -33 -10 -12 45 -22 -8 -7 -35 -24 58 49 -44 -13 -28 -2 -15 -25 -16 61 -6 -48 -23 -19 -14 -11 -41
right_child=1 5 4 6 7 20 13 14 10 22 38 21 24 31 23 25 34 39 32 26 40 57 44 52 -26 -27 46 -29 -30 -31 -32 36 -34 43 -36 -37 -38 -39 -40 54 -42 -43 47 -45 -46 -47 56 -49 -50 -51 -52 -53 -54 -55 -56 -57 -58 -59 -60 -61 -62 -63
leaf_value=8.7877486599388064 8.8781340889915565 8.935191265868708 8.829455887985727 8.9076041762916596 8.8799853759617164 8.9532330519504857 8.9247541781042816 8.829227999260759 8.8273032097759163 8.9217713261568203 8.8094480569333591 8.8985264359184502 8.8625067072197865 8.8993220307446474 8.8411428953771587 8.8103263219813659 8.8055212488455989 8.9238800263366933 8.8382132886595279 8.9276540457318312 8.9229277816537511 8.8621458775582642 8.887655119196598 8.8724380444759099 8.8854852523618142 8.8250994222550752 8.9159406672032677 8.889735703277692 8.8443836177522108 8.847721911448609 8.7836361298838668 8.9101262081202393 8.8538573887596446 8.8131403742058758 8.8179186337433979 8.8503571854047767 8.8961932523169232 8.8439819486998648 8.7962004022186076 8.8937370539663014 8.9393287373186876 8.9119946981334586 8.9357430132808719 8.7962858491493847 8.9029449352117211 8.8814119848227353 8.9342822070564409 8.948233680862927 8.8797109785722022 8.9002802754790356 8.8611446328483012 8.8847070065167664 8.8578896415623749 8.8520756906244618 8.8657498790001341 8.8574492850323683 8.9151511290029823 8.8748363521467351 8.8851343907155709 8.873426805535642 8.9055934744375485 8.8734119076292099
leaf_weight=25543824.382766724 13337647.835636139 55361256.190013885 19106094.415973663 20048617.217895508 6227030.369304657 38589918.426887512 22072549.466499329 43472780.238220215 21336363.502403259 13108392.258823395 20966404.496574402 12441190.723320007 20669381.159938812 13245255.53534317 25995683.071102142 39407188.29114151 25953908.774036407 2357570.6805992126 23455603.344905853 35132368.642929077 18729157.321735382 19103589.787826538 23638952.676715851 15564331.824768066 33989444.049964905 48187830.450935364 17247240.542648315 30788397.479961395 24514875.910884857 24576157.083488464 37199579.326553345 21331848.34859848 26714472.051445007 10940731.35881424 49579233.661140442 22506789.669799805 34609928.953903198 15923947.179580688 45306325.723953247 5457486.1240463257 15266352.879852295 34415143.349254608 20558548.075996399 23003993.233318329 14557948.515556335 13893557.658588409 6755680.2521858215 33737742.22636795 9837424.0938186646 14517949.372974396 13177557.907794952 25583795.950862885 18479023.091648102 32233622.363483429 15608210.763801575 6945227.7634773254 13652163.847755432 21670921.319217682 1947064.5474090576 36393607.57983017 9724450.8725700378 10000117.78433609
leaf_count=547565 142881 218296 315021 144674 65340 69561 114367 717954 357243 72559 395464 103177 259746 108595 392571 739184 501629 12460 362365 169948 101102 240887 226532 177253 334471 819427 107400 287445 360783 351951 815572 147551 363127 201569 885327 315279 296607 235110 925769 48361 52703 230418 79719 469820 113100 143433 27367 80826 103544 117379 167728 254118 242343 444962 190138 91446 86292 240631 19241 410196 72493 112730
internal_value=8.86839 8.9032 8.82764 8.88446 8.84395 8.92775 8.89401 8.85381 8.80536 8.9183 8.81307 8.86442 8.88309 8.90425 8.84558 8.82553 8.82052 8.86936 8.85455 8.92549 8.94292 8.87643 8.90149 8.85359 8.87545 8.81845 8.91935 8.89678 8.83469 8.83973 8.79107 8.89667 8.84654 8.79572 8.81366 8.85691 8.90151 8.83443 8.80039 8.87837 8.93029 8.91698 8.94755 8.80172 8.89348 8.88731 8.91375 8.9435 8.89022 8.90878 8.86969 8.88969 8.86454 8.84719 8.87313 8.8681 8.92148 8.86889 8.90635 8.86947 8.91488 8.88059
internal_weight=1.4157e+09 7.63464e+08 6.52235e+08 4.32886e+08 3.76481e+08 3.30578e+08 2.93148e+08 2.45203e+08 2.75754e+08 2.03696e+08 1.79066e+08 1.39738e+08 1.41889e+08 1.51259e+08 1.6026e+08 1.31277e+08 1.12793e+08 8.49431e+07 7.66853e+07 1.42667e+08 1.26882e+08 6.30531e+07 6.10297e+07 9.22727e+07 9.10524e+07 8.7595e+07 8.73054e+07 5.0837e+07 6.79877e+07 4.36823e+07 9.66881e+07 9.47708e+07 5.01701e+07 5.94885e+07 7.55331e+07 3.5679e+07 5.59418e+07 3.72603e+07 6.62727e+07 4.9264e+07 3.39955e+07 5.64877e+07 9.28862e+07 3.39447e+07 3.81969e+07 1.81982e+07 5.2173e+07 5.42963e+07 2.22786e+07 3.17652e+07 2.65152e+07 3.88291e+07 3.40434e+07 5.82293e+07 3.10658e+07 1.31723e+07 2.04078e+07 4.07745e+07 4.30464e+06 5.7063e+07 2.28328e+07 1.54576e+07
internal_count=16802750 5907805 10894945 4312528 5559877 1595277 2588188 3334294 5335068 1211366 3300542 1724340 1436532 1151656 2335866 2225583 1979309 998428 1036101 726682 383911 688239 484684 1257129 1004413 1558611 508386 432119 1078737 666972 2034526 806871 725492 1218954 1386956 472065 444158 592353 1321233 526363 153805 344785 230106 671389 339632 175134 338438 160545 206721 224779 310609 362713 419596 837533 351229 156786 113659 481518 31701 669942 145052 161091
cat_boundaries=0 1 2 3 4 5 6 7 8 9 10 11 12 13 14 15 16 18 19 21 23 25 27 29 31 33 34 35 36 37
cat_threshold=12 12 19 19 19 17 17 2 2 17 19 4 2 2 2 2 1140916512 16902 8 3254015627 144276 745358681 68275 2365724356 66632 575413813 154246 1989307592 161929 3751553696 66573 402702344 224320 4 353797 8 459912
is_linear=0
shrinkage=1


Tree=1
num_leaves=63
num_cat=29
split_feature=0 0 0 17 17 0 0 0 11 17 17 0 12 11 11 12 11 12 12 0 17 12 12 17 17 17 17 17 0 17 0 11 17 11 0 17 0 0 0 0 12 0 17 17 11 13 13 13 0 13 17 13 13 11 2 13 17 13 13 14 13 13
split_gain=7.35184e+08 1.30363e+08 8.85089e+07 3.04221e+07 2.35265e+07 1.87217e+07 1.45969e+07 1.22094e+07 1.03652e+07 8.90578e+06 7.71087e+06 6.03003e+06 5.72892e+06 5.15252e+06 4.42453e+06 4.40671e+06 4.20482e+06 3.26003e+06 3.03924e+06 2.97028e+06 2.89499e+06 2.38077e+06 2.32324e+06 2.0904e+06 1.99275e+06 1.7528e+06 1.70414e+06 1.67755e+06 1.66935e+06 1.52747e+06 1.52741e+06 1.30613e+06 1.26257e+06 1.20121e+06 1.15413e+06 1.12982e+06 1.10165e+06 1.01402e+06 981923 898119 875704 857352 856477 830648 741495 766240 709383 704500 698378 695072 689414 754817 680121 680120 668569 649240 648650 642242 628612 984931 597679 594426
threshold=12.804709911346437 13.548122406005861 12.171544075012209 0 1 14.096644878387453 11.654356479644777 13.168878555297853 12.170740604400637 2 3 13.180584430694582 1.0000000180025095e-35 13.168436050415041 12.170740604400637 1.0000000180025095e-35 12.567284584045412 1.0000000180025095e-35 1.0000000180025095e-35 12.448048114776613 4 1.0000000180025095e-35 1.0000000180025095e-35 5 6 7 8 9 11.217521190643312 10 12.543088436126711 11.190684318542482 11 11.652648448944094 11.982163429260256 12 12.496360778808596 11.943833827972414 14.622321128845217 13.69789505004883 1.0000000180025095e-35 13.87321186065674 13 14 13.462731361389162 15 16 17 14.314603328704836 18 19 20 21 12.937386989593508 25.500000000000004 22 23 24 25 26 27 28
decision_type=2 2 2 1 1 2 2 2 2 1 1 2 2 2 2 2 2 2 2 2 1 2 2 1 1 1 1 1 2 1 2 2 1 2 2 1 2 2 2 2 2 2 1 1 2 1 1 1 2 1 1 1 1 2 2 1 1 1 1 1 1 1
left_child=2 3 6 7 8 9 24 12 19 17 15 18 29 42 36 37 23 -3 47 -4 38 -11 56 -10 28 -14 52 49 -1 -2 -16 -30 44 -12 -17 -20 -6 -8 -7 61 -22 60 -9 58 -15 -46 -41 -5 -42 -19 51 -39 -18 -27 -34 -55 -13 -56 59 -21 -29 -23
right_child=1 5 4 11 14 20 10 13 16 21 33 22 25 32 30 34 26 27 35 43 40 39 -24 -25 -26 53 -28 41 31 -31 -32 -33 54 -35 -36 -37 -38 50 -40 46 48 -43 -44 -45 45 -47 -48 -49 -50 -51 -52 -53 -54 55 57 -57 -58 -59 -60 -61 -62 -63
leaf_value=-0.078826060397652345 0.038195713443389956 0.064589470859779438 -0.010618799370684651 -0.009962674152505244 -0.035270805348101952 0.055042342031644258 -0.03759696169012533 0.055432085103136311 -0.017520234036791513 0.044907789019387544 -0.054481890743724552 0.028353265649495488 0.016202172685475982 0.031411978940513036 -0.052901364452454074 -0.055260880309521081 0.011228666927297286 0.06832670937326675 -0.013432651374859101 0.051353367821252452 0.083390231114903679 0.024065132103541484 0.00059482270358636241 -0.033459248029628484 -0.081972045614282993 -0.0046444542930319478 -0.01700738142713035 0.030879230434931695 -0.050582687053387865 0.020971814021233416 -0.039068258284252151 -0.068582988450973922 0.016480411568777519 -0.069026316807676513 -0.042821712984638431 -0.028479214719226788 -0.01879068573510102 0.0071592584097994807 0.07432022892342352 0.03775568940809014 0.066127786420581411 0.052259240494752716 0.042386581077882846 0.0042978541096236533 0.061763053641656934 0.02936817430354682 0.020975901038112615 0.0069023314188017722 0.077935121887146602 0.052814171287272796 -0.02827346776986104 -0.024747821548874328 -0.0065594738078739714 0.012580842019737182 0.019048043839162504 -0.00040563902133328714 0.011145932398126656 0.033215704554630382 0.011151024010684449 0.011065622074353626 0.044264776368833185 0.0027110758814515635
leaf_weight=24775480.25692749 21211481.539794922 53853097.376350403 30436229.673553467 9951877.0501098633 19404130.932411194 24504912.823848724 17805453.515914917 20714018.884841919 32422919.32365036 22642563.559906006 20884928.216789246 12309583.04088974 35753219.083744049 25496411.485164642 45757209.669506073 42281450.764377594 8710790.9225463867 10247561.821994781 26771154.249607086 2987461.3387947083 36725307.6197052 6787285.6715202332 40842567.331935883 56273048.024234772 43477113.90700531 22507532.361537933 38511104.59695816 14508207.057514191 14945553.62361908 32740990.023097992 35388694.48015213 30942215.602153778 22270023.03830719 44324361.255672455 33359487.240192413 23364318.489555359 21241310.377346039 3636704.227973938 9042956.0485229492 13551346.400020599 20529779.577159882 17218026.408187866 32047841.811573029 31034633.875 4684039.8594589233 2991063.4123077393 11768971.400493622 16391019.970600128 32113022.25491333 24453744.163326263 12755382.555606842 3780315.0046882629 14026189.73626709 19882583.106998444 13167070.772106171 18653214.44083786 9866652.2138366699 20380940.387683868 12004767.257328033 3082247.2443122864 19614173.392433167 6269079.9699478149
leaf_count=547290 152453 218822 401968 130257 317098 126980 296615 106488 456064 144687 393768 103074 352412 204269 852891 800820 91675 37385 362923 16929 69368 60563 481671 906892 977965 280158 539524 116867 273982 303556 596687 640827 217946 920791 578388 361570 302486 40448 26592 98707 79773 95053 214342 351738 20811 24548 108831 180539 80779 132905 196361 56478 177984 205556 124911 221507 103429 159487 125728 32210 126852 71670
internal_value=-4.20572e-05 0.0334088 -0.0392864 0.0154303 -0.0223617 0.0573926 -0.0595797 0.0245935 -0.0129353 0.0479893 -0.0506632 -0.0037831 0.0146876 0.0351281 -0.0401238 -0.0427976 -0.0206749 0.0549416 -0.0132196 0.00165409 0.072763 0.03205 0.00766889 -0.0276327 -0.0735494 0.00741057 -0.010599 0.0489031 -0.0683672 0.0277434 -0.0468686 -0.0627203 0.0277879 -0.0643681 -0.0497749 -0.0204447 -0.0266583 -0.0289008 0.0602388 0.0244638 0.0774645 0.0431633 0.0475082 0.00926044 0.0355135 0.0491386 0.0299564 0.000531032 0.0733305 0.0573952 -0.0212249 -0.00910319 0.000255363 0.00226131 0.0231967 0.00629475 0.0206974 0.0276551 0.0177814 0.030895 0.0385735 0.0138119
internal_weight=1.40008e+09 7.55828e+08 6.44249e+08 4.31998e+08 3.51281e+08 3.2383e+08 2.92968e+08 2.925e+08 2.29489e+08 2.00914e+08 1.78828e+08 1.39497e+08 1.50749e+08 1.41751e+08 1.21791e+08 1.13619e+08 1.49944e+08 1.39895e+08 7.64784e+07 7.95453e+07 1.22916e+08 6.10192e+07 6.30188e+07 8.8696e+07 1.1414e+08 9.67965e+07 6.12481e+07 8.60417e+07 7.06632e+07 5.39525e+07 8.11459e+07 4.58878e+07 8.89895e+07 6.52093e+07 7.56409e+07 5.01355e+07 4.06454e+07 3.79779e+07 3.35479e+07 3.83767e+07 8.93681e+07 5.13404e+07 5.27619e+07 4.91091e+07 3.31715e+07 7.6751e+06 2.53203e+07 2.63429e+07 5.26428e+07 3.47013e+07 2.01724e+07 7.41702e+06 2.2737e+07 6.10433e+07 5.5818e+07 3.85358e+07 2.21762e+07 3.3548e+07 1.80745e+07 6.06971e+06 3.41224e+07 1.30564e+07
internal_count=16801348 5907741 10893607 4311907 5169874 1595834 5723733 2588444 3100712 1212342 3283669 1723463 1515642 1072802 2069162 1969110 2172139 727884 1035289 928573 383492 484458 688174 1362956 2440064 1059633 809183 509062 1462099 456009 1449578 914809 751972 1314559 1379208 724493 619584 589902 153572 339771 229920 338772 320830 526605 249628 45359 207538 310796 160552 170290 293287 96926 269659 707221 502344 427063 206503 284398 174867 49139 243719 132233
cat_boundaries=0 1 2 3 4 5 6 7 8 9 10 11 12 13 14 15 17 19 21 23 24 26 28 30 31 33 35 36 38 40
cat_threshold=19 19 19 19 12 2 19 2 2 2 2 2 8 2 2 3980807752 2685 468961893 21126 3509762564 160844 38273189 164416 2 475698961 27274 659293700 133782 198260190 133306 8 234670856 155977 1140916640 50790 75397 1016047940 99454 4117789072 86640
is_linear=0
shrinkage=0.05


Tree=2
num_leaves=63
num_cat=32
split_feature=0 0 0 17 17 0 0 0 11 17 17 0 11 11 0 12 11 17 0 11 12 11 17 12 17 11 17 17 0 11 17 0 0 17 12 11 17 0 17 11 0 11 17 13 17 11 13 17 17 13 17 17 17 13 14 17 13 13 13 13 13 13
split_gain=6.68558e+08 1.23864e+08 8.32186e+07 2.83426e+07 2.2789e+07 1.84354e+07 1.2304e+07 1.19259e+07 1.00968e+07 8.46151e+06 6.58327e+06 6.14763e+06 5.12661e+06 5.04289e+06 4.86532e+06 4.54704e+06 3.94444e+06 3.4102e+06 3.33319e+06 3.22322e+06 3.05313e+06 2.34954e+06 2.30617e+06 2.08189e+06 1.82534e+06 1.78779e+06 1.67376e+06 1.44062e+06 1.30327e+06 1.22974e+06 1.22818e+06 1.18549e+06 1.07695e+06 1.05762e+06 1.03989e+06 1.0036e+06 989014 981003 935400 885440 838779 836219 812662 763544 751539 749897 705298 704014 700605 673251 667564 659201 647857 615772 685414 608527 606232 600982 600320 566180 565287 561945
threshold=12.795913219451906 13.548122406005861 12.120216846466066 0 1 14.042400836944582 11.564560890197756 13.147021293640138 12.119895935058596 2 3 13.180584430694582 12.787718296051027 13.14690685272217 12.392510890960695 1.0000000180025095e-35 11.563642024993898 4 12.448048114776613 13.547282218933107 1.0000000180025095e-35 13.180570125579836 5 1.0000000180025095e-35 6 12.416664600372316 7 8 14.432618141174318 13.327361583709719 9 12.496360778808596 11.088717460632326 10 1.0000000180025095e-35 11.836436271667482 11 14.314603328704836 12 11.088853359222414 11.943833827972414 14.041472911834719 13 14 15 12.61660671234131 16 17 18 19 20 21 22 23 24 25 26 27 28 29 30 31
decision_type=2 2 2 1 1 2 2 2 2 1 1 2 2 2 2 2 2 1 2 2 2 2 1 2 1 2 1 1 2 2 1 2 2 1 2 2 1 2 1 2 2 2 1 1 1 2 1 1 1 1 1 1 1 1 1 1 1 1 1 1 1 1
left_child=2 3 6 11 8 9 27 12 18 19 16 20 30 47 33 31 40 37 36 -3 56 50 58 55 -14 -17 57 32 -19 43 -5 -6 -1 -10 -12 -18 46 41 -22 -34 -8 -7 61 -15 53 -24 -4 -9 60 -46 -13 -27 -23 54 -20 -11 -2 -21 -16 -32 -25 -31
right_child=1 5 4 7 15 17 10 13 14 23 34 21 24 29 22 25 35 28 44 26 38 52 45 48 -26 51 -28 -29 -30 42 59 -33 39 -35 -36 -37 -38 -39 -40 -41 -42 -43 -44 -45 49 -47 -48 -49 -50 -51 -52 -53 -54 -55 -56 -57 -58 -59 -60 -61 -62 -63
leaf_value=-0.079854102279674294 -0.0086128310943577625 0.062330776920202946 0.014663106042842159 0.035308060057809169 -0.034476822163488012 0.077304400971600712 -0.037084452806254699 0.052263100040817759 -0.023689913920086222 0.048986812787126952 -0.055042980328809749 0.028297151071852562 0.00064926722150802701 0.027762034141022508 0.0023955312569533993 -0.055259588268336039 -0.058046755128155096 0.049071990237413897 0.044078674015568635 0.063827421317669608 -0.014235961687966318 0.0063651995116673441 -0.025249393896737277 0.015736131761697667 0.015120027070019963 -0.046415366821147004 0.040008143129589391 -0.082231819438861639 0.068154812461455799 0.050538846590836732 0.027720528707665355 -0.017804588891466473 -0.053989615584245212 -0.037988893624560177 -0.068778127212999501 -0.046102796557207448 -0.01754018330157046 0.07930741177085493 -0.02781773222035494 -0.069961637339784596 -0.02174895750272671 0.063540055869618889 0.026529146439362852 0.014517425774748037 0.012714564406668597 -0.01435750849400237 -0.0092571420522973846 0.040679652576925657 0.013956731551941926 -0.0022826897232314266 0.010925707833228125 -0.03494513117699756 -0.0062604816389464496 0.0079465992052837574 0.015562754361946525 0.031620533939897243 0.0065954786758788938 0.049595871824939033 -0.010343349824931401 0.014049873141900938 0.034051507806663835 0.032850797452419554
leaf_weight=16891402.174880981 11267556.919036865 49344925.093292236 4950203.1122131348 20161901.264083862 22010987.080432892 18783532.42250061 21800004.057407379 21289883.284538269 20276864.157028198 11890310.279968262 20272213.661399841 12493717.925361633 58492514.394435883 18816307.98997879 16937509.900016785 34117063.004192352 29200363.547744751 22248799.00705719 3432532.2774887085 11797537.069839478 27116866.886692047 21720154.455448151 34218614.132534027 6244912.6875038147 34732045.644416809 23989571.848274231 46768986.777778625 34692833.82183075 14965478.409828186 7317848.7660598755 12612267.822029114 20679796.36592865 12852727.692512512 35700187.979866028 43032096.908512115 44223343.16368103 22240040.251888275 51178689.494621277 23807349.890800476 26709285.376293182 15087335.155860901 26746898.683792114 30872707.222393036 25805238.408657074 13376886.168842316 29363529.215198517 8163822.0985374451 34173359.603881836 16136688.842094421 16985123.142951965 9923002.4511489868 26214091.320655823 19090714.431968689 8859126.8271903992 5458012.6280555725 8761570.9449462891 15659296.385402679 19985899.952762604 20371627.950737 18959122.953266144 12947405.72334671 11621679.153663635
leaf_count=390362 146336 206515 50109 148967 364464 46718 369163 114093 304501 68515 395338 103224 689031 157157 196747 665199 581512 127774 22021 47624 372965 240450 523768 61157 344178 435539 319161 815308 52833 41210 105941 294802 248839 606598 925491 805620 315038 115934 371902 578871 223132 108602 262445 256323 137561 405100 106795 230564 160981 205720 103698 438655 241365 95595 53868 68223 172479 112982 269514 189375 98868 89163
internal_value=-4.49064e-05 0.0317581 -0.0379674 0.014452 -0.0225655 0.0554972 -0.0593369 0.0232707 -0.0135121 0.0452199 -0.0515271 -0.00397918 0.0130452 0.0331593 -0.0209876 -0.0396964 -0.0441513 0.0696082 0.000537593 0.052316 -0.0133854 0.00760252 -0.0144286 0.0290078 0.00604054 -0.0464279 0.0460249 -0.0742131 0.056746 0.026131 0.0256676 -0.0264006 -0.0692852 -0.0328093 -0.0643797 -0.0508529 -0.0111185 0.0745576 -0.0205855 -0.0647727 -0.0308121 0.0692185 0.0315313 0.0201025 0.00910285 -0.0202193 -0.000227867 0.045126 0.0216356 0.0043248 0.0206075 -0.0404261 0.000459095 0.017276 0.0265724 0.0416192 0.000231552 0.0548784 -0.00456019 0.0195111 0.028092 0.0396851
internal_weight=1.38584e+09 7.53735e+08 6.32107e+08 4.35934e+08 3.67346e+08 3.17802e+08 2.64762e+08 2.94855e+08 2.40334e+08 1.83878e+08 1.73615e+08 1.41079e+08 1.44958e+08 1.49897e+08 1.56868e+08 1.27012e+08 1.10311e+08 1.33923e+08 8.34657e+07 1.27897e+08 7.78511e+07 6.32276e+07 1.00891e+08 5.59809e+07 9.32246e+07 8.43207e+07 7.85524e+07 9.11462e+07 3.72143e+07 9.44338e+07 5.17333e+07 4.26908e+07 5.64534e+07 5.59771e+07 6.33043e+07 7.34237e+07 3.53541e+07 9.67091e+07 5.09242e+07 3.9562e+07 3.68873e+07 4.55304e+07 4.98122e+07 4.46215e+07 4.81117e+07 6.35821e+07 1.3114e+07 5.54632e+07 3.5329e+07 3.0362e+07 2.24167e+07 5.02037e+07 4.08109e+07 1.77497e+07 8.89054e+06 2.06519e+07 2.69269e+07 3.17834e+07 3.73091e+07 3.15714e+07 1.91923e+07 1.89395e+07
internal_count=16801983 5976753 10825230 4380866 5491594 1595887 5333636 2628447 3292935 1144026 3300256 1752419 1477492 1150955 2306228 2198659 1979427 451861 986707 686282 1063682 688737 1395129 457744 1033209 1539393 479767 2033380 180607 806298 444283 659266 1218072 911099 1320829 1387132 471942 271254 744867 827710 592295 155320 392818 413480 514765 928868 156904 344657 321006 343281 206922 874194 481815 171484 75889 136738 318815 160606 466261 295316 160025 130373
cat_boundaries=0 1 2 3 4 5 6 7 8 9 10 11 12 13 14 16 17 19 20 21 23 24 25 26 28 29 30 32 34 36 38 40 42
cat_threshold=12 19 19 19 19 2 17 2 19 2 2 2 8 2 2634159812 75346 2 3457952288 66565 2 8 1720741506 159881 8 4 8 1410695668 58982 75269 8 3507665542 193612 46925989 98881 571219511 23175 1376335136 49581 1694762122 142685 3764666944 133737
is_linear=0
shrinkage=0.05


Tree=3
num_leaves=63
num_cat=30
split_feature=0 0 0 17 17 0 0 0 11 17 17 11 0 11 11 11 11 17 0 11 11 11 17 11 11 0 17 17 17 11 0 17 0 17 0 0 17 17 17 11 0 17 13 17 0 11 13 13 13 13 13 13 13 0 13 14 17 13 13 0 13 0
split_gain=6.13615e+08 1.09893e+08 8.59028e+07 2.61946e+07 2.12861e+07 1.42838e+07 1.38189e+07 1.22817e+07 8.5155e+06 7.77027e+06 6.01602e+06 5.89455e+06 5.30714e+06 4.78634e+06 4.4872e+06 4.37914e+06 3.98898e+06 3.02506e+06 2.62612e+06 2.51614e+06 2.41821e+06 2.20015e+06 2.08505e+06 1.99139e+06 1.62511e+06 1.55247e+06 1.54619e+06 1.50518e+06 1.34536e+06 1.3396e+06 1.30534e+06 1.16546e+06 1.1238e+06 1.10649e+06 1.03069e+06 1.01795e+06 989068 977877 892794 853154 805370 770931 724178 703469 703027 687260 684553 669308 658248 651262 639848 638592 637878 636010 652535 630391 617374 609243 608309 596007 722560 574937
threshold=12.955071449279787 12.171544075012209 13.629689216613771 0 1 11.564560890197756 14.096644878387453 12.567548751831056 12.947035789489748 2 3 12.567284584045412 12.607837200164797 12.170740604400637 13.302361011505129 11.563642024993898 12.947035789489748 4 13.251674175262453 12.599659919738771 12.170740604400637 13.629426479339601 5 13.180570125579836 13.629426479339601 13.342944145202638 6 7 8 11.563642024993898 11.953825473785402 9 11.122486114501955 10 12.821230411529543 14.622321128845217 11 12 13 14.095565319061281 14.314603328704836 14 15 16 13.124651908874513 11.122245311737062 17 18 19 20 21 22 23 12.345084190368654 24 25 26 27 28 12.039163589477541 29 13.463879108428957
decision_type=2 2 2 1 1 2 2 2 2 1 1 2 2 2 2 2 2 1 2 2 2 2 1 2 2 2 1 1 1 2 2 1 2 1 2 2 1 1 1 2 2 1 1 1 2 2 1 1 1 1 1 1 1 2 1 1 1 1 1 2 1 2
left_child=1 5 4 7 8 27 10 13 18 15 21 31 20 53 33 38 25 39 56 -14 57 -4 51 -18 -12 -6 -15 32 -23 -11 -17 46 -1 44 -24 -19 -21 47 59 -8 -41 -25 -35 -20 -10 -34 55 -16 -26 -36 -30 -13 -46 54 -3 -9 -2 -5 -40 -7 -61 -45
right_child=2 3 6 12 16 9 17 11 14 29 24 22 19 26 37 30 23 35 43 36 -22 28 34 41 48 -27 -28 -29 50 -31 -32 -33 45 42 49 -37 -38 -39 58 40 -42 -43 -44 61 52 -47 -48 -49 -50 -51 -52 -53 -54 -55 -56 -57 -58 -59 -60 60 -62 -63
leaf_value=-0.077783334613691107 0.038527904409787671 -0.0015771362873956331 0.062338456314957269 -0.02239752870393627 0.0070325087660295452 -0.024541399399907605 0.080534664236147524 0.047348856163816969 0.0034313567578215564 -0.05169544181610302 0.044135129555854559 0.010600039935860004 -0.010098857132596133 -0.016551077915522884 0.04633273323399633 -0.053259948239748278 -0.014836666560528941 0.051132677722759305 0.055188022822914788 -0.023029162302143916 -0.048010511675598472 0.056284169194706551 -0.015276828202011381 0.0076264082014538687 0.033069272988766198 0.026841781794885666 -0.030307484067272562 -0.080957090839390553 0.048606666910749191 -0.066497631406006993 -0.040576684234627014 0.0095303634549601356 -0.052741931996944963 0.029744986589198365 0.010816018841920813 0.071129658478943633 -0.03756448056908504 0.025672100307842251 -0.042155249401262009 0.06240663990853941 0.075318552843129827 -0.0050663717604546256 0.014540173747864087 0.036918955312597236 0.022990441827145602 -0.067268476202699587 0.016382526300586397 0.03045356413886114 0.018420275781647042 -0.0075383743508045933 0.036070724561503467 -0.0023956186590969025 0.0079345263185820452 -0.00061408579396771362 -0.020687828220685673 0.021486918723270382 0.026189354238514304 -0.037532222209575597 -0.026820719843270464 0.019483011978688639 -0.020377287492140211 0.050821249195536281
leaf_weight=17973892.806522369 16354938.417701721 7731547.4526138306 41922186.313179016 14067109.134906769 25703210.903720856 10435098.596012115 34093152.640808105 4723622.9242782593 27640233.262741089 22607549.889450073 18125756.57434845 19453560.328304291 24563230.83537674 32217071.465332031 12356359.115535736 45073418.233280182 29142874.041679382 23810808.029407501 19400692.582210541 24956283.823825836 52978254.337539673 27797980.823406219 40987494.614265442 25738542.022548676 14396974.824642181 16077346.150032043 55814143.493297577 33517456.949028015 19380917.972064972 47189809.312488556 36888638.277729034 34736650.762290955 12055212.043014526 13175228.563030243 6882672.7536277771 8685565.8418235779 22039225.2538414 43965025.995079041 11011173.076133728 19723055.484054565 31151775.873809814 22352094.209434509 19306777.501758575 17033456.429878235 12659533.365055084 25083551.183067322 11820033.320545197 14334984.224414825 16408876.008773804 16228716.400669098 21439536.152599335 18388156.405303955 15834199.612892151 27772499.84765625 10577948.759765625 4701696.6314468384 26672153.080883026 12610369.130470276 15672760.660263062 2018020.8251876831 2603950.3732223511 13199908.579437256
leaf_count=427047 111892 94685 169941 214022 280308 162348 69606 28165 314869 442352 112510 204511 326159 456834 73659 891910 410020 127058 94786 380145 1003826 132426 574421 279321 109722 134242 907567 815006 110430 1034618 657761 367219 237603 106627 73062 26740 380176 371708 194971 79718 81026 279174 190382 119660 112247 553873 113413 111386 153513 207717 152764 222571 168757 332102 154314 42268 224304 215558 247583 19558 38055 71180
internal_value=1.83545e-06 -0.031585 0.035367 -0.0160586 0.0196359 -0.0559784 0.0564383 -0.00731217 0.0278681 -0.0483643 0.0468525 0.00213701 -0.0329502 -0.0184389 0.0208566 -0.0408381 0.00220956 0.0694521 0.0399199 -0.0230674 -0.0418285 0.0533137 -0.00502152 -0.00452309 0.032256 0.0146552 -0.025273 -0.0726017 0.0478001 -0.0617032 -0.0475516 0.0151724 -0.0675202 0.0133627 -0.0105158 0.0564774 -0.0298457 0.0302553 -0.0276556 0.0744143 0.0703129 0.00172692 0.0207075 0.0477571 0.00911264 -0.0625532 0.0243971 0.0378046 0.0252664 -0.00207235 0.0420226 0.00428515 0.0146238 -0.00538352 -0.012618 0.034448 0.0308793 -0.0295517 -0.0331486 -0.0179209 -0.00297369 0.0429887
internal_weight=1.37326e+09 7.25381e+08 6.47884e+08 4.4325e+08 3.70948e+08 2.82131e+08 2.76937e+08 2.92036e+08 2.51933e+08 1.935e+08 1.59472e+08 1.57923e+08 1.51214e+08 1.34113e+08 1.59272e+08 1.23703e+08 1.19014e+08 1.17464e+08 9.26611e+07 7.15587e+07 7.96557e+07 1.10541e+08 1.01941e+08 7.72335e+07 4.89316e+07 4.17806e+07 8.80312e+07 8.86301e+07 6.86184e+07 6.97974e+07 8.19621e+07 5.5982e+07 5.51127e+07 8.8616e+07 6.40989e+07 3.24964e+07 4.69955e+07 7.06564e+07 4.1741e+07 8.4968e+07 5.08748e+07 4.80906e+07 3.2482e+07 4.96341e+07 5.6134e+07 3.71388e+07 2.12454e+07 2.66913e+07 3.08059e+07 2.31114e+07 4.08205e+07 3.78417e+07 2.84937e+07 4.6082e+07 1.83095e+07 9.42532e+06 4.30271e+07 2.66775e+07 2.66839e+07 1.50571e+07 4.62197e+06 3.02334e+07
internal_count=16801396 12021420 4779976 6298735 3454522 5722685 1325454 3778849 2071457 3689156 941306 1833347 2519886 1945502 1449635 2212186 1383065 384148 621822 1086480 1433406 565561 1282282 968515 375745 414550 1364401 2033529 395620 1476970 1549671 551065 1218523 892882 855200 153798 760321 556753 662515 230350 160744 558495 297009 285626 595873 791476 183846 185045 263235 280779 263194 427082 281004 581101 248999 70433 336196 429580 442554 219961 57613 190840
cat_boundaries=0 1 2 3 4 5 6 7 8 9 10 11 12 13 14 15 17 18 20 22 24 26 28 30 32 34 35 36 38 40 42
cat_threshold=19 19 19 19 19 2 2 19 2 2 17 8 2 2 8 84559078 218152 2 1442907568 58399 1651262041 133229 1525901893 4614 2148061376 5417 2288046123 229248 912098920 134807 3103880389 11440 2392075600 1611 349701 2 819443469 149850 85871501 170404 605193040 92810
is_linear=0
shrinkage=0.05


Tree=4
num_leaves=63
num_cat=32
split_feature=0 0 0 17 17 0 0 0 11 17 0 11 11 11 17 12 17 0 12 11 12 11 0 17 11 17 0 17 17 0 17 17 17 11 0 0 17 11 17 13 0 13 17 13 11 13 17 17 13 12 17 0 13 17 13 0 13 13 13 13 13 13
split_gain=5.56677e+08 1.11522e+08 7.15245e+07 2.62465e+07 1.97402e+07 1.35478e+07 1.30982e+07 8.80751e+06 8.66585e+06 6.17743e+06 6.02962e+06 5.5951e+06 5.09856e+06 4.75724e+06 4.72118e+06 4.1861e+06 3.10969e+06 3.04472e+06 3.03526e+06 2.27631e+06 2.19535e+06 2.12201e+06 2.09051e+06 1.93988e+06 1.68047e+06 1.52366e+06 1.44096e+06 1.337e+06 1.33194e+06 1.33168e+06 1.3025e+06 1.19322e+06 1.15142e+06 1.07985e+06 1.0522e+06 984631 891593 806477 805842 754248 737360 717651 714863 696858 670922 669493 650941 640583 668927 633333 626622 626321 625023 616287 599093 589009 639372 569686 547260 546390 539412 533778
threshold=12.779411792755129 13.629689216613771 12.029485225677492 0 1 14.096644878387453 13.147021293640138 11.533604145050051 12.028223514556887 2 13.135868549346926 13.14690685272217 12.377147674560549 12.779411792755129 3 1.0000000180025095e-35 4 12.440037727355959 1.0000000180025095e-35 13.135715961456301 1.0000000180025095e-35 13.629426479339601 12.384555816650392 5 13.629426479339601 6 12.337017059326174 7 8 13.357542037963869 9 10 11 14.095565319061281 11.217521190643312 14.622321128845217 12 14.623640537261965 13 14 13.993391513824465 15 16 17 11.190684318542482 18 19 20 21 1.0000000180025095e-35 22 12.917968750000002 23 24 25 13.478944778442385 26 27 28 29 30 31
decision_type=2 2 2 1 1 2 2 2 2 1 2 2 2 2 1 2 1 2 2 2 2 2 2 1 2 1 2 1 1 2 1 1 1 2 2 2 1 2 1 1 2 1 1 1 2 1 1 1 1 2 1 2 1 1 1 2 1 1 1 1 1 1
left_child=2 3 7 6 8 9 13 27 17 24 20 38 32 28 49 26 33 31 61 41 52 59 -17 -14 -3 51 -6 34 -2 45 39 54 -10 -7 -1 50 -21 -35 -8 -23 57 -12 -22 -42 -36 -13 -20 48 -31 -9 -18 -15 -5 -24 -4 56 -40 -32 -28 -11 -27 -16
right_child=1 5 4 10 15 16 11 14 12 21 19 29 23 25 18 22 35 -19 46 36 42 30 53 -25 -26 60 58 -29 -30 47 40 -33 -34 37 44 -37 -38 -39 55 -41 43 -43 -44 -45 -46 -47 -48 -49 -50 -51 -52 -53 -54 -55 -56 -57 -58 -59 -60 -61 -62 -63
leaf_value=-0.074512554412135293 0.033325780306883331 0.042092553070710206 0.008490457176168734 0.0060816007918078124 -0.037948233515895678 0.079518319437104121 0.050547500942038928 -0.054815846365704538 -0.023164728099541447 0.066792596679510208 0.025722441244916846 0.027868048062526775 -0.0049433016932209049 -0.0062270354260299046 -0.023051887342826469 -0.053420065929043407 0.055928396082192404 0.0069678308871483482 -0.043232568690903028 -0.0063843770967075318 -0.013634864130201575 0.071355578717535215 -0.032685844929126913 -0.019400072696742859 0.022739508384344968 0.018875752361679217 -0.011425088283538215 -0.079825340245819248 0.017261853508711542 0.039855595420590001 0.043459786903778962 -0.018053802680976901 -0.03673935101275333 0.064021745676996658 -0.048838413926178825 0.068973847549851003 0.0065454053790826999 0.078610818373879399 0.044409220473561717 0.050385314882941651 0.07313492076304369 0.0099800956038225367 -0.025903376969873278 0.042360120444369286 -0.06543922785370597 0.015369677088595345 -0.054293155604558267 0.021989208811698597 0.026965240580295272 -0.066838212992175725 0.039337082309511051 0.0041980289164115529 -0.0097418279798770907 -0.043677329755586088 -0.010996988064578984 0.04849860264271872 0.028963781490865953 0.030252280774935299 -0.02519592392162099 0.055211635862631517 0.0066315318357331975 -0.036569557673377287
leaf_weight=22649530.377361298 21187607.635055542 17868409.763237 8352415.132358551 13707932.243839264 15980438.65398407 33742432.236328125 24771406.603996277 16132202.892848969 24474438.550022125 18537949.240909576 14677909.43857193 15187160.211940765 36891383.549564362 23148541.646881104 12706548.624530792 37835101.420032501 13527846.111873627 46265589.334159851 20489958.635002136 24815023.758308411 25375064.107448578 5315144.3367271423 26796689.317497253 62545332.494258881 30132381.482364655 19408853.21150589 12612286.701641083 30343609.770874023 33005074.159511566 20612307.161552429 16805674.343208313 26573528.940734863 43185971.471981049 35816970.771690369 9082039.4949531555 8327378.9111251831 28814793.91160202 12878955.414905548 11134513.649204254 22190305.432052612 2985340.869884491 14285856.429382324 22315450.675582886 4792801.3943634033 18451505.575134277 36384181.942619324 37923982.77558136 17008011.512729645 19668066.115333557 34130888.574737549 9824045.5268287659 38152699.938854218 11456374.656158447 24334587.822383881 7472092.6519241333 11643881.435531616 16825243.099765778 15879490.435108185 16857955.096298218 22605647.683654785 16764322.253734589 17173309.409118652
leaf_count=547475 156385 112459 91334 151960 284435 69626 130376 332307 378315 64227 124362 123406 465735 295052 198745 774073 63461 502965 388275 316278 353678 15977 457956 928263 262938 181340 174655 763505 311973 136808 103214 385620 756419 132867 178365 26589 316710 27957 67842 116799 8547 146680 353257 29777 416172 350754 774079 148781 159239 777459 63432 430777 150806 454121 100711 63996 131000 121451 263017 105633 180849 298846
internal_value=-8.70964e-06 0.028784 -0.0355272 0.0143111 -0.02269 0.0544153 0.0223955 -0.0583896 -0.0145368 0.0448916 -0.00258587 0.031789 -0.021241 0.0116662 -0.0507469 -0.0382033 0.0675272 -0.00190199 -0.0437831 0.00666277 -0.0130708 0.0514675 -0.04451 -0.0140366 0.0299437 0.00506337 -0.0258583 -0.0715399 0.0235423 0.0248789 0.0460425 -0.0115809 -0.0318291 0.0726437 -0.06653 0.0542125 0.000562673 0.0678802 0.043474 0.0544376 0.0403358 0.0179578 -0.0193756 0.054172 -0.0599634 0.0190503 -0.0504134 0.0301259 0.0335615 -0.0629796 0.0489485 0.000261322 -0.00112222 -0.037917 -0.00071122 0.0390497 0.0351147 0.0370432 -0.0193025 0.0604297 0.0132012 -0.0308211
internal_weight=1.36084e+09 7.51581e+08 6.09261e+08 4.8035e+08 3.90178e+08 2.71231e+08 3.24902e+08 2.19084e+08 2.55761e+08 1.57113e+08 1.55448e+08 1.73235e+08 1.67097e+08 1.51667e+08 1.38557e+08 1.34417e+08 1.14118e+08 8.86636e+07 8.82938e+07 8.25936e+07 7.28548e+07 1.09112e+08 8.89664e+07 9.94367e+07 4.80008e+07 9.74744e+07 4.54507e+07 8.05267e+07 5.41927e+07 1.0886e+08 6.79688e+07 4.2398e+07 6.76604e+07 8.24384e+07 5.01831e+07 3.16793e+07 5.36298e+07 4.86959e+07 6.4375e+07 2.75054e+07 4.04633e+07 2.89638e+07 4.76905e+07 7.77814e+06 2.75335e+07 5.15713e+07 5.84139e+07 5.72884e+07 4.02804e+07 5.02631e+07 2.33519e+07 6.13012e+07 2.51643e+07 5.11313e+07 1.58245e+07 3.96036e+07 2.79598e+07 3.26852e+07 2.94702e+07 4.11436e+07 3.61732e+07 2.98799e+07
internal_count=16800110 6107263 10692847 4782309 6017619 1324954 2868578 4675228 3609362 941022 1913731 1312202 2528732 1556376 2769711 2408257 383932 1080630 1659945 904030 1009701 565625 1686150 1393998 375397 1088018 722107 1905517 468358 918988 395765 577665 1134734 230450 1142012 153482 632988 160824 393214 132776 262989 271042 706935 38324 594537 474160 1162354 444828 296047 1109766 126893 725829 302766 912077 192045 262838 198842 224665 437672 169860 362189 497591
cat_boundaries=0 1 2 3 4 5 6 7 8 9 10 11 12 13 14 16 18 19 21 23 24 25 27 28 30 31 33 35 37 39 41 43 45
cat_threshold=19 19 12 12 19 2 17 19 2 2 2 2 4 2 4718596 164352 1500750064 71082 8 268484618 222272 2298614980 73794 2 18 1992705593 199272 8 776295931 2739 8 3457952672 93711 3223208066 91337 3379614123 15233 14072460 147770 11361248 700 337364716 151102 449913952 27769
is_linear=0
shrinkage=0.05


Tree=5
num_leaves=63
num_cat=33
split_feature=0 0 0 17 17 0 0 0 11 17 17 11 0 12 12 0 0 17 0 11 0 12 11 11 17 17 17 11 11 11 17 12 0 11 17 17 11 11 0 17 17 17 13 13 17 13 11 13 17 13 13 13 13 13 13 17 13 13 13 13 13 13
split_gain=5.10316e+08 9.64339e+07 7.5118e+07 2.14465e+07 1.75859e+07 1.50154e+07 1.31154e+07 9.31346e+06 7.34499e+06 6.7021e+06 5.80541e+06 4.65286e+06 4.53816e+06 3.91867e+06 3.746e+06 3.58706e+06 3.15611e+06 2.96406e+06 2.39225e+06 2.29998e+06 2.1873e+06 2.1338e+06 2.09269e+06 1.78847e+06 1.66673e+06 1.49173e+06 1.4149e+06 1.30198e+06 1.28878e+06 1.17466e+06 1.14609e+06 1.11078e+06 983215 965244 963841 955425 950529 915810 904309 831358 809886 763601 725598 709118 701600 687599 681379 642847 642311 639059 604382 601006 598898 596505 570769 568051 617202 562408 561269 546582 538460 529646
threshold=12.955071449279787 12.188382625579836 13.629689216613771 0 1 11.654356479644777 14.096644878387453 12.583365917205812 12.947035789489748 2 3 12.583198070526125 12.607837200164797 1.0000000180025095e-35 1.0000000180025095e-35 13.302617073059084 13.357542037963869 4 13.251674175262453 12.599659919738771 11.217521190643312 1.0000000180025095e-35 13.629426479339601 12.947035789489748 5 6 7 13.356372356414797 13.629426479339601 11.652648448944094 8 1.0000000180025095e-35 14.622321128845217 11.953175544738771 9 10 14.095565319061281 14.623640537261965 11.943833827972414 11 12 13 14 15 16 17 12.822095394134523 18 19 20 21 22 23 24 25 26 27 28 29 30 31 32
decision_type=2 2 2 1 1 2 2 2 2 1 1 2 2 2 2 2 2 1 2 2 2 2 2 2 1 1 1 2 2 2 1 2 2 2 1 1 2 2 2 1 1 1 1 1 1 1 2 1 1 1 1 1 1 1 1 1 1 1 1 1 1 1
left_child=1 5 4 7 8 20 10 13 18 14 22 35 21 48 38 34 23 36 60 -14 -1 50 -4 53 31 -15 -13 59 -12 -11 43 -22 51 -16 -10 42 -8 -38 -7 -25 -21 58 -9 -24 61 -36 -28 -46 -3 -29 -5 -19 -32 -6 -37 56 -30 -48 -17 -18 -2 -20
right_child=2 3 6 12 16 9 17 11 15 29 28 26 19 25 33 41 27 32 44 40 24 -23 30 39 -26 -27 46 49 55 -31 52 -33 -34 -35 45 54 37 -39 -40 -41 -42 -43 -44 -45 47 -47 57 -49 -50 -51 -52 -53 -54 -55 -56 -57 -58 -59 -60 -61 -62 -63
leaf_value=-0.077012461101789914 0.035027615028698666 0.0037092294619101903 0.058765333489706778 -0.018014298645247343 0.015034130748861228 -0.031751919391191111 0.077588486074067042 0.032717783307263 0.0083302702352651085 -0.046333728953770609 0.039704112032555916 0.0036398100750740579 -0.0083518406826823457 -0.013483240277586607 -0.048282390980559337 0.024294238436449581 0.038880114250915726 0.056303745072009762 0.041378108713391717 -0.034259315555041511 -0.044277833596957368 -0.044287822500840249 0.069180733180431733 -0.0035108755861717449 -0.072038163346345205 -0.026939344173036568 -0.012873235883981283 -0.0021501062403359891 0.037401927131456639 -0.060855650229344652 0.04737641933399854 -0.061414853088837255 0.067621091005700976 -0.036948929928763273 0.026950766670465205 0.014953558731506972 0.062302214361872013 0.077870118482860684 -0.016453904539921467 -0.016422514784942065 -0.021051418905027278 0.019411878244173574 0.013793120831154288 0.048468242905500461 0.030472154880468623 0.012359731290487131 0.0080327642608575035 0.045493144033758433 -0.0084947982751345501 0.013330328940121747 -0.033466895073013418 0.040169179925419532 0.034607658392257941 -7.3698197920324117e-05 0.0018504794868343948 0.015250815016907568 0.017914217739167706 -0.0081190424020551582 0.035209940655268619 0.018404233286375336 0.023550529453814251 0.058487567697745449
leaf_weight=35721832.52141571 16961428.720058441 16982917.819004059 40635414.746078491 11481839.546733856 11658862.594734192 17385235.549068451 32070652.7395401 9501876.6038017273 56238964.708141327 20724392.558952332 17542087.421146393 36063481.955711365 24695801.545078278 32666288.113143921 35715752.188785553 19633018.630443573 4763338.6533889771 10647334.797668457 7410078.4259643555 21789308.859386444 14174377.569232941 49962478.293403625 5092592.7107009888 26936106.206314087 24693274.144199371 55743545.675121307 38717895.880989075 11876492.271305084 9373988.3945007324 42445969.196613312 14115328.507137299 28404308.40309906 8280580.6954536438 39635201.830562592 15105394.405109406 17954505.081871033 35226984.053638458 12908464.713775635 21740391.752590179 23209259.30381012 24835544.227199554 20810807.990127563 10847161.844963074 21918211.641418457 11815597.779079437 17346557.945156097 8684060.6692581177 17934744.101478577 29525674.240135193 15198021.255111694 14096615.907924652 12604966.961486816 26283228.422992706 14862330.740921021 15473674.005554199 13925839.408687592 7171362.1809501648 14206131.039096832 29428376.009365082 10321486.605400085 25711205.980453491 11611918.996368408
leaf_count=913729 120902 193574 169683 172334 114642 296883 69589 71085 596533 410006 112564 408111 326115 457105 718512 163045 32339 48355 44926 380370 273698 966599 15893 335757 612415 907829 539543 142838 64880 956870 78719 641137 26657 714571 124340 176098 132609 27874 316783 334351 380955 186315 105318 116846 87436 172944 94961 103816 387665 155050 241220 78382 184337 173633 175903 132192 65984 183756 207455 94129 215850 49843
internal_value=3.41346e-05 -0.0289912 0.0325809 -0.0142003 0.0179461 -0.0518239 0.0527372 -0.00623358 0.025473 -0.0430177 0.0433742 0.00227715 -0.0297348 -0.015787 -0.0358034 0.0189647 0.00210964 0.0658139 0.0367582 -0.0206892 -0.0670132 -0.0382751 0.0498028 -0.00393311 -0.0617035 -0.0219675 -0.00422583 0.0130984 0.0289076 -0.0560914 0.0444001 -0.05571 0.0528261 -0.0423209 0.0122897 0.014088 0.07092 0.0664771 -0.0232515 -0.0094869 -0.0272239 0.0274375 0.0226299 0.0523734 0.0443228 0.0191514 -0.00883013 0.0395274 -0.00403842 0.00653969 -0.0265304 0.0475573 0.0390691 0.00656779 0.00888824 0.0226921 0.0289553 -0.00199138 0.0308418 0.0248699 0.0281124 0.0518225
internal_weight=1.3505e+09 7.1387e+08 6.36631e+08 4.33229e+08 3.68834e+08 2.80641e+08 2.67797e+08 2.86367e+08 2.50008e+08 1.77647e+08 1.56058e+08 1.51449e+08 1.46862e+08 1.34918e+08 1.14477e+08 1.58563e+08 1.18826e+08 1.11739e+08 9.1445e+07 7.13207e+07 1.02994e+08 7.55409e+07 1.08045e+08 7.66666e+07 6.7272e+07 8.84098e+07 9.76716e+07 4.21593e+07 4.80133e+07 6.31704e+07 6.74094e+07 4.25787e+07 3.15329e+07 7.5351e+07 8.86909e+07 5.37772e+07 8.02061e+07 4.81354e+07 3.91256e+07 5.01454e+07 4.66249e+07 6.98722e+07 2.0349e+07 2.70108e+07 4.87723e+07 3.2452e+07 6.16081e+07 2.97503e+07 4.65086e+07 2.70745e+07 2.55785e+07 2.32523e+07 4.03986e+07 2.65212e+07 3.34282e+07 3.04712e+07 1.65454e+07 2.28902e+07 4.90614e+07 1.50848e+07 4.26726e+07 1.9022e+07
internal_count=16803853 12023145 4780708 6168541 3456144 5854604 1324564 3700948 2073405 3413625 941098 1754775 2467593 1946173 2046749 1450632 1382739 383466 622773 1087440 2440979 1380153 565478 958383 1527250 1364934 1226371 424356 375620 1366876 395795 914835 153394 1433083 893817 528404 230072 160483 613666 670108 761325 556815 176403 132739 286021 297284 818260 191252 581239 297888 413554 126737 263056 288275 352001 263056 130864 278717 370500 126468 336752 94769
cat_boundaries=0 1 2 3 4 5 6 7 8 9 10 11 12 13 14 16 18 19 21 23 24 26 28 30 32 34 36 37 39 41 43 45 47 49
cat_threshold=19 19 19 19 19 19 2 2 2 17 2 8 4 18 3590391204 58399 4718596 164352 2 84565222 255016 3114906676 135538 2 48101233 132867 818231045 149850 3441164345 75525 3361771528 224768 451740128 84642 1723039440 20707 8 467360629 17030 2253050049 5409 2301738246 58772 290660560 5128 2584558080 164291 1245461712 135085
is_linear=0
shrinkage=0.05


Tree=6
num_leaves=63
num_cat=25
split_feature=0 0 0 17 17 0 0 0 11 17 17 0 0 12 11 11 17 0 12 0 17 11 0 11 17 12 17 11 17 11 11 0 11 17 0 0 17 17 17 0 17 17 11 17 17 0 17 17 17 0 9 0 0 17 0 17 11 0 17 0 17 14
split_gain=4.64821e+08 8.30536e+07 7.58325e+07 1.91081e+07 1.75e+07 1.36531e+07 1.08706e+07 9.14007e+06 7.2789e+06 5.63918e+06 4.34568e+06 4.32581e+06 4.02676e+06 3.59643e+06 3.55317e+06 3.45774e+06 3.1063e+06 2.91516e+06 2.84116e+06 2.52881e+06 2.13032e+06 2.06495e+06 1.81273e+06 1.7364e+06 1.49882e+06 1.45579e+06 1.30736e+06 1.24704e+06 1.18784e+06 1.15917e+06 1.07762e+06 1.06962e+06 1.01881e+06 982875 957422 930971 924123 887460 846383 832232 745284 682236 671197 663459 616996 711950 602985 598129 563988 557764 553596 540529 535748 521452 509000 492639 483128 473740 462539 432580 424916 421537
threshold=12.873558044433596 13.674160003662111 12.171544075012209 0 1 11.732255935668947 14.096644878387453 13.239193439483644 12.170740604400637 2 3 13.357542037963869 12.559543132781984 1.0000000180025095e-35 13.238087654113771 12.170740604400637 4 11.29636335372925 1.0000000180025095e-35 12.448048114776613 5 12.874553203582765 12.607837200164797 13.673645973205568 6 1.0000000180025095e-35 7 13.356372356414797 8 11.730533123016359 13.673645973205568 12.448048114776613 14.095565319061281 9 14.314603328704836 14.622321128845217 10 11 12 12.73855781555176 13 14 13.462731361389162 15 16 13.124651908874513 17 18 19 13.135868549346926 7854.8156738281259 13.372135162353517 13.135868549346926 20 13.463879108428957 21 12.377147674560549 13.993391513824465 22 10.848378181457521 23 24
decision_type=2 2 2 1 1 2 2 2 2 1 1 2 2 2 2 2 1 2 2 2 1 2 2 2 1 2 1 2 1 2 2 2 2 1 2 2 1 1 1 2 1 1 2 1 1 2 1 1 1 2 2 2 2 1 2 1 2 2 1 2 1 1
left_child=2 3 5 7 15 17 10 13 19 18 30 21 28 44 38 31 32 46 37 53 25 55 47 -12 -14 -19 42 -13 56 -11 60 -4 -8 -23 -34 48 -15 -7 -9 -21 -20 -25 -16 -33 -2 -46 59 -17 -18 -35 -44 -28 -38 -6 -40 -5 -10 -43 -24 -1 -3 -53
right_child=1 6 4 11 8 9 16 14 12 29 23 27 24 36 26 22 35 20 40 39 -22 33 58 41 -26 -27 51 -29 -30 -31 -32 43 34 49 -36 -37 52 -39 54 -41 -42 57 50 -45 45 -47 -48 -49 -50 -51 -52 61 -54 -55 -56 -57 -58 -59 -60 -61 -62 -63
leaf_value=-0.079194036297708534 0.031733034001850909 0.030391026873837497 -0.02991256616285571 0.010430063850420385 6.301553522070099e-05 -0.027566855434119228 0.076236052230614026 0.049903485791370945 -0.031264907199296296 -0.042955394343905495 0.057620180785432067 0.023864340142727619 0.0022876528110807449 0.015018400888726711 0.027151974491791547 -0.037315702339455734 0.052132616633991082 -0.03871079141447567 -0.043355005103092141 0.0049637478363425795 -0.068194298227612332 -0.017772425034554461 -0.022419501606802311 0.050262653329052193 -0.011716462927372074 -0.057013676125815385 0.014667548325417574 0.006997083577339829 -0.014283857448352226 -0.058707258080582747 0.023401992712002717 -0.0067002823100796062 0.055705173942993617 -0.010852315757208247 0.070305967676403222 0.065221489786767978 0.0018604910116537658 -0.010627127944135504 0.031314863358518026 0.017434642043617273 -0.032064571389814375 0.036182741935717619 0.038703113534477841 -0.021800558711983095 0.015411833067633458 0.031066385950567155 -0.081021025127366447 -0.048117915955338597 0.0362424921071458 0.0022729108776941044 0.078204756907010287 0.01863652847354566 0.012341684584550686 -0.013542532685183321 0.043772381728671816 -0.0018972930942084314 -0.021803182838004781 0.050336024472261945 -0.033865238059093764 -0.064888882158142008 0.047126640519239746 0.029251312012212833
leaf_weight=7274469.0975570679 19939906.433719635 6625985.6783332825 15753015.81697464 17346314.93044281 11148867.432418823 21020519.360610962 31359608.937431335 21157091.890880585 26830756.549263 17454214.564109802 34951775.494102478 16989167.689762115 30540547.061210632 34797075.963039398 18894685.220943451 26723798.992824554 13166081.250259399 16403933.319400787 41279103.909584045 39199078.514472961 27770284.47567749 28184195.14358139 18797614.372127533 22836414.408538818 51033118.403522491 32170955.387390137 19718411.526187897 30867440.598880768 31463195.973121643 35301747.454444885 26756684.770584106 15582335.918437958 18412475.671825409 18282438.57843399 28773257.465385437 7987819.8866004944 43586138.411067963 12230261.286758423 17687421.163265228 20309041.558570862 22629649.607662201 27923899.465381622 15551900.62871933 13643137.40619278 21989148.078472137 10844837.468185425 16275818.029136658 24622358.66286087 9697312.7686920166 14524924.790023804 940602.42767333984 15988103.528720856 16927005.485988617 19119996.703334808 15286009.35925293 15211809.401462555 27137212.123092651 7500536.0985984802 16641055.645153046 19320699.630187988 8870833.1838264465 22538161.268951416
leaf_count=195497 144619 48508 267966 180663 133596 346952 69407 106762 463058 345597 145646 141757 352534 334140 149243 502001 63740 308259 809026 432554 690545 417527 296906 114244 705769 722607 187567 335053 447588 810106 226013 207495 79791 250599 80981 26702 503668 172023 128150 189513 405353 187281 99304 207358 207822 80488 445686 501708 63047 167834 2096 141472 168074 268205 87372 181834 426485 38327 296054 470003 48543 173442
internal_value=1.45373e-05 0.0289327 -0.0299782 0.0158766 -0.0158479 -0.0503782 0.0522472 0.0231029 -0.00824666 -0.0403356 0.04278 0.000757991 -0.0144188 0.014324 0.0319009 -0.0306613 0.0639705 -0.063007 -0.0331898 0.00323495 -0.0571479 -0.00549689 -0.0364923 0.0488094 -0.00647343 -0.0508327 0.0260056 0.012985 -0.0220055 -0.0534958 0.0294788 -0.0194103 0.0692509 -0.0109244 0.0646086 0.0505269 0.0085258 -0.0213361 0.0420982 0.00921984 -0.0393572 0.0435237 0.0335854 -0.0137495 0.0247955 0.0205824 -0.0734408 -0.0424958 0.045393 -0.00504133 0.040956 0.0214003 0.00479234 -0.00853123 0.03709 0.00467048 -0.0265072 0.0391795 -0.0277941 -0.0688017 0.039971 0.0248463
internal_weight=1.33979e+09 6.82115e+08 6.57677e+08 4.37253e+08 3.88545e+08 2.69132e+08 2.44863e+08 2.95846e+08 2.56782e+08 1.49915e+08 1.35466e+08 1.41406e+08 1.67005e+08 1.48084e+08 1.47762e+08 1.31763e+08 1.09397e+08 1.19216e+08 9.71595e+07 8.9777e+07 7.63452e+07 9.35497e+07 8.67848e+07 9.32126e+07 8.15737e+07 4.85749e+07 9.36319e+07 4.78566e+07 8.54312e+07 5.2756e+07 4.22535e+07 4.49785e+07 7.85453e+07 6.09916e+07 4.71857e+07 3.08512e+07 9.53102e+07 3.32508e+07 5.41305e+07 5.95081e+07 6.39088e+07 5.82608e+07 3.53872e+07 2.92255e+07 5.27739e+07 3.2834e+07 4.2871e+07 5.13462e+07 2.28634e+07 3.28074e+07 1.64925e+07 5.82447e+07 6.05131e+07 3.02689e+07 3.29734e+07 3.25581e+07 5.3968e+07 3.54244e+07 3.54387e+07 2.65952e+07 1.54968e+07 3.85263e+07
internal_count=16802160 5381716 11420444 4189486 5698790 5721654 1192230 2514219 3419302 2889057 808562 1675267 2395434 1438811 1075408 2279488 383668 2832597 1733354 1023868 1721411 1198457 1596669 485498 1058303 1030866 753124 476810 1337131 1155703 323064 682819 230179 835960 160772 153489 1005882 518975 322284 622067 1214379 339852 250643 414853 432929 288310 1111186 1003709 126787 418433 101400 502481 671742 401801 215522 362497 889543 225608 592960 665500 97051 314914
cat_boundaries=0 1 2 3 4 5 6 7 8 9 10 11 12 13 14 15 16 17 18 19 20 21 22 23 24 25
cat_threshold=19 12 19 12 19 19 2 2 17 4 2 17 2 17 2 8 2 19 8 8 2 8 8 4 580138
is_linear=0
shrinkage=0.05


Tree=7
num_leaves=63
num_cat=19
split_feature=1 11 11 11 1 2 2 1 1 11 17 17 11 2 1 1 11 2 2 17 2 1 2 1 1 17 2 2 17 11 17 17 17 11 2 11 11 11 1 1 11 17 11 17 17 17 17 17 17 1 2 1 11 11 11 2 11 17 11 17 17 17
split_gain=2.15059e+08 6.88017e+07 7.2214e+07 6.04349e+07 3.26956e+07 2.27354e+07 1.74816e+07 2.08449e+07 1.46145e+07 1.04797e+07 1.02644e+07 8.73536e+06 7.61305e+06 7.45018e+06 7.33526e+06 5.353e+06 5.09125e+06 5.05356e+06 4.13351e+06 4.08616e+06 3.88532e+06 3.88354e+06 3.83212e+06 3.75145e+06 3.65788e+06 3.29956e+06 3.13837e+06 2.92853e+06 2.40732e+06 2.39706e+06 2.13464e+06 2.10514e+06 1.98793e+06 1.86404e+06 1.8565e+06 1.80996e+06 1.66314e+06 1.65276e+06 1.55341e+06 1.48833e+06 1.47682e+06 1.43443e+06 1.34927e+06 1.33844e+06 1.15388e+06 1.12793e+06 1.09869e+06 1.09719e+06 1.08926e+06 1.08347e+06 1.06187e+06 1.05499e+06 1.04883e+06 984549 946536 883665 832683 828662 823800 801250 773727 759777
threshold=8955.0473632812518 13.629426479339601 1.0000000180025095e-35 12.813581943511965 4000.8947753906255 33.500000000000007 24.500000000000004 32221.389648437504 21873.215820312504 12.272423267364504 0 1 14.041472911834719 7.5000000000000009 191340.98437500003 2359.7055664062505 13.191593170166017 12.500000000000002 43.500000000000007 2 44.500000000000007 17798.624023437504 20.500000000000004 6548.7321777343759 64241.992187500007 3 2.5000000000000004 1.5000000000000002 4 13.180570125579836 5 6 7 11.848518371582033 13.500000000000002 11.848518371582033 11.802389144897463 12.344292163848879 14798.986328125002 42960.693359375007 12.689505100250246 8 11.365419864654543 9 10 11 12 13 14 12654.457519531252 7.5000000000000009 20568.200195312504 14.623640537261965 12.288261890411379 12.480327129364015 29.500000000000004 11.563642024993898 15 12.221793174743654 16 17 18
decision_type=2 2 2 2 2 2 2 2 2 2 1 1 2 2 2 2 2 2 2 1 2 2 2 2 2 1 2 2 1 2 1 1 1 2 2 2 2 2 2 2 2 1 2 1 1 1 1 1 1 2 2 2 2 2 2 2 2 1 2 1 1 1
left_child=4 2 6 9 15 22 7 17 20 36 29 23 25 14 26 44 57 50 43 -11 32 59 -6 33 34 -3 -9 -16 52 -5 42 -20 49 -7 -15 -13 -4 -25 -22 46 -37 -27 -24 55 -1 -38 -10 -23 -18 -8 -2 -52 -14 -35 -21 -17 -33 -12 -44 -19 -34 -39
right_child=1 12 3 10 5 11 8 13 39 19 16 35 28 24 27 18 48 21 31 54 38 47 30 37 -26 41 -28 -29 -30 -31 -32 56 60 53 -36 40 45 61 -40 -41 -42 -43 58 -45 -46 -47 -48 -49 -50 -51 51 -53 -54 -55 -56 -57 -58 -59 -60 -61 -62 -63
leaf_value=-0.053679877760210881 -0.043086778160127008 0.049061855134949678 -0.064214943372275332 -0.015179284644090392 -0.05609674141244593 0.00088742022263696083 0.015536194820001301 -0.02396316818069379 0.059263090904910824 -0.036193569294101245 0.01233467012052842 -0.013431314503778519 0.057253381984607346 0.017004878843593439 0.0213811840840374 -0.061196309166108104 0.026145920655800459 -0.025762943168746045 -0.046511335923482368 -0.024288855291180342 0.03072651061577868 0.023024037609807192 -0.014606234809911793 0.018443684167458892 0.058497838145311599 0.0124655640612652 0.010440637157283033 0.061255798546639963 0.041274801598232276 0.0014904015526972 -0.046034014549791002 -0.014336528811361852 0.014371340799482352 -0.027693762678923425 0.04156606390970833 -0.037745244799778532 -0.028357076868425642 0.0099278030959488658 0.051177519592091575 0.072921455446042907 -0.018402657649650541 0.031239121276776666 -0.039899773148309697 -0.066344111264234326 -0.069335332326916591 -0.049223602811660494 0.040823875479049143 0.00043637185595941393 0.014537620526614836 0.035629773480858239 -0.032943139027164253 -0.0057727662919996141 0.074148521860425906 -0.011485772958730676 -0.011199991439925366 -0.041031788598751485 -0.03093226195897994 0.0018539938685136908 -0.021717363036065071 -0.0060859165663234641 -0.0030646859876733764 -0.0049752051127254521
leaf_weight=20621466.331615448 7095404.5954227448 24532874.866069794 14767690.144544601 39176494.423236847 26854987.868980408 25758999.029556274 11041376.05575943 8981925.8148651123 27182279.063220978 34543090.702640533 29823052.42042923 22639573.328430176 40038348.441764832 13308235.51518631 9588900.3589248657 7843042.568572998 67931130.829193115 7841204.7823181152 17810355.659160614 19496815.12953949 25204491.563266754 16736018.78843689 14513256.96957016 20561969.388195038 20095956.69172287 12736599.961574554 25301567.596782684 8858612.8140411377 21618935.676422119 47974563.511371613 22467202.468109131 11501947.988548279 22502139.547344208 12745050.385665894 18236546.03200531 27841475.08442688 8491868.7495727539 13810803.427703857 14701289.59287262 13776725.002830505 15286392.754405975 50587096.9479599 17636753.810184479 14278616.697963715 27421328.499006271 27286139.679706573 11494939.209667206 7920666.1689567566 28766141.892642975 17096980.333213806 7180633.1237983704 7110471.4148254395 11920846.493591309 35377211.590908051 47376263.255561829 17682286.367565155 22044774.828151703 51304448.110565186 9631631.9951629639 15206986.930183411 8870843.8106994629 22460851.418579102
leaf_count=473866 141607 122722 363601 572431 618463 307534 103792 143446 105627 644237 294460 328948 162168 121927 83234 189520 539607 129264 378939 314252 186799 139962 211839 188970 81031 122852 261161 33598 126244 558394 471549 169362 217928 218366 108299 537351 146064 145332 71280 34640 235467 365198 343473 361626 713146 577735 70257 93502 269821 114195 127729 91385 27923 501151 653395 352655 397342 590846 152151 193802 108530 289633
internal_value=3.36303e-05 0.0138481 0.00741426 -0.00636191 -0.0292179 -0.0195896 0.0250693 0.0142243 0.0374562 -0.031499 0.00805402 -0.0100167 0.0434309 0.0283265 0.0151067 -0.0491093 0.0149433 -0.00707891 -0.0419914 -0.0222293 0.0261899 0.00197519 -0.0402353 -0.00253859 0.0418254 0.0334943 0.00142719 0.0405292 0.0552958 -0.00600302 -0.0336055 -0.0326182 0.0180957 -0.0099678 0.0312041 -0.0248797 -0.0500979 0.00711906 0.0382607 0.0588096 -0.0308894 0.0274631 -0.0269223 -0.0540852 -0.0626155 -0.044271 0.0537829 0.015768 0.0226926 0.0277451 -0.027275 -0.0194246 0.0611296 -0.0157784 -0.015016 -0.0472276 -0.0252422 0.00570677 -0.0334775 -0.0127802 0.00944123 0.000699269
internal_weight=1.3305e+09 9.03707e+08 7.42272e+08 4.16938e+08 4.2679e+08 2.87586e+08 3.25334e+08 1.73463e+08 1.51871e+08 1.51962e+08 2.64976e+08 1.96482e+08 1.61435e+08 1.04372e+08 5.2731e+07 1.39204e+08 1.77825e+08 6.90914e+07 9.1161e+07 1.01416e+08 9.94171e+07 4.77049e+07 9.11038e+07 1.30715e+08 5.16407e+07 8.78566e+07 3.42835e+07 1.84475e+07 7.35781e+07 8.71511e+07 6.42488e+07 5.13571e+07 5.95113e+07 7.38813e+07 3.15448e+07 6.57674e+07 5.05457e+07 5.68336e+07 3.99058e+07 5.24539e+07 4.31279e+07 6.33237e+07 4.17816e+07 3.98039e+07 4.80428e+07 3.5778e+07 3.86772e+07 2.46567e+07 9.66973e+07 2.81384e+07 2.13865e+07 1.42911e+07 5.19592e+07 4.81223e+07 6.68731e+07 2.55253e+07 3.35467e+07 8.11275e+07 2.72684e+07 2.30482e+07 3.1373e+07 3.62717e+07
internal_count=16801628 9214945 8287838 5524843 7586683 4550227 2762995 1749947 1013048 2699284 2825559 2752752 927107 832696 521439 3036456 1694734 917251 1849444 1611884 802524 556530 1797475 1650986 311257 610772 404607 116832 316335 1130825 1179012 945643 544445 1027051 230226 1101766 1087400 623935 258079 210524 772818 488050 707463 903801 1187012 723799 175884 233464 809428 217987 360721 219114 190091 719517 967647 542175 566704 885306 495624 323066 326458 434965
cat_boundaries=0 1 2 3 4 5 6 7 8 9 10 11 12 13 14 15 16 17 18 19
cat_threshold=12 19 12 2 19 19 12 18 4 19 18 2 19 19 18 2 12 9 2
is_linear=0
shrinkage=0.05


Tree=8
num_leaves=63
num_cat=35
split_feature=0 0 0 17 17 0 0 0 0 17 0 17 11 11 11 11 17 11 12 0 11 12 11 17 17 0 17 17 17 12 11 0 0 17 17 17 17 13 0 17 13 17 0 13 13 13 11 13 13 13 17 13 13 11 13 13 13 13 13 14 13 17
split_gain=3.86948e+08 8.22238e+07 5.55856e+07 1.8233e+07 1.51141e+07 1.18764e+07 9.54262e+06 6.92252e+06 6.76512e+06 4.69761e+06 4.28211e+06 3.96675e+06 3.81781e+06 3.70822e+06 3.39148e+06 3.13254e+06 2.95896e+06 2.6516e+06 2.25594e+06 2.11015e+06 1.77764e+06 1.70948e+06 1.48789e+06 1.37063e+06 1.1834e+06 1.06437e+06 1.06063e+06 1.05252e+06 1.01918e+06 1.00088e+06 989934 956632 934174 926103 924853 892257 768790 712159 710627 645747 631140 631102 629512 627722 624438 620405 615088 601043 591591 580837 573539 618097 567479 560464 710323 559270 554781 553576 548254 592464 537510 536771
threshold=12.779411792755129 13.629689216613771 11.972311496734621 0 1 14.096644878387453 13.191593170166017 12.392510890960695 11.444519996643068 2 13.180584430694582 3 12.779411792755129 13.191593170166017 12.385106563568117 11.97166681289673 4 11.97166681289673 1.0000000180025095e-35 12.384555816650392 13.629426479339601 1.0000000180025095e-35 13.180570125579836 5 6 12.337017059326174 7 8 9 1.0000000180025095e-35 14.095565319061281 14.622321128845217 14.314603328704836 10 11 12 13 14 13.447151660919191 15 16 17 11.189863204956056 18 19 20 11.446212768554689 21 22 23 24 25 26 12.937386989593508 27 28 29 30 31 32 33 34
decision_type=2 2 2 1 1 2 2 2 2 1 2 1 2 2 2 2 1 2 2 2 2 2 2 1 1 2 1 1 1 2 2 2 2 1 1 1 1 1 2 1 1 1 2 1 1 1 2 1 1 1 1 1 1 2 1 1 1 1 1 1 1 1
left_child=2 3 8 6 7 9 12 17 24 20 21 18 28 40 50 25 30 35 -10 -17 55 45 41 60 42 -6 38 -14 57 56 -7 49 -32 -19 48 -4 -20 -34 -15 -23 -8 52 -1 -36 -40 -5 -13 -31 -22 -18 51 -9 -12 -29 -55 -3 -11 -2 59 -52 -16 -21
right_child=1 5 4 10 15 16 13 14 11 29 22 46 27 26 23 19 31 33 36 61 34 39 -24 -25 -26 -27 -28 53 -30 47 32 -33 37 -35 43 -37 -38 -39 44 -41 -42 -43 -44 -45 -46 -47 -48 -49 -50 -51 58 -53 -54 54 -56 -57 -58 -59 -60 -61 -62 -63
leaf_value=-0.066293223366936133 0.035887092183125122 0.059181013119562233 -0.0018847801682537739 0.0067515173230409094 -0.032287447472033083 0.072629317243911487 0.032076446447859841 0.02584028446925847 -0.028028011336858612 0.042637586152276488 0.036438961828492683 -0.049729013076353114 0.011474425286848881 0.02133717262689782 0.0028942938504560004 -0.047058826604579058 0.050165655991758956 -0.01989626807423904 -0.037533870221187662 -0.037191549810719635 0.064205915367620978 -0.010166517749426679 0.0014071736118202822 -0.015702609229507263 -0.072758987820053536 -0.016808687865169227 0.013909404205732716 -0.0044226638889153722 0.015587034276564465 0.02670606744300362 0.051964578143229134 0.062006480288892642 0.074768504187524162 -0.031191414971991606 0.040508598734996078 -0.017100253168063375 -0.050086185880325852 0.058646754500566493 0.022672468332554801 -0.021267801297464136 0.042773817499090094 0.0075766143742161014 -0.050558445974272552 0.027923808831152575 0.038383535967141572 -0.0081568961115010951 -0.062225069706489569 0.012643289068452924 0.043287434300853377 0.034017184774009376 0.023778097685379734 0.0059379789947755978 0.015792841653437993 0.013270072578383996 -0.00016686447467792952 0.047094176395367837 0.024506072301749129 0.020325906344234604 -0.0041965710456569492 0.0009179955438648838 -0.0093941738925287805 -0.026788092257725354
leaf_weight=12836987.28150177 12846427.45267868 17862199.665847778 15359317.388999939 15271882.284255981 17944244.59910202 29238944.158927917 24452677.06791687 5493668.0018997192 27737311.75925827 9816742.6963005066 5200151.8143234253 14631428.982810974 39999203.812042236 42072356.565498352 17588682.385093689 40670075.735710144 10537768.199474335 28486320.840461731 18945225.536251068 23507574.761138916 3996906.5990600586 28166543.233558655 47978790.340270996 60110269.156700134 34037666.894924164 29143816.828144073 28802502.437988281 26524854.149398804 37010310.531677246 15375493.999038696 17951022.068969727 7762692.791683197 13584188.071220398 50001802.339813232 20305772.824939728 25853593.835487366 34254836.528327942 13819302.880428314 10829647.624164581 24488643.760448456 31617103.603710175 11631061.742126465 12591658.224529266 19352426.983413696 15202848.047519684 12850034.479679108 30119262.506141663 15021054.230644226 21897687.796905518 11808668.291671753 4426243.2079734802 13457409.507732391 9245881.4174118042 15715927.832073212 26286013.150211334 20618937.9231987 7398584.9207649231 10295778.8567276 20614656.557182312 7880486.2810440063 18011528.149284363 26237502.756896973
leaf_count=339929 86066 67819 191902 166922 330593 69593 166190 45784 486446 56460 35484 327271 398499 355767 206342 884348 50811 452005 380685 454046 13301 390651 558498 893244 942527 438730 270160 335187 342907 120789 79728 26780 30391 902018 121087 385468 758247 50667 87289 389870 180453 119661 287476 142405 96620 167383 759437 142757 119312 75870 39290 144998 84288 157795 306235 101933 56003 85979 252956 91261 241093 458016
internal_value=6.60944e-05 0.0243296 -0.0300745 0.0120452 -0.0196945 0.0471633 0.0188311 -0.0127647 -0.0527676 0.0382208 -0.00205213 -0.0461936 0.0106297 0.0278744 -0.00551788 -0.0331648 0.0601152 -0.0216995 -0.0395887 -0.038611 0.0441741 -0.0100138 0.0066321 -0.0110979 -0.0666624 -0.0227073 0.021953 0.00502942 0.0207335 0.0252124 0.0654555 0.0468851 0.0608307 -0.027092 0.0391665 -0.0114297 -0.0456162 0.0666385 0.0253547 -0.0153295 0.0381086 0.0162454 -0.0585017 0.0343675 0.0318477 -6.07367e-05 -0.0581394 0.0197567 0.0465163 0.0416323 0.00477786 0.0117074 0.0232249 0.00126746 0.00486086 0.0527047 0.0348453 0.0289641 0.000788886 0.00913988 -0.00332292 -0.0317044
internal_weight=1.32278e+09 7.32837e+08 5.89942e+08 4.76489e+08 4.04787e+08 2.56348e+08 3.21656e+08 2.67284e+08 1.85154e+08 1.51646e+08 1.54833e+08 1.25688e+08 1.68679e+08 1.52977e+08 1.47583e+08 1.37503e+08 1.04703e+08 1.19701e+08 8.09374e+07 9.04152e+07 1.04034e+08 8.07771e+07 7.40559e+07 9.57105e+07 5.94663e+07 4.70881e+07 9.69074e+07 1.08526e+08 6.01525e+07 4.76119e+07 7.45935e+07 3.01091e+07 4.53545e+07 7.84881e+07 6.55528e+07 4.12129e+07 5.32001e+07 2.74035e+07 6.81049e+07 5.26552e+07 5.60698e+07 2.60771e+07 2.54286e+07 3.96582e+07 2.60325e+07 2.81219e+07 4.47507e+07 3.03965e+07 2.58946e+07 2.23464e+07 5.18725e+07 1.89511e+07 1.4446e+07 6.85268e+07 4.20019e+07 3.84811e+07 1.72153e+07 2.31422e+07 3.29214e+07 1.23067e+07 3.56002e+07 4.97451e+07
internal_count=16801722 6107610 10694112 4781904 6412094 1325706 2869147 3846361 4282018 941866 1912757 2712086 1712668 1156479 1914968 2565733 383840 1931393 1625378 1796410 565857 1114826 797931 1340679 1569932 769323 809836 1197716 514952 376009 230379 153461 160786 1354023 396105 577370 1138932 81058 539676 780521 346643 239433 627405 263492 183909 334305 1086708 263546 132613 126681 574289 190782 119772 799217 464030 169752 112463 172045 383507 130551 447435 912062
cat_boundaries=0 1 2 3 4 5 6 7 8 9 10 11 12 13 14 16 17 19 20 22 24 26 28 30 32 33 35 37 39 41 43 45 47 48 50 51
cat_threshold=19 19 19 19 19 2 18 18 2 2 2 2 2 2 1049639041 21134 8 3937156144 138666 8 3378828299 228992 1295105303 25877 778913145 68275 466876949 4646 4718596 33280 3424391481 91653 2 1075118368 17942 419635428 7298 164705562 170 10050528 8894 3613484589 14953 1044911820 58799 3566297218 159873 467584 550245943 162439 4
is_linear=0
shrinkage=0.05


Tree=9
num_leaves=63
num_cat=37
split_feature=0 0 0 17 17 0 0 0 0 17 17 11 0 0 12 11 11 11 11 17 11 11 17 12 12 11 17 17 11 17 12 0 13 13 0 17 17 13 17 13 13 17 13 13 13 13 14 17 17 13 11 14 13 14 13 13 13 17 13 13 13 13
split_gain=3.52685e+08 7.23403e+07 5.72384e+07 1.54289e+07 1.38468e+07 1.22909e+07 6.62661e+06 6.55157e+06 6.48403e+06 5.88524e+06 4.46319e+06 3.43048e+06 3.39712e+06 3.07119e+06 2.82171e+06 2.70768e+06 2.70221e+06 2.62357e+06 2.06759e+06 1.7312e+06 1.49998e+06 1.48538e+06 1.39319e+06 1.20688e+06 1.17258e+06 1.15994e+06 1.15758e+06 1.14988e+06 1.09994e+06 1.06966e+06 1.05927e+06 1.05594e+06 827419 817298 800608 787463 736788 752708 730571 713461 694687 667858 675522 656421 641065 635210 656937 623208 611679 600313 581538 580848 560518 553744 547640 546485 544175 537954 534372 524367 523984 515130
threshold=12.964532375335695 12.171544075012209 13.779185295104982 0 1 11.564560890197756 12.567548751831056 14.314603328704836 13.302617073059084 2 3 12.567284584045412 12.624205589294435 13.357542037963869 1.0000000180025095e-35 13.302361011505129 11.563642024993898 12.956056118011476 13.777431964874269 4 12.624444484710695 12.170740604400637 5 1.0000000180025095e-35 1.0000000180025095e-35 11.563642024993898 6 7 13.777431964874269 8 1.0000000180025095e-35 11.953825473785402 9 10 11.122486114501955 11 12 13 14 15 16 17 18 19 20 21 22 23 24 25 12.830755710601808 26 27 28 29 30 31 32 33 34 35 36
decision_type=2 2 2 1 1 2 2 2 2 1 1 2 2 2 2 2 2 2 2 1 2 2 1 2 2 2 1 1 2 1 2 2 1 1 2 1 1 1 1 1 1 1 1 1 1 1 1 1 1 1 2 1 1 1 1 1 1 1 1 1 1 1
left_child=1 5 4 6 8 19 14 10 17 25 28 35 21 30 52 32 38 36 44 23 -14 58 39 -1 56 -7 49 33 55 -16 -6 -18 -10 53 -25 45 37 -2 -11 -9 -20 42 -19 51 -12 46 -8 -22 -32 -13 -28 -38 -3 -17 -40 -4 -15 -23 -5 -37 -52 -30
right_child=2 3 7 12 13 9 11 22 15 16 18 26 20 24 29 27 31 41 40 -21 47 57 -24 34 -26 -27 50 -29 61 -31 48 -33 -34 -35 -36 59 43 -39 54 -41 -42 -43 -44 -45 -46 -47 -48 -49 -50 -51 60 -53 -54 -55 -56 -57 -58 -59 -60 -61 -62 -63
leaf_value=-0.045024792693364832 0.043813711576551589 0.0021249797585953726 0.051091956081876055 -0.030960462235596561 0.0055468180918449052 -0.040762119332843287 0.0037889492173095898 0.075515644403752122 0.047119110692026234 -0.012192787458513094 0.065850860536809191 -0.0047953684151774605 -0.0068235693795625166 0.031434724168782839 -0.023061469025373076 0.048636262134694741 -0.042313519064443889 0.02509178687034487 0.049213694088634845 -0.071681915845454858 -0.016804495659888188 -0.0422886440700408 0.051826993439315162 -0.07310453135027771 0.0073551893202677496 -0.05510763480115155 -0.011345055425471907 0.021376812316478009 0.031407289006746143 -0.011568969666715556 -0.0017840084353262964 -0.030602238536753441 0.034536283381782495 0.024585436944545156 -0.05633639919597716 0.013018896782062334 0.039097243415404 0.023523280209807207 -0.03416486354746006 0.062620855723083665 0.038208124053357606 0.0070323151851597893 0.010129842874089174 0.012492913837865233 0.052566375310917228 0.011707874413862632 0.036346815022498834 -0.028604974819609903 -0.012993469295137639 0.0080226720938940833 0.0058061649103394904 0.019114563112831304 -0.0088944248247895107 0.031715993110943044 -0.019549929342378546 0.03198794512097438 0.015239586916565413 -0.032136887590019474 -0.016717114269597037 0.00086375028800593403 -0.009331769667317049 0.017233965058819647
leaf_weight=16272446.849298477 8441133.5166435242 22581284.176696777 6994401.1949234009 11189406.644859314 25882992.574516296 21126623.682071686 1989260.8743553162 19827776.690414429 22202246.483482361 14853844.445388794 18342188.498748779 14904515.322937012 24071616.365615845 8842074.3348388672 54649655.624591827 9144672.2108917236 41911592.228981018 12686186.540168762 30497229.642112732 28322473.800863266 24077083.015235901 24978759.105194092 17531924.530544281 10449981.517644882 38826034.382465363 42313025.017660141 42334657.880031586 58831996.46490097 12027495.081832886 32162561.918830872 26361958.335777283 35592896.491439819 31747190.277542114 16634309.233211517 22329208.299606323 17592770.729972839 6222910.0445556641 9968659.2704772949 11616826.830760956 23373852.555755615 27062951.430488586 54567706.706634521 18611957.206874847 14496643.113998413 17988402.831245422 12445592.67193222 7006475.0761947632 20901546.286857605 22606466.742870331 23593874.450782776 11917909.380710602 8750180.3955116272 23602064.766139984 10261749.45898056 14300249.049674988 8054294.0141525269 12547715.737678528 27326746.562290192 16003149.863723755 17900647.774600983 10985709.62746048 13728272.968765259
leaf_count=365681 47473 267768 33274 197209 280425 442489 20669 41263 112181 220019 55430 183549 317599 62967 908153 46481 891152 103006 147000 815451 370759 520961 77912 299581 410906 1034980 595961 484664 84913 456768 326405 658589 199317 126030 553775 172525 39877 76606 211855 74525 159260 577770 184477 134050 75962 120163 47346 370068 324628 252186 133730 74434 312856 69361 230454 53505 111405 521575 248313 202249 144313 117734
internal_value=4.5655e-05 -0.0241705 0.0277473 -0.0118787 0.0172963 -0.0451501 -0.00523625 0.0500812 0.0235908 -0.0380439 0.0439339 0.00159716 -0.0250102 0.00412791 -0.0134917 0.030771 -0.0314538 0.0156012 0.049934 -0.0618393 -0.0168971 -0.032057 0.0637148 -0.0561562 0.012534 -0.0503303 -0.00381538 0.0256852 0.0301276 -0.0188037 -0.00263453 -0.0369353 0.0397146 0.0327182 -0.0616821 0.011459 0.0249792 0.0328267 -0.0210338 0.0685391 0.0440392 0.0103719 0.0161944 0.0200769 0.0592733 0.0190246 0.0291472 -0.0222882 -0.0069589 0.00306021 -0.0078728 0.0274195 -0.0035065 0.0396892 -0.0261008 0.0408672 0.0219343 -0.0369849 -0.0225781 0.00688861 -0.00145474 0.0238527
internal_weight=1.31437e+09 7.01304e+08 6.13064e+08 4.42215e+08 4.17635e+08 2.59089e+08 2.93667e+08 1.95429e+08 2.82568e+08 1.81715e+08 1.34695e+08 1.60671e+08 1.48548e+08 1.35067e+08 1.32996e+08 1.48822e+08 1.18275e+08 1.33745e+08 9.38908e+07 7.73741e+07 6.90502e+07 7.94981e+07 6.07336e+07 4.90516e+07 6.02158e+07 6.34396e+07 1.03737e+08 9.48727e+07 4.08045e+07 8.68122e+07 7.48514e+07 7.75045e+07 5.39494e+07 3.60407e+07 3.27792e+07 5.69347e+07 4.78795e+07 1.84098e+07 4.07709e+07 4.32016e+07 5.75602e+07 8.58659e+07 3.12981e+07 2.94697e+07 3.63306e+07 2.14413e+07 8.99574e+06 4.49786e+07 4.89684e+07 3.84984e+07 6.52383e+07 1.49731e+07 4.61833e+07 1.94064e+07 2.59171e+07 1.50487e+07 2.13898e+07 5.23055e+07 2.71926e+07 3.54934e+07 2.29036e+07 2.57558e+07
internal_count=16801987 12088746 4713241 6364720 3792463 5724026 3818236 920778 2275727 3689538 727078 1872691 2546484 1516736 1945545 1038034 2212069 1237693 437652 2034488 1058426 1488058 193700 1219037 585278 1477469 1309739 726536 289426 1364921 931458 1549741 311498 241872 853356 562952 372440 124079 662328 115788 306260 865253 287483 248361 131392 188178 68015 740827 651033 435735 874004 114311 580624 115842 442309 86779 174372 1042536 445522 374774 278043 202647
cat_boundaries=0 1 2 3 4 5 6 7 8 9 11 13 14 15 17 18 20 22 23 25 27 29 31 32 33 34 36 37 39 40 42 44 46 47 49 51 53 55
cat_threshold=19 19 12 12 19 19 2 2 17 344981994 123466 3798751848 232044 2 2 743277133 33202 2 647116968 21380 1489077535 243017 2 218776806 214056 3545133824 104905 36297712 1972 1442906596 58398 657450 8 8 2158131459 127337 101040 3306219906 251469 71274 1142840205 171428 2634876429 9324 326279393 38922 4 2401814648 79524 1989377729 24707 2722820803 153009 1511473444 250501
is_linear=0
shrinkage=0.05


Tree=10
num_leaves=63
num_cat=31
split_feature=0 0 0 17 17 0 0 0 0 17 12 0 17 0 11 17 12 12 12 12 12 11 11 17 11 11 17 0 17 11 17 0 11 17 17 17 17 0 17 17 17 11 17 17 11 17 0 0 17 17 17 17 14 0 16 14 14 17 17 14 0 17
split_gain=3.22258e+08 7.27374e+07 4.80475e+07 1.43956e+07 1.26417e+07 1.11729e+07 7.78556e+06 5.74089e+06 5.56846e+06 4.13915e+06 3.7544e+06 3.58992e+06 3.37849e+06 2.89769e+06 2.80433e+06 2.7984e+06 2.69611e+06 2.44084e+06 1.71e+06 1.60029e+06 1.53238e+06 1.4683e+06 1.25962e+06 1.05359e+06 1.0322e+06 1.0279e+06 1.0254e+06 987149 948838 919404 896091 896005 887204 881738 777738 765472 737759 729808 698230 650084 615580 605701 596572 582781 568371 522406 507074 486474 478868 466514 461749 455948 455730 450494 449324 502618 445231 439254 436191 420703 419747 418356
threshold=12.770995616912844 13.629689216613771 11.943833827972414 0 1 14.096644878387453 13.135868549346926 11.406220912933351 12.392510890960695 2 1.0000000180025095e-35 13.135868549346926 3 12.312792778015138 12.385106563568117 4 1.0000000180025095e-35 1.0000000180025095e-35 1.0000000180025095e-35 1.0000000180025095e-35 1.0000000180025095e-35 13.135715961456301 12.763036251068117 5 14.095565319061281 13.629426479339601 6 13.385950088500978 7 11.943240642547609 8 14.622321128845217 14.623640537261965 9 10 11 12 10.848378181457521 13 14 15 11.386874198913576 16 17 10.844077110290529 18 13.839263916015627 13.807003498077394 19 20 21 22 23 13.478944778442385 24 25 26 27 28 29 12.231351852416994 30
decision_type=2 2 2 1 1 2 2 2 2 1 2 2 1 2 2 1 2 2 2 2 2 2 2 1 2 2 1 2 1 2 1 2 2 1 1 1 1 2 1 1 1 2 1 1 2 1 2 2 1 1 1 1 1 2 1 1 1 1 1 1 2 1
left_child=2 3 7 6 8 9 16 23 17 25 40 22 20 29 -10 31 26 36 -15 35 61 38 50 37 -17 -3 -2 58 -16 -6 -18 42 -26 -19 52 47 -4 -1 -13 -22 59 -14 -7 -23 -39 -24 -36 -11 54 -20 -5 -31 -21 -42 55 -27 -49 -29 -12 -8 -35 -9
right_child=1 5 4 11 13 15 10 12 14 19 27 21 41 18 28 24 30 33 49 34 39 43 45 -25 32 48 -28 57 -30 51 -32 -33 -34 60 46 -37 -38 44 -40 -41 53 -43 -44 -45 -46 -47 -48 56 -50 -51 -52 -53 -54 -55 -56 -57 -58 -59 -60 -61 -62 -63
leaf_value=-0.07354576487208965 0.026132872364464613 0.051667505494543436 -0.0018836118285334613 -0.0079632615573531785 -0.030930688370890663 0.045812894783781442 0.030906484660327523 -0.01961618072031766 0.0039574187916595043 0.032667611873980637 0.016890054301577109 0.0058314925222168069 -0.046935957521349263 -0.015601421306621356 -0.0040939197899731395 0.069499003297779083 0.0096656533719145718 -0.018159708854064659 -0.026088993960606589 0.0005990623578648515 -0.035354613253688376 0.005371255991840569 -0.0096593564870543283 -0.073423735041274391 0.053090502677017065 0.093419515291907798 0.011876872018526975 0.026663608325647195 -0.014551612568937508 -0.03950465353790758 -0.00030105800824800811 0.058695159378399912 0.069425874604254256 -0.032680901027521823 0.01989540056725797 0.022760662731207172 -0.015367235221890447 -0.044467124201631243 0.021426680571202759 -0.047205706605902134 0.02649459698696284 -0.059748434247272497 0.029246239441707091 -0.0050953811752301502 -0.06010219369476575 -0.020085592334039361 0.031958466371931817 0.035435716998012783 0.033506225709524814 -0.035220753746096289 0.0054308353404320248 -0.051088285261760263 0.019058397859284176 0.038406594400121424 0.042380756011526223 0.015840606554667073 0.055412521553815125 0.016367799210567881 0.0076516643186007559 0.044890817087093887 -0.023569326140561495 -0.032793336223443763
leaf_weight=6562431.116394043 20668780.09438324 26380064.169197083 16138109.081268311 12071100.478832245 17422205.444858551 12691085.20186615 8236904.0611152649 9398926.3924484253 50546079.783557892 8960673.201915741 41960635.051311493 12948857.233703613 13728470.950746536 29846260.683933258 34467132.398117065 28072701.778282166 35882333.910339355 29840478.184406281 29524773.416751862 5568035.3104705811 17999680.871559143 28641177.001064301 25885739.004573822 19057551.358047485 32831311.702049255 858912.16551971436 32365215.485801697 34819099.502231598 58510475.179344177 17735071.393257141 60706276.449577332 7513899.6857261658 11129749.840431213 30740665.706642151 18245925.818084717 7384028.6042022705 27316408.361099243 8712369.47382164 16102475.846183777 32404190.032154083 28265322.939159393 28114958.297330856 9503726.8050460815 24828209.400314331 17464235.065673828 22419691.979366302 16671336.239299774 4411751.5886116028 20140267.421710968 26575417.080036163 13780105.822078705 16306294.404380798 8369525.0719566345 11036044.532360077 24610300.751373291 275849.09197235107 7584410.8786773682 14747114.729751587 18370732.681247711 15497292.28976059 21466160.162548065 16772479.877876282
leaf_count=195590 156641 112987 203264 156326 330161 63719 53695 157857 562650 55979 373657 135116 318069 453831 438247 69582 362665 477976 531220 59358 372919 316479 362627 577074 132923 520 310989 258658 875295 385834 724468 26622 27815 587636 149772 56018 408482 201544 135462 741230 207538 743933 63308 316175 466102 362519 113185 26087 131056 528148 154913 385853 72668 64150 130212 2133 30939 130429 185973 80538 367738 317253
internal_value=5.1084e-05 0.02211 -0.0278907 0.0106866 -0.0185506 0.0439031 0.0167262 -0.0501928 -0.0122484 0.035203 0.0239518 -0.00174739 -0.0441199 -0.0308892 -0.00552171 0.0566837 0.00837496 -0.0199411 -0.0252706 0.0271523 -0.0378769 0.00542729 -0.0097313 -0.064077 0.0620091 0.0438028 0.0174328 0.0183722 -0.0106749 -0.0402724 0.00340154 0.0437715 0.0572262 -0.0250157 0.0216692 0.0366042 -0.0103597 -0.0586362 0.0144756 -0.0429736 0.0336793 -0.0555448 0.0387192 0.000511132 -0.0548984 -0.0144984 0.0256549 0.0414819 0.0392814 -0.0304148 -0.000823477 -0.0450534 0.0116839 0.0298395 0.0437992 0.0745612 0.0480659 0.0236004 0.014077 0.0400376 -0.0289344 -0.028061
internal_weight=1.30709e+09 7.30437e+08 5.76651e+08 4.79233e+08 4.06436e+08 2.51204e+08 3.22556e+08 1.70215e+08 2.69026e+08 1.49461e+08 1.72933e+08 1.56677e+08 1.18419e+08 1.3741e+08 1.43524e+08 1.01742e+08 1.49623e+08 1.25502e+08 8.59465e+07 7.71957e+07 7.65753e+07 8.25207e+07 7.41566e+07 5.17966e+07 7.20338e+07 7.22654e+07 5.3034e+07 1.09898e+08 9.29776e+07 5.14636e+07 9.65886e+07 2.97087e+07 4.39611e+07 8.20473e+07 4.88548e+07 2.83409e+07 4.34545e+07 3.2739e+07 2.90513e+07 5.04039e+07 6.30356e+07 4.18434e+07 2.21948e+07 5.34694e+07 2.61766e+07 4.83054e+07 3.49173e+07 2.09568e+07 4.58853e+07 5.61002e+07 2.58512e+07 3.40414e+07 1.39376e+07 3.93014e+07 2.57451e+07 1.13476e+06 1.19962e+07 4.95662e+07 6.03314e+07 2.37342e+07 5.22068e+07 2.61714e+07
internal_count=16801807 6173901 10627906 4849018 6536335 1324883 2909401 4091571 3921288 940914 1354638 1939617 2651261 2615047 1876192 383969 1554763 2045096 1513199 564006 1589259 903232 1036385 1440310 230320 376908 467630 948717 1313542 1101848 1087133 153649 160738 1433350 394983 169023 611746 863236 270578 1114149 405921 1062002 127027 632654 667646 725146 262957 113005 263921 1059368 311239 771687 132026 271688 132865 2653 57026 389087 559630 134233 955374 475110
cat_boundaries=0 1 2 3 4 5 6 7 8 9 10 11 12 13 14 15 16 17 18 19 20 21 22 23 24 25 26 27 28 29 30 31
cat_threshold=19 19 18 19 12 19 2 2 2 2 4 9 2 4 2 2 8 8 8 2 8 4 8 184553 64 360452 668338 18 18 791717 2
is_linear=0
shrinkage=0.05


Tree=11
num_leaves=63
num_cat=34
split_feature=0 0 0 0 17 17 0 11 17 11 17 0 0 0 0 17 0 11 0 0 17 11 17 11 17 11 11 17 11 11 11 17 17 17 11 13 17 17 13 13 13 13 11 13 13 13 13 17 13 2 13 13 13 11 0 17 13 16 17 13 0 17
split_gain=2.91776e+08 6.49436e+07 4.59972e+07 1.4387e+07 1.23644e+07 1.09318e+07 6.00963e+06 4.93385e+06 4.7618e+06 4.60271e+06 4.07347e+06 3.33889e+06 3.07099e+06 2.97033e+06 2.49022e+06 2.43305e+06 2.35886e+06 2.15617e+06 1.81625e+06 1.7538e+06 1.75155e+06 1.56512e+06 1.44818e+06 1.29153e+06 1.1568e+06 1.13278e+06 1.08573e+06 948862 903186 856260 843201 824792 815496 811800 807848 805454 797388 787970 760002 744368 736460 729534 727941 666700 664501 659802 650121 642782 631542 623044 613469 608300 599127 560525 555731 544711 517695 516788 514851 624249 503894 480013
threshold=13.00260639190674 12.257157325744631 13.779185295104982 11.780675888061525 0 1 14.314603328704836 12.25605344772339 2 12.994016170501711 3 11.217521190643312 13.447151660919191 12.656338214874269 12.665114879608156 4 13.357542037963869 11.779021739959719 12.73855781555176 13.251674175262453 5 13.777431964874269 6 12.25605344772339 7 13.777431964874269 11.779021739959719 8 11.190684318542482 11.190684318542482 12.665022373199465 9 10 11 12.994016170501711 12 13 14 15 16 17 18 14.313736915588381 19 20 21 22 23 24 26.500000000000004 25 26 27 13.356372356414797 12.448048114776613 28 29 30 31 32 14.096644878387453 33
decision_type=2 2 2 2 1 1 2 2 1 2 1 2 2 2 2 1 2 2 2 2 1 2 1 2 1 2 2 1 2 2 2 1 1 1 2 1 1 1 1 1 1 1 2 1 1 1 1 1 1 2 1 1 1 2 2 1 1 1 1 1 2 1
left_child=1 3 5 11 7 16 10 18 17 19 21 55 49 33 23 28 34 47 54 -7 25 46 -8 48 -16 45 -10 39 -13 -17 43 35 53 -9 51 57 52 -19 -27 -21 -20 -23 -24 -26 -44 -12 60 -5 -6 58 -29 -2 -15 -18 -3 -1 -32 -14 59 -11 -4 -28
right_child=2 4 6 8 14 9 22 13 26 12 20 15 31 36 24 29 32 37 40 27 -22 41 42 -25 30 38 61 50 -30 -31 56 -33 -34 -35 -36 -37 -38 -39 -40 -41 -42 -43 44 -45 -46 -47 -48 -49 -50 -51 -52 -53 -54 -55 -56 -57 -58 -59 -60 -61 -62 -63
leaf_value=-0.061826843096918972 0.012890953666799028 -0.0057992714666072016 0.058022398734772322 -0.0062827553409430517 -0.027819936463986075 0.022086886019773953 0.071904367389832469 -0.0079450975010056778 -0.032237824227805849 0.028251353221535783 0.05512257876940127 -0.028299366483938063 0.082938804547418504 0.011392354374765467 -0.02112050174805765 -0.045919262164448346 0.025721126074298911 -0.022324780902851185 0.022936385082604368 0.055972455827879956 0.018383281540446838 0.049224698326837985 0.063228681267088707 -0.032180957980589391 0.016168101031554527 0.038339350655433507 -0.041285176107798249 0.03926605424099034 -0.044119737733525649 -0.059765064212136856 -0.0014778506187387061 0.021631567181533168 0.0052841395066653158 -0.017661802633390119 -0.0060689250902242753 0.024452174476960905 -0.0049458273907965929 -0.033124890878553206 0.022593848442166598 0.03740520812419295 0.0088898030973325048 0.035568795470909291 0.059066351110056925 -0.007066554644209991 0.042640856373833871 0.036184191128922794 0.049255494903743216 -0.019584863776230914 -0.011763026579214728 0.015519465586441317 0.0260687100602017 -0.0033839405608836015 -0.0018884583834105481 0.012037937343106209 0.0042088858039066 -0.075588404371537452 -0.01807357117485742 0.040115271128942587 0.0038267837596199124 0.0079743858835425556 0.076414480572804033 -0.052432686958524558
leaf_weight=19265726.270475388 12618730.828884125 21427827.00812149 9114292.5106582642 14439363.382598877 10271841.855304718 34837129.281318665 17372838.528507233 34098444.312999725 19813761.687963486 5704955.7446594238 10074880.67389679 13761675.113883972 752819.93175506592 16904072.726177216 31558052.800254822 16681834.698965073 11682739.914031982 26465073.582038879 15576282.284183502 8381107.387172699 17714344.366817474 22170671.995536804 15433141.436134338 48041777.994464874 5157727.3597297668 16060945.780525208 20141082.11378479 14374145.290962219 26192071.345468521 33772763.019460678 6423225.3971443176 37427815.74055481 27738006.424194336 58159568.969455719 43631684.232303619 12033169.615997314 57359988.441612244 46673424.915899277 14658395.739994049 15166617.28302002 23275067.427986145 17500437.290428162 10524972.237483978 7691708.5204200745 14839255.455226898 8462068.3831596375 10182064.082344055 24475437.235553741 15164298.590492249 62079899.067565918 22730768.282867432 10534637.401699066 17064632.810066223 20827327.832881927 39329121.575153351 11473953.394676208 17507698.334552765 10981301.548942566 29227583.393802643 11341791.130859375 6297001.6462211609 18553043.278772354
leaf_count=546669 123886 281263 32710 197728 178798 276234 38982 463973 394293 43105 39783 261184 1201 170888 515217 393177 87251 463007 128400 33170 144859 101473 46840 947576 52544 94664 462248 81527 610209 920525 86387 296699 293475 925436 576731 86740 741333 923731 109121 85980 228841 102362 36167 101034 71795 47608 43452 395043 226606 570745 158249 124721 200705 205101 432594 365920 273993 61424 311089 110634 11682 462282
internal_value=-2.46425e-05 -0.0213856 0.0262594 -0.0395529 -0.00891646 0.0164678 0.0464217 -0.00288147 -0.0301945 0.0222479 0.0405301 -0.0527282 0.0173031 -0.00774272 -0.0209678 -0.0478881 0.00440833 -0.0241577 0.00607822 0.0310279 0.031867 0.0494197 0.0598147 -0.0273575 -0.0140976 0.0367162 -0.0417562 0.0361633 -0.0386706 -0.0551872 -0.00807177 0.0262573 0.0115818 -0.0140705 -0.00206301 0.0335417 -0.00135052 -0.0292169 0.0308261 0.0440137 0.0145214 0.0432006 0.0546665 0.00225978 0.0494567 0.0464773 0.0590598 -0.0146491 -0.0182473 0.0122461 0.0311813 0.00548598 0.00472056 0.0169551 0.000679198 -0.0669636 -0.0136192 0.0428627 0.00785456 0.0147604 0.0655373 -0.0466302
internal_weight=1.2992e+09 7.16721e+08 5.82478e+08 2.91709e+08 4.25011e+08 3.92072e+08 1.90405e+08 2.83195e+08 1.70561e+08 2.65039e+08 1.32235e+08 1.21148e+08 1.69549e+08 1.83587e+08 1.41816e+08 9.04083e+07 1.27033e+08 1.12053e+08 9.96083e+07 9.54898e+07 6.69706e+07 6.52645e+07 5.81702e+07 7.34779e+07 6.83384e+07 4.92563e+07 5.85079e+07 6.06526e+07 3.99537e+07 5.04546e+07 3.67804e+07 6.11951e+07 6.02481e+07 9.2258e+07 6.67851e+07 2.37673e+07 9.13287e+07 7.31385e+07 3.07193e+07 2.35477e+07 3.88513e+07 3.96711e+07 4.07974e+07 1.28494e+07 2.53642e+07 1.85369e+07 2.55934e+07 3.89148e+07 2.54361e+07 1.08354e+08 3.71049e+07 2.31534e+07 3.39687e+07 3.25101e+07 6.07569e+07 3.07397e+07 2.39309e+07 1.17341e+07 4.62743e+07 1.70467e+07 1.54113e+07 3.86941e+07
internal_count=16801064 12351604 4449460 6396016 5955588 3527962 921498 3573433 3298332 2116797 727714 3097684 1481637 2502335 2382155 2185095 1411165 1979509 1071098 635160 436035 291679 193784 1352980 1029175 291176 1318823 358926 871393 1313702 513958 446064 585827 1389409 825338 149365 1112926 1386738 203785 119150 357241 203835 154802 153578 107962 87391 87844 592771 405404 1035573 239776 248607 371593 292352 713857 912589 360380 62625 464828 153739 44392 924530
cat_boundaries=0 1 2 3 4 5 6 7 8 9 10 11 12 14 15 16 18 20 22 24 26 28 30 32 33 35 37 39 41 42 44 45 46 48 49
cat_threshold=19 12 19 18 18 9 2 4 2 2 8 2 3794553449 232032 2 2 1514520633 182989 281051660 106586 906581664 16565 1355554079 243041 692456506 689 647403544 86532 2604554437 132396 1210685298 141239 2 2267564272 112293 370410442 85508 518848997 85922 890619640 134678 19 90259485 144 64 2 3178726 155816 8
is_linear=0
shrinkage=0.05


Tree=12
num_leaves=63
num_cat=35
split_feature=0 0 0 17 17 0 0 0 0 0 17 17 12 11 0 11 12 17 11 11 11 17 12 0 17 11 13 17 17 17 17 13 17 13 0 17 17 0 13 0 13 17 13 11 17 2 13 14 13 0 13 17 13 0 13 2 13 14 13 14 17 13
split_gain=2.63793e+08 5.72036e+07 4.47994e+07 1.27761e+07 1.07387e+07 7.34066e+06 7.19556e+06 5.85504e+06 5.07879e+06 3.84507e+06 3.51492e+06 2.99827e+06 2.84174e+06 2.48408e+06 2.35391e+06 2.26628e+06 2.25872e+06 1.90109e+06 1.77509e+06 1.677e+06 1.66607e+06 1.54679e+06 1.20059e+06 1.03495e+06 961850 925604 909741 877902 821310 815321 812600 800995 731179 717779 705669 699907 690945 676027 664742 663438 756705 662502 651162 642723 617706 598928 887912 854368 669157 595132 589860 581962 581825 578560 551320 539687 527738 534039 525201 516778 513621 569992
threshold=12.964532375335695 12.029485225677492 13.779185295104982 0 1 11.533604145050051 12.567548751831056 14.224736690521242 13.385950088500978 12.448048114776613 2 3 1.0000000180025095e-35 12.956056118011476 13.357542037963869 12.567284584045412 1.0000000180025095e-35 4 13.385364532470705 11.533303260803224 12.440172195434572 5 1.0000000180025095e-35 11.088717460632326 6 13.356372356414797 7 8 9 10 11 12 13 14 14.622321128845217 15 16 12.32903575897217 17 13.993391513824465 18 19 20 11.088853359222414 21 29.500000000000004 22 23 24 12.746521949768068 25 26 27 12.272974491119387 28 25.500000000000004 29 30 31 32 33 34
decision_type=2 2 2 1 1 2 2 2 2 2 1 1 2 2 2 2 2 1 2 2 2 1 2 2 1 2 1 1 1 1 1 1 1 1 2 1 1 2 1 2 1 1 1 2 1 2 1 1 1 2 1 1 1 2 1 2 1 1 1 1 1 1
left_child=1 5 4 9 8 21 12 11 13 22 19 -4 32 28 29 44 33 26 31 -7 60 23 -3 -1 53 -16 59 -17 38 -6 42 -10 50 -13 -19 -12 55 -34 -2 -32 -41 -24 -18 -25 56 48 47 -47 -20 -22 -5 -21 -38 -14 -39 -15 57 -8 -30 -9 61 -11
right_child=2 3 7 6 14 10 15 17 18 20 35 16 24 36 25 27 30 34 45 51 49 -23 41 43 -26 -27 -28 -29 58 -31 39 -33 37 -35 -36 -37 52 54 -40 40 -42 -43 -44 -45 -46 46 -48 -49 -50 -51 -52 -53 -54 -55 -56 -57 -58 -59 -60 -61 -62 -63
leaf_value=-0.063289236487687889 0.020444377614360021 -0.023478293573508686 0.017439261769778943 0.011816885781019578 0.0023629274250149086 -0.021107621618165387 0.035236805476616929 0.054069066053248731 0.044267687965571602 0.008034253994611204 -0.042240701310965231 0.04172442894871789 -0.027413925205195061 0.0018560701255550549 0.019208398485533483 0.0028715347736711218 0.052726991323000308 0.036227929033755546 0.026321902577972817 -0.029074118389452661 -0.026160409330388532 -0.067263370148818266 -0.031919262845889661 -0.036339124867876431 -0.012121376343975481 0.0062235158626690107 0.052969594024883861 -0.0066447072714584101 0.026577012552688063 -0.0081153411742799168 0.025385735517457455 0.030440895471036147 -0.01579907297615183 0.055809641426921797 0.055426042136744597 -0.05482182367534158 0.0087977444927447492 -0.014728289924975713 0.037933705694961316 0.023441387409026085 0.0445952210279906 -0.04449240348791722 0.034202341488162785 -0.051699160834973695 0.0053068090489790188 0.050688461657872587 0.022653629396908927 0.025873615639252369 0.012502499457431416 -0.01661465527885099 -0.0047511265137261671 -0.039873924249191006 0.021183124298572463 -0.018102511182679543 0.0034985811537057844 0.01100235119386494 0.0085667772488244847 0.012154581144791255 0.013996125695531625 0.070036958941129476 -0.014973188491350015 -0.0097833176999943608
leaf_weight=13123985.078529358 9247575.5054168701 22103253.260253906 15986452.93434906 9702808.8987388611 40167954.018844604 28979695.054319382 5337360.3349609375 6474253.9481697083 19362304.527362823 7289530.0254631042 23139995.494455338 14785840.244728088 27698363.497783661 27212080.673511505 21238682.26625061 38605253.417331696 9505048.3563117981 13494084.355648041 16993127.84526825 19436789.360137939 37190302.072631836 24500896.365880966 22125542.608720779 10308632.485319138 40577471.278858185 38790150.933280945 20953638.870922089 65111388.144832611 12966798.424636841 34518482.61743927 23428522.794464111 22818898.086196899 18167616.940677643 23296917.411231995 7417761.5552902222 21167226.334291458 17034792.649738312 6096036.120010376 13171947.148696899 6197965.7250709534 13298376.983257294 19901184.865461349 9470758.5438194275 20069920.896133423 35362241.168197632 6983227.6535110474 25577319.012477875 6892182.3935432434 18079490.904724121 29107223.872489929 12036220.74987793 34822441.192495346 21387679.445030212 41945657.965885162 12987904.524562836 39597893.258388519 11036136.555633545 4723604.0028762817 23027348.062358856 23318094.21761322 16636349.465141296 11681763.955383301
leaf_count=390604 70217 394321 131944 101768 466771 497650 35470 23302 96224 84595 555195 72986 518230 298622 174358 436335 38772 76707 123328 388070 692036 762790 460458 225715 603178 411260 77599 872661 95813 465645 168669 143128 276382 86325 26823 554729 166038 85215 77304 42992 66118 461781 54526 525721 375230 33619 195200 49942 156104 462252 152823 775033 177754 683761 151820 391254 108495 43877 200968 54762 247124 163285
internal_value=3.74134e-05 -0.0210493 0.0242127 -0.0120109 0.0150474 -0.043948 -0.00631019 0.044488 0.0206224 -0.0233202 -0.0368744 0.0375451 -0.0135002 0.0149392 0.00344547 0.00128546 0.0407598 0.0557244 0.0285914 -0.0308186 -0.0172841 -0.0572151 -0.0329118 -0.0515559 -0.0182405 0.0108177 0.0609524 -0.00310259 0.0232075 -0.00247991 0.0348652 0.0367878 -0.0046432 0.050341 0.0430378 -0.0482512 0.0103495 -0.00889564 0.0307197 0.0310562 0.0378704 -0.0378731 0.0434814 -0.0464869 0.00934638 0.0239522 0.0281784 0.0383625 0.0191982 -0.0219694 0.0026437 -0.0360052 0.015692 -0.0218058 -0.00232368 0.00727702 0.0161174 0.0243998 0.0185284 0.066567 -0.00856052 -0.00293709
internal_weight=1.29367e+09 6.90973e+08 6.02696e+08 4.95423e+08 4.15068e+08 1.9555e+08 3.29388e+08 1.87628e+08 2.80353e+08 1.66035e+08 1.27546e+08 1.1597e+08 1.69212e+08 1.63646e+08 1.34715e+08 1.60176e+08 9.99834e+07 7.16578e+07 1.16707e+08 8.32389e+07 1.01905e+08 6.80034e+07 6.413e+07 4.35025e+07 1.10221e+08 6.00288e+07 5.0746e+07 1.03717e+08 5.84137e+07 7.46864e+07 6.19007e+07 4.21812e+07 5.89906e+07 3.80828e+07 2.09118e+07 4.43072e+07 1.05232e+08 3.72516e+07 2.24195e+07 4.29249e+07 1.94963e+07 4.20267e+07 1.89758e+07 3.03786e+07 5.64593e+07 7.45253e+07 3.94527e+07 1.38754e+07 3.50726e+07 6.62975e+07 2.1739e+07 5.42592e+07 3.84225e+07 6.9644e+07 1.90839e+07 6.681e+07 2.10971e+07 1.0061e+07 3.59941e+07 2.97923e+07 3.56076e+07 1.89713e+07
internal_count=16801678 12086604 4715074 7411097 3793549 4675507 4445245 921525 2275515 2965852 2770677 662332 2573177 1477970 1518034 1872068 530388 259193 797545 1660753 1649292 1904830 1316560 1142040 1805169 585618 155663 1308996 444302 932416 371077 239352 768008 159311 103530 1109924 1033668 513417 147521 277779 109110 922239 93298 751436 563072 558193 278761 83561 279432 1154288 254591 1163103 343792 1201991 237035 689876 187842 79347 296781 78064 495004 247880
cat_boundaries=0 1 2 3 4 5 6 7 9 10 11 12 13 15 16 18 19 20 22 24 25 27 28 30 31 33 35 36 38 40 42 43 45 46 47 49
cat_threshold=12 19 19 4 19 19 17 3002219194 21381 2 2 8 2 344981866 125519 2 2010259486 121025 8 17 3255858482 229133 2686327492 7090 8 1791493335 165217 2 2722497632 199204 210468 2494331403 6347 1310460688 116301 2 4196776712 11218 176953941 10578 1447101876 58399 357893 3525079168 37001 360588 8 809936938 2481
is_linear=0
shrinkage=0.05


Tree=13
num_leaves=63
num_cat=36
split_feature=0 0 0 17 17 0 0 0 0 17 0 17 12 0 12 12 12 0 12 12 17 12 17 12 17 17 12 17 12 17 13 13 0 17 17 13 13 13 12 17 17 17 13 14 13 13 0 13 12 13 0 13 13 17 3 17 17 13 13 13 13 13
split_gain=2.39985e+08 5.26176e+07 4.34403e+07 1.19302e+07 9.32712e+06 6.96139e+06 6.82911e+06 5.70713e+06 4.68096e+06 3.87699e+06 3.45619e+06 3.25075e+06 2.834e+06 2.21444e+06 2.00163e+06 1.92481e+06 1.65052e+06 1.51049e+06 1.46549e+06 1.45316e+06 1.42977e+06 1.42604e+06 1.35133e+06 1.23678e+06 1.0912e+06 999991 972944 846360 823717 823519 782346 768279 754322 752525 684610 680391 650155 639750 624275 618604 610824 587083 705446 581446 911624 580046 563141 649884 555935 567528 543131 540666 539169 538840 526573 517225 516009 494566 489212 479665 473561 467475
threshold=12.955071449279787 12.029485225677492 13.779185295104982 0 1 11.533604145050051 12.440037727355959 14.314603328704836 13.302617073059084 2 12.57583522796631 3 1.0000000180025095e-35 13.357542037963869 1.0000000180025095e-35 1.0000000180025095e-35 1.0000000180025095e-35 11.051819801330568 1.0000000180025095e-35 1.0000000180025095e-35 4 1.0000000180025095e-35 5 1.0000000180025095e-35 6 7 1.0000000180025095e-35 8 1.0000000180025095e-35 9 10 11 12.73855781555176 12 13 14 15 16 1.0000000180025095e-35 17 18 19 20 21 22 23 14.096644878387453 24 1.0000000180025095e-35 25 13.478944778442385 26 27 28 60.45000076293946 29 30 31 32 33 34 35
decision_type=2 2 2 1 1 2 2 2 2 1 2 1 2 2 2 2 2 2 2 2 1 2 1 2 1 1 2 1 2 1 1 1 2 1 1 1 1 1 2 1 1 1 1 1 1 1 2 1 2 1 2 1 1 1 2 1 1 1 1 1 1 1
left_child=1 5 4 10 8 17 16 9 14 18 21 19 33 28 41 35 34 -1 46 51 26 -3 30 60 38 32 58 48 -6 37 -9 -20 -14 43 52 -10 -28 -17 -19 -23 -13 42 -2 44 -8 -43 59 -48 49 -15 -39 54 -5 -18 -7 -21 -25 -16 -11 -4 -12 -30
right_child=2 3 7 6 13 11 12 22 15 20 23 40 25 27 57 29 53 24 31 55 -22 39 -24 56 -26 -27 36 -29 61 -31 -32 -33 -34 -35 -36 -37 -38 50 -40 -41 -42 45 -44 -45 -46 -47 47 -49 -50 -51 -52 -53 -54 -55 -56 -57 -58 -59 -60 -61 -62 -63
leaf_value=-0.067644940698685388 0.015414427151085961 -0.020611681747833129 0.058735298852225337 0.012443243234695619 0.0047833758169653021 0.058358046387208908 0.036005975363363057 0.067848670476762823 0.041005098777788178 0.050737514660696661 0.0011996523795643355 -0.040865878010265769 -0.012386802373271548 0.0090187873107752444 0.012626392492601099 0.018469657918506435 -0.01421502222176859 -0.035420124274014649 0.031773852937266103 -0.027949889409291984 0.016574070661966925 -0.029088344494727733 0.044389344150760124 -0.02498155756673745 -0.060943713356571005 0.00086540615446065769 0.037616694265736085 0.0040352306420296464 -0.0008817596406296964 0.01390174012373907 0.053778791447278311 0.045982546101189639 -0.0027706019251058423 0.003604456036500107 -0.012328697491161224 0.028995132910824641 0.02231012189965384 0.021169526969402438 -0.050323372171595951 -0.039511558291380255 -0.052695492542420667 0.024092533142937061 0.035361255932023758 0.0069188759622285717 0.0096211911111124399 0.010148780418768859 0.074632302162245021 0.045834487494983853 0.011023136614634986 0.032350465842283911 0.033390862683288579 -0.025164816135493345 -0.0065109419956766862 -0.022743089653206268 -0.012492023436714537 -0.038166675530592484 -0.014721523979440071 0.004986029450719064 0.034286241000864637 0.041319663778056293 -0.012195722185731617 -0.010571518912190908
leaf_weight=18372066.357112885 7227679.5189819336 30310389.068374634 7741954.4249763489 6126092.9953842163 26547405.567546844 270483.06361198425 6018436.0338478088 21291498.562049866 18009639.02734375 8900910.4346046448 12097569.338825226 22878862.371904373 46286196.348632812 3896073.8623313904 35475521.91292572 28020748.304599762 29212692.02091217 10647847.443506241 16439700.789081573 19315102.66677475 17631294.240524292 30022138.964897156 16758668.047019958 22866558.992477417 17157157.315544128 48959015.202152252 10742315.978439331 27542693.921020508 23067900.710502625 27600717.9635849 18435453.788597107 22582912.290882111 36455410.454227448 45249328.329380035 26330358.379398346 34163561.049819946 19587160.222103119 15274949.538223267 20662126.597755432 27070222.834863663 20864233.829221725 13468584.830654144 11462146.342254639 13589004.450450897 7178701.4235687256 16713860.211456299 6167916.2544784546 2871224.1656951904 20748621.82277298 7873716.1047782898 22455088.331092834 19931378.340242386 9681111.1293487549 50616116.93359375 8617246.9648094177 34541435.999938965 26406486.744735718 52563135.333339691 9179715.45703125 8080565.7060089111 14513352.53168869 27035166.124229431
leaf_count=588172 58421 523648 25851 64423 288487 1606 40107 51110 93564 36604 150572 555275 691502 35076 340055 223369 453364 237010 98191 387870 144640 611048 78072 416899 528388 576611 61635 292959 293228 242037 64536 105229 461777 494549 386131 217382 142185 120164 551886 611223 554262 103089 69725 137079 70184 153262 11564 11636 204799 52135 140242 358492 127276 903888 137900 774697 418420 553850 50921 38820 207291 376613
internal_value=3.67825e-05 -0.0202982 0.022947 -0.0115688 0.0140162 -0.0423857 -0.00603905 0.043028 0.0192055 0.0372595 -0.0225989 -0.0354855 -0.000437253 0.00329567 0.0125692 0.025449 -0.0153965 -0.0554366 0.0460413 -0.0296535 0.0287646 -0.029377 0.0562965 -0.014792 -0.0508088 -0.00479855 0.0332045 0.0104845 -0.00233732 0.0211501 0.0613195 0.0399966 -0.00814997 0.00753639 -0.00739065 0.0331409 0.0277315 0.0241927 -0.0452551 -0.0340305 -0.0465083 0.0206834 0.0276475 0.0141785 0.0216538 0.016371 0.0555289 0.065485 0.015947 0.0246272 0.0284431 -0.0205916 0.000834769 -0.0196223 -0.0103358 -0.0345025 -0.019483 0.00806475 0.0423851 0.0498412 -0.00610607 -0.00611027
internal_weight=1.28781e+09 6.82247e+08 6.05559e+08 4.88989e+08 4.19147e+08 1.93258e+08 3.25702e+08 1.86411e+08 2.82436e+08 1.29926e+08 1.63287e+08 1.26419e+08 2.03736e+08 1.36712e+08 1.36911e+08 1.45525e+08 1.21966e+08 6.68392e+07 6.38843e+07 8.26756e+07 6.60414e+07 8.74028e+07 5.64856e+07 7.5884e+07 4.84671e+07 1.31701e+08 4.84101e+07 6.00611e+07 7.66505e+07 9.33515e+07 3.9727e+07 3.90226e+07 8.27416e+07 7.20355e+07 4.21376e+07 5.21732e+07 3.03295e+07 6.57508e+07 3.131e+07 5.70924e+07 4.37431e+07 4.88723e+07 1.86898e+07 2.67861e+07 1.31971e+07 3.01824e+07 2.48617e+07 9.03914e+06 3.25184e+07 1.17698e+07 3.773e+07 2.88191e+07 1.58072e+07 7.98288e+07 8.88773e+06 5.38565e+07 4.9273e+07 8.80387e+07 1.80806e+07 1.58225e+07 2.66109e+07 5.01031e+07
internal_count=16801001 12021550 4779451 7345992 3858457 4675558 4406891 920994 2315160 727276 2939101 2770102 2471809 1543297 1278402 1036758 1935082 1905456 291291 1660565 435985 1745919 193718 1193182 1317284 1729890 291345 584969 958328 725812 115646 203420 1153279 741919 577830 310946 203820 483775 788896 1222271 1109537 384497 128146 247370 110291 256351 87871 23200 292010 87211 260406 497998 191699 1357252 139506 1162567 835319 893905 87525 64671 357863 669841
cat_boundaries=0 1 2 3 4 5 6 7 8 9 10 12 14 15 16 18 20 22 23 24 25 27 28 30 32 34 36 38 40 41 42 43 45 47 49 51 53
cat_threshold=12 19 18 19 9 19 19 17 8 18 2800892073 21380 255025888 19198 2 2 344981962 90696 440516648 148041 1028762903 17685 8 8 2 3264376112 94028 96005 1946224556 50708 3533599504 33097 1210692599 132879 1754041619 82772 415310944 18544 3457687808 84495 2 2 4 218193604 214184 2586474629 140588 541007392 25524 609405339 2483 2726454679 158089
is_linear=0
shrinkage=0.05


Tree=14
num_leaves=63
num_cat=30
split_feature=0 0 0 17 17 0 0 0 0 17 17 0 17 11 0 11 12 12 0 11 11 11 11 11 12 0 17 17 17 11 17 17 11 11 0 17 11 17 0 11 17 17 17 17 17 17 11 17 14 14 2 14 15 16 14 17 0 14 3 14 14 14
split_gain=2.18976e+08 4.90355e+07 3.82113e+07 9.56043e+06 9.36781e+06 8.98728e+06 4.89965e+06 4.75763e+06 4.66746e+06 3.15445e+06 2.93284e+06 2.58708e+06 2.51975e+06 2.51639e+06 2.14881e+06 2.11529e+06 1.8604e+06 1.46864e+06 1.40775e+06 1.29518e+06 1.18751e+06 1.10571e+06 1.10223e+06 1.01003e+06 951897 895663 856512 854127 805049 731693 721733 698342 694322 650263 642718 642586 627004 618376 583900 546022 525651 497721 478202 454776 451870 433051 431292 419083 412641 403583 402797 397041 552292 389920 524382 386670 381355 398883 373297 368809 351352 346745
threshold=12.804709911346437 13.629689216613771 11.933642864227297 0 1 14.096644878387453 11.341996669769289 13.147021293640138 12.392510890960695 2 3 12.384555816650392 4 13.14690685272217 13.180584430694582 12.385106563568117 1.0000000180025095e-35 1.0000000180025095e-35 14.622321128845217 11.322643756866457 13.629426479339601 11.933449268341066 14.095565319061281 12.385106563568117 1.0000000180025095e-35 10.777470111846926 5 6 7 13.629426479339601 8 9 10.777098655700685 11.322643756866457 13.372135162353517 10 13.180570125579836 11 11.72002696990967 14.623640537261965 12 13 14 15 16 17 14.095565319061281 18 19 20 28.500000000000004 21 22 23 24 25 13.463879108428957 26 61.049999237060554 27 28 29
decision_type=2 2 2 1 1 2 2 2 2 1 1 2 1 2 2 2 2 2 2 2 2 2 2 2 2 2 1 1 1 2 1 1 2 2 2 1 2 1 2 2 1 1 1 1 1 1 2 1 1 1 2 1 1 1 1 1 2 1 2 1 1 1
left_child=2 3 6 7 11 9 25 17 16 20 19 21 22 40 24 41 42 35 26 -8 49 -4 59 44 -5 -1 46 -16 51 -11 -17 -19 -27 -12 -15 -2 -29 50 -21 -24 60 48 -6 -23 -13 -26 -14 -34 -10 58 -18 -22 -53 54 -30 -51 57 -42 -3 -7 -9 -58
right_child=1 5 4 14 8 12 10 13 15 29 33 23 18 34 27 30 37 31 -20 38 28 43 39 -25 45 32 -28 36 53 -31 -32 -33 47 -35 -36 -37 -38 -39 -40 -41 56 -43 -44 -45 -46 -47 -48 -49 -50 55 -52 52 -54 -55 -56 -57 61 -59 -60 -61 -62 -63
leaf_value=-0.073838058113504967 0.021806144937648805 0.084557672996669581 -0.023556720654508912 0.00070734811067147514 -0.0015055826529892635 0.072008712042505363 -0.023625439800570004 0.039978947821698453 0.017000432467265153 0.02704744918794133 -0.040102591311874262 -0.0055166278728215855 0.048985270157101059 0.011679875037914839 -0.00079202062947726897 -0.0024803601833247417 -0.029013947024499054 0.0095487668019223152 0.055893885613892427 -0.042448352199139755 0.01839034449991871 -0.03249056727606682 0.047048034906722852 -0.023256005127255112 -0.0067247421064942879 -0.044471695716820747 0.022952112562741281 0.018392415958737984 0.090997010808022166 0.013988480846949747 -0.011188160001067897 0.00047914215180354467 -0.054655621742533793 -0.053449188092475931 0.019449074651938819 0.010053476081486625 0.0053186896970151719 -0.015293235779919936 -0.031694081949620777 0.063096899920564303 0.032640208058273633 0.00059345447503328808 -0.012278466246191971 -0.042996865466141121 -0.018264202703675528 -0.01614819517336058 0.035737614710865478 -0.068928263561664066 0.0027028849354958188 0.046274619320668828 -0.020209002965403046 0.0212320668543865 0.035856088812721433 0.036089306197314257 0.0087758190176688202 0.034031991296475488 0.042319438110156433 0.017843868008853576 0.047907932756238482 0.057887940462012656 0.027437906296576105 0.024962825064117962
leaf_weight=7583958.9191703796 18914699.164012909 761872.37886810303 21762784.295042038 26333928.896278381 16384571.423377991 11756224.997161865 26866553.958314896 12383913.567405701 10965990.056343079 16756232.152908325 13663903.322027206 14905420.759916306 9736387.4392356873 54174827.105232239 33926680.976314545 37929766.569049835 24217873.926481247 33771397.872322083 11902734.733192444 25924967.078765869 12285942.135204315 21675692.339193344 21507113.347553253 51847744.75494194 26393788.585567474 10926133.457927704 9261299.668094635 14285446.929855347 705164.50003051758 29806891.436359406 63858020.275215149 57125349.664588928 14077940.807312012 27480334.546398163 52336930.182888031 30200838.890666962 25615167.716739655 30093574.732154846 24596653.285238266 7032889.3832855225 5914951.9842453003 35224442.766368866 27744622.113601685 19626974.595035553 13028069.510738373 22657154.489059448 16650140.246650696 8104627.6241321564 9348744.5386352539 10479799.987724304 28013704.027017593 11715514.670318604 14381881.090900421 23872638.566551208 267488.48263168335 16772107.968418121 4873383.0114364624 19809810.357509613 7890780.9246406555 7623235.8650588989 10172946.089771271 7026610.0387115479
leaf_count=261623 144534 955 407496 311126 207405 23582 499373 65057 99904 112447 334721 208756 38725 504412 399044 475911 470622 334343 39628 640933 92747 477605 88826 967226 362888 294404 63301 119785 526 263081 947999 670087 410182 782150 415332 287314 278867 487277 527817 18738 37762 407189 416438 479100 207940 362160 88063 274449 101857 45454 503962 85316 85295 130130 2104 90111 24850 154521 33354 23017 65020 46585
internal_value=6.54154e-05 0.0190027 -0.0224673 0.00935778 -0.0146663 0.0372361 -0.0433694 0.014408 -0.00940963 0.0294228 -0.0382303 -0.0251092 0.0491599 0.0201152 -0.00102287 -0.00366075 -0.0165621 0.0076131 0.0410054 -0.0324956 0.0344649 -0.0326774 0.0572516 -0.0191266 -0.00696077 -0.0583389 0.0360342 0.00504031 0.0303412 0.0186879 -0.00794332 0.00384883 -0.0547887 -0.0490168 0.0154974 0.0145795 0.00999942 -0.0210022 -0.0372126 0.0510028 0.0282879 0.00418802 -0.00827864 -0.0374832 -0.0114621 -0.0110775 0.0406259 -0.0598703 0.0104208 0.041727 -0.0242915 0.025802 0.0292912 0.0373537 0.0683858 0.0387399 0.0246697 0.021246 0.0511349 0.0664541 0.0343231 0.0320709
internal_weight=1.28294e+09 6.97084e+08 5.85853e+08 4.55918e+08 4.26628e+08 2.41166e+08 1.59225e+08 3.06706e+08 2.83781e+08 1.45696e+08 1.18532e+08 1.42847e+08 9.547e+07 1.66693e+08 1.49212e+08 1.57327e+08 1.26454e+08 1.40012e+08 4.75506e+07 7.73882e+07 9.91332e+07 6.30655e+07 4.79195e+07 7.97812e+07 7.53849e+07 4.06927e+07 3.56478e+07 7.38273e+07 6.32286e+07 4.65631e+07 1.01788e+08 9.08967e+07 3.31087e+07 4.11442e+07 1.06512e+08 4.91155e+07 3.99006e+07 8.23252e+07 5.05216e+07 2.854e+07 6.01816e+07 5.55392e+07 4.41292e+07 4.13027e+07 2.79335e+07 4.90509e+07 2.63865e+07 2.21826e+07 2.03147e+07 3.59046e+07 5.22316e+07 3.83833e+07 2.60974e+07 2.48453e+07 972653 2.72519e+07 3.76248e+07 2.57248e+07 8.65265e+06 1.93795e+07 2.25569e+07 1.19e+07
internal_count=16801426 5909087 10892339 4583687 6866687 1325400 4025652 2749817 4118564 941520 2784994 2748123 383880 1313539 1833870 2032860 2085704 1436278 229717 1668123 565992 1364201 154163 1383922 1036174 1240658 190089 797696 396118 375528 1423910 1004430 979035 1116871 919744 431848 398652 1461861 1168750 107564 393795 608950 623843 956705 416696 725048 126788 684631 201761 169874 974584 263358 170611 132760 2630 135565 263718 192283 34309 46599 130077 71435
cat_boundaries=0 1 2 3 4 5 6 7 8 9 10 11 12 13 14 15 16 17 18 19 20 21 22 23 24 25 26 27 28 29 30
cat_threshold=19 12 19 19 18 9 4 17 2 2 2 17 2 2 2 8 8 8 19 358149 524612 574912 3715 64 360452 2 35456 222005 158554 791652
is_linear=0
shrinkage=0.05


Tree=15
num_leaves=63
num_cat=37
split_feature=0 0 0 17 0 17 0 0 0 0 17 17 17 0 11 17 11 17 0 11 11 11 11 12 17 12 12 11 11 12 17 0 13 11 13 13 13 13 13 17 13 13 17 14 13 13 14 13 13 13 14 13 17 13 13 14 16 13 0 13 13 13
split_gain=1.95856e+08 4.89885e+07 3.20412e+07 9.6025e+06 8.30421e+06 8.00692e+06 4.78177e+06 3.92822e+06 3.8537e+06 3.32235e+06 2.85111e+06 2.6969e+06 2.48515e+06 1.87156e+06 1.86918e+06 1.74934e+06 1.4381e+06 1.4133e+06 1.34195e+06 1.32615e+06 1.31164e+06 1.30702e+06 1.11913e+06 1.08321e+06 1.07912e+06 1.01474e+06 909080 826579 809663 762389 761313 759983 730616 721690 699758 678086 655164 649392 646168 638127 629316 607885 591624 571067 545832 529281 511590 512263 506951 505988 499646 480593 473655 536496 469039 472405 467849 464568 454597 448457 444645 441826
threshold=12.746521949768068 13.629689216613771 11.933642864227297 0 14.096644878387453 1 11.29636335372925 13.113158702850344 13.191593170166017 12.288928031921388 2 3 4 12.32111167907715 12.288261890411379 5 12.746426105499269 6 14.622321128845217 13.191593170166017 11.933449268341066 13.113457202911379 13.629426479339601 1.0000000180025095e-35 7 1.0000000180025095e-35 1.0000000180025095e-35 11.272544384002687 14.095565319061281 1.0000000180025095e-35 8 10.777470111846926 9 13.629426479339601 10 11 12 13 14 15 16 17 18 19 20 21 22 23 24 25 26 27 28 29 30 31 32 33 11.654356479644777 34 35 36
decision_type=2 2 2 1 2 1 2 2 2 2 1 1 1 2 2 1 2 1 2 2 2 2 2 2 1 2 2 2 2 2 1 2 1 2 1 1 1 1 1 1 1 1 1 1 1 1 1 1 1 1 1 1 1 1 1 1 1 1 2 1 1 1
left_child=2 3 6 7 11 9 31 17 16 20 23 33 40 29 61 21 35 48 24 32 52 51 41 -8 -14 59 -19 60 38 -7 49 -1 -10 54 -30 50 -24 43 -26 -25 -6 46 -33 -35 -21 -28 47 -13 -2 -16 -5 -9 53 -4 55 -3 -45 -18 -29 -15 -12 -11
right_child=1 4 5 8 12 13 10 15 19 14 27 22 18 25 30 -17 57 26 -20 44 -22 -23 36 39 28 -27 45 58 34 -31 -32 42 -34 37 -36 -37 -38 -39 -40 -41 -42 -43 -44 56 -46 -47 -48 -49 -50 -51 -52 -53 -54 -55 -56 -57 -58 -59 -60 -61 -62 -63
leaf_value=-0.072096644352029227 -0.0068055598849196298 0.06019011539888322 0.009040307321519031 0.036883756724332833 0.068824603017159355 -0.024004051086171256 -0.034955013528493915 0.023995900062623723 0.021246955552940469 0.0061952572680334071 -0.0116980788137963 0.023320719700651166 0.022739106025192652 -0.019442279969004671 -0.010265763942715904 -0.0018617723174647737 0.01131869976275616 0.0052314896802346748 0.054621596171119349 0.022909952048863497 -0.021796781860211171 0.0062994844471802565 0.024115482108255409 -0.044404424753852277 0.037541217187529154 -0.024287075427499728 -0.00012630913430684536 -0.039630645420667431 0.026006238811710755 -0.036711324254577092 -0.012738768331904113 -0.040617250058584055 0.035603827883042276 0.0259967191156599 0.042730806488426323 0.012486969090132104 0.012227925523327979 0.026328482683843964 0.058333913905558789 -0.057414891329992168 0.053286201247341416 0.022519726695273048 -0.057994516758522657 0.082803541221839791 0.013852162397339808 -0.0099333234751193284 0.028709815501259662 0.05751054840867964 -0.019070411974873504 0.00096091342039719804 0.017863610562956624 0.012429031127726534 -0.014018649614179963 -0.011910493325345571 0.03536269321839175 0.04022956438723152 0.042362910554682227 0.003060664419073668 -0.028206072161911757 -0.0065896424509244433 -0.027014508993092348 -0.0024897278158882751
leaf_weight=7373554.2928581238 14696761.155799866 5362111.5011558533 6039476.8466033936 5879681.8438072205 11648016.312591553 18013890.029642105 22794721.287340164 17883272.600875854 14450681.770263672 27343888.725688934 8656034.8684463501 1479144.7733306885 9355879.0488700867 12318833.248104095 18242923.999420166 39643849.11195755 24320289.074748993 29673057.784420013 16146216.35899353 32543248.499488831 60213728.817014694 64881174.151576996 19269038.900440216 31041098.161714554 6027972.6873550415 50991213.403247833 24647712.059623718 14900506.314468384 10351789.83265686 34237570.145776749 68268960.161518097 6337644.2602519989 22912069.89283371 5952074.427936554 15801188.827449799 30295830.25472641 29086657.706718445 26008537.465557098 9829967.9533729553 13534131.265607834 14791904.160587311 14438369.096061707 21566616.747282028 763401.39767074585 34019354.555839539 31139378.420604706 7384412.9624214172 4225214.8335647583 19743812.453960419 22310622.118186951 8365550.2901763916 18038383.046588898 20290760.458305359 6184870.6205406189 12684335.241950989 6629083.7878341675 11323758.84280014 56820973.669494629 20949588.617696762 15113888.420646667 10470017.41491127 31528646.459171295
leaf_count=261290 211879 16754 68532 37018 26467 346591 523742 132668 101287 299355 146492 9815 63393 202990 254844 478601 244411 316789 53118 247092 1104423 671142 142554 816756 27869 986812 309588 371395 60939 810219 1057748 170224 129678 37869 71575 269271 252323 168076 30115 409299 50513 97651 679191 1128 292210 430539 45635 15509 318348 275726 68836 155459 315154 88054 65239 31183 56097 629308 444197 218177 202243 381039
internal_value=-1.0149e-05 0.0169825 -0.0225705 0.00793519 0.0355639 -0.0149001 -0.0416023 0.00136163 0.0153888 -0.00983235 -0.0369259 0.0280445 0.0471372 -0.0249997 -0.00563283 0.00703637 0.00949848 -0.00528553 0.0420483 0.0225123 -0.017427 0.0105358 0.0215463 -0.0438209 0.0380961 -0.0201154 -0.00183941 -0.0284764 0.0415161 -0.0323304 -0.00951551 -0.0578203 0.0300511 0.0352196 0.036111 0.0167173 0.016965 0.0313846 0.0504302 -0.0483547 0.0601316 0.0295942 -0.0540478 0.0386743 0.0182806 -0.00560041 0.0373981 0.0486452 -0.0138367 -0.00408938 0.0257141 0.0181875 -0.00933459 -0.00155969 0.0420654 0.0491554 0.0449171 0.00553583 -0.0329545 -0.0123612 -0.0200826 0.00154409
internal_weight=1.27724e+09 7.28514e+08 5.48723e+08 4.89955e+08 2.38559e+08 3.91099e+08 1.57624e+08 2.60347e+08 2.29608e+08 2.60424e+08 1.22346e+08 1.44606e+08 9.39529e+07 1.30675e+08 1.67695e+08 1.40447e+08 1.25682e+08 1.19901e+08 6.7513e+07 1.03925e+08 9.27288e+07 1.00803e+08 7.58828e+07 6.737e+07 5.13668e+07 7.84239e+07 8.54601e+07 5.49761e+07 4.20109e+07 5.22515e+07 1.08823e+08 3.52778e+07 3.73628e+07 6.87233e+07 2.6153e+07 4.45411e+07 4.83557e+07 4.40478e+07 1.58579e+07 4.45752e+07 2.64399e+07 2.75271e+07 2.79043e+07 1.80392e+07 6.65626e+07 5.57871e+07 1.30888e+07 5.70436e+06 3.44406e+07 4.05535e+07 1.42452e+07 3.59217e+07 3.25151e+07 1.22243e+07 2.46755e+07 1.19912e+07 1.20872e+07 8.11413e+07 3.58501e+07 2.74327e+07 1.91261e+07 5.88725e+07
internal_count=16802439 6367946 10434493 5044124 1323822 6409664 4024829 3025013 2019111 3844875 2914124 939833 383989 2564789 2268712 1437870 1248844 1587143 307009 770267 1576163 959269 563487 1749797 253891 1407979 1056916 1164327 190498 1156810 1588318 1110705 230965 376346 132514 375125 394877 263170 57984 1226055 76980 168610 849415 95094 539302 740127 70959 25324 530227 530570 105854 288127 471740 156586 113176 47937 57225 873719 815592 421167 348735 680394
cat_boundaries=0 1 2 3 4 5 6 7 8 9 11 13 15 17 19 21 22 24 26 27 28 30 32 33 35 37 39 40 42 43 45 47 48 49 51 53 55 57
cat_threshold=13 19 13 18 2 9 4 4 2 1244413488 198566 2870665934 134194 369692836 49285 200335399 152064 3494416397 239361 878013772 47352 9 2182156908 136076 359748237 10858 2 543204 1452163814 203880 366076954 136600 263626 68239873 2050 316295217 104595 3442731400 99704 102677 154624744 85667 2 2664606481 3597 546148192 199356 541516 64 17389120 151072 4012392818 108198 282276259 84139 3331647872 184878
is_linear=0
shrinkage=0.05


Tree=16
num_leaves=63
num_cat=37
split_feature=0 0 0 0 17 17 0 0 17 17 11 0 12 0 17 17 12 11 11 0 17 0 0 12 11 11 11 12 17 13 17 13 0 13 13 13 13 13 11 13 0 14 13 13 2 13 13 14 13 17 13 13 17 13 13 13 14 17 13 13 13 14
split_gain=1.79674e+08 4.37171e+07 3.07957e+07 8.55719e+06 8.42814e+06 6.50291e+06 4.6134e+06 3.84973e+06 3.45812e+06 2.9028e+06 2.82999e+06 2.06316e+06 1.81538e+06 1.67507e+06 1.66563e+06 1.51154e+06 1.38399e+06 1.38192e+06 1.36217e+06 1.34556e+06 1.27465e+06 1.03462e+06 994713 925280 901463 890800 808522 755741 731750 707818 698467 683624 664625 659510 637816 611190 594171 575527 573954 597956 548561 539538 548700 533935 533648 716719 639334 651910 533191 507193 511321 496667 493335 552399 476751 476309 461260 460301 570867 455777 454029 449295
threshold=13.012022018432619 12.171544075012209 13.779185295104982 11.564560890197756 0 1 14.314603328704836 12.656338214874269 2 3 13.003661632537844 12.624205589294435 1.0000000180025095e-35 13.372135162353517 4 5 1.0000000180025095e-35 13.777431964874269 12.65617895126343 13.357542037963869 6 13.276327610015871 10.848378181457521 1.0000000180025095e-35 12.632867813110353 12.170740604400637 10.844077110290529 1.0000000180025095e-35 7 8 9 10 11.804008960723879 11 12 13 14 15 13.013398170471193 16 11.088717460632326 17 18 19 25.500000000000004 20 21 22 23 24 25 26 27 28 29 30 31 32 33 34 35 36
decision_type=2 2 2 2 1 1 2 2 1 1 2 2 2 2 1 1 2 2 2 2 1 2 2 2 2 2 2 2 1 1 1 1 2 1 1 1 1 1 2 1 2 1 1 1 2 1 1 1 1 1 1 1 1 1 1 1 1 1 1 1 1 1
left_child=1 3 5 14 7 19 9 12 16 17 21 25 51 57 22 48 -5 35 33 38 27 41 -1 -10 49 55 -24 34 -14 56 -21 -17 -18 -9 -11 -4 -23 -19 39 -2 -16 -7 -43 -26 45 61 47 -46 -8 54 -51 -3 53 -20 -13 -6 -29 58 -12 -59 -22 -15
right_child=2 4 6 8 11 10 15 18 23 20 13 24 28 44 40 31 32 37 52 30 60 36 26 -25 43 -27 -28 29 -30 -31 -32 -33 -34 -35 -36 -37 -38 -39 -40 -41 -42 42 -44 -45 46 -47 -48 -49 -50 50 -52 -53 -54 -55 -56 -57 -58 59 -60 -61 -62 -63
leaf_value=-0.06258702014346669 0.014084422592720372 -0.0068720372754360274 0.058955821659550246 -0.015484137842722602 -0.024181598215131786 0.010046535174340111 0.05095826031459736 0.016514455655618564 -0.02920025364578684 0.048621938087076176 0.011732574444513102 -0.0022782824513711665 -0.015264304827672413 0.028242355794569643 -0.071098933161324637 0.037029270388622047 -0.034435211659817964 0.042075775587396252 0.010626890024315902 0.0031831772065829995 0.022010876318677267 0.033857008139199438 -0.030336856325186963 -0.042382719122352037 -0.0081462056894799923 -0.027079014910234407 -0.045483093458555487 0.043039923237814977 -0.0067617232785012488 0.017350275891649447 0.014017618619456863 0.050634538838071889 -0.024010563425604054 0.0048792712841685647 0.029536444461198193 0.042841884803895898 0.023478686514548146 0.029580421669052854 -0.0047935792452826528 -0.0022192722321484793 -0.05457191479395869 0.03221632340203711 0.016489536161802855 -0.019275677960703397 0.049514803082399965 0.0056863111054651916 0.018667761577589342 0.024894473294018199 0.070291348819135985 0.015366510601845434 -0.0044139836881730557 0.0025655174456320901 -0.0034720607433251075 -0.0019763060617021782 -0.021356969592507376 -0.010533385668371604 0.02528222020774766 0.015961461343818484 -0.0028323750756916836 0.0073589018033527083 0.0059743189952823888 0.011920525763835397
leaf_weight=5722487.2605266571 10157780.217380524 23005440.840515137 10701998.323970795 40013546.705335617 10421131.657997131 13338379.129337311 5519504.1118545532 20093961.120319366 20233479.523300171 7832910.4046897888 12016852.113128662 6596546.1457443237 67840174.613166809 9410837.3008003235 7068786.8522548676 15830109.859481812 21466176.00384903 15672879.178993225 16608883.660274506 27486285.926017761 8896951.0851402283 28882918.28912735 13442781.274145126 38908710.886026382 15900882.097122192 50164745.819345474 25571565.62289238 6245361.8401145935 40358708.039417267 15201681.122520447 32422653.169063568 22156326.532569885 53136825.445472717 30919860.782211304 9923656.9986991882 13073492.32478714 26393909.410121918 22366737.834682465 42203240.036434174 12599840.738624573 17330083.034776688 9127742.3376922607 14134937.118408203 33440069.9569664 3707036.360244751 14079103.6743927 31777586.891464233 9787785.820854187 10079759.579032898 4707583.5562210083 10676733.632709503 35380502.402828217 59046650.654537201 18244846.084003448 6501835.2953834534 16536730.463645935 8823562.625919342 28865615.06975174 15284415.913913727 32998713.216491699 8758901.0912628174 7638762.8670120239
leaf_count=195533 97085 299477 32030 662402 187836 115550 18676 176360 442652 31559 116275 86972 1113615 63989 260416 74255 501238 73598 167056 292980 66224 161517 307790 1034308 244708 1040932 715130 31520 559312 113684 291963 80512 1049232 314120 55990 55703 174373 130658 556223 146590 554057 59200 113654 568921 17339 126436 245045 68623 20394 48932 139560 414129 759194 213030 102556 258362 58411 254572 173055 325920 78814 63785
internal_value=-2.91033e-05 -0.0167717 0.0210505 -0.033973 -0.00781443 0.0130053 0.038036 -0.00307422 -0.0280532 0.0328621 0.0175468 -0.017344 -0.00825857 0.0136416 -0.0488511 0.0503463 -0.0229863 0.040639 0.00288541 0.00364205 0.0255432 0.024584 -0.0431197 -0.0378728 -0.0116004 -0.0231398 -0.0402643 0.0297664 -0.0120928 0.0249626 0.00904677 0.0449648 -0.0270101 0.00946229 0.0379556 0.0500953 0.0289015 0.0347287 -0.00134235 0.00505783 -0.0593601 0.0180636 0.0226604 -0.015689 0.0190748 0.0140353 0.0225398 0.0316577 0.0634507 -0.0045177 0.00163883 -0.0011531 -0.000687645 0.00402951 -0.0117487 -0.0158094 0.032642 0.00898631 0.0035785 0.0113728 0.0140553 0.0209297
internal_weight=1.27274e+09 7.0934e+08 5.63398e+08 2.42894e+08 4.66445e+08 3.82314e+08 1.81084e+08 3.11499e+08 1.73759e+08 1.27498e+08 2.57445e+08 1.54946e+08 1.66585e+08 1.65567e+08 6.91357e+07 5.35857e+07 1.14617e+08 6.18151e+07 1.44914e+08 1.2487e+08 6.5683e+07 9.18779e+07 4.47368e+07 5.91422e+07 7.78237e+07 7.71226e+07 3.90143e+07 4.80272e+07 1.08199e+08 3.02706e+07 5.99089e+07 3.79864e+07 7.4603e+07 5.10138e+07 1.77566e+07 2.37755e+07 5.52768e+07 3.80396e+07 6.49609e+07 2.27576e+07 2.43989e+07 3.66011e+07 2.32627e+07 4.9341e+07 7.64011e+07 3.11287e+07 4.52724e+07 1.34948e+07 1.55993e+07 2.84827e+07 1.53843e+07 5.83859e+07 9.39004e+07 3.48537e+07 1.30984e+07 2.69579e+07 1.50689e+07 8.91656e+07 2.73013e+07 6.18643e+07 1.76559e+07 1.70496e+07
internal_count=16804032 12417830 4386202 5722758 6695072 3464174 922028 4016293 3689832 728191 2079333 2678779 2386533 1455039 2032926 193837 2212872 291989 1629760 1384841 436202 624294 1218453 1476960 1191649 1487130 1022920 291164 1672927 203615 584943 154767 1550470 490480 87549 87733 335890 204256 799898 243675 814473 288404 172854 813629 585217 254210 331007 85962 39070 378020 188492 713606 1139280 380086 189528 446198 89931 869822 289330 580492 145038 127774
cat_boundaries=0 1 2 3 4 5 6 7 8 10 11 13 15 17 19 21 23 25 26 28 30 32 34 35 37 38 40 42 43 45 47 49 50 51 53 55 57 58
cat_threshold=19 12 19 18 19 2 9 17 1531297833 182985 4 2554971205 175355 638154144 24741 2586728581 131116 2725426 141204 366117866 123469 1346901270 242945 451740129 84354 938312 1174917124 37210 357105692 249984 3156768779 113099 1111884384 133668 196644 1569312146 59505 4 692062762 673 409686589 10672 2 353748600 134686 653967769 16783 2368227696 79525 98985 1 164695181 45214 68900070 226346 2155037742 250597 398809
is_linear=0
shrinkage=0.05


Tree=17
num_leaves=63
num_cat=36
split_feature=0 0 0 17 17 0 0 0 0 17 0 17 0 17 11 17 17 11 11 17 17 11 12 12 0 17 11 13 12 17 12 12 11 17 13 13 11 13 14 13 13 13 13 0 0 13 15 13 13 13 15 0 13 13 13 14 13 13 12 13 13 14
split_gain=1.61453e+08 3.83074e+07 2.86644e+07 8.36e+06 6.96446e+06 4.70557e+06 4.36538e+06 4.26452e+06 3.97967e+06 2.84103e+06 2.81961e+06 2.54584e+06 1.99705e+06 1.67038e+06 1.31597e+06 1.28933e+06 1.28511e+06 1.22016e+06 1.20544e+06 1.15979e+06 1.14791e+06 1.13684e+06 1.10507e+06 1.04206e+06 1.01769e+06 1.00237e+06 860214 816352 815051 760157 752986 730566 706601 695192 694779 671623 665217 625086 640365 603873 602928 577667 557939 518399 517761 690444 720898 556454 509712 508555 500016 498876 486629 484983 472811 460682 454287 454206 452934 445069 443746 443134
threshold=12.78769636154175 13.779185295104982 11.953825473785402 0 1 11.384678363800051 14.314603328704836 13.251674175262453 13.328171253204347 2 12.392510890960695 3 12.440037727355959 4 13.327361583709719 5 6 13.777431964874269 13.250731945037844 7 8 11.953175544738771 1.0000000180025095e-35 1.0000000180025095e-35 10.848378181457521 9 12.393171787261965 10 1.0000000180025095e-35 11 1.0000000180025095e-35 1.0000000180025095e-35 13.777431964874269 12 13 14 11.365419864654543 15 16 17 18 19 20 14.622321128845217 13.478944778442385 21 22 23 24 25 26 13.072339057922365 27 28 29 30 31 32 1.0000000180025095e-35 33 34 35
decision_type=2 2 2 1 1 2 2 2 2 1 2 1 2 1 2 1 1 2 2 1 1 2 2 2 2 1 2 1 2 1 2 2 2 1 1 1 2 1 1 1 1 1 1 2 2 1 1 1 1 1 1 2 1 1 1 1 1 1 2 1 1 1
left_child=2 3 5 7 10 24 9 23 13 17 16 36 21 22 54 26 -4 40 27 32 59 -6 -5 52 -1 30 39 50 -14 -26 -13 56 41 49 -22 -19 57 38 -34 -12 55 -11 -15 -36 47 46 -46 -20 -24 -16 61 -25 -2 -53 -10 -3 -18 -7 -31 -8 -23 -9
right_child=1 6 4 8 12 11 20 18 14 19 15 25 28 42 33 -17 31 35 44 -21 34 60 48 51 29 -27 -28 -29 -30 58 -32 -33 37 -35 43 -37 -38 -39 -40 -41 -42 -43 -44 -45 45 -47 -48 -49 -50 -51 -52 53 -54 -55 -56 -57 -58 -59 -60 -61 -62 -63
leaf_value=-0.066776371614944222 0.023134317103544116 0.065080956692314049 -0.033876060070037482 0.0081965404417867916 -0.003311780960697619 -0.0061993329617909812 0.06917877174121688 0.030633254649976835 0.011354570344267812 0.04500432261089158 0.0035428982541830158 -0.026208122476841095 0.0059262287125996412 -0.0032410211598475364 0.0090749909089900115 -0.021748703442011293 -0.021932926148301252 0.040827235204476141 0.021399311710694136 0.012758057169064885 0.051784477292160673 -0.019480621711980634 0.0031373502152723929 0.0034766722300908024 -0.057865062084357079 -0.048676293977815636 -0.014058050665170397 0.023161638236977939 -0.0038962685089997009 -0.032470745430360687 -0.039744017309938193 -0.025080555751751072 0.014699518937698764 0.010000472382685158 0.031510624744728599 0.02738339707841262 -0.028448405237249313 0.01780888709338772 0.041284766917255043 -0.010556591362266957 0.039274751663818448 0.026816805754065712 -0.013972846076669147 0.046891403024745086 0.041759192854425566 0.016372460686583434 0.021993323369884576 0.0088919776571749157 -0.0050132177032605231 -0.0075776232087058099 0.030822704926157005 0.025285421413445926 0.012191780866340077 0.0086636566232419585 0.022898478252684568 0.045688453520815409 -0.00817094215896008 -0.022514871159242347 -0.047463077202994447 0.051748039902831583 -0.010974875120064396 0.055861804413065479
leaf_weight=8890705.3986148834 15285842.937732697 6144387.6352767944 29026523.591890335 42794551.148197174 33476609.371559143 6608230.7505722046 6995009.3610458374 2650683.4579696655 14406685.592880249 8625801.0297622681 15012221.938020706 15715379.252677917 32598379.441036224 21797049.922237396 7424825.5918426514 34909773.927509308 10876071.512207031 16436428.00560379 17040523.508148193 17540014.643909454 15337755.718235016 27518519.009540558 31933628.406658173 52369819.893093109 12176889.455516815 19237738.824724197 55420695.9895401 21367668.810741425 59975237.769443512 7649432.2713489532 29675228.762882233 45762924.312244415 3299846.6811218262 48162026.463386536 13021497.348331451 21367507.65599823 34588620.296039581 19362215.614654541 7223694.4523468018 15368541.746589661 10965730.792648315 8840603.237865448 27254000.445316315 9457005.1099472046 7698533.1364784241 18452035.164470673 11509776.085216522 18599054.244544983 48035761.946235657 11985714.720142365 11758855.533191681 5263493.5330619812 30300407.32857132 26397684.216960907 23080129.036422729 6106278.9000167847 13366360.312353134 12033538.503572464 14755191.710718155 7687149.5241622925 34630849.120067596 5069880.7338485718
leaf_count=325936 113454 15220 668500 421419 446278 106541 14131 15140 120842 36390 179817 334520 343845 294290 77161 650767 192376 77353 131089 145284 52922 483869 372881 575869 419005 558976 912045 138538 800681 188953 780283 937234 24537 449395 66740 126798 777974 142212 36735 213085 48652 51106 408784 34849 40062 140277 80198 167201 611263 147953 67173 41143 261934 257740 166352 23593 209235 226341 437926 24850 565400 18504
internal_value=-1.88418e-05 0.0160796 -0.0197872 0.0092279 -0.0127315 -0.0376283 0.0360743 0.0159803 0.00328294 0.0310241 -0.0187775 -0.0324422 -0.00567222 -0.00140454 0.0109489 -0.0136475 -0.0250306 0.0387693 0.0230276 0.023741 0.0481868 -0.0107399 0.00171174 0.00977422 -0.0516885 -0.0391114 -0.0103513 0.0299107 -0.000437427 -0.0478096 -0.0350575 -0.0213629 0.0278093 0.00678086 0.0435798 0.0332285 -0.024345 0.02314 0.0329485 -0.00358953 0.0477915 0.0357988 -0.0092039 0.0379815 0.0191919 0.0232799 0.0299153 0.0148722 -0.00175851 -0.00120774 0.0373139 0.00647217 0.015861 0.0114269 0.018462 0.0554149 -0.0143451 -0.0167313 -0.0423443 0.0600526 -0.0147411 0.0472002
internal_weight=1.26832e+09 6.9905e+08 5.69274e+08 5.20639e+08 4.07943e+08 1.61331e+08 1.78411e+08 2.43764e+08 2.76874e+08 1.25913e+08 2.19743e+08 1.17859e+08 1.882e+08 1.71815e+08 1.05059e+08 1.20711e+08 9.90319e+07 6.10203e+07 1.14147e+08 6.48922e+07 5.24984e+07 9.5626e+07 1.22764e+08 1.29617e+08 4.34722e+07 6.46283e+07 8.58015e+07 4.08471e+07 9.25736e+07 3.45815e+07 4.53906e+07 7.00054e+07 4.73522e+07 6.75726e+07 3.78163e+07 3.78039e+07 5.32304e+07 2.98858e+07 1.05235e+07 3.03808e+07 2.32164e+07 1.74664e+07 4.90511e+07 2.24785e+07 7.32999e+07 3.76603e+07 1.92083e+07 3.56396e+07 7.99694e+07 1.94105e+07 1.94794e+07 8.4031e+07 4.55863e+07 3.16612e+07 3.74868e+07 1.22507e+07 2.42424e+07 1.86418e+07 2.24046e+07 1.46822e+07 6.21494e+07 7.72056e+06
internal_count=16799621 6040034 10759587 5118662 6603132 4156455 921372 2048322 3070340 727880 3963059 2784635 2640073 2108637 961703 1955714 2007345 291616 798182 436264 193492 1495547 1405563 1250140 1371820 1673779 1304947 239355 1144526 1045884 1114803 1338845 290980 674509 154511 204151 1110856 203484 61272 392902 87465 87496 703074 101589 558827 260537 120260 298290 984144 225114 100817 874752 375388 298883 287194 38813 401611 332882 626879 38981 1049269 33644
cat_boundaries=0 1 2 3 4 5 6 7 8 9 10 12 13 14 16 18 20 21 23 25 27 29 31 32 34 36 38 39 41 43 45 46 48 50 52 54 55
cat_threshold=18 13 18 18 9 9 4 9 2 9 348177351 122969 12 4 649203858 86788 1355291926 242944 1514209321 148041 927814 1456876034 31657 1210687282 1973 2604292229 132396 316162167 104587 2730775208 129731 1313 1547322598 205097 2948695253 1168 2097227786 94256 150 906564800 49283 67114054 131072 3960315158 132376 90953 3426550692 78270 13705571 27681 2723164716 137096 674965672 145382 761024
is_linear=0
shrinkage=0.05


Tree=18
num_leaves=63
num_cat=37
split_feature=0 0 0 17 17 0 0 0 0 0 17 17 0 17 12 12 12 12 0 12 12 12 12 13 17 12 17 12 0 13 17 12 13 17 13 14 15 13 0 13 17 12 14 13 13 13 17 13 14 13 14 17 17 0 13 13 13 13 13 17 13 17
split_gain=1.47245e+08 3.68411e+07 2.49429e+07 7.64464e+06 6.276e+06 6.08743e+06 3.28226e+06 3.27178e+06 3.21453e+06 3.0744e+06 2.70108e+06 1.95437e+06 1.83554e+06 1.77809e+06 1.57817e+06 1.3967e+06 1.21299e+06 1.14692e+06 1.11535e+06 1.08216e+06 1.06549e+06 1.00843e+06 970136 876905 853658 820745 805898 803119 754389 745610 735050 690290 685424 648934 644926 780102 743640 598641 594008 589696 573358 567641 559392 547611 542046 535861 535298 535005 530165 523164 825638 519059 517371 506876 504916 492170 487778 471989 462222 459165 457281 454329
threshold=12.746521949768068 13.674160003662111 11.860711097717287 0 1 14.042400836944582 13.251674175262453 13.113158702850344 11.29636335372925 12.288928031921388 2 3 12.32111167907715 4 1.0000000180025095e-35 1.0000000180025095e-35 1.0000000180025095e-35 1.0000000180025095e-35 14.622321128845217 1.0000000180025095e-35 1.0000000180025095e-35 1.0000000180025095e-35 1.0000000180025095e-35 5 6 1.0000000180025095e-35 7 1.0000000180025095e-35 14.432618141174318 8 9 1.0000000180025095e-35 10 11 12 13 14 15 10.777470111846926 16 17 1.0000000180025095e-35 18 19 20 21 22 23 24 25 26 27 28 13.072339057922365 29 30 31 32 33 34 35 36
decision_type=2 2 2 1 1 2 2 2 2 2 1 1 2 1 2 2 2 2 2 2 2 2 2 1 1 2 1 2 2 1 1 2 1 1 1 1 1 1 2 1 1 2 1 1 1 1 1 1 1 1 1 1 1 2 1 1 1 1 1 1 1 1
left_child=2 3 8 7 9 13 16 20 24 19 18 25 31 44 33 -11 29 49 22 46 -2 23 32 -8 -1 -10 -16 -14 43 42 55 -6 48 -9 35 36 -23 -24 -26 -20 47 -13 -5 -12 -3 -42 -4 -19 -7 50 -15 56 57 -18 -30 -22 -21 -17 -28 -33 -32 -27
right_child=1 5 4 6 12 10 21 14 11 15 28 41 27 17 26 52 53 40 39 51 30 34 37 -25 38 61 58 -29 54 -31 60 59 -34 -35 -36 -37 -38 -39 -40 -41 45 -43 -44 -45 -46 -47 -48 -49 -50 -51 -52 -53 -54 -55 -56 -57 -58 -59 -60 -61 -62 -63
leaf_value=-0.037330973515218475 0.0019328303486256628 -0.0028959705546415201 -0.0012717063617049211 0.034059881954559106 -0.021544304309176594 0.071185591133326842 0.03586534200708457 0.016935696868643321 -0.031830026194021019 0.0012309242659279179 0.033429476971072805 -0.018562791948529899 -0.010415995378188121 0.055556406656813356 0.0056908700033163496 0.0023803200948323169 0.0030019703586226802 0.04063557461304082 0.068411767199174064 -0.0073432414584166626 -0.0067501882415085968 0.058717779314389706 0.044034238972502845 0.019907143911237785 -0.071070381401399971 -0.053364668585485803 0.0033190400600185016 -0.021043850299963206 0.047400664376145978 0.011400153598840343 0.0017255431226702483 -0.027804600274959641 0.044007319748477894 0.0045410889898170725 0.012419905233681052 0.014424346348447928 0.026255557777072381 0.030992130320682237 -0.052356604019367287 0.048466114964784895 0.026232492403958481 -0.030378901814268125 0.014726509488750204 0.016099334621895764 0.015858802457749843 0.014738111631086646 -0.013652233771460329 0.023183654306925094 0.045539431475364524 0.02965057159701482 0.028587545989610132 -0.022860260848966554 -0.011005274819497165 0.010828348803676374 0.026297586466362623 -0.021863992155907664 -0.021278402065787263 -0.008551160455002196 -0.0097958699900881005 -0.038761780732856493 -0.0079872216268965148 -0.041078692417746143
leaf_weight=7793113.2687129974 42024321.325511932 6111915.9548225403 14014956.826118469 7750667.4576835632 20216439.823728561 5703350.1991004944 17383761.437797546 38458478.144527435 18551293.583356857 58708499.234542847 7279792.9538230896 15667198.047267914 27399346.904174805 5956205.8068237305 69106713.200252533 17308251.178855896 59830849.185726166 7108436.9077415466 7420736.259437561 13438491.401350021 9166395.3742523193 2050311.408115387 18870006.962596893 17053407.99697876 5335658.9384727478 10791517.40983963 11417791.35276413 50609577.521743774 6836285.4395713806 35035367.427719116 17829115.517543793 20319792.100545883 12796690.741851807 14557680.166931152 32376767.026569366 14451475.079536438 12642727.775455475 16485613.023147583 20658063.510761261 7402807.1778717041 16861021.787708282 28936219.356407166 7233152.4461784363 12193704.496231079 10421961.090751648 25436082.154193878 23156891.942941666 11489919.146823883 3116443.3285331726 23569175.13337326 5420956.3456611633 43759386.74647522 68024429.162696838 31622325.100296021 4842214.8971557617 13062625.655906677 11788279.996759415 22991001.846378326 16322665.493495941 18058772.087493896 37832006.52438736 24860182.569765091
leaf_count=222779 477085 62366 184205 48969 400638 10785 91536 303449 442449 679940 40705 293221 421810 20010 708628 211779 667364 33202 15008 216974 140364 7906 77399 115252 209060 345370 134350 986596 26399 306141 220520 470214 47771 151188 271243 116172 87248 84160 679968 24735 111598 685791 59672 86995 86087 198461 369665 71260 11185 128604 29462 866316 1057336 298892 26321 229823 215221 318609 219086 469781 518868 686889
internal_value=6.53847e-06 0.0147869 -0.0196828 0.00743058 -0.0135837 0.0321152 0.0139738 0.00167193 -0.0385328 -0.00920823 0.0408987 -0.0339803 -0.0223342 0.0240685 0.0065974 -0.00497965 0.00913212 0.0266808 0.0462336 -0.0158616 -0.00448368 0.0211119 0.0430547 0.0279628 -0.0518462 -0.0403594 0.0028011 -0.017311 0.0286034 0.0153924 -0.0079456 -0.0290216 0.0513991 0.0135323 0.017277 0.0226727 0.0307855 0.037953 -0.0561979 0.0584511 0.0225373 -0.0262284 0.0247271 0.0225779 0.00892591 0.0193202 -0.00898439 0.0298539 0.0621237 0.0339011 0.0427064 -0.0195672 -0.00834562 0.00570815 0.0386508 -0.0156316 -0.013855 -0.00385617 -0.00439786 -0.0329604 -0.00487607 -0.0447976
internal_weight=1.26492e+09 7.22532e+08 5.42387e+08 5.07209e+08 4.09794e+08 2.15323e+08 2.37431e+08 2.69778e+08 1.32593e+08 2.7319e+08 1.02948e+08 9.88064e+07 1.36604e+08 1.12376e+08 1.49863e+08 1.67032e+08 1.41472e+08 9.58418e+07 7.17956e+07 1.06158e+08 1.19914e+08 9.59585e+07 5.69721e+07 3.44372e+07 3.37868e+07 5.4203e+07 9.68472e+07 7.80089e+07 3.1152e+07 5.00192e+07 7.78901e+07 5.8595e+07 2.16165e+07 5.30162e+07 6.15213e+07 2.91445e+07 1.4693e+07 3.53556e+07 2.59937e+07 1.48235e+07 6.08955e+07 4.46034e+07 1.49838e+07 1.94735e+07 1.65339e+07 4.22971e+07 3.71718e+07 1.85984e+07 8.81979e+06 3.49463e+07 1.13772e+07 6.89862e+07 1.08324e+08 9.14532e+07 1.16785e+07 2.2229e+07 2.52268e+07 4.02993e+07 2.77405e+07 3.83786e+07 5.56611e+07 3.56517e+07
internal_count=16800880 6366269 10434611 5173756 6869084 1192513 2070395 3103361 3565527 4120045 451463 2453720 2749039 741050 1516701 2267664 1381038 592597 271043 1852381 1586660 689357 231300 206788 1111807 1474708 1062064 1408406 180420 414782 1109575 1340633 69741 454637 482569 211326 95154 161559 889028 39743 414521 979012 108641 127700 148453 310059 553870 104462 21970 178076 49472 1298511 1587724 966256 52720 370187 432195 530388 353436 939995 739388 1032259
cat_boundaries=0 1 2 3 4 5 7 8 9 11 12 14 15 17 18 19 21 23 24 25 27 29 31 32 34 35 37 38 39 40 42 44 46 48 50 51 53 54
cat_threshold=13 19 19 13 4 365052367 59481 2 9 906564768 32773 4 3257029146 132865 9 4068885224 203308 210220 1024 384055664 193932 709988493 135822 2 103253 3407085616 75285 235672530 75163 2605765153 94720 2 852035622 164929 779013 271063744 8764 836424 2 2 1412314108 210193 2430208080 129176 3311197984 199837 583800343 153731 218187950 96277 8 97625106 5264 4
is_linear=0
shrinkage=0.05


Tree=19
num_leaves=63
num_cat=38
split_feature=0 0 0 0 17 17 0 0 17 0 17 0 12 12 17 17 17 17 12 17 17 12 0 12 0 12 12 0 13 12 13 12 13 13 16 14 17 13 12 14 13 13 13 14 12 13 13 14 13 13 3 13 13 14 13 13 13 13 13 13 1 14
split_gain=1.34741e+08 3.31981e+07 2.33123e+07 6.44406e+06 6.42377e+06 5.77591e+06 3.53578e+06 3.21629e+06 2.7181e+06 2.51934e+06 2.11171e+06 1.98685e+06 1.93969e+06 1.45278e+06 1.36381e+06 1.31942e+06 1.29354e+06 1.28968e+06 1.15147e+06 1.10958e+06 1.06903e+06 1.02369e+06 976205 910637 829619 827120 823640 768833 687006 686880 636372 622032 618008 606207 611472 721546 592777 587120 583304 581203 560346 544172 537163 511150 503502 492317 486525 480833 640827 471629 470018 448072 442172 439730 436455 433674 429587 408363 407805 407746 456570 400357
threshold=13.012022018432619 12.120216846466066 13.839263916015627 11.533604145050051 0 1 14.314603328704836 12.57583522796631 2 12.648597717285158 3 13.478944778442385 1.0000000180025095e-35 1.0000000180025095e-35 4 5 6 7 1.0000000180025095e-35 8 9 1.0000000180025095e-35 13.342944145202638 1.0000000180025095e-35 10.848378181457521 1.0000000180025095e-35 1.0000000180025095e-35 13.276327610015871 10 1.0000000180025095e-35 11 1.0000000180025095e-35 12 13 14 15 16 17 1.0000000180025095e-35 18 19 20 21 22 1.0000000180025095e-35 23 24 25 26 27 65.049999237060561 28 29 30 31 32 33 34 35 36 21193.845703125004 37
decision_type=2 2 2 2 1 1 2 2 1 2 1 2 2 2 1 1 1 1 2 1 1 2 2 2 2 2 2 2 1 2 1 2 1 1 1 1 1 1 2 1 1 1 1 1 2 1 1 1 1 1 2 1 1 1 1 1 1 1 1 1 2 1
left_child=1 3 5 14 9 12 10 15 25 21 -4 18 22 30 24 38 23 37 47 29 59 51 -2 42 -1 32 40 58 36 -10 39 46 53 34 35 -13 -19 43 45 -12 50 -24 -9 -8 -16 -6 -26 48 -7 -20 -11 -3 61 -5 -23 -25 -18 -29 -22 60 -14 -15
right_child=2 4 6 8 7 11 17 16 19 26 13 33 20 52 44 -17 56 28 49 -21 27 54 41 55 31 -27 -28 57 -30 -31 -32 -33 -34 -35 -36 -37 -38 -39 -40 -41 -42 -43 -44 -45 -46 -47 -48 -49 -50 -51 -52 -53 -54 -55 -56 -57 -58 -59 -60 -61 -62 -63
leaf_value=-0.057256983069595459 0.0066726791115697005 -0.0058788846208915778 0.011621266813956371 0.015884115505689248 -0.017750515336580657 0.035783436870535312 0.08109331547162929 0.010278943772588842 -0.020431903297072382 0.041927122907915594 0.035000946115804309 0.092230851360519298 0.012510582822898375 0.01995051781660357 -0.043671035654610023 -0.026862530720491242 -0.0099837475583661947 0.054968576966394317 0.016716981904615534 -0.040317863629362211 0.0057362841136974433 -0.0041470897437031638 0.026722300126695017 -0.012435355023813722 -0.016569402273207186 -0.022178548400167176 0.0013370584799803369 0.0027522118137057864 0.034105773960111302 -0.031663987089930463 0.034057957385889528 -0.041060499861691191 -0.015970558309309043 0.021168270434501538 0.029266204988785179 0.0038173324779284864 0.035926527133833382 0.050337011350748612 -0.018342157013546061 0.055128215471752812 0.0064631544878192481 0.014138452917480608 -0.002598581491618783 0.047015171998385591 -0.05992305940230265 -0.0044989053557369122 -0.036658310434707207 0.0159000993388865 0.018228108517687042 0.008253655871437145 0.015200513046810533 0.0045450108026273382 0.023453011902207634 -0.0088891838320112153 -0.012002859247525768 -0.0042478708342314851 -0.020306294427770759 0.011777376230056025 -0.0046414433545085322 -0.0075713312491346545 -0.0070629729637901838 0.035714127503070923
leaf_weight=5402255.3958339691 35206385.183769226 17499019.687271118 14441668.37298584 3024962.5773658752 11451043.127410889 9786772.4806098938 3767288.7267990112 12503060.559230804 20862303.986673355 1987518.2298126221 5612886.6045646667 803851.53125 6458996.0322189331 5099706.9076347351 7091853.748966217 34919151.460954666 20315872.403715134 10697463.738174438 23640465.18585968 24882421.233217239 17143061.370960236 26682033.047384262 12539612.355648041 29974135.004188538 5790884.2265033722 46052677.254203796 66443130.084926605 17876592.945121765 20109935.524528503 39162073.4621315 18024848.860862732 22794850.401042938 17755667.309566498 39553088.548103333 26943171.796672821 323694.8904876709 6614130.5513572693 9355217.1170578003 55377367.205621719 9936802.8380661011 24760886.446865082 27283909.261249542 22985356.659893036 1554535.0562820435 14529414.110786438 18067437.221857071 6285163.571811676 22302975.485397339 11087736.04460144 54203863.97844696 9545449.0784950256 25091454.404331207 32027049.451667786 4392020.251033783 52410849.792533875 35127651.38274765 20002678.4790802 41935168.832603455 21140173.980522156 27435867.144630432 5530003.9571151733 19166254.130275726
leaf_count=195995 348755 225510 118679 36936 185544 55405 4379 130057 412651 11675 25857 519 70470 33079 228803 741555 324102 30975 198493 685605 188346 386159 83098 454114 125127 959352 778147 179269 92961 960337 86061 662105 303102 263952 159193 2594 31141 29532 1038116 31391 240876 213965 276012 5086 534581 257781 159349 167342 80806 510891 81929 287852 201029 69453 819596 491230 351610 380156 259645 361966 70649 99432
internal_value=-4.84119e-05 -0.0146041 0.0183072 -0.0308101 -0.00732102 0.0119238 0.034681 -0.0126589 -0.0253979 -0.00111963 0.029368 0.0182919 0.00627187 0.0322199 -0.0444627 -0.0186813 -0.00753805 0.0453183 0.0144562 -0.0314402 0.00274378 -0.0059874 0.0127384 -0.00450509 -0.0390245 -0.018195 0.00464583 0.00553854 0.0403915 -0.0277601 0.0404516 -0.0361999 -0.0109071 0.0251564 0.0307759 0.0668494 0.0476933 0.0578798 -0.0153163 0.047863 0.0107032 0.0181009 0.00193835 0.071139 -0.0545923 -0.00963958 -0.027025 0.0210048 0.0264587 0.0108239 0.0198064 0.000262176 0.0273103 0.00121443 -0.00935271 -0.00801755 -0.0151049 0.00907993 5.65682e-06 -0.00421 0.00348215 0.0324013
internal_weight=1.26077e+09 7.03171e+08 5.57603e+08 2.18027e+08 4.85144e+08 4.01195e+08 1.56408e+08 2.60724e+08 1.56132e+08 2.2442e+08 1.04309e+08 1.88646e+08 2.1255e+08 8.98675e+07 6.18944e+07 1.19815e+08 1.40909e+08 5.20986e+07 1.21022e+08 8.49068e+07 1.3752e+08 1.21683e+08 7.50299e+07 1.0059e+08 4.02732e+07 7.12253e+07 1.02737e+08 9.8095e+07 3.74215e+07 6.00244e+07 3.35745e+07 3.48709e+07 2.51727e+07 6.76238e+07 2.80707e+07 1.12755e+06 1.73116e+07 1.4677e+07 8.48958e+07 1.55497e+07 3.62939e+07 3.98235e+07 3.54884e+07 5.32182e+06 2.16213e+07 2.95185e+07 1.2076e+07 4.31775e+07 2.08745e+07 7.78443e+07 1.1533e+07 4.25905e+07 5.6293e+07 7.41698e+06 7.90929e+07 6.51018e+07 4.03186e+07 5.98118e+07 3.82832e+07 3.94249e+07 1.1989e+07 2.4266e+07
internal_count=16800377 12415261 4385116 5333396 7081865 3595514 789602 4250121 3427436 2831744 595528 1439195 2156319 476849 1905960 2222996 2027125 194074 1012937 2058593 1510501 1719117 645818 1351413 1142576 1368843 1112627 1007416 155077 1372988 143309 946581 409491 426258 162306 3113 62116 38997 1481441 57248 334480 297063 406069 9465 763384 443325 284476 303553 136211 709384 93604 513362 333540 106389 1205755 945344 675712 559425 447991 503085 141119 132511
cat_boundaries=0 1 2 3 4 5 6 7 8 9 10 12 14 16 18 19 20 21 23 24 26 28 30 31 33 35 36 38 40 42 44 45 47 49 51 53 55 57 58
cat_threshold=18 13 18 4 19 9 9 2 9 4 1873942674 86532 168336049 132926 12661792 19018 2223768425 113282 64 66128 17 2152738828 5000 179362 839451044 24709 124981352 2560 542255632 28839 156532 188287909 78994 2517858729 85632 60051 4098166943 51280 470438982 131112 820597373 35100 415533878 237641 176292 1649201730 18441 1654528900 31055 282773849 252046 1409876192 156995 4187030549 10654 87099430 26641 133220
is_linear=0
shrinkage=0.05


Tree=20
num_leaves=63
num_cat=32
split_feature=0 0 0 0 0 0 0 11 12 11 11 12 11 11 11 13 0 2 13 2 13 2 2 13 11 13 13 13 13 14 11 16 14 13 0 13 15 14 14 13 14 0 13 13 14 13 13 11 13 13 0 13 13 15 13 1 13 2 13 0 14 11
split_gain=1.22271e+08 2.88146e+07 2.3087e+07 5.98397e+06 4.42707e+06 3.75992e+06 3.6695e+06 2.44024e+06 2.08008e+06 1.84406e+06 1.63309e+06 1.51627e+06 965175 923123 915274 857405 806004 784919 731844 713149 713562 688299 656860 634229 634006 626293 574949 555479 527174 559701 575578 505656 494850 484904 481755 658071 467236 572366 464008 457782 409988 398705 597380 466742 399892 395884 383780 377224 478382 424625 371090 460138 447014 367946 356012 351665 349383 344117 344069 339598 338035 374154
threshold=12.964532375335695 12.000998973846437 13.779185295104982 12.45578193664551 11.341996669769289 14.314603328704836 13.478944778442385 12.455625534057619 1.0000000180025095e-35 13.777431964874269 11.999536514282228 1.0000000180025095e-35 11.705613613128664 13.47723436355591 14.313736915588381 0 10.777470111846926 24.500000000000004 1 25.500000000000004 2 24.500000000000004 27.500000000000004 3 10.777098655700685 4 5 6 7 8 13.948962688446047 9 10 11 12.722423553466799 12 13 14 15 16 17 13.302617073059084 18 19 20 21 22 13.062592506408693 23 24 12.240372657775881 25 26 27 28 64241.992187500007 29 23.500000000000004 30 14.096644878387453 31 12.822095394134523
decision_type=2 2 2 2 2 2 2 2 2 2 2 2 2 2 2 1 2 2 1 2 1 2 2 1 2 1 1 1 1 1 2 1 1 1 2 1 1 1 1 1 1 2 1 1 1 1 1 2 1 1 2 1 1 1 1 2 1 2 1 2 1 2
left_child=1 4 6 10 16 9 8 34 41 25 33 46 -13 27 18 -16 -1 23 -7 26 31 45 -12 -10 -18 36 -15 32 -11 -30 40 38 53 57 -5 55 37 -4 -21 -23 -31 43 -43 -2 58 60 -6 48 -19 -49 52 -52 -24 56 -55 -36 -8 -3 -44 -39 -9 -62
right_child=2 3 5 7 11 14 13 21 17 28 22 12 -14 19 15 -17 24 47 -20 20 -22 39 50 -25 -26 -27 -28 -29 29 30 -32 -33 -34 -35 35 -37 -38 59 -40 -41 -42 42 44 -45 -46 -47 -48 49 -50 -51 51 -53 -54 54 -56 -57 -58 -59 -60 -61 61 -63
leaf_value=-0.063169134836295437 0.015362604167157288 -0.011007124629582865 0.068915520910934322 -0.0012020936843148511 -0.01559171266629047 0.064441150546336409 0.037306582662335872 -0.015848140007581026 0.0047884392612315011 0.017816064928060316 -0.022371784214075794 -0.038032081438880594 -0.027421554107495312 5.9255427501161845e-05 0.046520829419469105 0.030255885999921042 -0.033851370683819333 0.0076372221404348772 0.044221941789346984 0.096233850353536182 0.013789696911068112 -0.0080990103770166369 -0.013097701401369732 -0.0044559740127568899 -0.049052625048961344 0.030927769402542105 0.013806969360318073 0.017861580543779374 0.015501695090353077 0.029406622340650102 0.03419088510507598 0.024878175692925358 0.020624916677857295 -0.012075552729529464 0.016349136848281515 0.0019712127014116774 0.033192292519923533 0.032651605839374882 0.010668805123368232 -0.001807473722488173 0.012221243685261647 0.028496732474399034 0.02921911728314899 0.0071052858912046398 0.0068552983685349778 -0.014595392868279034 -0.024659976354108232 0.01236770210373281 -0.0068424095598201787 0.0053159493901306044 -0.0054553901719350296 -0.016568886032929376 -0.024698480670609677 0.026842693513066635 0.050031987260954806 -0.014136491430600038 0.0078767169332047398 0.0011368995634078187 0.011608213807412199 0.056538755463920835 -0.0086356684240259732 0.0032339738126574836
leaf_weight=6613500.1338634491 30894444.482902527 9280741.8545036316 2904417.4151802063 53577227.72278595 20844724.586339951 7305292.1260604858 2216110.4184608459 9293395.5547599792 36010498.887310028 33560743.005550385 58494129.685466766 36187628.518945694 52564005.802669525 12371262.431034088 15841397.172168732 16586266.296466827 10351021.944704056 12327783.483154297 11553876.912570953 478464.36397171021 31205691.804698944 55913454.426584244 16087220.473659515 38272687.962368011 20333292.798511505 29819932.646850586 19740567.9739151 22539719.385314941 9761264.8036804199 7192805.5382804871 21330526.467090607 15116792.872077942 9401885.7718658447 44573117.534915924 14168883.711925507 37408091.473468781 6690580.0676078796 3784527.893901825 236903.74188232422 59871760.448905945 6706363.6964149475 8955129.1758155823 5340704.5052108765 38365621.516220093 11797251.027011871 37798313.872211456 26501000.480527878 35498188.90901947 10616830.374259949 53553427.82334137 16163394.674238205 21978352.785190582 17163810.197132111 2442404.4985580444 5135292.9890022278 1013649.5288772583 1850665.6941604614 15704290.983972549 5769800.0925178528 2451877.5046768188 21574806.999361038 9590445.7068443298
leaf_count=261456 260417 143544 6527 662534 407500 16679 11534 146695 383698 233677 1161496 1018360 1247876 120310 56388 78849 294543 136054 42077 167 259358 824606 306406 450343 684665 153112 164002 156396 68845 43884 112403 108414 62124 702930 130046 411743 32393 18976 2006 830363 50917 57552 34127 360362 99719 591845 562291 338581 135824 556195 264193 397552 360872 14908 21281 12710 14168 216162 46408 7198 329528 116442
internal_value=2.27134e-05 -0.0145139 0.0167293 -0.00841939 -0.0320757 0.0319061 0.0102354 -0.00395946 0.00714478 0.0272032 -0.0151326 -0.0278932 -0.0317479 0.0174726 0.0432954 0.0382016 -0.047337 0.00401073 0.0520541 0.0142548 0.0181762 -0.00729389 -0.0184436 2.54699e-05 -0.0439246 0.035195 0.00851059 0.023316 0.0225587 0.0260964 0.0290319 0.0268221 0.0291574 -0.00895 0.00213487 0.00553443 0.0432326 0.0505815 0.0678984 -0.0048457 0.0211147 0.0129181 0.0175469 0.0107886 0.0132663 -0.0109161 -0.0206675 0.00665401 0.000937271 0.00812696 -0.0152251 -0.0118593 -0.0190859 0.0360466 0.0425578 0.0143138 0.023914 -0.00337402 0.0200736 0.0420429 -0.00747877 -0.00498304
internal_weight=1.25868e+09 6.7305e+08 5.85628e+08 4.99655e+08 1.73395e+08 1.7549e+08 4.10138e+08 3.0021e+08 2.87402e+08 1.24203e+08 1.99445e+08 1.36097e+08 8.87516e+07 1.22736e+08 5.12868e+07 3.24277e+07 3.72978e+07 1.86279e+08 1.88592e+07 7.91497e+07 4.70379e+07 1.94042e+08 1.29887e+08 7.42832e+07 3.06843e+07 4.56513e+07 3.21118e+07 4.35861e+07 7.85517e+07 4.4991e+07 3.52297e+07 1.58322e+07 2.10464e+07 6.95582e+07 1.06168e+08 5.25906e+07 1.58314e+07 9.14082e+06 715368 1.15785e+08 1.38992e+07 1.01123e+08 3.18629e+07 6.92601e+07 2.29078e+07 7.8257e+07 4.73457e+07 1.11996e+08 2.29446e+07 8.90516e+07 7.13928e+07 3.81417e+07 3.3251e+07 1.16445e+07 7.5777e+06 1.51825e+07 4.06678e+06 2.4985e+07 1.11105e+07 6.23641e+06 4.04586e+07 3.11653e+07
internal_count=16802231 12086358 4715873 7609667 4476691 921925 3793948 4056512 2859280 727932 3553155 3236027 2266236 934668 193993 135237 1240664 2000695 58756 654257 369945 2839479 2490519 834041 979208 218206 284312 280411 509726 276049 207204 110587 124015 1062636 1217033 554499 65094 32701 2173 1654969 94801 858585 237806 620779 180254 1184510 969791 1166654 271878 894776 1329023 661745 667278 61891 36189 142756 25702 359706 80535 26174 592665 445970
cat_boundaries=0 2 4 6 8 10 12 14 16 17 18 19 21 23 24 25 26 28 29 31 33 34 36 38 40 42 44 46 47 49 51 53 54
cat_threshold=647117373 21006 3290566792 201600 3812631264 27136 152816765 157800 136945280 1828 3473343860 150816 382907368 39434 2772056776 3766 149572 64 922988 609268993 148043 570492080 16565 486 84032 81920 1389850046 73865 270515 553664646 91328 2588763076 33171 166733 840812779 215722 150024419 157846 1156742942 147914 2281837772 68799 378475093 18181 3446168882 100529 3617 45672 6144 67146440 4106 1150728265 33288 140293
is_linear=0
shrinkage=0.05


Tree=21
num_leaves=63
num_cat=37
split_feature=0 0 0 17 0 17 0 0 17 17 0 0 0 17 12 12 11 11 13 11 17 13 13 12 0 17 11 11 13 14 13 17 13 12 13 11 2 17 17 13 13 13 13 13 17 13 13 17 0 1 15 2 13 13 13 14 13 17 13 14 13 12
split_gain=1.10335e+08 2.83065e+07 2.02578e+07 6.08426e+06 5.18479e+06 5.18339e+06 3.19174e+06 3.0389e+06 2.52784e+06 2.25559e+06 1.78053e+06 1.52561e+06 1.42895e+06 1.32691e+06 1.26847e+06 1.14166e+06 1.07595e+06 1.03611e+06 1.01992e+06 937630 784239 757336 750659 747181 687996 656612 631542 630093 623925 599675 590930 579255 578386 574424 558978 550732 511295 487889 486499 527347 484857 484583 476783 475506 469587 464745 457331 453956 452403 448418 447610 443591 442168 431391 425861 423542 417871 413260 536823 447445 405643 401573
threshold=13.012022018432619 12.085606575012209 13.950327873229982 0 11.499056339263918 1 12.567548751831056 13.478944778442385 2 3 12.607837200164797 14.224736690521242 13.478944778442385 4 1.0000000180025095e-35 1.0000000180025095e-35 13.003661632537844 12.084964752197267 5 11.482607364654543 6 7 8 1.0000000180025095e-35 11.051819801330568 9 12.599659919738771 11.482607364654543 10 11 12 13 14 1.0000000180025095e-35 15 1.0000000180025095e-35 25.500000000000004 16 17 18 19 20 21 22 23 24 25 26 14.622321128845217 32221.389648437504 27 21.500000000000004 28 29 30 31 32 33 34 35 36 1.0000000180025095e-35
decision_type=2 2 2 1 2 1 2 2 1 1 2 2 2 1 2 2 2 2 1 2 1 1 1 2 2 1 2 2 1 1 1 1 1 2 1 2 2 1 1 1 1 1 1 1 1 1 1 1 2 2 1 2 1 1 1 1 1 1 1 1 1 2
left_child=1 4 5 10 13 7 17 16 11 19 20 22 33 35 21 38 25 57 29 -6 61 -9 -4 28 -15 46 42 -11 -10 50 -25 41 -33 34 -7 -1 40 52 39 -8 -18 -16 49 -14 -21 -40 55 54 -20 -12 -13 -35 -17 -39 -19 -2 -27 58 59 -5 -46 -3
right_child=2 3 8 6 9 12 15 14 23 27 26 18 43 24 31 37 36 47 48 44 -22 -23 -24 30 -26 56 -28 -29 -30 -31 -32 32 -34 51 -36 -37 -38 53 45 -41 -42 -43 -44 -45 60 -47 -48 -49 -50 -51 -52 -53 -54 -55 -56 -57 -58 -59 -60 -61 -62 -63
leaf_value=-0.02320231430507709 0.04131701524162696 -0.0086661468950856024 0.038654656325818645 0.02196686484276527 -0.012917478734166999 -0.0028175370013636572 0.021317985020030711 0.035082908612952782 0.018375374946187985 -0.024882177909610767 0.0069744406756138402 0.07167144457362104 0.014789785109196492 -0.06056358015188245 0.030577844440188504 0.0090147273771879442 0.010692219883929543 -0.0084614475338490626 0.034110616776144707 -0.017458905736676869 -0.024801512647292499 0.021709480135794653 0.024850823969768798 0.028438693901939073 -0.044078112339475888 0.0066122024557514845 -0.012540364370155122 -0.036741655270070978 0.040839516609297466 0.04533615693181077 0.012510965488410639 0.0062294956154886373 0.018167809909440363 -0.0095346094034256725 0.011092684606193497 -0.038782320477724889 0.01112688537237526 -0.0084810510951196291 0.0089704893007762198 0.0062471627785626802 0.00018078400380028097 0.01744802120281427 -0.0097487102114448224 0.005613197935669465 -0.019073110552941315 -0.0018575748688716117 0.01678939265236478 -0.0067687414848010777 0.04859145380978195 -0.017810716763074493 0.05069616807090821 -0.00011584081168905165 -0.0012827487174819931 -0.00062484478469190016 -0.016954538993397546 0.02126499768584721 0.017191709258346184 -0.0059040894542085236 -0.0048875404306849314 0.00056469866659385616 -0.02987340135768073 -0.018608860970823465
leaf_weight=8711633.6631641388 5041809.6236190796 15602898.908245087 21084062.071643829 5006651.5496368408 34341064.986312866 12444753.733764648 10213938.632884979 21682114.992717743 4676590.3390159607 17072894.188627243 12010635.818603516 5740062.1801986694 26437149.272079468 8920122.6232070923 12727458.660270691 17697865.536525726 17950695.785243988 23725899.953256607 16718879.172027588 22797982.311717987 39590507.26606369 20686734.410102844 18482587.421421051 9503312.0417671204 21786023.085987091 16847195.414836884 52573948.690490723 32558213.8409729 9116652.6845855713 10344637.162826538 15038262.916797638 15102904.362380981 30908382.297084808 19102317.170372009 17209431.087127686 16256951.439685822 66048944.650138855 29104491.411197662 20336041.298225403 13445335.436481476 28212876.533935547 15691199.957798004 14236018.582576752 30291630.896987915 12737054.023805618 19327680.594829559 12818894.180671692 37099145.573804855 7962247.790184021 2151854.784702301 4567772.8478622437 36171847.593090057 25366740.852359772 43725763.816513062 39056489.089517593 5513093.7517204285 20928427.444511414 34017210.616069794 10155674.315776825 4767619.4533729553 27389047.926198959 29086958.705314636
leaf_count=212476 24578 253096 94157 45909 593145 139907 79243 105417 29425 396648 140694 10062 222764 353017 70906 183490 165712 391592 71809 464515 844955 123234 101958 55334 710243 145678 872582 927901 41181 35281 108003 128537 226200 259654 163871 494373 603153 403793 199218 128242 294373 106990 200908 285520 276899 215877 90590 546884 24905 31532 13963 447001 298647 561465 696153 36370 158439 465376 129568 55889 649401 593014
internal_value=3.51715e-05 -0.0131533 0.0166884 -0.00674653 -0.0289131 0.0115855 -0.00285473 0.0154131 0.034569 -0.0239885 -0.01459 0.0393809 0.00374527 -0.0419065 0.0216471 0.00168009 0.011213 -0.00813801 0.0456426 -0.0195627 -0.0196771 0.0285533 0.0322066 0.0239119 -0.0488671 0.016549 -0.00929499 -0.032662 0.0332231 0.0538412 0.0186787 0.0177157 0.0142491 -0.000358985 0.00525509 -0.0333464 0.00830524 -0.00126974 0.00707891 0.0127534 0.00426816 0.0233283 -0.00328685 0.00988974 -0.0231893 0.0036941 0.0231358 -0.0111538 0.0387822 0.00320857 0.0623766 -0.00337089 0.00294911 -0.00376435 -0.0137449 0.0308434 0.0124735 -0.00255443 0.00316291 0.0115275 -0.0264451 -0.0151375
internal_weight=1.25592e+09 7.0087e+08 5.55053e+08 4.98299e+08 2.02571e+08 4.31818e+08 3.33047e+08 2.90161e+08 1.23235e+08 1.46896e+08 1.65253e+08 8.49002e+07 1.41657e+08 5.56747e+07 1.16799e+08 1.79218e+08 1.73362e+08 1.53829e+08 4.53336e+07 9.72651e+07 8.42804e+07 4.23688e+07 3.95666e+07 3.83348e+07 3.07061e+07 6.11494e+07 8.09725e+07 4.96311e+07 1.37932e+07 2.06525e+07 2.45416e+07 7.44299e+07 4.60113e+07 8.49283e+07 2.96542e+07 2.49686e+07 1.12213e+08 1.15895e+08 6.3323e+07 2.36593e+07 4.61636e+07 2.84187e+07 2.83985e+07 5.67288e+07 6.29241e+07 3.96637e+07 2.33738e+07 9.98815e+07 2.46811e+07 1.41625e+07 1.03078e+07 5.52742e+07 4.30646e+07 7.28303e+07 6.27824e+07 1.05549e+07 3.77756e+07 5.39472e+07 1.99299e+07 9.77427e+06 4.01261e+07 4.46899e+07
internal_count=16801717 12416745 4384972 7338127 5078618 3798894 4401346 2280177 586078 3308509 2936781 352135 1518717 1770109 761284 2069975 1518893 2331371 156020 1983960 1691065 228651 196115 233943 1063260 455655 1245716 1324549 70606 59306 163337 532633 354737 1010433 303778 706849 1063238 1447395 622580 207485 460085 177896 373134 508284 1390815 415095 151538 1634629 96714 172226 24025 706655 482137 965258 1087745 60948 304117 696742 231366 101798 926300 846110
cat_boundaries=0 1 2 3 4 5 7 8 10 12 13 15 16 18 19 21 23 24 25 27 29 31 33 35 36 38 40 41 42 44 46 48 49 51 52 54 55 57
cat_threshold=12 19 19 19 18 848435898 4996 8 347412968 109222 1625408327 247402 2 550686140 51842 680784 51794300 73731 2 336472148 181356 2786777618 192589 2 2 1975517604 57391 152128071 157992 2188134990 100964 743623098 19123 2507334149 192556 2 1656454785 30851 763069005 8274 17 2834 826623528 134810 2118320436 12755 571287126 81947 248578 782866269 133682 2 3457952544 108117 418694 2251292700 23392
is_linear=0
shrinkage=0.05


Tree=22
num_leaves=63
num_cat=35
split_feature=0 0 0 17 17 0 0 0 0 0 17 17 17 0 17 11 11 11 12 12 17 12 17 13 17 0 17 11 12 13 13 13 0 13 1 13 14 13 13 0 13 13 11 14 17 17 11 15 13 13 13 13 11 13 1 14 1 13 13 13 13 11
split_gain=9.953e+07 2.64328e+07 1.80459e+07 6.19951e+06 5.05533e+06 3.37816e+06 2.94171e+06 2.82546e+06 2.5622e+06 2.34911e+06 2.21605e+06 1.79784e+06 1.46119e+06 1.30174e+06 1.19926e+06 1.06082e+06 887482 847814 847274 822766 784812 772096 751102 702091 668809 622864 617798 583149 580983 577878 566219 562748 557607 511718 507684 703104 704972 651455 497470 478332 473154 472780 472180 468957 468187 454668 453102 444276 442721 425405 417656 404027 402090 397139 395702 408375 379680 470586 369583 367836 365965 359266
threshold=12.746521949768068 13.779185295104982 11.83795738220215 0 1 14.314603328704836 13.357542037963869 13.191593170166017 11.217521190643312 12.32111167907715 2 3 4 12.312792778015138 5 13.777431964874269 12.320345401763918 12.763036251068117 1.0000000180025095e-35 1.0000000180025095e-35 6 1.0000000180025095e-35 7 8 9 10.685305595397951 10 12.312013149261476 1.0000000180025095e-35 11 12 13 14.096644878387453 14 32937.710937500007 15 16 17 18 14.622321128845217 19 20 13.356372356414797 21 22 23 11.190684318542482 24 25 26 27 28 11.190684318542482 29 19365.343750000004 30 5652.8034667968759 31 32 33 34 12.937386989593508
decision_type=2 2 2 1 1 2 2 2 2 2 1 1 1 2 1 2 2 2 2 2 1 2 1 1 1 2 1 2 2 1 1 1 2 1 2 1 1 1 1 2 1 1 2 1 1 1 2 1 1 1 1 1 2 1 2 1 2 1 1 1 1 2
left_child=2 3 8 7 13 10 12 17 25 18 15 52 29 26 31 30 -11 38 48 33 42 49 41 44 46 -1 -4 53 -27 -5 -3 43 -32 -9 35 36 -21 -36 54 -25 -17 -12 50 -7 -16 -18 -13 -34 -6 -14 -8 -47 -10 -15 55 -2 -20 -58 -19 -22 -24 -23
right_child=1 5 4 6 9 14 20 19 11 16 22 24 21 27 23 40 45 58 56 34 59 61 60 39 -26 28 -28 -29 -30 -31 32 -33 47 -35 37 -37 -38 -39 -40 -41 -42 -43 -44 -45 -46 51 -48 -49 -50 -51 -52 -53 -54 -55 -56 -57 57 -59 -60 -61 -62 -63
leaf_value=-0.063723337721020859 0.033339111995864909 0.030686577841044178 -0.030205875709097801 -0.0015793350122548892 -0.0014392009827934723 0.038257497641723821 0.0078062363096037257 0.028362675007244403 -0.015497377948169017 0.0017693531290291613 0.028715478462372518 -0.024383315093336203 0.011757502080315195 -0.015700523791412742 0.047598235532158611 0.019230401626365606 -0.0086860374096808003 0.0087424967280047821 -0.012146848973732957 0.038669673250385325 0.0079139610093838623 -0.006368907124778102 0.017342034958810051 0.02005771839760576 -0.044243820372451476 -0.031870807823044904 -0.019910398158643341 -0.018058954343925588 -0.049434826600160124 -0.012397911846423528 0.038833648575562846 0.045512471400227572 0.069955008925649001 0.017765060907064326 0.017436293849919095 0.014405331050015298 0.015215052334685539 0.0018653733527866799 0.0075364511560318207 0.03762992819089328 0.030936873687650898 0.018050348665427738 0.0086752883420882221 0.075704983982673196 0.032210961200571729 0.0049371046508643766 -0.035962169677571244 0.038189363747810179 -0.011719239495300165 0.0021833412617920924 0.021752397666734841 -0.0057296519735418683 -0.025455110273258797 -0.0036531001908186311 0.0081243672285023442 0.016313428739518989 -0.01190897115216397 -0.023239395780538886 0.0014581697754275759 -0.0036669285648672778 0.0028433903396946443 0.00041005235135317339
leaf_weight=4633097.9238033295 5419747.9136390686 9050053.3515014648 27435566.881597519 18790910.561506271 19661102.628232956 1095576.4030075073 7888733.2193603516 22988494.763061523 15689681.931280136 55288079.396438599 15656654.694259644 12957189.779117584 19575387.035896301 12382769.406959534 12349387.40776062 13871512.346374512 63653256.077735901 26393396.864673615 37895645.8979702 6862648.4577331543 12925754.980075836 28833681.412715912 8040530.9200172424 9206388.3966407776 15678618.965465546 7130657.1954708099 31075869.614515305 51057214.769670486 13858954.752882004 35974396.385580063 8200374.3258743286 9345482.9007339478 3478596.7879638672 22578760.514820099 12573016.817531586 43163097.372871399 6008965.3798065186 14423047.366321564 24980789.373500824 6684672.4430923462 22850878.835918427 30898876.410827637 44498721.28055954 3530219.1044006348 8243767.8760604858 14101095.765209198 24283598.093446732 1610387.866317749 22411679.829864502 28485373.14528656 16804067.601848602 23964033.961780548 28649217.435621262 15283834.823238373 7256441.444393158 10058728.673351288 14352179.375614166 25351300.653654099 51176587.450912476 14602946.388847351 9488543.8027496338 60668898.396724701
leaf_count=194446 35033 41999 683538 253513 275158 3909 63080 129447 300945 633268 87593 302109 181739 207122 38854 86288 984561 267389 696865 38006 128635 406285 60165 50798 504435 216465 685124 1006033 501982 542856 33691 30227 6132 150275 94808 342537 46463 130701 230353 26231 117587 203795 409418 4862 39012 168622 704704 5861 350618 296553 111504 325764 702660 222623 64415 82583 260430 507313 567970 164700 84750 707082
internal_value=4.04966e-05 0.012236 -0.0162385 0.00680566 -0.0112435 0.0292192 0.00179831 0.0125066 -0.033064 -0.0073518 0.0247546 -0.0293582 -0.0017787 -0.0190894 0.0401157 0.0317414 -0.00332953 0.0071626 -0.0126289 0.0177129 0.00891122 0.000971112 0.0183155 0.0353455 -0.0355808 -0.0471305 -0.0247379 -0.0148912 -0.0434679 -0.00868587 0.0403328 0.0525726 0.0469019 0.0231115 0.0147501 0.0174639 0.0277202 0.00911731 0.0124069 0.0274496 0.0265149 0.021637 0.0117522 0.066836 0.0414385 -0.00610098 -0.0319335 0.0599031 -0.00691526 0.00608295 0.017297 -0.00177819 -0.0219315 -0.00904518 0.0177584 0.022275 -0.0157267 -0.0191436 0.00393668 0.00177073 0.00949388 -0.00177382
internal_weight=1.25333e+09 7.16534e+08 5.36795e+08 5.42933e+08 4.13914e+08 1.73602e+08 2.89049e+08 2.53884e+08 1.22881e+08 2.76678e+08 1.23146e+08 9.72583e+07 1.92329e+08 1.37235e+08 5.04555e+07 5.90618e+07 1.57006e+08 1.25286e+08 1.19672e+08 1.28598e+08 9.67202e+07 1.37563e+08 6.40846e+07 3.64842e+07 5.29194e+07 2.56227e+07 5.85114e+07 7.87238e+07 2.09896e+07 5.47653e+07 2.23394e+07 1.39713e+07 1.32894e+07 4.55673e+07 8.30308e+07 5.60347e+07 1.28716e+07 2.69961e+07 4.77157e+07 1.58911e+07 3.67224e+07 4.65555e+07 6.91915e+07 4.6258e+06 2.05932e+07 1.01718e+08 3.72408e+07 5.08898e+06 4.20728e+07 4.80608e+07 2.46928e+07 3.80651e+07 4.43389e+07 2.76666e+07 2.27349e+07 1.54785e+07 7.75991e+07 3.97035e+07 7.757e+07 2.75287e+07 1.75291e+07 8.95026e+07
internal_count=16801884 6367099 10434785 5445345 7007039 921754 3265365 2179980 3427746 4202599 727861 2514853 2388028 2804440 193893 291558 2112215 1247743 2090384 932237 877337 1591659 436303 154895 1511248 912893 1368662 1435778 718447 796369 87683 38998 45684 279722 652515 427006 84469 225509 412384 77029 203875 291388 584002 8771 77866 1478947 1006813 11993 625776 478292 174584 494386 1003605 429745 182031 117616 1464608 767743 835359 293335 144915 1113367
cat_boundaries=0 1 2 3 4 5 6 7 8 10 11 12 14 16 18 20 22 23 25 27 29 31 32 33 34 35 37 39 41 43 45 46 48 50 52 54
cat_threshold=18 12 18 18 4 2 9 9 1739995571 86788 9 4 274350166 104577 3082955149 121032 2152730637 4744 880903118 129113 2147614820 72224 218916 371742859 110683 925439204 98703 254894816 19118 2583810209 147468 889867 17 17 467 1020372080 83531 1750475616 16807 3892874515 132365 549983749 30855 3475595378 110244 98581 323257882 156684 17391328 149540 1708198115 25212 2163426860 53861
is_linear=0
shrinkage=0.05


Tree=23
num_leaves=63
num_cat=38
split_feature=0 0 0 17 0 17 0 0 17 17 17 0 11 0 11 0 17 17 17 0 17 11 11 13 0 13 11 13 14 12 13 13 12 2 13 13 13 13 13 12 13 16 13 17 13 13 2 13 13 3 13 14 11 14 14 13 13 13 17 14 2 13
split_gain=9.03396e+07 2.45063e+07 1.61549e+07 4.96185e+06 4.85637e+06 4.58976e+06 2.54946e+06 2.27844e+06 2.21145e+06 2.09004e+06 1.89698e+06 1.30599e+06 1.30209e+06 1.14572e+06 1.07561e+06 1.0187e+06 990440 903142 839686 838013 832216 710964 693290 761245 651499 649914 613554 560070 609440 550621 599492 535037 531172 520592 594502 518480 518247 509166 505932 489332 485922 483946 480781 478110 581835 476296 465792 534029 523946 447486 441519 654724 420576 418345 415721 407693 399103 393600 391304 386045 384586 384131
threshold=12.73855781555176 13.629689216613771 11.792338371276857 0 14.042400836944582 1 13.124651908874513 12.280593872070314 2 3 4 12.337017059326174 13.113457202911379 11.088717460632326 14.041472911834719 13.180584430694582 5 6 7 11.088717460632326 8 11.790730953216555 14.623640537261965 9 14.622321128845217 10 11.088853359222414 11 12 1.0000000180025095e-35 13 14 1.0000000180025095e-35 25.500000000000004 15 16 17 18 19 1.0000000180025095e-35 20 21 22 23 24 25 24.500000000000004 26 27 99.549999237060561 28 29 11.052241802215578 30 31 32 33 34 35 36 36.500000000000007 37
decision_type=2 2 2 1 2 1 2 2 1 1 1 2 2 2 2 2 1 1 1 2 1 2 2 1 2 1 2 1 1 2 1 1 2 2 1 1 1 1 1 2 1 1 1 1 1 1 2 1 1 2 1 1 2 1 1 1 1 1 1 1 2 1
left_child=2 3 8 6 10 11 17 18 13 14 25 21 56 -1 27 43 -9 39 42 -10 40 31 37 -24 36 41 -15 28 -6 30 54 -4 55 -14 58 -26 -11 -16 -17 50 -12 -3 -7 44 -5 53 48 -48 59 -43 51 -2 -21 -31 -22 -13 -8 -34 -35 -19 -18 -45
right_child=1 4 5 15 9 7 12 16 19 24 20 32 33 26 22 38 60 46 -20 52 29 -23 23 -25 35 -27 -28 -29 -30 45 -32 -33 57 34 -36 -37 -38 -39 -40 -41 -42 49 -44 61 -46 -47 47 -49 -50 -51 -52 -53 -54 -55 -56 -57 -58 -59 -60 -61 -62 -63
leaf_value=-0.042242187473798959 0.053273325924164019 0.088827895988536062 -0.011307354082905771 0.0045734629422564616 0.037033965906204384 -0.014664742224488606 0.013584159759979257 -0.018537723052422159 -0.059210986514010494 0.027560801288525325 0.01372030411901745 0.012605803298246624 0.0056666465248614442 -0.01809057691571149 0.036430850860706236 0.0075585903823844102 -0.011635830142587789 0.013821953925371642 -0.02945295529627244 -0.031035092247317791 0.04314159120840276 -0.013075197441015388 0.064284499839615469 0.034308316497931715 0.05011935452747706 0.025676476423423529 -0.028526971140337112 0.038513208382280416 0.060218500777836997 0.026608020399255774 0.017001699208713247 0.0016880079291860862 -0.0084135272113557737 0.021005934719495918 0.0079485406781106341 0.022027813267725217 0.01264519393096305 0.024225225231170239 -0.00091801149153132209 0.0056913519014215389 -0.0021679366695914848 0.035445916602638218 -0.023219403381265352 -0.0040613443083024354 -0.0066887559200468696 0.0097530089232053876 0.0098173762184661194 0.00014429262214700101 -0.0088739080504768118 0.091241068242831555 0.011786712944763024 0.011789390577849697 -0.043227165108016032 0.012868765556317286 0.023750162390940823 0.00024965075973951438 0.021915856645830369 -0.00069646683927980816 0.0088477080743349923 -0.0016407222951205101 -0.0051434629814393236 -0.013809296064878849
leaf_weight=11162137.442985535 1734485.1828613281 541890.47303771973 13819884.321947098 19411242.922832489 4029879.1654434204 32771210.84598732 22813969.115436554 38668277.977573395 6203156.1233329773 9866701.0454711914 9710083.3176498413 8876259.0321121216 45545016.933502197 21802661.748800278 16757875.801242828 29365938.217750549 57223928.067453384 5612649.0502548218 26805283.865909576 10677090.892827988 4787440.5699920654 59194743.928344727 3442290.3706207275 5505236.5335235596 3391388.3664398193 27421908.714214325 39773716.14188385 11985188.031890869 9556685.8437957764 10991933.856300354 16465633.689872742 18554005.463445663 30552643.625049591 22817624.658626556 33325952.555152893 3185416.0528106689 14212223.636695862 17433361.36164856 43945957.750118256 37797899.997756958 9540687.4629249573 5168520.5866355896 32925987.634447098 18256456.524330139 28025454.779102325 26535441.872528076 24021117.311225891 35143277.661724091 19135320.814434052 386209.60264205933 17324819.635036469 2105977.4421272278 20957396.653190613 11171621.50629425 6539330.8806838989 26929766.606567383 38850046.62399292 35982987.774188995 9321318.5897445679 14374311.904037476 37929082.55317688 22638370.362096786
leaf_count=390131 7160 433 214163 235622 15034 658830 166730 756972 260838 55381 80278 87708 423790 450773 71331 301242 935473 55525 683120 301696 19685 1087199 6970 20990 10766 151019 1052684 44166 22264 69503 101314 249557 448132 169026 298885 15970 98062 90377 496218 389197 94975 24050 712042 261717 386219 212046 246470 402081 239496 245 143544 16898 706162 84087 36453 309808 251218 483931 85714 167749 581577 360952
internal_value=5.2069e-05 0.0115873 -0.0155987 0.00529717 0.0251115 -0.0111242 0.00881336 -0.015961 -0.0326033 0.0334229 0.0187222 -0.00547898 0.0130078 -0.0275034 0.0382665 -0.00187958 -0.01179 0.00420756 -0.0219951 -0.0424072 0.0151383 -0.00981701 0.03345 0.0458409 0.0225665 0.0289594 -0.0248317 0.0463919 0.0533418 0.0174769 0.0230924 -0.0038595 -0.0015976 0.00977173 0.0126277 0.0365136 0.0187571 0.0302075 0.00247739 0.00909982 0.00584609 0.0437253 -0.0189522 -0.00549571 -0.00208022 0.0142722 0.00127264 0.00407163 -0.00296024 0.0393252 0.0151868 0.0305251 -0.0391122 0.0196827 0.0319463 0.00331273 0.0188334 -0.00424008 0.0174797 0.00270144 -0.0090479 -0.00945757
internal_weight=1.251e+09 7.20194e+08 5.3081e+08 4.91567e+08 2.28627e+08 4.20234e+08 3.29924e+08 2.26324e+08 1.10576e+08 9.93662e+07 1.29261e+08 1.9391e+08 1.72674e+08 7.27385e+07 6.87105e+07 1.61643e+08 1.33821e+08 1.5725e+08 9.25025e+07 3.78376e+07 9.57422e+07 9.15686e+07 4.31388e+07 8.94753e+06 3.06557e+07 3.35185e+07 6.15764e+07 2.55718e+07 1.35866e+07 7.64914e+07 2.77924e+07 3.23739e+07 1.02342e+08 1.1101e+08 6.54649e+07 6.5768e+06 2.40789e+07 3.41912e+07 7.33119e+07 5.89632e+07 1.92508e+07 6.09662e+06 6.56972e+07 8.83315e+07 4.74367e+07 4.8699e+07 9.82867e+07 5.91644e+07 3.91223e+07 5.55473e+06 2.11653e+07 3.84046e+06 3.16345e+07 2.21636e+07 1.13268e+07 3.5806e+07 6.1664e+07 6.65356e+07 3.21389e+07 1.9987e+07 9.5153e+07 4.08948e+07
internal_count=16801648 6430852 10370796 5105453 1325399 7208512 3063483 4328014 3162284 451311 874088 2880498 1395363 1893588 271132 2041970 2274022 1668120 2053992 1268696 698341 1550919 189668 27960 180179 175747 1503457 81464 37298 523088 157452 463720 1329579 977415 553625 26736 153443 161708 797460 556799 175253 24728 1370872 1244510 621841 365636 1111321 648551 462770 24295 167602 24058 1007858 153590 56138 397516 417948 932063 254740 223274 1517050 622669
cat_boundaries=0 1 2 3 4 5 6 7 8 9 11 13 15 16 18 20 22 24 26 28 30 32 33 35 36 38 40 42 44 46 47 48 49 51 53 55 56 57 59
cat_threshold=19 18 19 19 2 4 2 9 4 705759373 521 8913408 33472 2154033882 137091 792778 392764032 2618 3811494023 164276 1657149172 72294 102938460 78896 3374055481 75029 381696277 193932 956440804 97417 3312577549 6772 64 3407912029 248331 8 759251226 134065 3404780065 94850 92926913 18565 3799854102 70076 335544960 32774 103429 421931 835905 3221258624 181762 3936400976 132396 2553441688 238964 18 74020 48121983 104576
is_linear=0
shrinkage=0.05


Tree=24
num_leaves=63
num_cat=39
split_feature=0 0 0 17 17 0 0 17 0 17 0 0 17 0 17 17 0 17 12 12 12 13 13 13 12 13 13 12 17 12 0 13 12 12 13 13 2 13 16 2 14 14 16 13 13 13 13 13 17 14 13 3 13 13 14 13 13 3 15 13 13 13
split_gain=8.27939e+07 1.89307e+07 1.781e+07 4.53526e+06 4.36238e+06 2.80644e+06 2.77219e+06 2.59073e+06 2.43218e+06 1.99653e+06 1.70288e+06 1.45015e+06 1.22011e+06 1.21871e+06 1.07717e+06 1.04936e+06 1.0174e+06 937186 876019 853525 845916 691019 667928 649215 648291 646432 640308 599524 592400 590635 587848 571784 547587 534505 730737 532594 530421 519632 514201 481855 467577 463910 459318 458839 440425 436127 436045 425060 420052 405331 403683 417419 437970 397377 390211 388531 385211 397565 483697 373481 364583 364363
threshold=12.908501148223879 11.933642864227297 13.839263916015627 0 1 11.217521190643312 13.385950088500978 2 12.448048114776613 3 12.45578193664551 14.622321128845217 4 13.357542037963869 5 6 14.432618141174318 7 1.0000000180025095e-35 1.0000000180025095e-35 1.0000000180025095e-35 8 9 10 1.0000000180025095e-35 11 12 1.0000000180025095e-35 13 1.0000000180025095e-35 11.564560890197756 14 1.0000000180025095e-35 1.0000000180025095e-35 15 16 28.500000000000004 17 18 33.500000000000007 19 20 21 22 23 24 25 26 27 28 29 98.850002288818374 30 31 32 33 34 62.250000000000007 35 36 37 38
decision_type=2 2 2 1 1 2 2 1 2 1 2 2 1 2 1 1 2 1 2 2 2 1 1 1 2 1 1 2 1 2 2 1 2 2 1 1 2 1 1 2 1 1 1 1 1 1 1 1 1 1 1 2 1 1 1 1 1 2 1 1 1 1
left_child=1 5 4 10 6 27 19 16 15 43 24 12 46 48 -11 36 21 26 37 55 25 -4 54 49 -3 -14 40 -1 61 56 -16 -13 35 34 38 -15 -5 -10 -19 47 42 -27 -8 -7 -41 -35 -9 -31 -6 -22 51 -34 -53 -50 -18 -2 57 58 -12 -26 -21 -20
right_child=2 3 7 8 13 9 17 11 18 14 29 31 20 32 30 -17 22 33 28 60 23 -23 -24 -25 59 41 -28 -29 -30 39 -32 -33 50 45 -36 -37 -38 -39 -40 44 -42 -43 -44 -45 -46 -47 -48 -49 53 -51 -52 52 -54 -55 -56 -57 -58 -59 -60 -61 -62 -63
leaf_value=-0.032622410093100455 0.0066904466506401035 -0.0019750616959900344 0.044507120616638994 -0.018949229058496077 0.00064879755389781737 -0.0069442485262704899 0.08429457717821294 0.017481812966571225 -0.0089431981171477371 -0.039128992641261927 0.057842716628707859 0.048863021462524518 0.021626822290232321 0.023050736209274735 -0.032527240859805108 -0.025125133827290785 0.039855598301068128 0.032439286062527453 -0.0023205817319930204 0.008395098492138181 0.033126169200006272 0.028670821790155461 0.04158371183746027 0.014767782457032051 -0.014752995064687009 0.045699711183450557 0.018364300672432266 -0.048958443073396238 -0.01711154128678059 -0.011957050087551869 -0.022918676698986552 0.029039666932108826 0.0063618797499633284 0.0040550635707015314 0.010523975248980919 0.0071562702919907148 -0.010924220736624442 0.0013527687363936295 0.012654983395847872 0.011278917320334363 0.023661290403155014 0.029740266230439447 0.036484098454734347 -0.019416484823738176 -0.00063756830332356497 0.014084731146369676 0.0021709979225149711 -0.0013676963059377418 -0.011851257354192728 0.020589681106669169 -0.0018820293404860366 0.071700655045710188 0.003334101560249326 -0.0017916336808162952 0.075955570562155877 0.015017861677907385 0.0025709209576535632 0.01000469764119008 -0.012198789166466729 -0.0071240960553431614 0.0028301141213894826 -0.010599644376269646
leaf_weight=8478070.8061218262 20466429.012176514 35698889.332406998 10731116.677101135 38406183.949424744 46080967.239898682 13324585.078540802 542099.77006530762 10117034.957706451 20246378.178359985 19581259.169025421 929664.9490776062 7193479.7867279053 10606686.343841553 7996297.3520126343 23214123.922445297 33585941.737045288 968717.45875549316 11233084.776256561 18360279.951641083 52339214.699649811 11609201.241493225 19237653.981658936 5695057.6559371948 23972910.321659088 27760627.540025711 8488819.2663497925 29362253.726192474 16638750.635425568 26861843.757234573 13929763.131023407 50646118.841520309 7359188.0742492676 20859595.930896759 15763113.526687622 12588101.284042358 15460654.546264648 44388552.694522858 31046235.22467804 4641203.9292221069 11223204.519714355 10772199.215492249 9822399.3514251709 6852190.9185714722 16512741.738796234 25083008.468223572 34695669.042575836 8605867.0950889587 29643077.902114868 18030132.650489807 14501989.213985443 20981402.045818329 511030.6957359314 432542.33857345581 21551178.742591858 3294945.244644165 44380846.574485779 28217350.638420105 14009935.978473663 335427.61267471313 38008077.869903564 67243287.421268463 48120215.205541611
leaf_count=274625 175087 477504 39417 763084 547743 261191 657 71776 282725 623078 4111 21765 55632 56445 672623 788819 3201 57730 270380 506317 58081 92454 18880 157149 494169 29922 192714 638492 518577 198340 1193757 31383 209376 139109 87621 133387 815559 386428 30842 124692 64747 45231 34096 362174 319307 270017 72844 380736 264402 86728 232034 1559 4465 283338 4246 341261 297252 133039 3948 628002 699106 768516
internal_value=9.44928e-05 -0.0125806 0.0131665 -0.00780657 0.00828682 -0.0282108 0.0116802 0.0280034 -0.0122901 -0.0251071 -0.00260163 0.0241133 0.0219205 0.0013421 -0.0287028 -0.0176707 0.0389424 0.0173824 -0.0079606 0.00777062 0.0246403 0.0343415 0.0527881 0.0207089 -0.00739974 0.0314493 0.0229292 -0.0434443 -0.0108451 0.00134459 -0.0259386 0.0388385 0.006435 0.0140419 0.0195207 0.0125746 -0.0146468 -0.00271129 0.0266549 -0.00120818 0.0303073 0.0371389 0.0399894 -0.0138467 0.00304613 0.0109515 0.0104443 -0.004753 -0.00259618 0.0261635 0.00306893 0.00783328 0.0403616 -0.00637401 0.0677537 0.0123897 0.00603307 0.0124287 0.0392722 -0.0103442 0.00526581 -0.00831317
internal_weight=1.24924e+09 6.3425e+08 6.14989e+08 4.85855e+08 4.62783e+08 1.48396e+08 3.1088e+08 1.52205e+08 2.61016e+08 1.23279e+08 2.24839e+08 1.12278e+08 9.77249e+07 1.51904e+08 9.34415e+07 1.16381e+08 3.99275e+07 1.2645e+08 1.44635e+08 1.8443e+08 7.9002e+07 2.99688e+07 9.95872e+06 5.00841e+07 1.01468e+08 2.89179e+07 4.75287e+07 2.51168e+07 9.33423e+07 1.23371e+08 7.38602e+07 1.45527e+07 6.62415e+07 7.89212e+07 2.84624e+07 2.3457e+07 8.27947e+07 5.12926e+07 1.58743e+07 7.98791e+07 1.81665e+07 1.83112e+07 7.39429e+06 2.98373e+07 3.63062e+07 5.04588e+07 1.87229e+07 4.35728e+07 8.56623e+07 2.61112e+07 4.27846e+07 2.18032e+07 943573 3.95813e+07 4.26366e+06 6.48473e+07 4.34924e+07 1.5275e+07 1.26509e+06 6.57687e+07 1.19583e+08 6.64805e+07
internal_count=16801890 11681128 5120762 7655188 4332053 4025940 2599304 788709 4594088 3112823 3061100 630511 577363 1732749 2489458 2367462 158198 877533 2226626 1721771 432743 131871 26327 301958 1599675 130785 292214 913117 1557473 1461425 1866380 53148 637266 585319 176193 189832 1578643 669153 88572 1023075 99500 75153 34753 623365 443999 409126 144620 579076 1095483 144809 447434 215400 6024 547740 7447 516348 438350 141098 8059 1122171 1205423 1038896
cat_boundaries=0 1 2 3 4 5 6 7 8 10 12 14 16 18 19 21 23 25 27 28 29 30 31 33 35 37 39 41 42 43 45 47 49 50 52 54 55 57 59 61
cat_threshold=18 19 2 2 4 4 9 2 273285702 14085 2723156525 648 445946170 258636 601163052 194752 2156446296 238184 9 775008712 200742 397745126 84487 88253545 137217 2332630372 239184 43 332332 344661 64 211108143 126496 629705248 22546 738765124 115810 3500103206 13533 227156793 33809 8 91689 2041702412 127544 2060 69648 3978607113 153148 366217 10552625 93748 1124156800 58949 2613 2019567784 178118 432616676 21674 153149481 164480
is_linear=0
shrinkage=0.05


Tree=25
num_leaves=63
num_cat=40
split_feature=0 0 0 17 17 0 0 0 17 0 17 17 0 0 13 17 12 17 11 13 12 17 13 15 14 17 14 12 17 12 12 13 15 14 13 13 2 13 11 13 13 17 13 14 13 13 13 13 14 13 2 11 14 0 13 13 17 1 13 13 11 13
split_gain=7.4603e+07 1.96139e+07 1.40885e+07 4.40033e+06 3.95102e+06 3.3119e+06 2.50779e+06 2.04253e+06 1.84099e+06 1.66375e+06 1.44735e+06 1.31028e+06 1.18459e+06 1.15006e+06 1.03735e+06 880163 860654 816035 721865 878514 644935 575036 573456 712984 632123 568681 551126 525964 522942 516411 515646 500525 479895 487875 475928 465074 451455 527854 448985 545774 518162 447808 440933 460573 440897 438319 422536 420461 414831 420963 411535 406181 395790 387571 383690 380522 378751 406816 445642 391372 378552 418993
threshold=12.770995616912844 13.723642349243166 11.83795738220215 0 1 14.224736690521242 13.276327610015871 11.217521190643312 2 12.280593872070314 3 4 12.337017059326174 13.276327610015871 5 6 1.0000000180025095e-35 7 13.722758293151857 8 1.0000000180025095e-35 9 10 11 12 13 14 1.0000000180025095e-35 15 1.0000000180025095e-35 1.0000000180025095e-35 16 17 18 19 20 24.500000000000004 21 14.223823547363283 22 23 24 25 26 27 28 29 30 31 32 23.500000000000004 12.288261890411379 33 14.622321128845217 34 35 36 42960.693359375007 37 38 1.0000000180025095e-35 39
decision_type=2 2 2 1 1 2 2 2 1 2 1 1 2 2 1 1 2 1 2 1 2 1 1 1 1 1 1 2 1 2 2 1 1 1 1 1 2 1 2 1 1 1 1 1 1 1 1 1 1 1 2 2 1 2 1 1 1 2 1 1 2 1
left_child=2 3 7 6 12 8 16 25 18 20 55 38 29 30 26 22 45 51 19 32 -6 -12 23 24 -8 60 35 42 54 31 -5 48 -3 -34 -20 -13 44 -38 40 -40 -7 -22 43 -14 -18 -2 50 52 49 -4 -17 -11 -32 -16 -10 -9 -15 59 -59 -58 61 -1
right_child=1 5 4 13 9 11 15 10 28 17 21 14 27 56 53 46 36 -19 34 -21 41 -23 -24 -25 -26 -27 -28 -29 -30 -31 47 -33 33 -35 -36 -37 37 -39 39 -41 -42 -43 -44 -45 -46 -47 -48 -49 -50 -51 -52 -53 -54 -55 -56 -57 57 58 -60 -61 -62 -63
leaf_value=-0.0050648840103412977 0.0055177136874432495 0.02558776450201496 -0.017740334351720576 0.00055446535158996696 -0.013589424303541995 0.046172633493516226 0.058295698399933732 -0.012110789264002213 0.016294041687316334 -0.0041032025120351012 -0.027836866811180239 0.049935472855771552 0.019398243553608613 0.0075661447473334316 0.025764864651744115 0.0081897680988110792 -0.0056469241630071089 -0.016636339212296427 0.027574133823777082 0.023262896791224331 -0.019828679958016408 -0.039383244792740725 0.016060587975762666 0.018519938633305706 0.02533223617464744 -0.051893903881356063 0.050880264828462619 -0.0034971437956432916 0.016939954698815884 -0.011645815439133426 0.005409432483177783 -0.01041809247774078 0.030682862353800133 0.056970710264368202 0.016446426791675871 0.022580721801795031 0.0096221389739968109 0.0014353785675912472 0.030744207902308352 0.0090731512263893029 0.018693440875539476 -0.029683984653216651 -0.00040183813668627077 0.0016614081900333305 0.0035814549778283183 0.013400645466222272 0.0082146865151750334 -0.01014149869250879 -0.00057550697447419485 0.036089476074926949 0.019438681549261767 -0.010679970455170672 -0.007389056739858949 0.04051354027774634 0.0015100045632334986 -0.022087065553088099 0.012508131490924293 0.0018402740067201462 -0.02228362253686118 -0.0012314868951375511 -0.041620355575675838 -0.034746720987439542
leaf_weight=1728229.5568389893 32213111.06136322 2905147.1958847046 473315.7921962738 34752028.370079041 29923805.828344345 3662501.3297653198 2820200.8460693359 14033177.198511124 7045518.0751457214 36666106.304796219 36721481.29227829 2609984.0888900757 7346608.5545921326 36307276.503444672 13739291.936737061 12835202.469852448 23676562.849998474 41428424.782016754 19392413.514404297 10945756.671661377 39835300.852836609 15266129.522367477 37495705.913162231 8381404.1444664001 3003145.5729026794 8775092.3695850372 16550673.224578857 72401976.092323303 48159702.306274414 55591645.385231018 10658466.513881683 14139519.561021805 2512844.8852233887 5931045.276512146 19046301.574310303 3839846.7472457886 38101163.164180756 40744561.134548187 4703752.1326904297 7598779.5255241394 3227211.9930152893 16219662.059925079 24546316.169628143 7293767.1773071289 28548961.943984985 38963973.420265198 52147968.348609924 40245082.027591705 14210979.964946747 1560995.8707714081 22182572.504844666 65263368.130344391 13942786.661249161 6591293.5288162231 11638100.923568726 29975759.880767822 7750099.3748512268 3915321.1164932251 3745996.9179267883 15647349.979076385 10576671.828041077 3810359.4780368805
leaf_count=43002 293074 13672 7554 407269 567251 13308 9510 300690 53582 502026 1005884 7525 65947 345670 62361 105600 283895 807958 102791 55067 885870 504392 261867 55549 18251 365606 46657 1005119 318514 1012542 136874 217207 11025 15996 120563 17365 381101 448368 22871 49462 18019 443191 282324 81001 307298 317414 429437 606260 193845 13504 157602 1117462 203216 21932 106367 703307 75530 42717 50998 177641 382843 121922
internal_value=-7.19581e-06 0.01083 -0.0138197 0.00570384 -0.00955269 0.0245307 0.00895927 -0.0288882 0.0199106 -0.0140173 -0.0255787 0.0339579 -0.00437016 -0.000947135 0.0387751 0.0141331 0.00540687 -0.0107192 0.0262118 0.0333694 -0.0195164 -0.0312275 0.0193017 0.0278573 0.0412963 -0.0416519 0.0460486 -0.000971732 0.0141854 -0.00878097 -0.00435996 -0.00353948 0.0431168 0.0491477 0.0220604 0.0336501 0.0030033 0.00539152 0.0230819 0.0173589 0.0333012 -0.0226803 0.00369426 0.0105618 -0.000602253 0.00983301 0.0110674 -0.00699366 0.0024475 0.0235651 0.0153156 -0.00831417 -0.00184413 0.0305465 0.00708501 -0.0189059 0.0040986 4.50934e-05 -0.00995512 0.00331959 -0.0360749 -0.025485
internal_weight=1.24597e+09 6.98179e+08 5.47789e+08 5.08079e+08 4.26902e+08 1.901e+08 3.41115e+08 1.20887e+08 1.27577e+08 2.29337e+08 9.59965e+07 6.25233e+07 1.97565e+08 1.66964e+08 4.33311e+07 1.38866e+08 2.02248e+08 1.43358e+08 6.07335e+07 2.22948e+07 8.59788e+07 5.19876e+07 5.17005e+07 1.42048e+07 5.82335e+06 2.48904e+07 2.30005e+07 1.11589e+08 6.68433e+07 8.59765e+07 9.95984e+07 3.03848e+07 1.1349e+07 8.44389e+06 3.84387e+07 6.44983e+06 1.31071e+08 7.88457e+07 1.91922e+07 1.23025e+07 6.88971e+06 5.6055e+07 3.91867e+07 1.46404e+07 5.22255e+07 7.11771e+07 8.71657e+07 6.48463e+07 1.62453e+07 2.03431e+06 3.50178e+07 1.01929e+08 2.46013e+07 2.03306e+07 1.86836e+07 4.40089e+07 6.7366e+07 3.10588e+07 7.66132e+06 2.33974e+07 1.61153e+07 5.53859e+06
internal_count=16802665 6172218 10630447 5115141 7202801 1057077 3068966 3427646 797577 4323758 2514273 259500 2879043 2046175 155840 1037816 2031150 2427446 319114 95760 1896312 1510276 345177 83310 27761 913373 71547 1434391 478463 1444652 1353619 432110 40693 27021 223354 24890 1420662 829469 103660 72333 31327 1329061 429272 146948 591193 610488 692639 946350 214903 21058 263202 1619488 340090 84293 159949 1003997 692556 346886 93715 253171 547767 164924
cat_boundaries=0 1 2 3 4 5 7 8 9 11 12 14 15 16 17 18 19 21 22 23 25 27 29 31 33 34 36 37 39 41 43 45 46 48 49 51 53 54 56 58 60
cat_threshold=19 18 18 18 12 3067230874 4997 2 9 137207648 131902 9 12632073 107104 1248 118860 19 361612 4 517023608 91723 1576 930946 1892160671 242977 269488136 4480 2223756992 9951 1480508 67136 3743943011 205104 9 3221277096 181830 419461 4238749969 103239 166758779 97888 370542243 27270 2731606038 141721 32770 33629440 73793 172826 2159135788 4705 2257912097 84736 8 2029138018 156763 1161824267 86293 391203488 2048
is_linear=0
shrinkage=0.05


Tree=26
num_leaves=63
num_cat=37
split_feature=0 0 0 17 17 0 17 0 17 0 11 0 0 11 17 12 13 0 17 0 12 11 11 13 17 11 17 17 13 11 17 13 16 13 0 13 13 13 13 1 13 15 0 13 13 13 13 13 13 13 13 3 13 13 13 11 13 0 13 13 13 11
split_gain=6.77965e+07 1.7773e+07 1.33566e+07 4.14694e+06 3.48313e+06 2.96407e+06 2.27387e+06 2.11417e+06 1.79603e+06 1.70952e+06 1.30116e+06 1.14926e+06 1.12157e+06 1.10647e+06 952700 891031 855104 823147 787735 707124 696089 669485 662342 774095 660734 639517 636404 602734 602373 578174 542241 527032 621981 632381 524393 464258 464015 451439 420448 409064 397843 385811 381163 544062 379419 372092 369310 368933 368215 365019 362819 389244 440926 356177 355919 355635 350492 398286 349592 345814 339590 339402
threshold=13.00260639190674 12.000998973846437 13.839263916015627 0 1 11.384678363800051 2 12.448048114776613 3 12.504242897033693 13.83748769760132 13.478944778442385 14.622321128845217 12.994016170501711 4 1.0000000180025095e-35 5 10.685305595397951 6 14.096644878387453 1.0000000180025095e-35 12.440172195434572 14.434037685394289 7 8 11.999536514282228 9 10 11 12.503695011138918 12 13 14 15 13.342944145202638 16 17 18 19 8144.4631347656259 20 21 13.548122406005861 22 23 24 25 26 27 28 29 98.850002288818374 30 31 32 11.705613613128664 33 13.251674175262453 34 35 36 10.685154438018801
decision_type=2 2 2 1 1 2 1 2 1 2 2 2 2 2 1 2 1 2 1 2 2 2 2 1 1 2 1 1 1 2 1 1 1 1 2 1 1 1 1 2 1 1 2 1 1 1 1 1 1 1 1 2 1 1 1 2 1 2 1 1 1 2
left_child=1 5 4 9 11 17 10 26 -7 25 16 20 18 34 21 -10 19 -1 28 -4 56 35 37 -24 36 53 39 42 41 46 -17 32 33 -13 58 -9 -19 -12 -22 -5 -36 48 49 -44 -20 -31 -11 -41 -8 -15 51 -29 -53 -3 -28 -32 57 -2 -6 -57 -43 -26
right_child=2 3 6 7 13 8 12 14 15 29 22 31 -14 27 -16 30 -18 24 44 -21 38 -23 23 -25 61 -27 54 50 -30 45 55 -33 -34 -35 40 -37 -38 -39 -40 47 -42 60 43 -45 -46 -47 -48 -49 -50 -51 -52 52 -54 -55 -56 59 -58 -59 -60 -61 -62 -63
leaf_value=-0.056956361425190283 0.013572063824665553 0.0048048112331330623 0.034387743130099346 -0.010158167200041009 0.010606007033781518 -0.03466115084871027 0.018040634090402057 0.0072809542813221176 -0.012243047074077544 0.011008674277055168 0.029669467013579622 0.08207064314890071 0.035111906476761955 0.0062200109751809236 -0.012512585542086173 -0.014766982146817452 0.031466388307751739 -0.016313431536802103 0.016128861238223421 0.057586903868989896 0.011310452626533731 -0.0070645175421513154 0.0556934978028416 0.027581063445041298 -0.030933021109322795 -0.0088591331649737412 -0.013896929201402257 0.00025005029323735549 0.015662733982272536 0.0042921196160281058 -0.029816061280786683 0.014472496967387555 0.022009794240617858 -0.0038853995632178646 0.019907715019751297 -0.0033309819313650001 -0.033619081780344118 0.018223617233081756 0.0040074472550410013 -0.01175130632981787 0.0092316346276980401 0.011725958499127455 0.015696310705199612 0.0013362842314659895 0.0018234774395694616 -0.0023659173998158219 0.0022904538805476474 -0.022955446115478215 0.041255228340740607 -0.0011565766792535051 -0.007833614569103196 0.069397351613205191 -0.014654918612660559 -0.0051131700943285903 -0.025521339425197232 -0.015675480310283756 0.011982698473203265 0.029281654265158753 0.00052462661555333447 -0.026245521759094944 0.027626771740923147 -0.044941105740148313
leaf_weight=4385734.8719139099 8234773.8729820251 16496100.671051025 5149006.4029006958 44473306.877542496 14069107.974525452 20021545.23950386 2337022.5388183594 16345696.499141693 38430184.580400467 25893633.090209961 16069854.513519287 832512.19247055054 10391669.769989014 26169124.583770752 50131342.210765839 20094023.268157959 13060083.102432251 6604091.5404949188 8916506.3677139282 9071688.4303894043 38277264.52753067 80634074.614370346 3854251.6023712158 6715035.8495941162 6531170.6224060059 67015348.416814804 9690148.3739013672 15478380.272743225 26783762.885402679 33724625.595245361 19281405.621429443 36318688.783866882 28876523.001251221 288005.77260971069 13082275.978790283 27895360.172771454 9368134.1750640869 18569912.521522522 40625903.815589905 13725874.233392715 26207453.519790649 5379996.1726455688 13174191.392131805 13209676.377529144 9653162.0953483582 55547992.826461792 22881221.856781006 15810868.961526871 6347996.1632919312 46694662.145137787 23838334.886676788 431589.74030303955 244374.77558517456 20060738.362995148 20549229.715839386 14891917.603113174 27414165.941238403 7910323.5439834595 22118335.921993256 16108161.713048935 8933644.0292167664 12795936.860935211
leaf_count=194961 62924 198538 21279 816967 129380 620808 13817 178843 745357 235975 77394 1149 39691 271532 876613 435314 53394 178663 63417 20526 334409 1227401 9272 27390 212230 1110272 208922 188799 166835 394394 555753 246666 175423 2332 89511 347260 291973 107161 392179 255528 207895 34644 103649 122656 81358 702061 235473 324126 26948 527578 317768 1597 3438 272614 489773 343151 205110 43197 231683 405702 46474 494318
internal_value=5.72061e-06 -0.0104644 0.0130174 -0.00589807 0.00826756 -0.0245791 0.0256902 -0.0100479 -0.0208985 -0.00110181 0.0320802 0.013222 0.0198078 0.00391166 -0.00669015 -0.0183661 0.0407036 -0.0365269 0.0174811 0.049187 0.0103511 -0.00435273 0.0268765 0.0378328 -0.0339886 -0.00595731 -0.0156847 0.00126906 0.0207593 0.00254109 -0.0217097 0.0185234 0.0234281 0.0599776 0.00878673 0.0005898 -0.0264637 0.0235335 0.00755026 -0.0131875 0.0127864 0.0266948 0.0033573 0.00850665 0.00869243 0.000149298 0.00691879 -0.0177488 0.0350085 0.00149274 -0.0039132 0.00187199 0.0390116 -0.000637728 -0.0217963 -0.0244842 0.0154246 0.021269 0.00444411 -0.0211679 0.0216502 -0.0402074
internal_weight=1.24412e+09 6.89388e+08 5.54729e+08 5.20876e+08 4.03496e+08 1.68512e+08 1.51234e+08 2.79256e+08 1.28827e+08 2.4162e+08 7.24898e+07 1.88778e+08 7.87438e+07 2.14718e+08 1.75006e+08 1.08806e+08 2.72808e+07 3.96851e+07 6.83521e+07 1.42207e+07 1.22462e+08 1.24875e+08 4.52091e+07 1.05693e+07 3.52993e+07 1.03572e+08 1.04249e+08 1.3924e+08 4.97824e+07 1.38047e+08 7.03755e+07 6.63157e+07 2.9997e+07 1.12052e+06 7.54772e+07 4.42411e+07 1.59722e+07 3.46398e+07 7.89032e+07 7.40101e+07 3.92897e+07 2.29987e+07 9.92477e+07 2.63839e+07 1.85697e+07 8.92726e+07 4.87749e+07 2.95367e+07 8.68502e+06 7.28638e+07 3.99927e+07 1.61543e+07 675965 3.65568e+07 3.02394e+07 5.02815e+07 4.35593e+07 1.61451e+07 3.61874e+07 3.10001e+07 1.43136e+07 1.93271e+07
internal_count=16801465 12352990 4448475 7874760 3658875 4478230 789600 4725433 3106085 3149327 316416 1463389 473184 2195486 2630117 2485277 95199 1372145 433493 41805 1037819 1753504 221217 36662 1177184 1581424 2095316 1537017 288718 1567903 1739920 425570 178904 3481 658469 526103 470636 184555 726588 1396621 297406 121883 1025415 226305 144775 1096455 471448 579654 40765 799110 511602 193834 5035 471152 698695 1304606 311231 106121 361063 748853 81118 706548
cat_boundaries=0 1 2 3 4 5 7 8 10 11 12 13 15 16 18 19 21 23 25 27 29 31 32 34 36 38 40 42 44 46 48 50 52 54 56 58 60 62
cat_threshold=18 18 18 4 9 3362755226 132996 9 647037129 648 18 9 9 437689008 213804 2 3770692457 113282 64 8396833 70144 616964610 22701 252777257 11928 273033502 259333 473584838 222568 57807016 68130 2464 333479763 70256 3230614565 21727 856021504 18995 1867113888 58519 3054013596 111179 135528464 131592 2911011853 6296 565266566 27413 1067010 2064 3323078034 218691 944847906 16704 2437464718 24664 1517035808 68995 3224540124 23147 33720960 292
is_linear=0
shrinkage=0.05


Tree=27
num_leaves=63
num_cat=43
split_feature=0 0 0 0 17 0 17 0 17 11 17 17 0 17 12 17 2 17 0 13 17 11 13 11 13 14 2 13 0 11 13 13 13 12 17 17 13 13 11 14 13 14 14 13 13 13 13 11 14 13 13 17 13 13 13 13 14 13 13 13 13 13
split_gain=6.07036e+07 1.64082e+07 1.17196e+07 3.86727e+06 3.14673e+06 2.3092e+06 2.08892e+06 1.83812e+06 1.79705e+06 1.57724e+06 1.34517e+06 1.09004e+06 991116 882566 872625 865155 834178 814945 714209 717605 657500 649097 703599 642534 694569 613081 611150 677233 560645 556607 551371 535796 520121 498511 490191 480900 478404 451789 439863 622683 549916 513104 434172 453258 438200 430366 429102 410412 409946 409589 409215 407856 405868 396017 394060 388819 381707 373915 366414 365578 352161 351312
threshold=13.00260639190674 11.933642864227297 13.950327873229982 12.463710308074953 0 11.29636335372925 1 13.478944778442385 2 13.948962688446047 3 4 13.431216716766359 5 1.0000000180025095e-35 6 27.500000000000004 7 14.155711174011232 8 9 14.623640537261965 10 13.47723436355591 11 12 26.500000000000004 13 10.777470111846926 12.463582992553713 14 15 16 1.0000000180025095e-35 17 18 19 20 13.445876598358156 21 22 23 24 25 26 27 28 11.943240642547609 29 30 31 32 33 34 35 36 37 38 39 40 41 42
decision_type=2 2 2 2 1 2 1 2 1 2 1 1 2 1 2 1 2 1 2 1 1 2 1 2 1 1 2 1 2 2 1 1 1 2 1 1 1 1 2 1 1 1 1 1 1 1 1 2 1 1 1 1 1 1 1 1 1 1 1 1 1 1
left_child=1 5 4 8 12 20 14 13 -3 18 -7 21 53 49 46 50 47 54 52 -20 61 30 48 24 25 -17 36 -28 -22 -8 -11 38 -13 58 45 60 -15 -25 41 40 -40 -14 43 -21 -44 -18 -5 -10 -23 -6 -9 -45 -4 -2 -12 -49 -32 -37 -19 -36 -16 -1
right_child=2 3 9 6 7 10 29 15 16 11 17 32 31 26 35 23 34 33 19 42 28 22 -24 37 -26 -27 27 -29 -30 -31 56 -33 -34 -35 59 57 -38 -39 39 -41 -42 -43 44 51 -46 -47 -48 55 -50 -51 -52 -53 -54 -55 -56 -57 -58 -59 -60 -61 -62 -63
leaf_value=-0.007857290151840739 0.01592219068581039 -0.021427050622837694 0.034927427562532157 0.0030069080261807095 0.003677654498539247 -0.034057816925366677 0.0061113686531793984 0.0083935779880266077 -0.0080782906448093449 0.014437807454146512 -0.020054945618568715 0.021024383470425474 0.049573943621481202 0.006738839150905996 -0.0078866714275056971 0.037591334525933995 0.0051301583574405417 -0.02466084599231344 0.027672026573182452 0.019909211099979285 -0.05684739430001419 0.06544953983480499 0.025481121710721994 0.014408231730312859 0.012146925645469859 0.017627250611309889 0.0022712129465372144 0.011076385033523524 -0.037277007435204575 -0.00030540443473950422 0.0081162496865847707 0.01613107181210394 0.0063323126608406666 -0.025255544501872024 -0.012894587001703145 -0.010433703600944146 -0.0019873037852683106 0.0060633499928524903 0.043229212386597222 0.010369105547310348 0.015843308327501127 0.025499463739498043 0.04862741825850242 0.062150151959121151 0.025658410389398256 -0.0067874634517989911 -0.0054223465178170433 -0.020494377948194992 0.030603384967069422 -0.0070950066824236298 -0.0042580453630933933 0.036158928508829138 0.018709492472397646 0.0076889860491683483 -0.0076442281758713083 -0.011868388929618638 0.028700607480146662 -0.0035104075289686385 -0.011848453947396915 -0.0055870519184368942 -0.018540423559853077 -0.031404608371143235
leaf_weight=2329711.7521781921 27284614.61781311 34679002.844316483 6629325.4054756165 29343606.531970978 13101375.978729248 18150060.927394867 52234274.215499878 13760534.657737732 30431637.819169998 12015643.926265717 9891265.3716506958 11255438.06294632 3674706.7174720764 24542507.018074036 13514595.017543793 6607952.6364135742 15496501.057107925 8635662.6383800507 9366102.1113700867 972389.44892120361 4540748.400642395 2644990.8965377808 4636104.296585083 29365111.734775543 21355895.901706696 9199160.4337654114 37271633.182170868 52734945.751098633 18857683.458124161 95735545.3828125 2446457.104850769 25715058.523658752 12960261.312309265 45017579.357307434 26899363.009334564 36221761.028421402 43628580.514125824 36231331.301799774 4160834.7838973999 6976863.2059936523 3276683.4439659119 5565285.3788642883 3934122.6371269226 6360435.9962158203 4397786.817489624 14819697.260482788 31099743.358890533 21819811.186576843 1239678.5778808594 27023049.857589722 11934942.613594055 1979134.2303962708 9227574.6868057251 31430194.73217392 18100211.160778046 32555036.348936081 28358530.432765961 42251051.242132187 15771724.082696915 47053318.297832489 18206165.763725281 4948597.8800487518
leaf_count=61816 209534 814889 28521 352181 155453 583830 511289 127247 470234 69834 222200 68251 12915 238419 239007 30373 207049 199696 40439 4502 208786 4739 18609 223099 141716 56138 375949 480261 679152 1191452 14949 164008 94914 1223374 496109 571618 464002 309224 17937 48043 21193 29093 11733 12684 19073 225111 414213 441070 4507 362244 127626 8505 50563 268643 361215 608327 133517 619292 324262 808515 356731 160938
internal_value=-2.5145e-05 -0.00993394 0.0123075 -0.00592612 0.00850989 -0.0247975 -0.00238789 0.00606363 -0.0109642 0.0262521 -0.0215604 0.0219058 0.0159054 0.00304537 -0.00615799 0.0107231 -0.00904523 -0.019232 0.0339129 0.038858 -0.0369923 0.0260302 0.0386334 0.012775 0.0180278 0.025973 0.00472538 0.00743017 -0.0410749 0.00195976 0.0235224 0.0211269 0.0131612 -0.0221358 -0.00605007 -0.00880615 0.00115423 0.00979905 0.0265579 0.0210989 0.0311641 0.0350739 0.0447959 0.0522152 0.0365039 -0.000695623 -0.00133017 -0.0127277 0.0543295 -0.00357753 0.0025172 0.055982 0.0254898 0.0115149 -0.0120298 -0.0153299 0.0270659 -0.00670609 -0.0163817 -0.00824508 -0.0140014 -0.0238674
internal_weight=1.24187e+09 6.88604e+08 5.53265e+08 5.42361e+08 4.34841e+08 1.46243e+08 3.18607e+08 3.26757e+08 2.23754e+08 1.18424e+08 1.15567e+08 7.55571e+07 1.08084e+08 1.98302e+08 1.70637e+08 1.28455e+08 1.89075e+08 9.74164e+07 4.28669e+07 2.701e+07 3.06767e+07 5.13414e+07 8.52077e+06 1.02759e+08 3.7163e+07 1.58071e+07 1.58178e+08 9.00066e+07 2.33984e+07 1.4797e+08 4.28206e+07 4.93694e+07 2.42157e+07 6.9425e+07 1.04269e+08 1.10194e+08 6.81711e+07 6.55964e+07 2.36544e+07 1.44144e+07 7.43752e+06 9.23999e+06 1.76439e+07 9.31196e+06 8.33191e+06 3.03162e+07 6.04433e+07 8.48065e+07 3.88467e+06 4.01244e+07 2.56955e+07 8.33957e+06 1.58569e+07 5.87148e+07 2.79915e+07 5.43748e+07 3.0805e+07 7.84728e+07 2.44074e+07 7.39527e+07 3.17208e+07 7.27831e+06
internal_count=16800813 12352356 4448457 8327087 3863117 4025269 4255783 3091751 4071304 585340 2914577 409320 771366 2076328 2553042 1015423 3256415 2330747 176020 96936 1110692 246155 27855 760550 228227 86511 1558631 856210 887938 1702741 218300 293189 163165 1747332 1736784 1786648 702421 532323 129181 87173 39130 42008 56497 25691 30806 432160 766394 1519631 9246 517697 254873 21189 79084 478177 583415 1049397 148466 1190910 523958 1304624 595738 222754
cat_boundaries=0 1 2 3 4 5 6 7 8 10 11 13 15 16 18 20 22 24 25 26 28 30 31 33 34 35 37 39 41 43 44 46 48 49 51 53 55 57 58 60 62 64 66 68
cat_threshold=2 13 4 4 19 4 4 2 831909189 51272 2 705793677 519 389224900 133666 804064 636078610 193120 2837059208 2098 814270076 107244 1393972604 73739 2 4 2043218436 43280 2329989809 80514 373928 537413204 576 6922 182065 524288 1440 2150105090 202144 1338921777 68249 1960239640 6319 747606 29425774 76161 4122124301 62268 19 1477304896 132976 83431495 192622 4046100688 135242 145377572 111604 262148 1922440068 31311 755829644 38784 1750737321 13474 278562904 251780 1313931561 1544
is_linear=0
shrinkage=0.05


Tree=28
num_leaves=63
num_cat=40
split_feature=0 0 0 17 17 17 0 17 0 0 11 0 0 0 17 0 13 11 17 13 11 0 13 13 11 13 13 14 14 13 14 13 2 11 13 11 11 14 14 17 13 13 2 13 13 14 13 13 13 11 13 17 15 11 17 13 17 14 13 14 13 13
split_gain=5.52996e+07 1.46612e+07 1.10941e+07 3.36566e+06 3.06735e+06 2.47192e+06 1.90368e+06 1.7226e+06 1.58795e+06 1.43419e+06 1.17635e+06 1.04084e+06 1.00496e+06 887163 852168 817665 744263 690113 686585 678587 636521 634275 610021 514454 508107 577897 552963 651288 504127 497123 528615 680295 480852 478680 476607 475829 457299 439660 433741 430229 500615 452460 427311 420456 419725 419226 386703 376124 372705 369611 368632 367649 366627 365660 364029 477958 362718 362576 357017 355037 352525 347061
threshold=12.770995616912844 13.779185295104982 11.780675888061525 0 1 2 13.251674175262453 3 14.622321128845217 12.280593872070314 13.777431964874269 13.302617073059084 12.337017059326174 14.432618141174318 4 11.088717460632326 5 12.763036251068117 6 7 11.779021739959719 11.051819801330568 8 9 13.250731945037844 10 11 12 13 14 15 16 24.500000000000004 12.336358547210695 17 13.777431964874269 11.088853359222414 18 19 20 21 22 25.500000000000004 23 24 25 26 27 28 11.006946563720705 29 30 31 12.288261890411379 32 33 34 35 36 37 38 39
decision_type=2 2 2 1 1 1 2 1 2 2 2 2 2 2 1 2 1 2 1 1 2 2 1 1 2 1 1 1 1 1 1 1 2 2 1 2 2 1 1 1 1 1 2 1 1 1 1 1 1 2 1 1 1 2 1 1 1 1 1 1 1 1
left_child=2 3 7 6 9 13 17 15 10 20 29 32 39 19 24 -1 28 44 -11 35 -4 -9 38 -12 25 45 27 -26 -15 30 31 -7 34 46 -5 52 -17 47 -10 40 -6 -41 43 -19 -2 -8 -14 -25 57 -23 59 -39 -3 58 55 -34 60 -13 -20 -35 -22 -56
right_child=1 5 4 11 12 8 14 21 22 18 23 48 33 16 -16 36 -18 42 53 -21 56 49 -24 37 26 -27 -28 -29 -30 -31 -32 -33 54 50 -36 -37 -38 51 -40 41 -42 -43 -44 -45 -46 -47 -48 -49 -50 -51 -52 -53 -54 -55 61 -57 -58 -59 -60 -61 -62 -63
leaf_value=-0.034667814128601621 0.013136715198150673 0.024963593434993939 -0.011477309610626636 -0.0013194304986021501 -0.0040006374111389116 0.064838874507384348 0.041131647326433797 -0.051637609998723411 0.027058619945927887 -0.014601179134908117 0.0068563409423396662 0.014703833805080412 0.0083760228405330445 0.073214940097038314 0.009285580888862081 -0.013694226228354082 0.033936342014779054 0.0049627046302258794 0.0020793252195703297 0.022006190628204119 -0.012159038330321439 -0.025008996471830226 0.026005177505805933 0.016370995635584976 0.036160152234942851 0.014503234551692093 0.009665912102765916 0.011258919611487549 0.032886625083396293 0.018483291695685942 0.025394449335073444 0.019502673918959837 -0.005091564643827335 0.0049051135463517781 -0.012201390526958941 0.029179527368765897 -0.022898063936647877 0.0081129468916421137 0.056772936531065216 0.0014409010661586296 -0.015362089207316279 -0.0083855221320242763 0.0049776781443999904 -0.0043728186731225418 0.0052383723333143334 0.021611577990416464 -0.0015556067301994215 -0.0009288792071117304 0.0010281753128879964 -0.036675797685389221 -0.006868270289061661 0.021380679070277395 0.053067356019885895 -0.0091986432745283422 0.0013793988522345076 0.007227486071177569 -0.02622366132968898 0.0037023305728815497 -0.0077705210350600268 -0.00482314378194546 -0.021380398598703748 -0.0097678262602380137
leaf_weight=10667655.197454453 30465201.793201447 1512080.6055679321 32542617.638504028 16969360.149478912 14803147.811542511 2122591.2076721191 5292031.1851997375 5182931.3579063416 1820335.6342163086 41128116.563154221 24711697.753009796 13122507.390872955 20862075.642601013 2906970.1916122437 100039099.9995575 20950295.573827744 5402988.4835968018 19043186.172016144 17962096.962255478 18198884.494995117 17294919.713098526 10288768.586481094 8829501.634147644 6365957.1051750183 5021055.3374481201 10277969.636859894 27566674.432525635 5504640.6409912109 1056661.4677200317 22493563.007396698 14049288.591274261 1356169.0930023193 12487586.281162262 19737438.577425003 24719727.171260834 10060089.426704407 37929749.374601364 6479321.0130195618 3775339.2204360962 19055555.247196198 28100982.622138977 30408996.25668335 73328055.184299469 32895053.857505798 37554887.072040558 5727734.3305053711 18485935.684009552 6203527.8324356079 38449388.547073364 19955273.773645401 34608854.333692551 26893152.072559357 4991523.1418609619 65178701.988357544 12210988.742103577 21309888.833919525 17473717.701805115 17445663.043067932 18858177.078355789 17870102.21228981 25863913.605485916 16307530.64081955
leaf_count=390056 246052 6571 625689 223295 252810 4863 22096 235559 7284 806343 181814 116309 214769 3817 798116 439451 18798 201921 230327 91957 371854 301404 36913 40914 26256 64298 212445 40439 3601 124148 69072 7135 164210 250999 364044 46994 1025121 51949 8887 284698 535773 503914 774303 389792 340957 32320 214073 48547 401781 705318 502290 155131 13519 1116778 162937 244248 488075 174378 271399 250573 604823 246398
internal_value=2.42765e-05 0.00937594 -0.0118961 0.00525566 -0.00841324 0.0221762 0.0080576 -0.0265022 0.0185871 -0.0122904 0.0165534 -0.000456248 -0.00392062 0.0323508 0.0121022 -0.0219308 0.0460084 0.00472151 -0.00914756 0.0286708 -0.0171183 -0.0354764 0.0341907 0.0126738 0.0168465 0.0230316 0.0133884 0.0231375 0.062464 0.0234025 0.0297152 0.047165 -0.00361535 -0.000726883 -0.00777194 0.0359934 -0.0196232 0.0158029 0.0471066 -0.00777807 -0.0114421 -0.00460002 0.00251995 -0.000949943 0.00877593 0.0309857 0.00371008 0.00783284 0.00430432 -0.0327069 -0.00314442 0.0188047 0.0465334 -0.00694854 -0.000834614 0.00267581 -0.0201459 0.00842513 -0.00296546 0.000282505 -0.0176852 -0.00499484
internal_weight=1.24018e+09 6.94968e+08 5.4521e+08 5.25738e+08 4.40235e+08 1.6923e+08 3.52716e+08 1.04975e+08 1.251e+08 2.36302e+08 1.10675e+08 1.73023e+08 2.03933e+08 4.41292e+07 1.59429e+08 6.95477e+07 9.36662e+06 1.93286e+08 1.43127e+08 3.47626e+07 9.31752e+07 3.5427e+07 1.44252e+07 7.06537e+07 5.93901e+07 2.12977e+07 3.80924e+07 1.05257e+07 3.96363e+06 4.00216e+07 1.7528e+07 3.47876e+06 1.04005e+08 1.11564e+08 4.16891e+07 1.65637e+07 5.888e+07 4.5942e+07 5.59567e+06 9.23687e+07 4.29041e+07 4.94646e+07 1.25266e+08 5.19382e+07 6.80201e+07 1.10198e+07 3.9348e+07 1.25695e+07 6.90176e+07 3.0244e+07 7.22164e+07 3.33725e+07 6.5036e+06 1.01999e+08 6.2316e+07 3.37975e+07 6.06326e+07 3.05682e+07 3.68203e+07 3.76075e+07 4.31588e+07 2.85185e+07
internal_count=16790605 6168509 10622096 5246595 7525187 921914 3148995 3096909 736657 4515288 683573 2097600 3009899 185257 1195970 1854628 26216 1953025 2424847 159041 2090441 1242281 53084 478355 397854 118714 279140 66695 7418 205218 81070 11998 1405132 1432704 587339 67084 1464572 296541 16171 1577195 788583 788612 1366016 591713 587009 54416 428842 89461 692468 1006722 1003862 207080 20090 1618504 817793 408458 1464752 290687 501726 501572 976677 409335
cat_boundaries=0 1 2 3 4 5 7 8 10 12 14 16 18 19 20 22 23 25 27 28 29 30 32 34 36 38 39 41 43 45 47 48 49 50 52 53 54 56 57 59 61
cat_threshold=19 13 2 19 2 2253656589 648 4 1615398503 14245 707957128 69668 2768773826 11507 2579669567 77914 2902080 98920 111244 158166 3710556816 820 577 2282360976 16 714687316 76168 690244 467342 16 302330962 86624 89673488 134793 50928750 148640 906837632 53639 150346 3373058473 247526 12982328 184832 292727017 127000 2978256503 88715 4 3585 8 1083849319 110664 9 622080 1456943618 29161 846121 3277851677 16943 14319859 235653
is_linear=0
shrinkage=0.05


Tree=29
num_leaves=63
num_cat=40
split_feature=0 0 0 17 17 0 17 0 0 17 17 0 0 0 11 11 13 12 2 2 0 13 14 13 13 13 14 14 17 15 13 14 13 14 12 11 13 14 11 17 13 13 14 15 13 13 15 13 13 11 12 0 13 2 14 13 13 13 15 17 13 14
split_gain=5.04353e+07 1.35542e+07 9.92495e+06 3.10138e+06 2.86838e+06 2.72718e+06 1.5558e+06 1.48569e+06 1.48552e+06 1.07201e+06 1.06477e+06 947129 920434 829173 803712 775621 744808 678328 653612 644350 607850 586650 743274 576827 565805 538168 527163 510378 496180 490005 489348 487692 473503 493407 472213 465638 453593 447514 441348 436709 433561 432725 424903 422202 420634 412610 392231 447847 389239 385202 372198 371628 370913 370526 369592 581029 393897 368735 366431 712070 411443 365481
threshold=13.012022018432619 12.07697105407715 13.950327873229982 0 1 11.564560890197756 2 13.357542037963869 12.640696048736574 3 4 14.622321128845217 12.535017967224123 11.007835865020754 13.948962688446047 13.356372356414797 5 1.0000000180025095e-35 27.500000000000004 23.500000000000004 13.629689216613771 6 7 8 9 10 11 12 13 14 15 16 17 18 1.0000000180025095e-35 11.006946563720705 19 20 12.534354209899904 21 22 23 24 25 26 27 28 29 30 13.948962688446047 1.0000000180025095e-35 14.096644878387453 31 45.500000000000007 32 33 34 35 36 37 38 39
decision_type=2 2 2 1 1 2 1 2 2 1 1 2 2 2 2 2 1 2 2 2 2 1 1 1 1 1 1 1 1 1 1 1 1 1 2 2 1 1 2 1 1 1 1 1 1 1 1 1 1 2 2 2 1 2 1 1 1 1 1 1 1 1
left_child=1 5 4 8 20 9 14 19 18 36 -7 24 34 -11 16 23 26 48 45 40 50 22 -22 37 -8 31 43 58 32 -24 -30 -13 33 -10 -5 -15 -1 53 44 52 42 -21 -6 -4 61 -3 47 -29 -12 -48 54 -45 -17 -9 55 -2 -56 -16 59 -26 -60 -14
right_child=2 3 6 12 7 10 11 15 28 13 17 25 38 35 57 39 -18 -19 -20 41 21 -23 29 -25 27 -27 -28 46 30 -31 -32 -33 -34 -35 -36 -37 -38 -39 -40 -41 -42 -43 -44 51 -46 -47 49 -49 -50 -51 -52 -53 -54 -55 56 -57 -58 -59 60 -61 -62 -63
leaf_value=-0.026689491070235195 0.033284903550953891 -0.012212245698364259 0.034674924518377413 -0.0090553316623051307 0.011276745957503111 -0.026685386164583432 0.0090962920869643391 0.024142678689860066 0.017104814530422556 -0.045657271433882984 -0.015429306150386594 0.021298752760736634 0.01957241784212789 -0.021599028924205024 0.019341152266632036 -0.0028473396171770152 0.029461233424584635 -0.017147491695188807 -0.0022379193511356875 0.0077366997162735167 0.012268453455416954 0.015680204607480944 0.02068482956250647 0.010580965869578225 0.047605800419813132 0.021662859875589399 0.036011348210791307 0.044039592893374724 -0.0046733244516875211 0.050080241802284632 0.0026169985599312192 0.055219165472207357 0.00060341883106524135 0.0041340744463983651 -0.017619284381359665 -0.033296565798460111 -0.0092581078295172758 0.013896080569676828 -0.0095867222112365012 0.0088212796270706797 -0.0065719635543082053 0.00086133538729290984 -0.0022758797118557538 0.02598129217994824 -0.0060371774147341311 -0.005089714162593342 0.020826827416620494 0.016270079626460026 -0.0051262059430417029 0.0023108715498992207 0.010095434103384928 0.074504895770425808 0.0060227201100565148 0.051283015771053111 0.020589472196965112 0.013683254232313917 0.0032334988051559281 0.029725187100269806 0.037277729690933063 -0.002898148355158003 0.012548990377483613 -0.00077804547009105299
leaf_weight=6901754.2028331757 6888916.0783042908 36428041.640417099 1242946.0412445068 24813489.855922699 8661651.0500411987 20387397.320375443 19414938.895458221 3947025.5106811523 13035072.169586182 9664980.7950115204 14612226.626363754 1553093.4566955566 3393899.2750682831 13033550.377643585 14315177.662342072 19414331.569561005 11661382.5235672 71577378.263299942 101080841.1012001 45781744.377326965 3495977.0874252319 17125004.332942963 2070917.9124107361 49021575.187980652 3953142.3242340088 5520705.262878418 4461971.9898910522 2020484.3067169189 39671710.597614288 4494819.6758842468 54831305.495346069 3335514.2243804932 26298957.297626495 16757660.945213318 45819210.076448441 24498517.765563965 8126070.2380714417 6828974.4574241638 60785869.671503067 62779248.693237305 30234346.112194061 45760298.040851593 17404146.483398438 450779.89800262451 23446339.114080429 46022141.525693893 4511849.5566902161 5159335.1743049622 24598561.436653137 7442015.5342750549 51054787.210517883 3165369.3696594238 29994318.655185699 1845577.7591209412 5979865.9737739563 8378658.0552062988 7211439.1713447571 21225419.463489532 2553787.4763641357 847576.74483108521 4927924.1390113831 6304729.6053161621
leaf_count=203410 34957 586591 4263 440362 85253 596987 129613 23516 114145 416346 285684 6773 35249 363082 72653 211370 45397 1670337 1457764 459992 21066 100883 11217 354114 14079 24627 15315 8061 499930 15325 637061 8217 284065 171332 1031534 846330 204035 46337 1042120 503283 359663 498802 197605 1981 330440 688489 23703 31154 429413 54235 426903 3976 293551 7045 36916 56409 54788 92167 11475 7013 31009 82025
internal_value=-7.34433e-05 -0.00903754 0.0112863 -0.00468002 0.00775219 -0.0202736 0.0241418 0.00539576 -0.0019128 -0.0288943 -0.0161842 0.0186205 -0.0102985 -0.0325975 0.0301238 0.0085295 0.0378835 -0.0142518 -0.00493278 0.00171116 0.0148562 0.0213101 0.0308922 0.0130352 0.0158067 0.0323613 0.0484202 0.0199537 0.00176769 0.0408086 -0.000443429 0.0444428 0.00549296 0.0098091 -0.0146107 -0.0292344 -0.0172637 0.0225673 -0.00705589 0.00605379 -0.00249792 0.00429982 0.00222765 0.0598149 -0.00241449 -0.00823658 0.0148476 0.0240848 -0.00896575 0.0092995 0.0126495 0.0684559 0.00253737 0.0327898 0.0172314 0.0225278 0.0111013 0.0255427 0.0279079 0.0386892 0.0209899 0.00634333
internal_weight=1.23823e+09 6.9209e+08 5.46137e+08 4.98689e+08 4.28374e+08 1.934e+08 1.17763e+08 3.21673e+08 3.34126e+08 6.22249e+07 1.31176e+08 6.12404e+07 1.64564e+08 4.7197e+07 5.6523e+07 1.73831e+08 2.09824e+07 1.10788e+08 1.83531e+08 1.47842e+08 1.067e+08 2.71867e+07 1.00617e+07 6.16432e+07 5.08311e+07 1.04093e+07 9.32107e+06 3.14161e+07 1.50595e+08 6.56574e+06 9.4503e+07 4.88861e+06 5.60917e+07 2.97927e+07 7.06327e+07 3.75321e+07 1.50278e+07 1.26216e+07 9.39308e+07 1.12188e+08 5.63001e+07 9.1542e+07 2.60658e+07 4.8591e+06 3.3145e+07 8.24502e+07 1.91337e+07 7.17982e+06 3.92108e+07 1.19539e+07 7.95137e+07 3.61615e+06 4.94087e+07 5.7926e+06 2.84589e+07 1.52676e+07 1.31913e+07 3.55406e+07 1.22824e+07 4.80072e+06 7.48171e+06 9.69863e+06
internal_count=16801437 12416731 4384706 7401107 3798995 5015624 585711 3040531 4439377 2033203 2982421 349959 2961730 1625758 235752 1439216 70932 2385434 2732844 1601315 758464 148491 47608 431012 310342 39617 25535 180729 1706533 26542 1136991 14990 569542 285477 1471896 1209412 407445 76898 1489834 1008204 642521 958794 282858 10220 447714 1275080 117153 39215 715097 77938 609973 5957 504921 30561 183070 91366 91704 164820 63576 21092 42484 117274
cat_boundaries=0 1 2 3 4 5 7 9 10 12 14 16 17 18 19 20 22 23 25 26 28 29 30 32 34 35 36 38 40 41 42 44 46 47 49 51 53 54 55 57 58
cat_threshold=19 2 18 2 4 2162397848 132881 42501232 99276 568769 84938944 18944 748717516 48306 741522248 69670 213812 7721 2 2581 1834352948 177242 345004 1963214844 156703 104209 2972589266 176487 693600 12 3919268694 11008 3629151469 35223 65969 2693 608354698 161 3635042612 168404 2309 2416197680 3842919310 4496 39585267 134471 158547 1013686285 82002 2332773198 43013 3245228282 10481 184 9 1107433472 73 2170
is_linear=0
shrinkage=0.05


Tree=30
num_leaves=63
num_cat=37
split_feature=1 2 1 1 1 2 11 12 11 1 2 2 17 17 17 17 2 1 17 2 17 2 17 13 13 13 1 13 14 1 13 13 13 17 11 13 2 14 17 11 1 13 13 13 17 13 14 14 17 14 13 13 13 13 14 13 1 14 13 2 13 11
split_gain=1.87614e+07 1.01973e+07 6.73666e+06 6.20508e+06 3.51656e+06 3.55409e+06 3.29388e+06 3.45926e+06 3.32962e+06 2.11707e+06 1.70285e+06 1.64664e+06 1.45358e+06 1.21228e+06 1.18529e+06 1.06456e+06 985453 1.14962e+06 947262 945439 943955 873376 866623 836918 787373 785395 769269 732402 921269 722255 715070 704611 657776 643704 634374 630934 617629 609497 555411 529335 517744 506316 497143 471173 463155 456573 455238 449433 441376 546071 432067 431635 431203 428023 414652 397899 395384 394030 596364 391529 385306 384018
threshold=7718.3029785156259 24.500000000000004 24542.698242187504 16379.949707031252 3024.375366210938 30.500000000000004 13.948962688446047 1.0000000180025095e-35 12.830755710601808 38736.220703125007 45.500000000000007 38.500000000000007 0 1 2 3 7.5000000000000009 139907.17187500003 4 12.500000000000002 5 17.500000000000004 6 7 8 9 17798.624023437504 10 11 1145.9573974609377 12 13 14 15 12.272423267364504 16 33.500000000000007 17 18 11.46452856063843 70193.441406250015 19 20 21 22 23 24 25 26 27 28 29 30 31 32 33 6405.5310058593759 34 35 6.5000000000000009 36 10.685154438018801
decision_type=2 2 2 2 2 2 2 2 2 2 2 2 1 1 1 1 2 2 1 2 1 2 1 1 1 1 2 1 1 2 1 1 1 1 2 1 2 1 1 2 2 1 1 1 1 1 1 1 1 1 1 1 1 1 1 1 2 1 1 2 1 2
left_child=4 2 14 10 18 21 7 13 34 11 20 33 38 24 -2 30 35 -18 41 59 -3 -6 31 54 47 48 -21 28 -28 -20 37 -10 46 55 -9 -15 -31 -13 -7 51 -27 -1 -12 56 -24 -22 -17 -4 49 -11 -40 -14 -35 -41 -8 -5 -23 58 -58 -16 -61 -38
right_child=1 3 6 9 5 12 23 8 22 25 42 15 39 16 19 32 17 -19 29 26 45 43 44 -25 -26 40 27 -29 -30 36 -32 -33 -34 52 -36 -37 61 -39 50 53 -42 -43 -44 -45 -46 -47 -48 -49 -50 -51 -52 -53 -54 -55 -56 -57 57 -59 -60 60 -62 -63
leaf_value=0.0017837878061330557 -0.020429438455579145 -0.0084698602486854343 0.0052414133734017768 0.0063473959681889089 -0.032215384382597863 -0.0062069727382772178 0.014083806906379377 -0.022737281037296348 0.016284381400598361 0.021471083371223471 0.012908702667313955 0.043540466121864775 0.010557390665365441 0.0050582775925246482 -0.026616013581449091 0.027968746657483931 0.0066303853325752407 0.047576447593145194 -0.045654799541280822 -0.0087895866778655955 -0.0006919418388567452 -0.015698795121455784 -0.008276321888553876 0.011969541416707384 0.0068786952032097908 0.015577834565079537 0.030866265510131594 -0.0044096553784617873 -0.00013101983893689634 -0.036246996768964139 0.017665746295291641 0.0010657934321386805 0.0063272054681321535 0.01511826516690306 -0.010466820188559175 -0.010444031434057619 -0.013182837471248703 0.024954197916935719 -0.0075183463710869619 -0.0078745482698229681 0.037133428981416104 -0.016478440961375469 0.005710750073892927 -0.021313478641313784 0.00054096340285483379 0.0052247380499867036 0.012667045744722367 0.021918089481044619 0.029664945886733414 0.057994614885329004 -0.019224252287513129 -0.000619587705782296 0.0071401700819160229 0.00055063894475110395 0.035004587643092736 -0.011827692523562647 0.031550052530973094 -0.010189649378420153 -0.01552745132140422 -0.01925983781396548 -0.0073391019117514389 -0.023346354552888363
leaf_weight=5944970.3946933746 23133572.904929161 23186327.016265869 4869511.6032905579 6574500.2308731079 10059314.468204498 79935693.543933868 3329706.2668952942 14913370.570949554 14821493.290424347 1445816.3321304321 48017873.565895081 6978878.6602745056 17040830.994070053 11225440.804592133 6260755.868221283 8759494.1967697144 30505023.468505859 1816294.729434967 3483622.42740345 62702241.527641296 60921705.89563942 15126157.567913055 18727653.010654449 19470440.328670502 24619352.886125565 14368383.719463348 3913077.8266296387 21795783.567951202 6187184.1795749664 6605743.742102623 16972347.511951447 15622476.259166718 18398876.153430939 29295640.118690491 35863747.71390152 15803793.324678421 14351206.805969238 11987667.751930237 14215119.1933918 25086298.855674744 3455680.2153320312 10496513.34400177 47936371.529563904 20952377.913259506 72745634.324893951 70151294.066404343 10920765.799282074 23718423.234733582 12414332.023738861 3503100.8379135132 17695909.379682541 17517327.04983902 40145683.462184906 37772821.521284103 8204746.6316413879 5556300.5437965393 1714690.1887626648 5119777.8938655853 1106992.4902610779 12421556.895563126 14921422.831932068 26374338.876567841
leaf_count=123096 528169 371773 41030 67431 332041 1364368 19087 372483 111388 6182 422881 26843 187483 131073 179881 51983 270702 5617 155166 1026447 717264 366878 255623 116108 205856 76452 31545 266929 72461 252628 96249 141276 142528 215883 594516 214211 338957 61265 285869 400222 11832 260935 460672 508325 759226 776736 78446 165281 54938 7871 396705 219667 324595 554874 35605 68309 20718 100115 22704 262351 282787 785298
internal_value=9.62111e-05 0.00380732 -0.00133679 0.00926174 -0.010103 -0.00749694 0.00281474 0.00113244 -0.00331281 0.0160541 0.00408285 0.0135493 -0.00454409 0.00795266 -0.0100126 0.0189491 0.00303955 0.00893135 -0.020307 -0.00813287 0.00082966 -0.0189232 0.00116773 0.0182923 0.013433 0.0271298 -0.00557375 0.00074805 0.0118781 -0.0236823 0.0251214 0.00847489 0.0131237 0.00864951 -0.0140707 -0.00400581 -0.0220652 0.0317932 -0.00843318 -7.89477e-05 0.019757 -0.00987512 0.00931279 -0.0158857 -0.00126423 0.00247471 0.0194777 0.0190775 0.0346983 0.0473244 -0.0140097 0.00489185 0.0105059 -0.00281175 0.0289653 -0.00197739 -0.0109557 -0.00192142 0.0130808 -0.0153371 -0.0127545 -0.0197648
internal_weight=1.23918e+09 9.08584e+08 4.67593e+08 4.40991e+08 3.306e+08 2.63343e+08 3.16257e+08 2.85252e+08 1.72694e+08 1.90777e+08 2.50214e+08 1.5559e+08 2.09264e+08 1.12558e+08 1.51336e+08 7.4018e+07 5.93506e+07 3.23213e+07 6.72564e+07 1.28202e+08 1.54259e+08 5.40793e+07 1.21917e+08 3.10049e+07 5.32073e+07 3.51873e+07 9.45983e+07 3.1896e+07 1.01003e+07 5.08149e+07 3.59389e+07 3.0444e+07 3.80791e+07 8.15721e+07 5.07771e+07 2.70292e+07 4.73313e+07 1.89665e+07 1.11847e+08 9.74173e+07 1.78241e+07 1.64415e+07 9.59542e+07 4.402e+07 9.14733e+07 1.31073e+08 1.96803e+07 2.85879e+07 1.73632e+07 4.94892e+06 3.1911e+07 3.45582e+07 6.94413e+07 6.28591e+07 1.15345e+07 1.21308e+07 2.30676e+07 7.94146e+06 2.82168e+06 3.36037e+07 2.7343e+07 4.07255e+07
internal_count=16805834 10129785 6089652 4040133 6676049 4759969 3439082 3268282 2234512 1290807 2749326 1133532 3409188 1033770 2650570 457314 621603 276319 1916080 2122401 1865773 1350781 1267513 170800 412167 157275 1397382 370935 104006 1532049 184357 252664 272957 676218 966999 345284 1376883 88108 2046942 1362246 88284 384031 883553 1018740 1014849 1494000 130429 206311 68991 14053 682574 407150 540478 955096 54692 135740 510415 143537 43422 725019 545138 1124255
cat_boundaries=0 1 2 3 4 5 6 7 9 11 13 15 16 18 20 22 23 25 26 27 29 31 33 34 36 37 38 39 40 42 44 46 48 49 51 52 54 56
cat_threshold=13 18 4 18 2 4 2 34949492 29440 4040106998 24599 1053834761 198592 541589650 115940 12617 4033515297 187141 286284015 188650 2470130875 100912 4 1134170880 81225 233508 9 172310569 20248 1997693668 89734 2035790903 17592 4 2022891966 91330 639 229408 2 335752 2026976271 152328 440688825 222919 424789212 163982 725722381 140972 558157 133771710 84321 140434 5550085 17544 1758355296 250256
is_linear=0
shrinkage=0.05


Tree=31
num_leaves=63
num_cat=28
split_feature=0 0 0 17 0 17 0 17 17 17 12 0 0 17 12 17 12 11 1 11 0 17 3 15 11 11 11 14 17 11 14 15 14 0 17 11 11 14 15 14 14 11 14 0 4 0 0 14 16 14 15 14 7 0 0 14 17 1 14 6 1 9
split_gain=4.19773e+07 1.21753e+07 7.90285e+06 2.68264e+06 2.48779e+06 2.30322e+06 1.51232e+06 1.49004e+06 1.26274e+06 1.04825e+06 1.00326e+06 946848 843187 789142 761223 707214 594407 511832 502618 501220 494008 481269 595428 657515 465573 455268 453004 446125 427064 413765 404720 398706 598051 356315 352630 349916 349699 335821 470686 323598 323129 319711 306208 305973 297340 295691 293392 290102 283858 281017 269352 343932 364975 281779 267152 261383 261016 260921 285969 392657 258971 247509
threshold=12.730693817138674 13.674160003662111 11.780675888061525 0 14.314603328704836 1 12.280593872070314 2 3 4 1.0000000180025095e-35 13.072339057922365 11.088717460632326 5 1.0000000180025095e-35 6 1.0000000180025095e-35 13.073373317718508 30868.512695312504 13.276101589202883 10.36855983734131 7 62.250000000000007 8 11.052241802215578 12.288261890411379 14.313736915588381 9 10 10.363864898681642 11 12 13 13.993391513824465 14 11.779021739959719 12.763036251068117 15 16 17 18 11.122245311737062 19 13.342944145202638 1.5000000000000002 13.113158702850344 12.188382625579836 20 21 22 23 24 417496.00000000006 13.289359569549562 10.685305595397951 25 26 8054.1101074218759 27 31.500000000000004 139907.17187500003 7132.7587890625009
decision_type=2 2 2 1 2 1 2 1 1 1 2 2 2 1 2 1 2 2 2 2 2 1 2 1 2 2 2 1 1 2 1 1 1 2 1 2 2 1 1 1 1 2 1 2 2 2 2 1 1 1 1 1 2 2 2 1 1 2 1 2 2 2
left_child=2 3 7 11 8 35 16 12 40 43 21 36 54 27 45 -8 -7 50 31 -16 -9 -10 23 -23 -14 -17 30 61 -18 -22 44 32 -19 42 -26 -4 57 38 60 -35 -3 -31 -12 -5 -15 47 -37 -11 -46 -20 51 52 -13 -53 -1 -24 -40 58 59 -2 -28 -6
right_child=1 4 5 9 13 6 15 20 10 14 33 17 24 26 19 25 28 18 49 -21 29 22 55 -25 34 -27 37 -29 -30 41 -32 -33 -34 39 -36 46 -38 -39 56 -41 -42 -43 -44 -45 48 -47 -48 -49 -50 -51 -52 53 -54 -55 -56 -57 -58 -59 -60 -61 -62 -63
leaf_value=-0.057739591857727729 0.011942248136618434 0.010456087175767641 0.0027212326100409549 -0.0066223546180200462 0.037663128169613806 -0.0093927901701318286 -0.013073268543054926 -0.065019990059683341 0.030308206900224927 -0.0027039749750264316 0.01516335446997835 0.050035189698013342 -0.01925728353290615 0.034402504924566736 -0.0023851243251772954 -0.0016693671051979553 -0.023486534707155143 0.0044944270114452879 0.0076684395704234784 0.0041508733216448932 -0.0098363462244650205 0.064768359380254825 0.010951296364607663 0.015017356628871496 -0.037945308810809139 -0.0074869931864854416 0.028994545715431527 0.029692594617117759 -0.014680283597883474 -0.031335088663785343 0.021733538478470454 0.0085753524797517345 0.027898652109471414 0.0096685532037089107 -0.026210346112843737 -0.0083339118077822415 0.0012297210306515104 0.014117340738691848 0.024911295222410042 0.020891592813172363 -0.001395278761647528 -0.017369913186610658 0.0075823034869814711 0.00025721227422506317 0.077482651067062869 0.0094950954722839691 -0.0011754466939794218 0.0070744481818549119 0.034083282185932255 -0.0022669136912393077 0.010442082839510571 0.0030263788634883495 0.020956218488769628 0.017920839170013133 -0.037777371680135265 0.020666361492261347 0.0029094662378800771 0.0052432893667669518 0.0048307966551449314 0.041505385270063679 0.052145506090991535 0.057746994707738912
leaf_weight=2249270.1717615128 2937465.5166282654 11034708.415435791 35976698.068342209 54682445.486715317 2858320.3736495972 45400608.351013184 37453013.069839478 522443.36302280426 14490179.718582153 13229536.075519562 25350499.420856476 1191678.8533172607 16517178.585365295 5391229.3137893677 80928754.998624802 52907006.674261093 17322747.764043808 4444840.8088874817 13572625.366024017 46007363.333030701 16815892.18372345 1456480.8214874268 10229774.116989136 1220762.0761909485 9066212.5112323761 92293386.571548462 3543791.7953872681 6532017.4759979248 67079318.282661438 4880248.7956876755 5442521.0961456299 51447999.109447479 7073092.1188583374 8834130.1940994263 21783681.658452988 20737362.827852249 56405925.672988892 11623825.355705261 3407646.5688705444 23531302.350769043 12012710.828624725 25578294.693775177 28067072.49861145 22943504.610778809 897815.24159240723 37670017.037921906 46207270.741596222 17777259.854782104 649306.09246826172 14963752.965324402 24136715.717777252 5152544.0122261047 11417952.652706146 8275318.9825057983 6576318.595243454 21422195.6173172 2230258.0159606934 31868311.883705139 3786593.6049995422 1818535.3200759888 1832652.8539352417 3311054.2184143066
leaf_count=116328 26851 88970 430848 807990 9093 834973 744163 25959 60037 149824 169806 4570 440598 19627 1036639 695498 489369 39220 116168 446864 363002 3352 59863 6752 344498 1538502 15040 23238 1467117 181150 23753 435019 47107 55156 686222 385741 630034 59666 14005 127308 109994 665385 206263 252472 1122 303009 625535 182414 2383 141986 169452 42466 70510 50036 274207 110562 14107 299966 37479 11059 5136 6684
internal_value=-3.63794e-06 0.00783665 -0.0108289 0.00370934 0.0181209 -0.0077429 -0.00987975 -0.0231557 0.0150932 0.00032716 0.0169449 0.00758426 -0.0286757 0.0281233 0.00227806 -0.00694734 -0.0140061 0.0101886 0.0079632 -1.61846e-05 -0.0166662 0.022667 0.0194416 0.0420833 -0.0260319 -0.00536721 0.0242509 0.0387996 -0.0164877 -0.0161318 0.0319407 0.0104579 0.0188668 0.0136884 -0.0296591 -0.00125568 0.0037732 0.0200454 0.0263014 0.0178283 0.00427895 -0.0196075 0.0111801 -0.004589 0.0399473 0.00651854 -0.00339292 0.00290233 0.0592692 0.00245859 0.0142471 0.0177743 0.0237043 0.0122055 -0.0428649 0.0175265 0.0162078 0.00732342 0.0150834 0.0232462 0.0368859 0.0484419
internal_weight=1.23647e+09 7.17102e+08 5.19367e+08 5.11732e+08 2.0537e+08 4.15377e+08 3.12456e+08 1.0399e+08 1.5765e+08 2.73239e+08 1.34602e+08 2.38493e+08 5.61927e+07 4.77204e+07 1.95613e+08 1.82653e+08 1.29803e+08 1.41677e+08 9.15023e+07 1.26936e+08 4.77969e+07 4.88194e+07 3.43292e+07 2.67724e+06 4.73671e+07 1.452e+08 3.5019e+07 1.27014e+07 8.44021e+07 4.72744e+07 1.23809e+07 6.29659e+07 1.15179e+07 8.5783e+07 3.08499e+07 1.02921e+08 9.68168e+07 2.26382e+07 1.10143e+07 3.23654e+07 2.30474e+07 3.04585e+07 5.34176e+07 7.7626e+07 6.93835e+06 6.86768e+07 6.69446e+07 3.10068e+07 1.54712e+06 2.85364e+07 5.01742e+07 2.60375e+07 1.26096e+07 1.34279e+07 8.82559e+06 3.1652e+07 5.6379e+06 4.04109e+07 8.54259e+06 4.756e+06 5.37644e+06 6.16937e+06
internal_count=16802147 6493052 10309095 5301135 1191917 7211746 5769622 3097349 998063 3179212 799099 2121923 1861853 193854 2118750 2978163 2791459 1116534 779500 1483503 1235496 240566 180529 10104 1471318 2234000 154839 39015 1956486 1209537 46885 521346 86327 558533 1030720 1442124 1005389 107954 48288 182464 198964 846535 376069 1060462 23132 635247 1011276 332238 3505 258154 337034 167582 75080 92502 390535 170425 28112 375355 75389 37910 20176 15777
cat_boundaries=0 1 2 3 4 5 6 7 8 9 10 11 12 13 14 15 16 17 18 19 20 21 22 23 24 25 26 27 28
cat_threshold=18 2 13 4 4 2 4 2 2352 680772 4 187942 1280 280374 4 612720 1924 264532 339219 398010 365474 3 287837 918 43415 176170 17 214993
is_linear=0
shrinkage=0.05


Tree=32
num_leaves=63
num_cat=34
split_feature=0 0 0 0 17 17 17 17 17 0 0 17 12 0 11 13 13 17 11 13 13 13 13 3 17 13 13 11 0 2 13 16 13 2 11 0 13 0 1 2 13 15 13 2 13 11 13 13 13 15 13 13 13 13 1 13 12 1 11 13 0 11
split_gain=3.83265e+07 1.10714e+07 6.62708e+06 2.76684e+06 2.30494e+06 2.14394e+06 1.2225e+06 1.21874e+06 1.09006e+06 993470 984465 895888 842140 671271 634925 625831 612828 605403 585655 575853 552786 526973 488847 515206 488402 475138 462401 454306 450817 447969 562139 422557 636808 416548 409554 406682 395652 392384 388338 384424 384277 370045 367649 363640 381897 362612 362374 361224 360758 359281 355422 354496 344382 334248 333464 508173 329688 328170 326043 318872 312230 310078
threshold=13.08253860473633 12.171544075012209 14.042400836944582 11.533604145050051 0 1 2 3 4 12.567548751831056 13.529273033142092 5 1.0000000180025095e-35 14.622321128845217 14.041472911834719 6 7 8 13.073373317718508 9 10 11 12 96.649997711181655 13 14 15 11.533303260803224 10.685305595397951 33.500000000000007 16 17 18 36.500000000000007 13.566032886505129 12.665114879608156 19 10.909216880798342 7475.6809082031259 44.500000000000007 20 21 22 12.500000000000002 23 10.685154438018801 24 25 26 27 28 29 30 31 24542.698242187504 32 1.0000000180025095e-35 9879.2597656250018 13.073373317718508 33 14.224736690521242 13.462731361389162
decision_type=2 2 2 2 1 1 1 1 1 2 2 1 2 2 2 1 1 1 2 1 1 1 1 2 1 1 1 2 2 2 1 1 1 2 2 2 1 2 2 2 1 1 1 2 1 2 1 1 1 1 1 1 1 1 2 1 2 2 2 1 2 2
left_child=1 3 4 11 18 9 14 24 29 33 19 28 43 26 16 -12 -4 40 22 -10 31 -15 23 41 -5 60 -8 51 -1 48 -31 32 -20 52 39 -14 -25 -13 42 -17 -11 -2 -26 44 -7 46 -30 -35 -6 -38 54 -9 -3 -19 -45 -56 -39 59 -59 -21 -16 -22
right_child=2 5 6 7 8 12 13 27 10 17 15 37 35 21 25 34 -18 53 20 57 61 -23 -24 36 38 -27 -28 -29 45 30 -32 -33 -34 47 -36 -37 49 56 -40 -41 -42 -43 -44 50 -46 -47 -48 -49 -50 -51 -52 -53 -54 -55 55 -57 -58 58 -60 -61 -62 -63
leaf_value=-0.041311061187328552 0.033697793465271755 -0.010512421057579772 0.024054684851266665 -0.0059019292542505418 -0.0096796114654653237 0.0002232147588550762 0.02029799814062511 -0.0034894576125185125 0.0011972353339722245 0.0095779364955476051 0.0067633063903985106 -0.050952568055870555 -0.013382678790149583 0.043472571894002089 0.02005125180868117 0.015533466600027288 0.043637229969923197 -0.0041765644489405668 0.089726168592063241 0.032783919046974828 0.0043905026256545986 0.019931695142518663 0.014838076161637037 0.011074124865658357 -0.015451210464915655 0.01801748204434488 0.0093607850674246283 -0.022401152739533484 -0.02394082973059504 0.012209879512057511 -0.0019982164929561222 0.017109196947699211 -0.0067646495546173236 -0.0053972762899258727 0.010877499476918991 -0.0072472652202920235 0.0071611043477265981 -0.021585972305826321 -0.018130271389686477 0.029497477493340293 0.0022400562403064889 0.016253400475416496 -0.0067425270566078182 0.00220586380816616 -0.018012234944932502 -0.023659858162314581 -0.0063365818447193942 0.0029649096568864701 0.00071019849013205212 0.076724744526635857 -0.0053216104786977603 -0.017693437126251578 -0.0037563334686302806 0.0011575720685122104 0.065081892222725882 -0.010802931826210671 -0.036701439769807435 0.011264078968156274 0.004225327700394267 0.0074285505915013209 0.036301018842670535 0.012679848995389216
leaf_weight=2642845.3803119659 5025721.1677093506 31546955.684932709 6449941.9357376099 42172393.790231705 15359339.728069305 4807195.5041790009 17294598.775074005 6532134.3745574951 66054735.756954193 28034210.439472198 46204403.03729248 3104156.1974945068 53855241.766996384 3754255.4651794434 4426501.7720794678 17118111.005084991 10498128.174514771 44867743.370990753 481230.6608505249 2459151.5397834778 22323443.312820435 6481812.885597229 21740103.024600983 448858.47567367554 20205956.02820015 15446854.106330872 21902115.139667511 37045159.141456604 4714691.0317211151 12875882.287269592 15156207.127300262 19509511.888755798 265239.6949005127 23068554.807174683 31320727.991706848 54181536.518688202 222226.88740921021 5483236.4686565399 22464422.828540802 6921537.64402771 49075132.570018768 7694615.4607658386 30280795.412431717 23004941.126724243 7128949.9110145569 22649808.50330925 7693250.0488758087 29339754.020198822 18320611.6639328 1126981.4412384033 23076028.827074051 13411907.87808609 46909819.692054749 85016411.953453064 524204.40159988403 380939.70528793335 10545191.550107956 25391217.825157166 46732345.722454071 2501169.8374290466 8899096.373046875 22808076.760368347
leaf_count=116837 23290 502992 25374 763133 189894 67658 92801 137192 649850 267044 349644 155958 1136621 11182 22558 106676 29257 563061 389 17218 201337 28463 132949 2808 435989 74046 137547 1070800 129426 124955 173441 132186 2306 344908 235063 871071 1437 181334 490345 35669 517379 45072 600900 316442 119211 717371 178403 401258 205385 1833 348197 320729 696841 1003230 2159 5040 426497 198417 464157 24305 30164 148575
internal_value=0.000104372 -0.00718411 0.0107321 -0.0163041 0.0079613 -0.003048 0.0226145 -0.0131455 0.00579695 -0.00075742 0.00729458 -0.0258694 -0.00768323 0.0171641 0.0285075 0.0110595 0.0361847 0.0013984 0.0144858 0.00462316 0.0116596 0.0285658 0.0195825 0.0266868 -0.0101852 0.0239853 0.0141866 -0.0191256 -0.0213973 -0.000141521 0.00452794 0.0185218 0.0554409 -0.00416736 0.0146452 -0.0103057 0.0517391 -0.0346816 -0.0126614 0.019554 0.00490785 0.0231456 -0.0102279 -0.0028748 -0.0106681 -0.0198961 -0.0130258 -0.000715873 -0.00402795 0.0652671 -0.00089504 -0.0130413 -0.00647291 -0.000685075 0.00337712 0.0331455 -0.0315305 0.0075589 0.00670333 0.0199989 0.0309031 0.00857968
internal_weight=1.23698e+09 7.33764e+08 5.03215e+08 2.28946e+08 4.08061e+08 5.04818e+08 9.51533e+07 1.72113e+08 3.06415e+08 3.37859e+08 2.44703e+08 5.68332e+07 1.66959e+08 4.94328e+07 4.57205e+07 1.01565e+08 1.69481e+07 2.06993e+08 1.01646e+08 1.43139e+08 6.53875e+07 1.02361e+07 3.62585e+07 1.45184e+07 1.15124e+08 2.87725e+07 3.91967e+07 5.69892e+07 3.77006e+07 6.1712e+07 2.80321e+07 2.0256e+07 746470 1.30865e+08 5.53604e+07 1.08037e+08 1.79807e+06 1.91326e+07 7.29512e+07 2.40396e+07 7.71093e+07 1.27203e+07 5.04868e+07 5.89223e+07 1.19361e+07 3.50577e+07 1.24079e+07 5.24083e+07 3.368e+07 1.34921e+06 4.69861e+07 1.9944e+07 7.84568e+07 1.29884e+08 2.39101e+07 905144 1.60284e+07 7.70839e+07 7.21236e+07 4.96032e+06 1.33256e+07 4.51315e+07
internal_count=16806274 12888026 3918248 5724914 3466856 7163112 451392 3819088 2774674 4296713 2080999 1905826 2866399 269993 181399 727052 54631 2350714 692182 1353947 484793 39645 207389 74440 2290367 126768 230348 1528721 1142037 693675 298396 134881 2695 1945999 377408 2007692 6078 763789 1527234 142345 784423 68362 1036889 858707 186869 1025200 307829 746166 395279 3270 671838 457921 1199833 1566291 323641 7199 607831 704097 662574 41523 52722 349912
cat_boundaries=0 1 2 3 4 5 6 8 10 11 13 15 17 19 20 22 24 26 27 29 31 33 34 36 38 40 42 44 45 47 49 51 53 55 57
cat_threshold=2 19 18 19 4 19 3775865885 181717 923815269 121064 2 116967699 238190 38274118 229992 605205320 4132 814320172 41426 2 311497541 14238 3729002547 213765 1093881006 22805 64 4 512 269060128 18 1695073892 17446 1796 1796995 173850 247824384 101679 1764000852 172383 1667452301 11496 3510513292 184467 1828 944134075 17203 19937359 131618 1521635876 41430 776339764 134482 134234896 18 822088900 5248
is_linear=0
shrinkage=0.05


Tree=33
num_leaves=63
num_cat=40
split_feature=0 0 0 0 17 0 11 17 17 11 17 17 11 13 17 17 0 13 17 0 11 17 13 2 13 13 0 13 13 14 13 17 11 13 13 14 13 11 12 14 13 1 14 13 14 14 13 14 11 3 14 16 13 13 2 13 14 13 2 14 2 13
split_gain=3.42263e+07 1.01251e+07 6.12174e+06 2.38867e+06 2.0634e+06 1.51984e+06 1.26158e+06 1.21666e+06 1.21494e+06 1.0323e+06 1.01884e+06 807546 768054 632032 618537 577690 568917 506751 503788 502741 482921 465807 448164 446139 551544 501090 445978 484264 434755 546993 388386 381895 378465 641019 451267 445677 378314 368417 367731 362968 592357 361576 463002 664380 345628 344143 343944 343882 343426 405645 404872 393086 561085 340728 329739 417404 329312 378187 328471 327331 325129 647595
threshold=13.072339057922365 11.933642864227297 14.042400836944582 12.448048114776613 0 11.189863204956056 14.041472911834719 1 2 13.073373317718508 3 4 12.455625534057619 5 6 7 13.431216716766359 8 9 13.529273033142092 1.0000000180025095e-35 10 11 18.500000000000004 12 13 13.463879108428957 14 15 16 17 18 14.623640537261965 19 20 21 22 11.943240642547609 1.0000000180025095e-35 23 24 73669.367187500015 25 26 27 28 29 30 13.511213779449465 99.549999237060561 31 32 33 34 24.500000000000004 35 36 37 44.500000000000007 38 33.500000000000007 39
decision_type=2 2 2 2 1 2 2 1 1 2 1 1 2 1 1 1 2 1 1 2 2 1 1 2 1 1 2 1 1 1 1 1 2 1 1 1 1 2 2 1 1 2 1 1 1 1 1 1 2 2 1 1 1 1 2 1 1 1 2 1 2 1
left_child=1 5 4 8 16 20 13 30 37 26 -7 36 -9 -4 -12 60 39 48 -14 23 53 -10 47 24 -17 -25 27 59 29 -28 45 56 34 35 -13 -34 44 -3 46 -2 -41 -33 43 -43 -8 -5 -16 -21 49 50 -18 52 -50 -1 55 -20 57 -15 -31 -6 -11 -62
right_child=2 3 6 7 9 10 11 12 21 15 14 32 18 31 38 19 17 -19 54 22 -22 -23 -24 25 -26 -27 28 -29 -30 58 -32 41 33 -35 -36 -37 -38 -39 -40 40 -42 42 -44 -45 -46 -47 -48 -49 51 -51 -52 -53 -54 -55 -56 -57 -58 -59 -60 -61 61 -63
leaf_value=-0.0083967365926929747 0.0044383233164443786 -0.00021010303525177888 0.021066838098117695 0.014612592700062602 0.017384131871125551 -0.027394252702541477 0.034571902756943877 0.00020010193959253878 -0.009775103257045694 -0.0062867951944436942 -0.0087198440901998225 0.0071682746918689463 -0.01055276026280344 0.017453698286493537 -0.02096576047537526 -0.010962728575618615 0.012182284157851194 0.011730307590904786 -0.0020742362704794328 0.02670523403985775 -0.036559215479234582 -0.016812749648196276 0.0039496187005566875 0.0095934874474045799 0.003153747651732939 0.00079782181594545561 0.0065275643938704636 0.002004986749514047 0.0092583117290861959 0.01953464970348507 0.0010018386911620134 0.023208187198708576 0.054885765002916004 0.017462048167311488 0.019982086434271108 0.020910752824679364 -0.0064277756269611533 -0.0065391851321967955 -0.019878408063238678 0.0048129074524220616 0.019576655802811444 0.072938379854443083 0.029255891837999565 0.013294574235576973 0.0037311673510562384 0.0037846893777277826 -0.008569811317500179 0.010324109961709682 0.089410124100199745 0.075170776437048684 0.031097876847885994 0.014545076120914477 -0.016394327186682666 -0.030008217588851457 -0.0019412695240523155 -0.010707887992772579 0.033180649001323115 0.065960857540335233 0.037724537655425792 0.005726228415925556 0.01137560352154404 -0.0073065698402287787
leaf_weight=3166489.5975904465 20601840.958656311 36045336.92688942 14398337.225315094 11799087.063056946 11703228.62273407 18990839.080331802 1385985.1022186279 99887784.231725693 82022507.912334442 22229532.13168335 29816681.969335556 8698831.1735343933 36114583.52977562 483417.82261657715 8168341.1343650818 12512184.585678101 4006537.7776908875 25182505.785739899 25165936.78194809 3641208.0680809021 14156359.341210365 32960418.920318604 34336249.777332306 27195240.792087555 15480013.541137695 40023683.419845581 5922746.91847229 32042294.118602753 35695981.506942749 7947511.8344078064 60028189.101280212 7731731.3912467957 2741994.8271560669 5942429.4891204834 32699342.85534668 1489707.5985336304 4803244.3159370422 63498624.147201538 47422664.84274292 11955831.378391266 15736722.750461578 1729842.6041297913 4250569.8988571167 639536.55589294434 2636624.2737388611 19409676.159431458 17768787.976308823 26668876.263431549 401569.4854850769 424493.63470458984 9624811.0803985596 14465911.602127075 182134.5525894165 4301216.469373703 83888765.310464859 31550132.992116928 2592935.9902114868 2381387.2868118286 3608823.7879219055 12402091.109619141 9951069.7586135864 8688850.104850769
leaf_count=96896 173467 487839 64834 108736 90418 635999 6559 1201166 1579162 281200 635910 52254 669331 1912 195070 148233 24404 160206 354158 22285 594603 788185 285010 252736 159693 413203 41072 300062 246299 47456 659705 34400 6047 25185 162975 5848 38021 1086426 1332392 100889 110321 2575 16909 3130 18488 203127 375672 200891 283 724 45380 87744 1510 158994 1169225 486434 8371 3755 16352 109511 102006 109892
internal_value=-7.07802e-05 -0.00703202 0.00989494 -0.0040983 0.0072648 -0.0189139 0.0213665 -0.00165286 -0.00829144 0.00523104 -0.0167512 0.0170213 -0.00330435 0.0290387 -0.0147923 0.00310188 0.0134117 0.0169237 -0.00528519 0.00445815 -0.0311322 -0.0117925 0.00786104 0.00214766 -0.00315615 0.00435635 0.00914038 0.00603253 0.012422 0.0188828 0.00335405 0.034833 0.019413 0.028053 0.0172896 0.0429254 0.00304559 -0.00424739 -0.0172604 0.00946389 0.0132026 0.0305517 0.0391286 0.0568396 0.0143574 0.00787839 -0.0124737 0.012292 0.0214172 0.0270371 0.0255382 0.0161683 0.056396 -0.0208445 -0.0039322 -0.00687698 0.0460908 0.0577757 0.025215 0.0113862 -0.00220308 0.00266706
internal_weight=1.2334e+09 7.26162e+08 5.07238e+08 5.82371e+08 4.12632e+08 1.43791e+08 9.46059e+07 3.67844e+08 2.14527e+08 3.1005e+08 1.22167e+08 6.03982e+07 2.76607e+08 3.42078e+07 1.03176e+08 2.00727e+08 1.02582e+08 5.4288e+07 1.76719e+08 1.59857e+08 2.16241e+07 1.14983e+08 6.46463e+07 9.52111e+07 2.79922e+07 6.72189e+07 1.09323e+08 5.61476e+07 5.31751e+07 1.74791e+07 9.1237e+07 1.98094e+07 5.15723e+07 1.01741e+07 4.13982e+07 4.2317e+06 8.82585e+06 9.9544e+07 7.33598e+07 4.82944e+07 2.76926e+07 1.43517e+07 6.61995e+06 2.36938e+06 4.02261e+06 3.12088e+07 2.59371e+07 3.03101e+07 2.91055e+07 1.40558e+07 1.36313e+07 1.50496e+07 583704 7.46771e+06 1.40605e+08 5.67161e+07 5.45774e+06 2.86481e+06 1.15563e+07 2.41053e+07 4.08695e+07 1.86399e+07
internal_count=16801540 12819030 3982510 8793494 3531247 4025536 451263 4851882 3941612 2826319 3175043 315377 3880314 135886 2539044 1975149 704928 320251 2679148 1482051 850493 2367347 508186 973865 307926 665939 851170 499991 351179 104880 971568 71052 252309 37080 215229 11895 63068 1574265 1903134 384677 211210 57014 22614 5705 25047 311863 570742 223176 160045 70508 69784 89537 1793 255890 2009817 840592 14038 5667 63808 199929 493098 211898
cat_boundaries=0 1 2 3 4 5 7 8 9 11 12 13 15 17 19 21 23 24 26 27 29 31 32 34 35 37 38 40 41 42 44 45 46 47 49 51 53 54 56 57 59
cat_threshold=2 2 18 4 4 970050852 59499 2 4 2697522796 107245 4 9 2331038258 96898 3861922546 217550 4093776068 7582 1364992226 89281 338893472 2600 109077 889291300 22054 2 705799821 518 2702869184 2080 748102 18223912 95631 269737 4087411728 48550 34340 3254915736 4100 817 296721 755044236 38656 131073 99477 64 4 66080 400772320 30720 2704918683 213160 189204 101187793 4100 535446 3308415654 54453
is_linear=0
shrinkage=0.05


Tree=34
num_leaves=63
num_cat=44
split_feature=0 0 0 17 17 0 17 17 0 0 13 17 11 0 0 17 11 13 12 13 14 13 15 14 11 0 13 13 15 11 17 14 14 16 11 15 13 13 0 14 13 17 13 13 15 1 13 14 15 14 15 13 13 13 13 14 13 13 13 13 14 0
split_gain=3.12383e+07 9.08008e+06 5.93219e+06 2.34043e+06 1.73473e+06 1.52603e+06 1.51312e+06 1.14725e+06 1.0532e+06 942227 715188 712505 688239 675694 599538 598524 546338 532477 505393 464707 488577 464645 601221 602870 436471 435282 410968 407741 404549 398016 391042 389008 387123 509110 380838 373498 363607 353065 349571 348172 413757 339910 333464 317261 313007 311735 521655 419062 311310 308420 449250 307114 305529 299967 294312 505887 291886 290946 288275 285218 347044 280341
threshold=12.722423553466799 13.839263916015627 11.780675888061525 0 1 13.239193439483644 2 3 12.312792778015138 14.622321128845217 4 5 12.722423553466799 11.051819801330568 14.432618141174318 6 12.722423553466799 7 1.0000000180025095e-35 8 9 10 11 12 12.312013149261476 10.36855983734131 13 14 15 11.006946563720705 16 17 18 19 13.83748769760132 20 21 22 13.447151660919191 23 24 25 26 27 28 12948.949218750002 29 30 31 32 33 34 35 36 37 38 39 40 41 42 43 13.529273033142092
decision_type=2 2 2 1 1 2 1 1 2 2 1 1 2 2 2 1 2 1 2 1 1 1 1 1 2 2 1 1 1 2 1 1 1 1 2 1 1 1 2 1 1 1 1 1 1 2 1 1 1 1 1 1 1 1 1 1 1 1 1 1 1 2
left_child=2 3 7 12 53 16 10 25 18 11 -3 43 26 -9 34 21 37 35 57 20 36 22 23 -7 -10 -1 28 -27 -2 -15 -20 -24 33 -16 44 54 -13 49 58 -36 -41 -26 -32 -8 -12 46 -18 -48 -22 50 -5 -35 -17 -4 55 -11 -40 -6 -14 60 -47 -54
right_child=1 6 4 5 8 15 9 13 24 17 14 19 38 29 32 52 45 -19 30 -21 48 -23 31 -25 41 27 -28 -29 -30 -31 42 -33 -34 51 39 -37 -38 -39 56 40 -42 -43 -44 -45 -46 59 47 -49 -50 -51 -52 -53 61 -55 -56 -57 -58 -59 -60 -61 -62 -63
leaf_value=-0.060804243819901384 -0.0012051710716586301 0.018362173552106464 -0.0038935282667645708 0.023565351449222907 -0.013070744818787334 0.042347280947148978 0.011290974932987557 -0.038793979323604018 -0.0024966591432270674 0.079903516073270911 0.017234431249774747 0.016533873479245707 -0.00071656877256501912 -0.016629666439032981 0.014023305012265961 0.0039489292701397859 -0.0025744107778302942 0.016757933177962814 -0.020468805346779435 0.011740170484462497 0.0049507105571647524 0.0099140070886295506 0.024720355435585331 0.017345463146453688 -0.0053536947363043092 -0.008055163214409607 0.0001494762998576571 -0.017633446224719823 0.012204347215511772 -0.02617521204850657 -0.015999406184111109 0.007522396378780283 0.030563698872548863 0.02778396901947415 0.0084509839262488888 0.024739706775384465 0.031816393450418971 0.0031581829502264173 -0.0061283392607430417 0.040364460062437629 0.015131973702001389 -0.011002505392721277 -0.009209225150678518 -0.0019077274463852895 0.043328924333881413 0.0095538977145662764 0.012408957019310902 0.0023238366640242467 0.01893734007079409 0.0057390331616059961 0.0075138000334449458 0.073459792521443648 0.0064438657434951561 0.001543191618156846 0.035619539948322343 0.011146316277078287 0.0044111510958536031 -0.0049595361172935434 -0.0066410628281071693 -0.0034047229518285888 -0.0017939183259885511 0.012886936673982458
leaf_weight=501284.76231575012 8036897.8802185059 16007170.561019897 49121054.273946762 8080206.4160728455 16775445.940389633 4280927.9733505249 8415496.5774803162 7691383.7138118744 59363017.35679245 1175086.2741317749 1513918.2871780396 6442815.8987884521 31794699.562953949 16811215.187490463 563744.37603759766 42790117.964126587 20777184.818378448 6757349.4783096313 18654696.019042969 43862576.771961212 6413654.9090957642 40124592.96156311 4637982.273223877 5520429.4165763855 60687651.219009399 18009909.322824478 39355960.889778137 29005247.78358078 18738172.611927032 31164726.180657387 33679896.426628113 11297420.969818115 2287750.1064376831 437773.49482727051 3438708.2057876587 3591971.7509918213 9831205.2013587952 36237752.102581024 9088296.4982223511 3348590.9578094482 3155883.3824768066 47455956.345293045 39039998.143474579 9919754.3190460205 4770835.9690475464 11778605.794296265 19713067.385959625 21572479.551483154 10477823.274383545 19234635.488491058 9465497.6560897827 2310885.9465942383 37582028.110527039 52474040.998180389 2189502.2930297852 346395.63349151611 23700401.137695312 32424220.430013657 57966768.344673157 44790256.454826355 15742362.327033997 30652392.191150665
leaf_count=26009 86855 75821 713626 57410 323721 18434 60840 352404 813661 1145 6633 35313 433836 452409 2179 353099 244140 29715 525674 259220 40066 280758 26332 34564 949571 435762 430266 774068 175241 1057592 755820 78953 7493 1466 19422 13670 43168 336224 101029 12079 16635 951965 818724 83695 14120 118716 195678 238774 55549 170068 81451 2684 316576 714826 7158 1551 235417 573372 846290 525213 178699 209272
internal_value=-1.91605e-05 0.00669645 -0.00945001 0.00385027 -0.00675125 0.0060895 0.0177704 -0.020165 -0.00861965 0.0147901 0.0263897 0.0130086 -0.000710246 -0.025036 0.0322766 0.00950125 0.00317959 0.0268734 -0.0118109 0.0151172 0.0195834 0.0132775 0.0185213 0.0282655 -0.00594154 -0.0144585 0.00340059 -0.0139643 0.0081793 -0.0228304 -0.0140107 0.0125279 0.0463825 0.0573078 0.0274087 0.0362332 0.0257661 0.00666094 -0.00292855 0.0213191 0.028122 -0.00783253 -0.0123541 0.0041502 0.0370432 0.00128785 0.00388737 0.00713929 0.0136267 0.010112 0.0149059 0.0661852 0.00726113 -0.00108545 0.0473579 0.0642497 0.00148984 -0.00772519 -0.00454253 -0.000943246 0.0030628 0.00933823
internal_weight=1.23308e+09 7.20218e+08 5.1286e+08 5.72959e+08 4.09676e+08 3.84278e+08 1.47259e+08 1.03184e+08 3.08081e+08 1.09424e+08 3.78353e+07 9.53633e+07 1.88681e+08 5.56673e+07 2.18281e+07 1.76886e+08 2.07392e+08 1.40603e+07 1.40574e+08 7.70281e+07 3.31655e+07 6.58614e+07 2.57368e+07 9.80136e+06 1.67507e+08 4.75164e+07 6.6131e+07 4.70152e+07 2.67751e+07 4.79759e+07 9.13746e+07 1.59354e+07 5.60015e+06 3.3124e+06 1.62279e+07 7.30296e+06 1.6274e+07 7.30181e+07 1.2255e+08 9.94318e+06 6.50447e+06 1.08144e+08 7.27199e+07 1.83353e+07 6.28475e+06 1.34374e+08 6.20627e+07 4.12855e+07 1.68915e+07 3.67803e+07 1.75457e+07 2.74866e+06 1.11025e+08 1.01595e+08 3.71098e+06 1.52148e+06 3.27887e+07 4.91997e+07 8.97615e+07 7.23112e+07 2.7521e+07 6.82344e+07
internal_count=16802121 6562917 10239204 5773295 7140960 3464361 789622 3098244 5712508 631090 158532 577851 2308934 1862405 82711 1317988 2146373 53239 2997311 433316 174096 439041 158283 52998 2715197 1235839 692362 1209830 262096 1510001 2100218 105285 13822 6329 68889 23524 78481 645153 1616572 48136 28714 1901536 1574544 144535 20753 1501220 678592 434452 95615 308929 138861 4150 878947 1428452 9854 2696 336446 897093 1280126 822628 297415 525848
cat_boundaries=0 1 2 3 4 6 7 8 10 12 13 15 16 17 19 21 22 23 24 25 26 27 29 31 32 34 35 37 39 40 42 43 44 45 46 48 50 52 54 55 57 59 61 63 64
cat_threshold=12 2 2 18 497216912 125042 4 2 775077832 200738 404920859 198428 357897 2160640090 107128 1188 90694 526434537 2211 378884389 85504 2073 4 301064 680788 33 1350 2099723 132112 915160752 180647 396557 2688549445 135425 17 144665568 212368 3234809348 111813 2565 170133814 119081 89649 1561 232981 2610 1074332162 5381 3087639636 229483 1000580330 205158 704643200 69632 544353 134481519 10247 1150829356 41396 2823964700 133513 255924294 156840 624210
is_linear=0
shrinkage=0.05


Tree=35
num_leaves=63
num_cat=42
split_feature=0 0 0 17 0 17 17 17 11 0 0 17 0 13 14 11 13 13 0 13 0 13 14 14 13 17 13 11 15 11 11 11 13 2 13 13 13 14 17 13 13 13 14 1 13 13 13 14 13 13 13 3 13 13 14 13 3 14 1 13 16 13
split_gain=2.79803e+07 8.83498e+06 5.16359e+06 2.1235e+06 1.67058e+06 1.46323e+06 1.0956e+06 1.06573e+06 961568 811740 781013 731066 607541 596280 652508 514967 512994 504345 503067 484439 479988 462911 594415 457591 429618 402957 455127 402888 389725 384762 382634 380981 423834 371295 390291 368328 366593 355861 347188 345063 341220 328806 327094 322842 539869 415863 320108 331280 339697 314041 307264 307729 549752 306165 304432 298556 297462 294470 290941 289695 288413 281952
threshold=12.648597717285158 13.674160003662111 11.780675888061525 0 14.314603328704836 1 2 3 11.779021739959719 13.157667160034181 13.072339057922365 4 12.257157325744631 5 6 13.673645973205568 7 8 10.848378181457521 9 10.777470111846926 10 11 12 13 14 15 13.073373317718508 16 10.777098655700685 13.157455921173097 12.665022373199465 17 6.5000000000000009 18 19 20 21 22 23 24 25 26 12502.433593750002 27 28 29 30 31 32 33 95.149997711181655 34 35 36 37 66.649997711181655 38 7883.5864257812509 39 40 41
decision_type=2 2 2 1 2 1 1 1 2 2 2 1 2 1 1 2 1 1 2 1 2 1 1 1 1 1 1 2 1 2 2 2 1 2 1 1 1 1 1 1 1 1 1 2 1 1 1 1 1 1 1 2 1 1 1 1 2 1 2 1 1 1
left_child=2 3 6 9 7 -4 20 15 38 25 31 13 59 14 60 21 -9 23 -8 37 41 -3 24 28 -23 26 -2 36 53 39 49 32 54 34 57 42 -12 -17 61 -22 -24 -1 -35 44 -14 -45 -40 48 -48 -11 -32 -52 -53 -13 58 -27 -56 -29 -5 -10 -6 -7
right_child=1 4 5 10 11 8 18 16 12 30 27 17 43 -15 -16 19 -18 -19 -20 -21 29 22 40 -25 -26 55 -28 33 -30 -31 50 -33 -34 35 -36 -37 -38 -39 46 -41 -42 -43 -44 45 -46 -47 47 -49 -50 -51 51 52 -54 -55 56 -57 -58 -59 -60 -61 -62 -63
leaf_value=-0.0016437981506628844 0.0038319460023686826 0.014311921127875483 -0.014200552085924127 0.020786826469364542 0.073176995219364646 -0.0033725319816765281 -0.048566108754010323 0.0039867739208970339 -0.0075944900497952675 0.010161679256641007 0.0067647714470031005 0.059835162874395643 0.001134233787306824 0.025088135856263072 0.025072190405804308 0.024994201816311373 0.011934456568364829 0.013723225044547475 -0.025083348242951494 0.0085852970698803328 -0.017017568331676652 0.049070477582825775 0.031372845407650812 0.019660803949980269 0.022903658403527774 -0.0021541279114600945 -0.0029991147473914909 -0.013041946424656881 0.021417328466831184 -0.017699850246403703 -0.0030053422421716862 0.0008036266962365402 0.0020336882946581734 0.017057941684053956 -0.011243519365236368 0.0050961593021996909 0.015537567563631697 0.012653287195264035 -0.0071042878646751326 -0.0045836312247586053 0.011862781562203923 -0.0407518154869424 0.0065416291567005338 -0.0036567417511001107 -0.0072766036224784216 -0.014364532165539123 -0.004446613436772274 -0.0039689592007051766 0.010678266937086754 0.0020003937168209312 0.0016034291466130097 0.032410438739231731 0.0029627870909353254 0.028588927388701047 0.031951219291486102 -0.010173306349513597 0.01284060472263145 0.017596635559536559 -0.00043331081030151784 -0.01332761618812732 0.036905328668993674 0.0063351057999816779
leaf_weight=657806.94209480286 34634855.18082428 10889083.569580078 56430533.84087944 2121108.7844543457 2003115.5767822266 11941108.750457764 2456348.1219959259 35807961.854003906 41962616.955753326 25017209.971710205 19520658.472278595 2104945.2580184937 36826485.555595398 7733809.0869140625 1883353.4247283936 11483249.641513824 46891569.656402588 18231839.674720764 31893653.101140022 23829870.046031952 9422846.2640800476 4118315.0744781494 3702450.7665328979 10398740.581245422 2533794.3383483887 21561435.865373611 82381160.384061813 1077737.8654327393 2283484.9870681763 41656230.980494499 33748479.867179871 73902788.934967041 23846965.40605545 15605899.033737183 5622924.9473190308 52141188.712306976 30536874.414794922 11890035.263565063 34161199.56943512 13681477.007436752 5677946.6018447876 2938028.6592264175 14052010.802520752 18338193.797916412 39588314.955104828 17936512.683979034 5882833.2545871735 27364540.012199402 10061795.19156456 22288828.437850952 47012772.29227829 2372650.2155914307 4773723.3069114685 1249350.3631973267 2552198.7606925964 25139136.53909874 10071567.826286316 2879596.4376144409 6773414.6008300781 46397001.44276619 754577.28565979004 20020077.898635864
leaf_count=21710 414623 55081 1307739 17228 2343 156899 130348 275189 850366 203216 141721 4527 556036 28005 6505 57972 323063 90073 1113053 151701 224224 11593 14473 45841 11010 325465 1067707 11303 9749 1189086 380516 852081 235363 115610 58528 454160 195229 70538 541132 285287 28459 134883 117874 292564 652393 317730 89887 414636 130680 202532 502356 17338 50317 4894 16817 415082 85164 21970 66136 998123 2099 233702
internal_value=3.4403e-05 0.00594382 -0.00956808 0.00269985 0.0148663 -0.00679417 -0.0194777 0.0123955 -0.00544804 -0.000176443 0.00599788 0.0231738 -0.00750092 0.0335905 0.0477588 0.0167492 0.0084932 0.0194121 -0.0267626 0.0136018 -0.0158169 0.0222676 0.0276709 0.0258798 0.0391036 -0.00254431 -0.000977231 0.00851096 0.0373505 -0.0148296 0.00269057 0.00301769 0.00662455 0.00653585 -0.00277718 0.00762658 0.0121165 0.0187164 -0.00167647 -0.00965469 0.0195634 -0.0335977 0.0120753 -0.00506708 -0.00322318 -0.00895136 -0.00348541 -0.000630926 0.00509788 0.00631639 0.000739394 0.00307287 0.0127397 0.0481972 0.0117122 -0.00647089 0.0167043 0.00925253 0.00462713 -0.0106049 0.0632523 0.00270821
internal_weight=1.23272e+09 7.63103e+08 4.69618e+08 5.59635e+08 2.03467e+08 3.66911e+08 1.02706e+08 1.56824e+08 3.10481e+08 2.9893e+08 2.60705e+08 4.66432e+07 2.01049e+08 1.23749e+07 4.64105e+06 7.41247e+07 8.26995e+07 3.42684e+07 3.435e+07 4.72032e+07 6.83564e+07 2.69216e+07 1.60325e+07 1.60365e+07 6.65211e+06 1.63717e+08 1.17016e+08 1.41437e+08 5.63778e+06 6.47606e+07 1.35214e+08 1.19268e+08 4.53653e+07 9.13794e+07 9.58026e+06 8.17991e+07 5.00575e+07 2.33733e+07 1.09432e+08 2.31043e+07 9.3804e+06 3.59584e+06 2.96579e+07 1.1269e+08 7.64148e+07 3.62747e+07 7.74704e+07 4.33092e+07 1.59446e+07 4.7306e+07 8.79076e+07 5.41591e+07 7.14637e+06 3.3543e+06 2.15183e+07 4.67006e+07 1.26238e+07 3.95733e+06 8.89452e+06 8.83596e+07 2.75769e+06 3.19612e+07
internal_count=16801929 7161451 9640478 5968336 1193115 6541887 3098591 999079 5234148 3579152 2389184 194036 3667212 38952 10947 400827 598252 155084 1243401 280211 1855190 120616 65535 65011 22603 2222877 1482330 1116395 19170 1698597 1356275 1272789 420708 779445 91801 687644 336950 128510 1566936 509511 42932 156593 233484 1818723 1208429 610294 1176335 635203 220567 405748 950527 570011 67655 9421 185345 740547 101981 33273 83364 1848489 4442 390601
cat_boundaries=0 1 2 3 4 5 7 8 10 12 14 16 17 18 20 21 23 24 26 28 30 32 33 34 36 38 40 41 43 45 47 48 50 52 54 56 58 59 61 62 64 65 67
cat_threshold=13 4 19 18 2 2685411373 136072 664420 3825602522 77264 1203123090 86532 2154585372 243025 2547148941 129088 82761 22064 134841648 685 9 2889917464 8608 1434 883495908 16575 422097058 66794 1442992864 203296 2317497904 235308 496154 2 1747754524 169290 539230786 1042 4194352 51208 224428 179052149 188160 928112771 150265 792333117 8628 100741 2151968896 68609 1532437224 70603 282882848 169762 539101204 65552 1175846914 69636 811466 14319807 252934 727298 3311458069 49711 22 270644807 209292
is_linear=0
shrinkage=0.05


Tree=36
num_leaves=63
num_cat=43
split_feature=0 0 0 0 17 17 17 17 0 12 17 17 13 12 13 12 13 0 12 1 13 12 13 14 13 14 13 13 0 13 3 13 13 13 3 13 12 14 13 14 14 13 14 16 13 13 17 13 13 14 4 13 13 13 13 13 14 13 16 3 14 3
split_gain=2.55741e+07 7.05687e+06 5.07327e+06 2.07287e+06 1.65354e+06 1.51667e+06 1.08487e+06 1.03357e+06 890051 729899 618891 616537 553393 525495 452638 451080 446495 445226 426023 403991 469706 400604 504826 566668 679241 409164 612340 426701 388582 448189 383183 372895 371545 367928 430599 441852 364016 358007 356238 353502 341104 389026 337027 328042 338568 337821 322830 401287 318712 314009 313144 609986 362694 302341 297222 295499 288233 378192 283889 282687 282505 282379
threshold=13.012022018432619 12.171544075012209 13.950327873229982 11.444519996643068 0 1 2 3 13.431216716766359 1.0000000180025095e-35 4 5 6 1.0000000180025095e-35 7 1.0000000180025095e-35 8 10.36855983734131 1.0000000180025095e-35 28399.759765625004 9 1.0000000180025095e-35 10 11 12 13 14 15 12.616340160369875 16 99.549999237060561 17 18 19 60.45000076293946 20 1.0000000180025095e-35 21 22 23 24 25 26 27 28 29 30 31 32 33 2.5000000000000004 34 35 36 37 38 39 40 41 95.149997711181655 42 90.750000000000014
decision_type=2 2 2 2 1 1 1 1 2 2 1 1 1 2 1 2 1 2 2 2 1 2 1 1 1 1 1 1 2 1 2 1 1 1 2 1 2 1 1 1 1 1 1 1 1 1 1 1 1 1 2 1 1 1 1 1 1 1 1 2 1 2
left_child=1 3 4 11 18 15 12 33 19 14 48 -1 42 31 -8 56 -11 -13 53 38 60 22 23 24 -10 26 -23 -27 29 -12 -25 -9 -30 -5 35 -35 54 -22 -6 55 41 -16 43 44 -4 -45 47 -41 -7 -40 52 -52 -42 -2 -19 -18 -3 -58 -28 -51 -21 -20
right_child=2 5 6 7 8 10 9 13 21 16 28 17 -14 -15 40 -17 39 36 61 20 37 25 -24 30 -26 27 58 -29 32 -31 -32 -33 -34 34 -36 -37 -38 -39 49 46 50 -43 -44 45 -46 -47 -48 -49 -50 59 51 -53 -54 -55 -56 -57 57 -59 -60 -61 -62 -63
leaf_value=-0.036793841700350889 0.0088274788676192158 -0.007859759427500829 0.02930562507138397 -0.010865545579778061 0.003470450604092264 0.0046548196526129898 0.013255917835754347 -0.0046020184875470941 0.05957075198475098 0.0062072730682151411 -0.0012278619682573235 -0.054320027865184486 0.018939286611886548 -0.017407356139072801 0.034109161592193855 -0.0088897376259261928 0.015723700968372851 -0.0039260451879311728 -0.0023723543570457152 -0.0026685030995517514 -0.0089940400269861893 0.0055687742980263721 0.0093886890286578213 0.014935914754456417 0.01944669547644988 0.01119202590544232 0.029020202048115302 0.0013006889062670535 0.0026967649680491338 -0.0081369057673588152 0.060627784935463724 -0.014985111538623093 -0.0033834319596741146 0.058154253930797609 -0.0048645227513558556 -0.019860126550651759 -0.023473848790091026 0.00202609525792152 0.00057944587539998649 0.03620017211245382 0.0144701592678405 0.0095041271811615192 0.023970863967730724 0.042665385627262742 0.054104047708480679 0.0040409711993317594 0.011621105203728029 0.017036080054977816 -0.00061457196076223264 0.0092651875964380927 0.075905914055560395 -0.0016971729026950156 0.034919832313959974 0.00098477176672435909 -0.019434384760716284 -0.00055592433438971401 0.0046815909032503081 -0.0060184827260428607 0.015139009255384674 0.019664070804536481 0.012699163991462535 0.0041419489154393245
leaf_weight=7070917.2269268036 24914622.333595276 20470509.746559143 2125832.4023361206 37507247.638061523 44219923.208770752 59604742.840366364 11965591.046108246 17448475.959939957 1805866.6924476624 24754940.274871826 45150743.299915314 958948.94385910034 14874031.010002136 63491653.16126442 2364704.8367652893 98742633.952297211 6016329.4082374573 5290175.6556758881 69501394.383739471 4081111.9996109009 11768948.52123642 17543622.882980347 22973800.27948761 18240318.673164368 2536004.6846084595 19092861.698898315 4680516.6828193665 25418969.837524414 50173994.383369446 48889250.590360641 470687.74875640869 17142864.749149323 50328502.034454346 538440.45924186707 46454068.363925934 273777.11867332458 23640344.012153625 19716543.221675873 8981086.5193214417 4573763.2277374268 3218441.8222198486 5010078.0200386047 6361707.8827819824 1114411.7210006714 3904610.3798904419 1150627.6483230591 7957909.1411590576 6782290.3157577515 55336853.910697937 49511112.672439575 922712.08420181274 349006.32912826538 6645096.2595214844 24249128.2563591 7426962.6715526581 5193822.1139297485 17683718.688779831 15493153.618730545 17288047.740364075 7529266.4548988342 11191189.376434326 21870253.199939728
leaf_count=313377 218216 320460 7943 763850 403204 669482 61736 358128 4691 157008 672830 51817 65770 1746765 8949 1876400 33646 137166 821680 39601 122369 133282 142125 102548 13391 134507 26414 204259 584439 785474 1209 389535 632279 4055 884925 5937 842077 184065 83848 17272 15883 26438 25728 3345 9256 5795 50774 33880 670353 419745 1269 2045 24822 237547 224700 34388 241272 241078 116751 56569 92105 241789
internal_value=4.33954e-05 -0.00635054 0.00815982 -0.013564 0.00565 -0.00280147 0.0174685 -0.0112112 0.00782561 0.0146222 -0.000790932 -0.0232565 0.0257338 -0.014706 0.0208349 -0.00688462 0.0111971 -0.0206914 0.00120622 0.00529161 0.0013971 0.0108847 0.0146341 0.0198616 0.0361352 0.00883081 0.0125341 0.00554347 -0.00250959 -0.00481972 0.0160853 -0.0097477 -0.000348007 -0.00716778 -0.00423348 0.0318581 -0.0198044 -0.00209312 0.00694343 0.0152439 0.0257341 0.0173937 0.0326289 0.0392685 0.0453623 0.0230445 0.0193433 0.0247546 0.00211795 0.00926956 0.0312579 0.0546094 0.0282472 0.00495921 -0.0129831 0.00818113 -0.00319402 -0.0003152 0.0180965 0.0106378 0.00859257 -0.000813124
internal_weight=1.23199e+09 6.89118e+08 5.42871e+08 2.27244e+08 4.27585e+08 4.61874e+08 1.15286e+08 1.82857e+08 2.8705e+08 8.57547e+07 3.09484e+08 4.43873e+07 2.95312e+07 9.8083e+07 3.04756e+07 1.5239e+08 5.52791e+07 3.73164e+07 1.40535e+08 1.56999e+08 4.67578e+07 1.30051e+08 4.60267e+07 2.30529e+07 4.34187e+06 8.4024e+07 3.95122e+07 4.45118e+07 1.94542e+08 9.404e+07 1.8711e+07 3.45913e+07 1.00502e+08 8.47735e+07 4.72663e+07 812218 3.63575e+07 3.14855e+07 1.10241e+08 3.05241e+07 1.851e+07 7.37478e+06 1.46572e+07 8.29548e+06 6.03044e+06 2.26504e+06 1.9314e+07 1.13561e+07 1.14942e+08 6.60215e+07 1.11353e+07 1.27172e+06 9.86354e+06 4.91638e+07 1.27171e+07 1.12102e+07 5.36474e+07 3.31769e+07 2.19686e+07 5.70404e+07 1.52723e+07 9.13716e+07
internal_count=16802261 12416399 4385862 5722332 3799915 6694067 585947 4153195 2280683 468110 4014857 1569137 117837 2494428 141142 2679210 326968 1255760 1519232 1401506 438140 879177 263964 121839 18082 615213 276447 338766 2675022 1458304 103757 747663 1216718 1658767 894917 9992 1203943 306434 963366 169960 79406 35387 52067 26339 17199 9140 101926 51152 1339835 560162 44019 3314 40705 455763 361866 68034 802810 482350 143165 476314 131706 1063469
cat_boundaries=0 1 2 3 4 5 6 8 10 12 14 16 17 19 20 22 24 26 28 30 32 34 35 37 38 39 41 42 43 45 47 48 50 52 53 55 57 59 61 63 64 66 67 68
cat_threshold=12 12 2 18 2 4 3764458095 136873 567512428 43720 3915915981 35515 17832455 26681 345840104 109198 262464 268439944 8192 340141 665856329 195854 2724217001 113604 2686297810 251402 1763747923 224947 2477390529 19109 1764395167 132503 2151752000 88072 629057 824216363 77617 827590 930186 338165760 1312 713494 54 1612779616 4129 536940580 135169 17 276859906 20484 4150117152 17951 262184 201851011 200721 338165891 5153 526492909 71850 2548660393 2048 68632882 139520 366464 945739144 84411 68 38156
is_linear=0
shrinkage=0.05


Tree=37
num_leaves=63
num_cat=41
split_feature=0 0 0 17 0 17 17 11 17 13 0 17 11 13 13 13 11 17 11 0 14 13 0 17 13 14 3 13 14 11 14 13 13 17 11 11 13 13 13 0 14 13 13 0 13 1 13 13 14 13 14 11 13 14 13 13 14 13 0 14 1 13
split_gain=2.31503e+07 6.89058e+06 4.73033e+06 1.55764e+06 1.52521e+06 1.43256e+06 948109 742810 678724 667092 626252 610803 606725 585618 534765 499515 495575 453838 428854 422970 408212 532321 404882 398156 391055 375088 372760 553356 389657 371343 364674 362335 357598 349161 347789 343414 335822 329877 324915 324027 322564 321385 304924 300834 300721 298806 454126 367863 309711 297678 288224 287690 286007 280363 279598 278882 278955 270736 269651 383318 276539 263104
threshold=12.73855781555176 13.674160003662111 11.780675888061525 0 14.224736690521242 1 2 14.223823547363283 3 4 12.280593872070314 5 12.738457679748537 6 7 8 12.738457679748537 9 11.779021739959719 10.685305595397951 10 11 14.622321128845217 12 13 14 96.549999237060561 15 16 13.673645973205568 17 18 19 20 11.779021739959719 13.08320188522339 21 22 23 10.777470111846926 24 25 26 12.288928031921388 27 32937.710937500007 28 29 30 31 32 10.685154438018801 33 34 35 36 37 38 13.251674175262453 39 41835.308593750007 40
decision_type=2 2 2 1 2 1 1 2 1 1 2 1 2 1 1 1 2 1 2 2 1 1 2 1 1 1 2 1 1 2 1 1 1 1 2 2 1 1 1 2 1 1 1 2 1 2 1 1 1 1 1 2 1 1 1 1 1 1 2 1 2 1
left_child=2 3 6 11 8 18 19 9 15 20 34 -2 14 17 58 26 38 25 55 -1 21 -6 -11 24 50 -9 53 28 -28 32 31 -19 40 -23 37 57 -22 -7 -13 -25 49 -18 -12 -20 -31 46 -37 -47 -48 -10 -8 -21 -45 -3 -42 56 -4 -14 59 60 -5 -27
right_child=1 4 5 12 7 10 23 13 29 22 42 16 35 -15 -16 -17 41 30 43 51 36 33 -24 39 -26 61 27 -29 -30 44 -32 -33 -34 -35 -36 45 -38 -39 -40 -41 54 -43 -44 52 -46 47 48 -49 -50 -51 -52 -53 -54 -55 -56 -57 -58 -59 -60 -61 -62 -63
leaf_value=-0.051830959339717986 -0.0035799953813459304 0.0068081066365973525 0.016238718703264352 0.018865774948735006 0.0093839784982382522 -0.0023286627577306842 0.0084243631380353824 0.0076211027031054552 0.011633609470583457 0.012404255252605655 -0.0033998482324075216 0.0084363879073110892 -0.0026498649488783969 0.0095399070601548241 0.0053865976117524732 0.012017628967644974 0.0022816175324188127 0.048963999393958277 -0.0071010219622304697 -0.016832250316082882 0.038684931035611797 0.067387392160893372 0.032983283600746434 -0.035741258392290441 -0.013806861184850531 0.040693979119573141 -0.0055311012822705542 0.00066022972806159194 0.075282876891466358 0.0029612908904656692 -0.0032789865407344184 0.01201627463991119 0.0086295730635435556 0.035959437968336568 -0.013776055673128793 0.0032559463041791125 0.014536751157285897 -0.012429322827376041 0.0015107198800560315 -0.016109133860540727 0.020542421382169194 -0.0027788215522787309 -0.0082397303312275721 -0.0056668715916364208 0.0096099745285575036 -0.0054396020699056889 0.0047717471533492047 0.0064895875588136644 0.01509503826033615 0.036022817595555486 -0.0096695219762912548 -0.026688013646925843 0.00062378237212302263 0.024916843900622352 0.0044427541436684731 -0.00088024582678746129 0.0014482679765412841 0.0039568226626422757 0.018376272619105152 0.0030101521772934472 -0.0029347310219351918 0.025091704173694787
leaf_weight=1351748.5812120438 77067742.700115204 2713918.5002975464 5187745.4577217102 10765994.017707825 738314.17688751221 16296481.381875992 4361248.1708908081 2153340.837310791 1860493.3479309082 7220457.5773849487 57294947.224653244 35431250.174312592 27770558.555347443 17554198.074584961 43871285.210712433 21737453.03591156 64591408.751049042 882150.99485397339 52663444.803607941 11298408.71942997 3332962.3202438354 2394300.7083053589 3572773.7044754028 2215071.1646718979 16140008.578791618 4038850.0148925781 173829.83140563965 483821.27512359619 1051215.2369766235 30180753.837017059 2667625.281211853 2677748.3602714539 21786457.686988831 1400953.9997787476 59760718.472261429 29846108.557964325 2534657.1674728394 16039075.563087463 32440646.098735809 41093385.219741821 6029151.5313491821 61012019.661933899 75331630.591085434 32294531.446273804 38963822.190052032 11277026.927558899 10740068.85042572 15137369.985683441 22457338.193805695 3819830.9150352478 4443217.0700263977 21482879.173733711 41018011.761362076 10061876.503723145 4879117.0207443237 55009983.557769775 8269936.9011516571 35113643.163890839 16149341.557209015 10685308.13891983 1681922.2469940186 8164200.5335922241
leaf_count=78015 1048239 15555 54674 77751 3386 299283 89241 10361 10660 34015 953508 313259 324769 91957 351245 120171 731776 2829 996663 348794 10282 3312 11484 103935 420453 11985 1116 2957 1566 240007 17736 15194 134873 4852 1466413 263386 10973 326895 314426 1132444 31524 734140 1319094 478750 280772 109324 91329 128228 169550 16128 109227 815699 561821 46322 31057 712672 102498 380016 91973 93182 15361 31476
internal_value=1.34431e-05 0.00589469 -0.00798282 0.00277238 0.0136751 -0.00562943 -0.0176175 0.0204197 0.0108912 0.0279244 -0.00834841 0.000184258 0.00574567 0.0162491 0.0091808 0.0168106 0.00168369 0.0219708 -0.00248704 -0.0244214 0.0369606 0.0482296 0.0192163 -0.014215 -0.00918303 0.0268606 0.0240036 0.0459352 0.0638157 0.00889697 0.0106982 0.0211721 0.0128413 0.0557864 -0.0115159 0.00387066 0.0282536 -0.00733879 0.00512614 -0.0171132 0.0183726 -0.000176497 -0.00614889 -0.00421816 0.00670791 0.00586101 0.0077315 0.00139669 0.0117552 0.0280346 -0.000706806 -0.0232911 -0.00214728 0.0210701 0.0133413 0.0006981 0.00714978 0.00103922 0.0134182 0.00995699 0.0159201 0.0302556
internal_weight=1.23067e+09 7.09113e+08 5.21552e+08 5.06039e+08 2.03074e+08 4.19167e+08 1.02386e+08 5.93325e+07 1.43742e+08 2.11944e+07 2.24723e+08 2.70543e+08 2.35496e+08 3.81381e+07 8.31539e+07 3.62221e+07 1.93475e+08 2.05839e+07 1.94444e+08 3.4133e+07 1.04012e+07 4.53357e+06 1.07932e+07 6.82529e+07 2.49445e+07 1.43564e+07 1.44847e+07 1.70887e+06 1.22505e+06 1.0752e+08 6.22752e+06 3.5599e+06 3.83751e+07 3.79525e+06 9.20963e+07 1.52342e+08 5.86762e+06 3.23356e+07 6.78719e+07 4.33085e+07 1.65886e+07 1.25603e+08 1.32627e+08 1.25976e+08 6.91446e+07 8.94579e+07 6.30435e+07 2.64144e+07 3.31974e+07 5.68032e+06 8.80447e+06 3.27813e+07 7.33125e+07 1.27758e+07 1.09083e+07 6.84677e+07 1.34577e+07 6.28842e+07 3.92826e+07 2.31332e+07 1.24479e+07 1.22031e+07
internal_count=16800583 6430504 10370079 5237954 1192550 7272271 3097808 259842 932708 78304 4365193 3141840 2096114 181538 629512 187687 2093601 89581 2907078 1242508 32805 11550 45499 1855300 618921 53822 67516 5639 2682 745021 35759 18023 224242 8164 2092591 1466602 21255 626178 627685 1236379 89369 1465916 2272602 2037234 520779 761817 524265 237552 260879 26788 198468 1164493 1040571 61877 62581 869844 157172 704785 278267 186294 93112 43461
cat_boundaries=0 1 2 3 4 6 7 9 11 13 14 15 17 18 20 21 23 24 25 26 28 29 31 33 35 36 38 40 42 44 46 47 49 50 52 53 55 57 58 60 61 63
cat_threshold=13 18 12 2 3295293626 75649 4 882196284 21404 365494766 57437 1246562916 165032 19 148273 532480 9600 2 236257581 91648 295937 4786208 32904 940052 621857 266500 2552616577 133686 18 2633730 75136 2938420315 150545 712385128 118695 84049 2950792599 71896 412134925 181100 1947995870 35312 2444880139 61785 3955632080 16806 59480 270533121 2596 197079 3440602377 230516 13408 2418016769 2612 139460736 213506 430094 3731031094 106954 629845 536873472 4740
is_linear=0
shrinkage=0.05


Tree=38
num_leaves=63
num_cat=43
split_feature=0 0 0 17 17 11 0 17 17 17 2 0 0 0 13 17 13 13 11 12 11 13 13 3 14 13 14 14 0 13 13 17 2 13 13 13 0 13 15 14 13 2 13 14 13 0 13 14 13 14 14 17 13 14 0 15 14 13 14 13 13 14
split_gain=2.11555e+07 5.13048e+06 5.10917e+06 1.61795e+06 1.28777e+06 1.28525e+06 1.07536e+06 942033 781953 762654 665910 662900 613152 593961 532121 486359 594078 551626 485413 474126 468747 730433 506081 537798 474304 464702 464558 437910 406351 482244 400634 399336 390751 608963 445590 383426 385749 359406 578289 752782 485007 345402 376505 362661 342259 341162 338541 338368 338157 335010 327904 325966 556954 390080 323462 322972 432857 318896 308494 308331 303783 308304
threshold=12.873558044433596 13.779185295104982 11.780675888061525 0 1 13.777431964874269 12.384555816650392 2 3 4 36.500000000000007 14.096644878387453 10.777470111846926 13.135868549346926 5 6 7 8 10.777098655700685 1.0000000180025095e-35 14.223823547363283 9 10 73.649997711181655 11 12 13 14 13.251674175262453 15 16 17 25.500000000000004 18 19 20 13.87321186065674 21 22 23 24 26.500000000000004 25 26 27 11.122486114501955 28 29 30 31 32 33 34 35 12.45578193664551 36 37 38 39 40 41 42
decision_type=2 2 2 1 1 2 2 1 1 1 2 2 2 2 1 1 1 1 2 2 2 1 1 2 1 1 1 1 2 1 1 1 2 1 1 1 2 1 1 1 1 2 1 1 1 2 1 1 1 1 1 1 1 1 2 1 1 1 1 1 1 1
left_child=2 4 7 54 28 11 19 -1 20 -6 -8 25 -9 14 -11 16 55 27 -14 60 22 24 23 -7 -22 26 35 31 29 -2 -29 -17 34 58 47 36 -3 38 39 40 -30 42 -21 -44 -26 -20 -41 -15 -10 -25 59 52 53 -12 -4 -13 -57 -43 -34 -40 61 -5
right_child=1 5 3 6 9 8 10 12 48 13 51 15 18 32 -16 17 -18 -19 45 41 21 -23 -24 49 44 -27 -28 30 37 -31 -32 -33 33 -35 -36 -37 -38 -39 50 46 -42 57 43 -45 -46 -47 -48 -49 -50 -51 -52 -53 -54 -55 -56 56 -58 -59 -60 -61 -62 -63
leaf_value=-0.02799559492691683 0.01024852285098931 0.061321319873855688 -0.014387160240789896 0.0088146276855456136 -0.0024039428998845072 0.0039248592868840601 -0.0032832509682814803 -0.032781492892426281 -0.0016396630565594463 0.0050049667104817763 0.034128695065342655 0.060921673403442046 -0.0085975120583482063 0.00065155794668823874 -0.0027389315092575793 0.055967585107880302 0.021385974084855843 0.012876524007040119 -0.027560433960496768 -0.016051312209292377 0.011890243111403308 0.011317426236876427 0.0056257078990452347 0.032534982957558987 0.043509429354714489 0.0078297288583888524 0.014789062417616848 0.033234841692238198 0.060989617143118839 0.00084602548844578201 0.0074062624944030812 0.02812892631383029 0.0059837508836375584 0.0033839075333226016 -0.0016594037855322077 0.015220492880391982 0.025524150159797022 0.0077517821343929391 0.0029666321378436049 -7.0641575993016863e-05 0.023029270265171962 -0.0022962874325416853 0.00039986004849398485 -0.01125399894328351 0.023641008307275165 -0.015161710007394422 0.02364200209863199 0.009985963939518068 0.008503312947010868 0.016411826888331107 0.0028773257598806844 0.0002127141492436988 0.00090429767356650724 0.0106592076241467 -0.0078950998753412951 0.055299185793882412 0.0075355669772282355 -0.0090952856315207782 0.013949412860197817 0.02385034896346315 -0.0056754717569167798 -0.0024376131498198587
leaf_weight=15955629.534237862 25785878.438610077 1580031.6062698364 39637142.242010117 8987866.2366371155 70255144.752155304 6345436.6951751709 142595076.31931305 4479139.4765987396 13469043.64447403 35775413.866474152 2199499.9571456909 2347550.5169143677 29079520.338754654 16916690.411132812 58389643.79504776 2142029.1162185669 3844334.8885650635 10282079.813117981 6303359.4355220795 22149253.008016586 3267504.1590042114 14010153.305053711 23858281.143119812 4592521.3885955811 4641090.0212173462 13625003.217914581 11178248.005207062 2842536.0475845337 1897288.444393158 28944647.400753021 3182103.0406188965 3231941.5842323303 19539730.932109833 55102039.701164246 36238383.584461212 1821683.295009613 1437029.2358856201 32649726.371986389 2624672.1619682312 2338460.90467453 1512107.5506362915 34329312.905124664 9863632.6879844666 20655630.671230316 4067142.2836761475 46305947.082170486 4224118.5600852966 22785060.468864441 21074614.227390289 10794675.352630615 8341269.1205329895 66533253.860471725 16990715.757457733 9076513.9313392639 37187467.59013176 1026375.0349731445 881935.79573059082 34657935.081848145 32159517.184951782 5411505.9141693115 38135403.579063416 18864572.494747162
leaf_count=620952 216634 3867 987112 123417 893556 40931 1965623 208732 108536 387256 16557 3925 680611 156927 690732 4228 13892 49740 252732 483613 14749 66151 155758 20721 12773 80791 60216 10091 5443 275717 15826 12994 166454 488440 345189 9732 6572 231598 19136 17653 8564 640934 183271 428868 15790 1334159 23945 191159 149102 60743 60992 917303 196460 93337 675720 1960 3544 695014 249871 30866 623302 291757
internal_value=3.55463e-05 0.00647325 -0.00664142 -0.00456698 0.00376138 0.0140234 -0.00336001 -0.0168358 0.0107266 0.00224866 -0.00112405 0.0199109 -0.0147694 0.00342909 0.000203149 0.0251796 0.0356332 0.0212739 -0.0137817 -0.0061888 0.0137083 0.0190678 0.0106535 0.0161731 0.0281348 0.0146175 0.0203916 0.0288487 0.00837901 0.00527594 0.0195927 0.0392253 0.00509138 0.007041 0.00234947 0.0333341 0.0442709 0.0112576 0.0156016 0.0250943 0.0441539 -0.00803984 -0.011089 -0.00748755 0.03423 -0.0166473 0.0151924 0.00600863 0.00454843 0.021224 0.00982165 0.00212376 0.0066219 0.0152372 -0.0112446 0.0485028 0.0332251 -0.00571198 0.0109388 0.0170296 -0.00277621 0.00119344
internal_weight=1.23042e+09 6.26435e+08 6.03987e+08 5.01863e+08 4.60891e+08 1.65543e+08 4.25039e+08 1.02124e+08 1.0612e+08 3.47162e+08 2.37395e+08 5.94229e+07 8.6168e+07 2.76906e+08 9.41651e+07 2.97809e+07 8.1002e+06 2.16807e+07 8.16888e+07 1.87644e+08 7.15768e+07 2.59859e+07 4.55909e+07 2.17326e+07 1.19757e+07 2.9642e+07 1.6017e+07 1.13986e+07 1.1373e+08 5.47305e+07 6.02464e+06 5.37397e+06 1.82741e+08 1.06801e+08 7.59401e+07 4.83874e+06 3.01706e+06 5.89991e+07 2.63494e+07 9.97198e+06 3.4094e+06 1.21656e+08 5.26685e+07 3.05193e+07 8.70823e+06 5.26093e+07 6.56258e+06 3.97018e+07 3.45437e+07 1.53872e+07 1.63774e+07 9.48e+07 2.82667e+07 1.1276e+07 7.68246e+07 4.25586e+06 1.90831e+06 6.89872e+07 5.16992e+07 8.03618e+06 6.59878e+07 2.78524e+07
internal_count=16802238 5382764 11419474 8322288 4460132 922632 6659456 3097186 645254 3569584 3189280 277378 2476234 2676028 1077988 116200 23321 92879 2267502 3470176 387616 109463 278153 122395 43312 161178 80387 43139 890548 492351 25917 17222 1598040 904765 693275 20171 10439 398197 166599 55605 14007 2431700 1095752 612139 28563 1586891 41598 348086 257638 81464 110994 1223657 306354 109894 1662832 9429 5504 1335948 416325 50002 1038476 415174
cat_boundaries=0 1 2 3 4 5 7 8 10 12 14 16 17 19 20 21 23 25 26 28 30 32 34 35 36 38 40 41 43 45 46 48 49 50 51 53 54 55 56 58 59 61 63 64
cat_threshold=4 2 4 19 4 550024594 131505 2 2154107503 140940 3408564880 202039 915483184 21404 3905520671 230473 295981 356343468 27832 281664 99893 1028293836 156842 2150105088 70960 16 2459313380 81558 1026128713 59617 68949636 8248 2296758317 107128 1188 65614 2156134412 66064 685463584 104693 435202 303041024 4740 2156232709 544 118831 3049826435 67960 328713 56089 2 1585709600 48214 1408 1488 138049 2496419668 114933 307290 138674216 65560 2295346257 215627 168328
is_linear=0
shrinkage=0.05


Tree=39
num_leaves=63
num_cat=38
split_feature=0 0 0 12 0 11 11 11 2 2 13 13 2 11 0 13 11 13 14 0 14 13 13 1 14 15 13 11 13 14 15 13 13 0 13 14 3 14 13 15 0 14 13 2 13 14 13 15 1 13 2 14 13 14 13 14 14 13 13 15 13 5
split_gain=1.90673e+07 5.78878e+06 3.93232e+06 1.30024e+06 1.09395e+06 1.02873e+06 927077 788633 739023 538169 520394 519884 502963 490625 423960 417702 414809 613864 411619 411578 401586 392919 389708 376180 511263 489863 374297 369326 363606 586427 450549 454832 410135 351420 454219 743012 345775 455332 312919 311443 332515 423647 309459 304633 448095 310385 298531 364772 357873 281996 340217 280272 327972 278615 277440 346271 267574 513329 333653 325173 282068 276584
threshold=13.08253860473633 11.982163429260256 14.042400836944582 1.0000000180025095e-35 11.341996669769289 13.073373317718508 12.60800886154175 14.041472911834719 29.500000000000004 21.500000000000004 0 1 23.500000000000004 11.322643756866457 10.685305595397951 2 14.623640537261965 3 4 13.548122406005861 5 6 7 16379.949707031252 8 9 10 10.685154438018801 11 12 13 14 15 13.87321186065674 16 17 94.250000000000014 18 19 20 12.746521949768068 21 22 24.500000000000004 23 24 25 26 55212.890625000007 27 34.500000000000007 28 29 30 31 32 33 34 35 36 37 17500.000000000004
decision_type=2 2 2 2 2 2 2 2 2 2 1 1 2 2 2 1 2 1 1 2 1 1 1 2 1 1 1 2 1 1 1 1 1 2 1 1 2 1 1 1 2 1 1 2 1 1 1 1 2 1 2 1 1 1 1 1 1 1 1 1 1 2
left_child=1 4 5 9 14 19 12 15 10 22 33 -10 38 -6 -1 -4 21 18 -18 56 26 51 39 36 25 -25 -17 49 29 30 31 -21 -32 -7 35 -35 -13 -38 -5 40 -3 -42 -14 44 45 -8 -22 -48 -49 -16 -51 52 -9 -52 55 -11 57 -2 61 60 -60 -58
right_child=2 3 7 6 13 8 43 16 11 54 -12 23 42 -15 27 20 17 -19 -20 28 46 -23 -24 24 -26 -27 -28 -29 -30 -31 32 -33 -34 34 -36 -37 37 -39 -40 -41 41 -43 -44 -45 -46 -47 47 48 -50 50 53 -53 -54 -55 -56 -57 58 -59 59 -61 -62 -63
leaf_value=-0.037239285495323161 0.012598056160539012 0.00027199838064892451 0.015992834541602153 -0.0064004224769517934 -0.0072117966079316038 0.0032642915548537865 0.0046782367828335884 0.017783748196759454 0.002795077306455934 -0.0019158674500550253 -0.0017997983211538678 0.0035389761955345344 -0.0022479189019708936 -0.013774739820368021 -0.021306869059720165 0.030321929579860442 0.010271072807045154 0.010881217288522285 0.041157011472173294 0.059061551562269145 0.022900441360568336 0.0065124623226393459 -0.0066072638832411186 0.038512539740427267 0.0079629644704034257 0.015364445610128669 0.0087576063676238006 -0.023738196643397241 0.0080975196331797891 0.0096503752999489191 0.0041719015112622543 0.024311248385840402 0.026161485893617595 0.078148912511509835 0.010164087652916516 -0.017382340020227888 0.032119832777387572 0.0047146387891478063 -0.013126976038242519 -0.0034511277558306463 0.032503446627778078 0.0048452476186759443 -0.0074506787041493999 -0.00036118037661209975 -0.0083850559879279918 -0.0045394175930170769 0.015897542588696519 0.028430201746527509 0.053092850438065824 -0.016227284945575807 -0.018114612470482693 0.018744056073982034 -0.0039926665439985161 0.017735284455258262 -1.3631966144795217e-05 0.0065753285867101345 0.0017575899619056607 -0.0059492766114064054 0.022404406459657057 0.0070635700178767321 0.0093612434250701093 0.013001128984090577
leaf_weight=3858242.0630731583 5887978.6577758789 9276978.9898109436 13121777.763061523 29585021.906761169 44141956.825431824 44435445.330085754 15847032.557579041 3478195.7319793701 63101027.006462097 15654410.53745079 75841933.076828003 32561051.686069489 54419465.134771347 80243813.311106682 4551574.60795784 3761501.736125946 1436857.2505645752 6300493.750579834 4328350.9547958374 1561941.0597496033 4504698.2653427124 22673914.506454468 36950814.512113571 2927586.2287025452 21318667.987903595 10421239.177124023 4327153.7431144714 19052373.287493706 28060511.06219101 15863056.257678986 3414257.7639503479 2371048.4122619629 5595919.7867698669 647500.93227767944 4768090.0347747803 296849.63487625122 2647042.7221984863 3546143.4597244263 41602510.117174149 19061146.483697891 2251606.0666351318 3595192.2445526123 60195220.568691254 110328582.19133568 37182094.41595459 21554924.458189011 1391977.07762146 2307142.7305641174 4058274.9233512878 3029284.4295902252 742227.84112358093 18640152.90958786 3438172.9071617126 2008548.4638032913 63457455.966426849 51524623.273944855 24843502.834697723 10181226.171318054 8999959.551612854 21174947.034305573 7684079.957408905 7013887.0220069885
leaf_count=194806 44851 128750 59601 553926 931341 425457 200906 17700 582414 202495 751727 319122 960152 2176645 151116 13750 6315 28045 12084 4241 18001 135093 505833 15301 168286 75276 20765 731380 179149 97558 22130 12112 27780 1031 32228 2586 18171 34083 835167 251476 15958 36127 1122728 1458216 543628 299860 6007 8603 9383 95147 23657 93644 22372 44654 807657 608946 213643 94440 60195 169810 59812 53264
internal_value=3.3834e-05 -0.00511437 0.00756747 -0.00277822 -0.013599 0.00543204 -0.00453618 0.0167945 0.00357479 0.00045168 0.000813205 0.00612332 -0.00703058 -0.0114457 -0.0216564 0.0229488 0.013378 0.0216695 0.0334594 0.00884979 0.0274338 0.0113037 -0.00304767 0.00898372 0.0127677 0.0204412 0.0187858 -0.0196103 0.0121484 0.0160945 0.0239923 0.038112 0.0178289 0.00476502 0.0164388 0.0481195 0.00559873 0.016428 -0.0103315 0.000799936 0.00615773 0.0154965 -0.00498039 -0.00202979 -0.00449808 -0.000633941 0.0331384 0.0390836 0.0441538 -0.0119981 -0.00466777 0.0155545 0.00695856 0.00806209 0.00235719 0.00459667 0.00666315 0.000846726 0.00800379 0.0111768 0.0163972 0.00423302
internal_weight=1.22905e+09 7.30115e+08 4.98934e+08 5.72487e+08 1.57628e+08 4.05165e+08 3.70715e+08 9.37687e+07 2.62513e+08 2.01772e+08 1.2599e+08 1.36523e+08 1.85802e+08 1.24386e+08 3.32423e+07 3.34725e+07 6.02961e+07 1.20657e+07 5.76521e+06 1.42652e+08 2.03507e+07 4.82304e+07 7.11357e+07 7.34217e+07 3.46675e+07 1.33488e+07 8.08866e+06 2.9384e+07 5.68667e+07 2.88062e+07 1.29432e+07 3.93299e+06 9.01018e+06 5.01479e+07 5.71244e+06 944351 3.87542e+07 6.19319e+06 7.11875e+07 3.41849e+07 1.51238e+07 5.8468e+06 1.14615e+08 1.84913e+08 7.45841e+07 3.7402e+07 1.22621e+07 7.75739e+06 6.36542e+06 1.03316e+07 5.78006e+06 2.55565e+07 6.91637e+06 2.75078e+06 1.30636e+08 6.7179e+07 8.57856e+07 1.60692e+07 6.97164e+07 3.7859e+07 1.6684e+07 3.18574e+07
internal_count=16796601 12880571 3916030 8531825 4348746 3464667 5974583 451363 2425682 2557242 1213029 1212653 3471973 3107986 1240760 136110 315253 46444 18399 1038985 76509 268809 938144 630239 258863 90577 34515 1045954 342970 163821 66263 16353 49910 461302 35845 3617 371376 52254 1389093 432311 180835 52085 2082880 2502610 1044394 500766 41994 23993 17986 314574 163458 133716 40072 68311 1619098 811441 696015 139291 556724 289817 120007 266907
cat_boundaries=0 2 4 6 8 9 10 12 14 15 16 18 20 21 22 24 26 27 28 29 31 32 33 35 37 38 40 41 43 44 46 47 49 50 51 53 55 56 58
cat_threshold=673765639 157769 204788539 156107 835816804 51310 705930957 33287 267688 857290 1443109232 259549 914768776 92134 205880 1088 2284347393 12560 368088040 108654 918984 292 960 8224 81789152 98400 134250496 270513 13507 907052167 216203 1078 70856 2899123286 56864 2203864287 214184 571264 203972609 13584 2564 546473559 189343 271367 67113008 41357 273484 1238965715 184845 545920 266336 3271688802 8539 2208440115 41775 244 1213489164 4304
is_linear=0
shrinkage=0.05


Tree=40
num_leaves=63
num_cat=45
split_feature=0 0 0 17 17 0 17 17 0 17 11 0 17 0 13 14 11 13 14 13 15 17 13 2 13 13 14 11 13 2 13 15 14 13 14 13 13 15 13 13 13 13 14 13 13 2 14 2 13 2 13 14 13 14 12 13 14 13 13 0 14 13
split_gain=1.77476e+07 5.07072e+06 3.6196e+06 1.77867e+06 1.377e+06 1.21109e+06 925306 914898 798417 633372 605123 557351 525384 513746 500918 491343 481685 575657 572486 453203 432072 403058 397603 395851 914090 498159 628750 394792 386905 382708 381392 519407 618201 374468 374372 372351 361016 356764 355442 342563 342351 337789 324831 480578 322267 306084 313520 300936 322552 292998 420821 349831 348929 388177 284258 278901 276028 265696 264506 260107 463000 370288
threshold=13.072339057922365 11.871730327606203 14.042400836944582 0 1 12.448048114776613 2 3 11.051819801330568 4 12.455625534057619 13.548122406005861 5 14.622321128845217 6 7 14.041472911834719 8 9 10 11 12 13 39.500000000000007 14 15 16 13.124938011169435 17 35.500000000000007 18 19 20 21 22 23 24 25 26 27 28 29 30 31 32 26.500000000000004 33 30.500000000000004 34 33.500000000000007 35 36 37 38 1.0000000180025095e-35 39 40 41 42 14.224736690521242 43 44
decision_type=2 2 2 1 1 2 1 1 2 1 2 2 1 2 1 1 2 1 1 1 1 1 1 2 1 1 1 2 1 2 1 1 1 1 1 1 1 1 1 1 1 1 1 1 1 2 1 2 1 2 1 1 1 1 2 1 1 1 1 2 1 1
left_child=1 6 4 29 23 12 36 16 -8 49 57 33 55 28 15 -15 17 -4 19 -19 -21 -10 -20 25 -25 26 27 37 34 44 -13 32 -32 45 -9 -14 -1 -2 59 -12 -36 -31 43 -43 -3 46 -11 58 -49 52 -51 -52 53 -6 -50 -5 -47 -7 -23 60 61 -18
right_child=2 3 7 5 9 10 8 13 21 11 39 30 35 14 -16 -17 38 18 22 20 -22 47 -24 24 -26 -27 -28 -29 -30 41 31 -33 -34 -35 40 -37 -38 -39 -40 -41 -42 42 -44 -45 -46 56 -48 48 54 50 51 -53 -54 -55 -56 -57 -58 -59 -60 -61 -62 -63
leaf_value=-0.0010484169620991015 0.042619506270165461 -0.0037641905853915796 0.016645883435686591 -0.018165075726694509 -0.008012555494979012 0.0033479576652722873 -0.029698103210097165 0.022002850729512996 -0.021797406393346305 0.0086459325146463744 -0.0068889648122945069 0.0038056297900662985 -0.0037859004780897232 0.052318175753750563 0.012691044709817878 0.016314820649798722 0.050784110003778728 0.02554304400901888 0.0030495257619968597 0.069320465295113973 0.030648005289918619 -0.011323792419731199 0.033416482123484449 0.0041413344555652608 0.020622666792449021 0.0040611219335483593 0.0062974436230202428 0.013057101935176178 0.0039922034082113551 -5.8528269363595285e-05 0.037599966112000477 0.0079738688737047494 0.011914874155312826 0.00023667417730074684 0.015849974275394463 -0.0089803470263759028 -0.011915575414320909 0.018091636169949396 0.011499330560619485 -0.0024305272432177377 -0.0024587091026621014 0.044138642473716905 0.0063733732218298166 -0.0015827625035038486 0.0023415985487766455 0.0015613655240316199 -0.0017653463776368787 -0.016747532453134723 0.0010529571746358186 -0.0046102388402146843 -0.00073298514760524488 0.013898868889983262 -0.0082166699303367827 0.0090447739571153738 -0.010696846849133091 -0.009247961429750557 0.010333940901574674 -0.0018274691604266242 -0.020331123922026361 0.027443258556691441 -0.0021027796725257334 0.011683278408039901
leaf_weight=15020199.497725487 3003802.123008728 40008803.559799194 6655248.1017379761 16218552.136972427 5636846.2419929504 45661009.606948853 10338167.984833717 8154432.5600814819 17200095.502414703 10647051.714214325 75182655.949426651 38262055.002826691 65771662.432897568 2056119.3995742798 6193474.088432312 1757797.4384384155 1067597.1676635742 1606698.2793502808 1603821.6279830933 2405959.5090713501 1032164.5165557861 14020730.600821495 3287373.2247848511 13414949.634784698 22562323.274951935 36595163.989974976 16491998.894893646 7135077.7039260864 20275370.046398163 23462561.807739258 3449690.953868866 46970991.846263885 7300068.8202667236 73202777.906745911 5716180.1769294739 72559820.995746613 15559219.499053001 2927369.7412071228 13672051.975502014 100912601.29847336 4614402.1925315857 1406018.2004947662 36230738.446268082 972089.46357727051 46995876.818597794 12391297.073169708 22537217.280818939 11219988.253064156 8187489.4412460327 11350951.651973724 6967548.6962966919 9874496.2878265381 20358889.857585907 8169222.040561676 13863135.890000343 19090447.883752823 32446350.008270264 54277503.819734573 19467192.089519501 9732659.8681259155 2442731.7873382568 1398884.5189819336
leaf_count=334641 12153 528380 26479 416802 68653 527045 471149 40334 609380 96322 1176511 288328 1198871 4666 27774 7136 3111 5246 7090 3078 3049 376742 9832 98979 135557 272776 118586 49568 128672 294173 16421 331640 49236 718122 30636 1403220 391925 17019 66366 1502984 30539 9698 417872 12066 575355 116995 227023 316773 170248 133381 77104 93320 249604 83943 394133 450397 277491 673450 566349 34585 15070 7511
internal_value=5.0432e-05 -0.00497082 0.00724024 -0.00305936 0.00522181 -0.00462846 -0.0141358 0.0161113 -0.0165868 0.00356088 -0.00257041 0.00469678 -0.0079001 0.0113697 0.0214694 0.0357247 0.0212609 0.0280258 0.0356481 0.0474658 0.0577107 -0.0149723 0.0234592 0.0102562 0.0144772 0.00796059 0.0127884 0.0209812 0.00876205 0.00167368 0.00767679 0.0102429 0.0201575 0.00280536 0.0139939 -0.00651057 -0.00657778 0.0305137 0.0172968 -0.00433403 0.00767197 0.00467301 0.00754836 0.0254494 -0.000466128 0.00521538 0.00157508 -0.0132138 -0.00984587 -0.00094218 0.00283073 0.00784568 -0.00405559 0.00208048 -0.00633409 -0.0133439 0.00790956 0.000537137 -0.0165599 0.0227102 0.0133269 0.0286079
internal_weight=1.229e+09 7.23627e+08 5.05369e+08 5.9875e+08 4.11696e+08 4.49674e+08 1.24876e+08 9.3673e+07 9.42968e+07 3.09565e+08 2.76034e+08 2.47208e+08 1.7364e+08 4.87678e+07 1.00074e+07 3.81392e+06 4.49052e+07 1.65913e+07 9.93602e+06 5.04482e+06 3.43812e+06 8.39586e+07 4.89119e+06 1.02131e+08 3.59773e+07 6.61534e+07 2.95582e+07 1.30662e+07 3.87604e+07 1.49076e+08 9.59828e+07 5.77208e+07 1.07498e+07 1.51225e+08 1.8485e+07 1.38331e+08 3.05794e+07 5.93117e+06 2.83139e+07 1.76095e+08 1.03306e+07 6.20714e+07 3.86088e+07 2.37811e+06 8.70047e+07 7.80219e+07 3.31843e+07 6.67585e+07 3.32706e+07 6.2358e+07 2.8193e+07 1.6842e+07 3.4165e+07 1.38061e+07 2.20506e+07 3.5309e+07 4.48376e+07 9.99385e+07 3.34879e+07 1.46419e+07 4.90921e+06 2.46648e+06
internal_count=16801559 12818164 3983395 9186824 3532221 7349280 3631340 451174 2904774 2827583 3879990 2121578 3469290 269757 39576 11802 181417 54774 28295 11373 6127 2433625 16922 704638 234536 470102 197326 78740 230181 1837544 685625 397297 65657 1435953 101509 2602091 726566 29172 126643 2679495 61175 733809 439636 21764 1103735 717831 323345 1824245 881154 706005 303805 170424 402200 152596 564381 867199 394486 1200495 943091 60277 25692 10622
cat_boundaries=0 1 2 3 4 5 6 8 9 11 12 14 15 16 18 20 22 23 25 27 28 29 31 32 34 36 37 39 41 43 45 46 48 50 51 53 55 56 58 59 61 62 64 66 67 69
cat_threshold=2 2 2 18 4 4 607294280 69668 564497 932736325 120936 213812 1210384418 8469 1370 4 2151846040 131202 1495331086 132507 940106318 229535 535146 3679719993 213317 3775733820 165333 20 262498 3641127149 73169 119592 3800413269 246369 244678959 94082 1084 1586506588 13214 1984370564 9427 2165571633 16645 540157407 197032 256 1359300608 7235 3421235210 67923 131698 1803650574 168208 2865541905 205416 717216 583091538 74604 149875 2259469141 105525 819304 315519642 20899 182756993 29018 590999 142606668 8192
is_linear=0
shrinkage=0.05


Tree=41
num_leaves=63
num_cat=28
split_feature=0 0 0 17 17 0 11 11 17 17 12 17 2 2 1 0 0 1 14 2 17 15 1 14 11 14 14 11 11 14 3 15 2 14 0 17 14 9 2 15 14 14 1 0 2 0 14 15 2 10 3 14 7 14 17 15 0 15 14 2 14 0
split_gain=1.57698e+07 4.03727e+06 3.92385e+06 1.48451e+06 1.33272e+06 963878 755943 751893 712384 514433 513438 496637 468255 465994 445104 431186 417360 407851 609648 390112 373703 339443 335880 334358 323712 311517 277411 400272 274082 307189 268706 485938 263516 334623 259371 257466 256462 504405 256268 249395 262603 242605 234969 234560 232807 228581 225483 217162 217084 256887 216267 256996 231263 214941 214379 205935 204628 204415 201629 193988 227583 219995
threshold=12.873558044433596 13.950327873229982 11.707505702972414 0 1 12.392510890960695 13.948962688446047 12.86552143096924 2 3 1.0000000180025095e-35 4 36.500000000000007 27.500000000000004 16379.949707031252 13.157667160034181 11.122486114501955 16822.340820312504 5 31.500000000000004 6 7 38736.220703125007 8 11.743166923522951 9 10 11.743166923522951 14.623640537261965 11 61.850000381469734 12 37.500000000000007 13 13.548122406005861 14 15 7400.4272460937509 19.500000000000004 16 17 18 4115.9980468750009 14.314603328704836 34.500000000000007 10.909216880798342 19 20 38.500000000000007 0.20421391725540164 70.450000762939467 21 419186.00000000006 22 23 24 10.36855983734131 25 26 29.500000000000004 27 12.882443904876711
decision_type=2 2 2 1 1 2 2 2 1 1 2 1 2 2 2 2 2 2 1 2 1 1 2 1 2 1 1 2 2 1 2 1 2 1 2 1 1 2 2 1 1 1 2 2 2 2 1 1 2 2 2 1 2 1 1 1 2 1 1 2 1 2
left_child=2 4 8 12 7 9 25 15 45 -5 -10 28 26 -9 47 59 56 18 -16 54 -7 36 -19 48 53 43 -4 -28 50 55 31 46 -22 -34 -21 -32 37 -17 -26 40 -37 -13 -35 -3 -18 -1 -27 -15 49 -14 -8 -52 -53 -11 -6 -30 -12 -45 -23 -2 61 -61
right_child=1 6 3 5 19 20 11 13 10 24 16 41 23 14 17 21 44 22 -20 34 32 58 -24 -25 38 30 27 -29 29 -31 35 -33 33 42 -36 39 -38 -39 -40 -41 -42 -43 -44 57 -46 -47 -48 -49 -50 -51 51 52 -54 -55 -56 -57 -58 -59 -60 60 -62 -63
leaf_value=-0.045540682587653231 0.00076218064770494697 0.0064476149992943963 -0.0053119371678442733 -0.013540265927779058 -0.0049242001463756877 -0.0074777378330228468 0.0058880288847217022 0.0012278897858318343 -0.007991590280082143 -0.0078375873424393321 -0.054294340543649858 -0.00072014630011223016 0.01660096529926669 -0.00023435564947035974 0.046588243984657302 0.017225939741826051 -0.01788351027843153 0.008116621285500605 0.0060155174758161579 0.00082764701186186299 -0.0037696488435434942 0.012028542775797207 0.07977383180094666 0.0028191558065745392 -0.012664109124303068 0.0097676992907440186 0.0069554303955561489 -0.0029600299830633827 0.0057543202685835931 0.014892868740570255 0.025953985297564944 0.016068602625278244 -0.0054737758567962522 0.050412824255470272 0.0071526062103348222 0.032371887522605856 0.012195614219403128 0.051240169231886505 -0.0069439584696722473 0.010266390752733993 0.011957716226578433 0.0094750500137957654 0.0023666588776775016 0.032118455848667397 -0.0099166643249821163 -0.02400465109975828 0.079148702255169387 0.0053945923836576032 0.01183163559751064 0.076598451182075811 0.0060545628671621367 0.02487269651184499 0.013868116155355943 -0.0013544255182586461 4.5739650383820249e-05 0.041166050286078067 -0.024318716942194188 0.010959428471012273 0.0057599495520297382 0.048542990460639091 0.0036455978344282604 0.012422871600743844
leaf_weight=1372988.805150032 19003306.527778625 6615314.8368377686 33491991.342657089 36901379.146100998 40168506.416624069 42229025.296596527 9969986.2556762695 98894953.11630249 25761493.808045387 20831338.401082993 609469.65261745453 10108624.842460632 442892.1047706604 25231926.369720459 1801976.4204559326 6730245.5284118652 21166186.647252083 40101115.483242035 1904352.663860321 58577689.031274796 102395710.40328979 22098141.885238647 164202.34341049194 46002797.682798386 28627216.157159805 139620.09883499146 16242182.966049194 27261747.311752319 493012.27011108398 4996287.2635574341 13616335.197845459 941124.77860641479 17713013.339609146 255924.45065116882 22409351.969173431 3665433.2293510437 20532051.306659698 1300544.5062103271 61958061.067417145 7722061.0400085449 2762794.1309814453 13802341.138038635 44701705.158090591 2207187.632232666 16179237.280475616 12007973.914759636 726608.40476989746 53391357.010124207 5137505.1661815643 298754.66325378418 7256692.8346710205 6476188.620223999 18166061.147190094 33096494.46868515 47187401.005413055 2455295.7289886475 8645871.0362558365 2364097.7068939209 30578558.655075073 447160.06587982178 12709161.160610199 7361938.9883537292
leaf_count=78270 174659 35736 484799 960294 515269 781780 55963 938420 647300 377369 36429 73365 4919 252264 8272 39282 651672 292914 15533 703146 1488715 138002 231 601220 645764 668 185070 407042 2062 19336 47341 4222 258185 1938 188780 14675 127978 4391 1292205 40978 14338 89462 602817 7350 463050 463730 796 504618 60685 918 40838 28732 92844 563417 512132 6432 362941 10241 205839 2214 112738 58575
internal_value=5.73137e-05 0.00562305 -0.00570905 -0.00406787 0.00372029 -0.00560973 0.0141092 0.00551183 -0.015616 -0.00827123 -0.0136562 0.0110882 0.00058256 0.00378137 0.00584121 0.0086857 -0.0167876 0.00986981 0.0257417 7.79803e-05 -0.00328051 0.0107696 0.00840884 0.0042541 -0.00692578 0.0195734 -0.00189142 0.000741905 0.0139314 0.0224456 0.0222617 0.0409425 -0.00220673 0.000346868 0.00257778 0.0210458 0.0151587 0.0227343 -0.00875167 0.0163228 0.0235981 0.00516492 0.00264016 0.0124662 -0.014432 -0.0262144 0.067966 0.00358814 0.0154821 0.0407695 0.0123158 0.0143248 0.0167602 -0.00385875 -0.00223957 0.0352446 -0.0262926 0.0211759 0.00838966 0.00440214 0.00777334 0.0144911
internal_weight=1.22841e+09 6.25079e+08 6.03331e+08 5.17588e+08 5.10594e+08 3.8871e+08 1.14485e+08 3.42251e+08 8.57432e+07 1.81414e+08 7.23623e+07 7.37245e+07 1.28878e+08 2.2149e+08 1.22595e+08 1.20761e+08 4.66008e+07 4.39716e+07 3.70633e+06 1.68343e+08 2.07295e+08 8.12395e+07 4.02653e+07 5.18819e+07 1.44513e+08 4.07606e+07 7.69959e+07 4.35039e+07 4.98135e+07 7.9446e+06 2.9574e+07 1.80735e+06 1.65066e+08 6.26706e+07 8.0987e+07 2.77666e+07 2.85628e+07 8.03079e+06 9.05853e+07 1.41503e+07 6.42823e+06 2.3911e+07 4.49576e+07 1.11866e+07 3.73454e+07 1.3381e+07 866229 7.86233e+07 5.87915e+06 741647 4.18689e+07 3.18989e+07 2.46422e+07 5.39278e+07 8.73559e+07 2.94831e+06 9.25534e+06 4.57129e+06 5.26767e+07 3.95216e+07 2.05183e+07 7.8091e+06
internal_count=16801165 5380636 11420529 8717137 4795257 6972484 585379 2875930 2703392 3839049 2161392 409034 1744653 2012252 1073832 863678 1514092 316950 23805 1919327 3133435 515492 293145 667742 2878755 176345 1076911 592112 246207 27830 123018 5686 2351655 862940 891926 117332 171651 43673 1937969 69991 29013 162827 604755 53327 1114722 542000 1464 756882 66522 5837 218377 162414 121576 940786 1027401 8494 399370 17591 343841 348186 173527 60789
cat_boundaries=0 1 2 3 4 5 6 7 8 9 10 11 12 13 14 15 16 17 18 19 20 21 22 23 24 25 26 27 28
cat_threshold=2 19 4 4 19 205838 4 180 16640 954496 625016 679942 1296 33102 18 16710 229 68139 738502 10594 1136 270420 1000008 4 1153 1413 705472 239633
is_linear=0
shrinkage=0.05


Tree=42
num_leaves=63
num_cat=37
split_feature=1 2 1 1 2 17 1 1 2 2 13 17 13 12 2 1 13 13 13 14 13 14 1 13 1 2 2 1 13 13 13 2 13 13 2 14 13 17 16 1 14 17 13 12 13 13 13 13 1 13 1 1 13 14 13 14 13 15 1 13 13 13
split_gain=4.85271e+06 4.43587e+06 2.35032e+06 2.09721e+06 1.2906e+06 1.19738e+06 1.06292e+06 989932 771528 751086 675720 624686 630415 601692 547689 827077 718573 624988 538107 504649 501379 482561 476414 547907 464450 749035 645564 498615 553062 451981 418498 418085 442033 417837 404302 401060 395534 375451 375027 371266 372843 368784 364665 361441 517403 420694 357340 343660 310527 390155 302411 299527 327868 313452 293330 291863 285321 280808 273742 272406 271794 270191
threshold=7235.9260253906259 24.500000000000004 16379.949707031252 17798.624023437504 30.500000000000004 0 55212.890625000007 3024.375366210938 39.500000000000007 45.500000000000007 1 2 3 1.0000000180025095e-35 11.500000000000002 96561.386718750015 4 5 6 7 8 9 53378.183593750007 10 49830.914062500007 6.5000000000000009 2.5000000000000004 139907.17187500003 11 12 13 15.500000000000002 14 15 17.500000000000004 16 17 18 19 191340.98437500003 20 21 22 1.0000000180025095e-35 23 24 25 26 1473.1850585937502 27 139907.17187500003 3659.458374023438 28 29 30 31 32 33 547152.71875000012 34 35 36
decision_type=2 2 2 2 2 1 2 2 2 2 1 1 1 2 2 2 1 1 1 1 1 1 2 1 2 2 2 2 1 1 1 2 1 1 2 1 1 1 1 2 1 1 1 2 1 1 1 1 2 1 2 2 1 1 1 1 1 1 2 1 1 1
left_child=4 3 9 31 34 14 8 37 42 36 39 12 -10 20 22 17 21 -16 -13 -19 -9 -17 23 -5 25 59 30 29 -29 -28 -26 60 -33 58 56 -20 -3 54 -14 40 57 47 -4 44 -27 -45 -11 -15 -39 -50 -12 -36 53 -53 -6 -32 -1 -8 -24 -7 -2 -43
right_child=1 2 6 5 7 24 10 13 11 46 50 18 38 41 15 16 -18 19 35 -21 -22 -23 33 -25 26 43 27 28 -30 -31 55 32 -34 -35 51 -37 -38 48 -40 -41 -42 61 -44 45 -46 -47 -48 -49 49 -51 -52 52 -54 -55 -56 -57 -58 -59 -60 -61 -62 -63
leaf_value=-0.013715242279638152 -0.017397306188505525 -0.002481331094747301 0.0091504288426178526 0.0032240201958424509 -0.010595195189515547 -0.0078993938106432585 0.015027217681486108 0.0064067907410524719 0.0089852752076396807 0.0019373952621976635 0.010933357723261448 0.0038386806181991218 0.068357529423164282 0.00074976217838729285 -0.00041704815890729005 0.06160504662682087 0.0055861703937602897 0.014785833140136408 0.0065707375099993545 0.0032034378079687969 -0.0022830376627933041 0.015674441451763301 0.0058067548958500529 -0.0095193193443827723 -0.012684260090352804 -0.0067985160894813886 0.0057305683561892145 -0.0021070066601999353 0.01796158171322311 -0.0033965440390741376 0.0070554522291663372 0.0023995973090710954 -0.0078087167552624327 -0.00087145664120065719 -0.018653403523638586 0.018053130263981684 0.0024308036482206924 -0.021589335113781725 0.025465107547268512 0.094011112453961682 0.020279146997934629 -0.0032189803387464677 0.0030597176637881022 0.0013851821602575462 0.0065513895092249759 -0.0084848606382730406 0.007946738371754648 -0.0057186167581305316 -0.0044383080510584406 -0.014629584072362416 0.057587633915553715 0.010569501754492804 -0.012202113642921456 -0.0070115594336418972 0.0036218137038190401 -0.0067764998609757404 -0.03176807174489521 0.05438467366705281 0.022475358975424208 -0.022560737174017756 -0.0086480595702348399 -0.011593187480926602
leaf_weight=4540015.6583070755 15337315.276047707 74055910.717084885 43429661.029119492 14929737.948032379 6503739.027428627 5585269.5412921906 570733.41779327393 29928335.723157883 7671065.7125434875 40084747.200941086 6964749.5992774963 22906859.978042603 533884.69309616089 42374096.869976044 28884350.770027161 1602776.8897705078 2114217.2075500488 20052556.283828735 12026558.866867065 17710500.506334305 37270092.224504471 889104.9104309082 31698803.997412682 19389432.286507607 13894309.208859444 12245949.460330963 22722974.867397308 5422100.8496665955 9358421.2175178528 33652701.21613884 6771417.0044517517 13548529.516958237 48800415.887378693 31480426.767141342 9213799.0220727921 20683682.813484192 91757988.640295029 6944281.1725082397 11209367.280757904 264322.19189453125 2742646.2435340881 16085403.394011497 56607331.487701416 14969003.434965134 17818731.94997406 38728089.589715958 64615512.340454102 39840805.64374733 16931431.075313568 21087694.425432205 365570.97724914551 3532345.2406129837 21806986.328196526 8981435.9303941727 8205543.7372837067 8731309.5102882385 4226073.152135849 2201317.3322486877 2670622.7558860779 7320941.2710037231 21071805.602405548 24009323.359893799
leaf_count=152399 383182 941763 329504 204847 161079 129342 2359 398157 41388 398674 31240 160281 980 662558 259689 2840 9566 151736 81013 152538 548964 3472 293562 304234 223079 149258 219972 40524 56203 356991 89205 209483 840406 306919 330951 121620 1108472 289858 48401 71 10767 338949 457668 203682 188832 581913 596684 665924 442061 606812 727 67046 524027 204513 173798 132857 164531 4835 13522 192269 484990 548678
internal_value=2.88046e-05 0.00182247 0.00531561 -0.00160558 -0.00548099 0.000127937 0.00960686 -0.00398223 0.00857856 0.00233049 0.0233394 0.0124112 0.0201331 -0.00221379 0.00318444 0.00653538 0.0270265 0.00511921 0.00971573 0.00935381 0.00158717 0.0452171 0.000800807 -0.00397563 -0.00252874 -0.00500342 -0.000149681 0.00242538 0.0105996 0.000282262 -0.00638267 -0.00807647 -0.00559043 0.00329016 -0.0126217 0.0138314 0.000236943 -0.00959841 0.0274152 0.0361243 0.0333498 -0.00430209 0.00570392 -0.00327577 0.0011137 -0.00573341 0.00564605 -0.00238477 -0.0118668 -0.010091 0.01326 -0.010649 -0.00850011 -0.00204884 -0.00266427 -0.000734858 -0.0224184 0.0462815 0.00710196 -0.0162159 -0.0123337 -0.00823358
internal_weight=1.22758e+09 9.26094e+08 4.58692e+08 4.67402e+08 3.01481e+08 3.68644e+08 1.88178e+08 2.49181e+08 1.75068e+08 2.70514e+08 1.31093e+07 7.50314e+07 1.94143e+07 1.89508e+08 1.71423e+08 7.12535e+07 4.6061e+06 6.66474e+07 5.56171e+07 3.77631e+07 6.71984e+07 2.49188e+06 1.00169e+08 3.43192e+07 1.97221e+08 9.6668e+07 1.00553e+08 7.11562e+07 1.47805e+07 5.63757e+07 2.9397e+07 9.87581e+07 6.23489e+07 6.58499e+07 5.23007e+07 3.27102e+07 1.65814e+08 5.96727e+07 1.17433e+07 5.77902e+06 5.5147e+06 1.2231e+08 1.00037e+08 8.37618e+07 3.00647e+07 5.36971e+07 1.047e+08 8.22149e+07 4.49634e+07 3.80191e+07 7.33032e+06 4.35346e+07 3.43208e+07 1.25138e+07 1.47093e+07 1.55027e+07 8.76609e+06 2.77205e+06 3.43694e+07 1.29062e+07 3.64091e+07 4.00947e+07
internal_count=16801865 10521560 4336447 6185113 6280305 4267052 1290854 4836838 1240855 3045593 49999 453683 90769 3163230 1702925 579841 15878 563963 362914 304274 947121 6312 1123084 509081 2564127 1445296 1118831 673690 96727 576963 445141 1918061 1049889 614003 1443467 202633 2050235 1673608 49381 18032 17961 2216109 787172 1123685 338090 785595 995358 1328482 1338731 1048873 31967 1126537 795586 271559 334877 222062 316930 7194 307084 321611 868172 887627
cat_boundaries=0 1 3 4 6 8 10 12 13 15 16 18 20 22 24 26 28 29 31 32 33 34 35 37 39 41 43 45 47 49 50 52 53 55 56 58 60 62
cat_threshold=18 862106249 82304 2 490066378 109578 2861978306 14088 1806700457 105026 701317974 148555 22427 1381048411 156247 601793 559269249 90682 2648188320 150089 416261124 61634 2323197513 110418 2156956928 147457 1471306474 77851 829312 1922228542 83154 2 64 160300 19 1766024860 33870 3922593158 80976 2287470721 104960 2317424925 172377 2529040994 105809 3576721738 2765 139822132 17593 140298 2476391888 168037 295262 130088908 70733 553 266797460 38417 3110883636 200944 1298348041 180746
is_linear=0
shrinkage=0.05


Tree=43
num_leaves=63
num_cat=43
split_feature=0 0 0 11 0 11 11 11 0 2 2 13 14 0 13 11 11 13 13 0 13 13 14 16 13 13 3 13 1 14 13 14 2 13 13 13 3 13 14 14 13 16 13 15 13 15 13 14 14 15 13 14 13 15 13 14 13 13 14 14 13 14
split_gain=1.33091e+07 4.21071e+06 2.29932e+06 1.06014e+06 792537 786000 770684 673781 463874 450945 440321 425203 409491 401965 356614 356382 350275 346377 342688 335554 513702 334024 473437 418443 813714 327638 316852 739235 551049 506509 385020 350093 308169 319122 296820 295253 289842 625347 307484 282233 392504 370471 472972 431745 513730 365085 337941 281132 265571 289819 334143 265466 298625 261507 261497 259310 320787 292959 253937 252042 322949 250264
threshold=13.147021293640138 12.000998973846437 14.042400836944582 11.999536514282228 11.444519996643068 12.60800886154175 13.14690685272217 14.041472911834719 10.36855983734131 18.500000000000004 42.500000000000007 0 1 13.447151660919191 2 10.363864898681642 11.446212768554689 3 4 12.779411792755129 5 6 7 8 9 10 95.149997711181655 11 10452.083984375002 12 13 14 27.500000000000004 15 16 17 60.850000381469734 18 19 20 21 22 23 24 25 26 27 28 29 30 31 32 33 34 35 36 37 38 39 40 41 42
decision_type=2 2 2 2 2 2 2 2 2 2 2 1 1 2 1 2 2 1 1 2 1 1 1 1 1 1 2 1 2 1 1 1 2 1 1 1 2 1 1 1 1 1 1 1 1 1 1 1 1 1 1 1 1 1 1 1 1 1 1 1 1 1
left_child=1 4 6 10 8 9 -2 14 -1 18 34 12 19 26 61 54 36 48 -5 -12 -21 22 23 24 -15 -17 30 28 29 -28 -8 -30 35 -34 -3 58 37 38 -6 41 45 42 -16 44 -43 47 -45 -41 49 50 -9 52 -32 -44 -10 56 -11 -57 -7 60 -35 -4
right_child=2 3 7 5 16 32 13 17 15 55 11 -13 -14 21 39 25 -18 -19 -20 20 -22 -23 -24 -25 -26 -27 27 -29 31 -31 51 -33 33 59 -36 -37 -38 -39 -40 40 -42 43 53 46 -46 -47 -48 -49 -50 -51 -52 -53 -54 -55 -56 57 -58 -59 -60 -61 -62 -63
leaf_value=-0.049152103662152717 0.0080982264171925774 -0.0029771377456916451 0.023974196394600938 -0.0058490418642988574 0.072096135653346688 0.0029012382601905557 -0.0054871932031593032 0.0489910371158222 -0.00046097801085046654 -0.0033282173945062216 0.009660183107088393 0.00062593517702537503 0.0051074906403456742 0.0783100248325347 0.0058330679733558915 -0.011140361445664031 -0.011010520608811483 0.012969393079652454 -0.013780807315701166 0.05093490081566187 0.011761042598635375 0.0028237085393912789 0.0032394521795997542 0.010995008914538668 -0.013202713562720222 -0.022966038681800208 0.079035907794845928 -0.0019129567336031513 0.030312149626253029 -0.015953946136823084 -0.0093607041697854644 0.0033214400075042604 -0.0030996531564322269 -0.00011516867001072872 0.0014803454849846773 -0.0065186277041496994 -0.0060409266300673545 -0.022909660266845044 -0.0062932893488258082 -0.0025754451667595805 0.0074804444380961142 0.060814235504210473 -0.0043248664433048045 -0.0036037035435661623 0.0094834992494468272 0.018348613595914005 0.026189026590417122 0.05222543067078033 0.00046441263846263068 0.0043326576765699521 0.0061100114383305752 0.00411204689820937 0.002337262642512166 0.070856845921255823 -0.014482078165977222 -0.0060207011789412575 -0.011381656340509357 0.00017414876933708552 -0.0043126335960042205 5.3225484490997322e-05 0.011192448651205816 0.0094082899639433941
leaf_weight=1084400.3730258942 129601734.61873627 72792295.875892639 4140478.0649871826 27223876.44871521 480885.01035690308 22964589.807943344 24137411.599098206 1025362.7801742554 4978988.1272583008 25704020.227201462 4506717.5097370148 35026914.882953644 20061710.006938934 636702.82793807983 454738.42889404297 8394473.9065113068 76872392.525432587 43325779.7108078 27246402.194799423 1608107.7813415527 1744996.5696029663 72415486.615512848 29257991.39384079 31034085.995513916 392751.36391448975 19377669.754430771 667414.35279846191 7749750.0150604248 2163278.4762878418 177704.23459243774 9383225.3101959229 2702068.7951774597 44319433.290893555 11191993.524759293 76696867.491514206 45690005.791173935 41356301.267457008 494431.92349147797 169086.71319770813 271507.46627807617 4507992.6320915222 1428370.837097168 126756.91209411621 1460131.1240463257 739970.11376571655 3994556.482208252 2734215.3481674194 1695847.7176742554 11792438.227005005 2735587.6203536987 815722.55790328979 44539746.12147522 13033795.631324768 1322524.8431854248 10012840.773950577 34250521.041646957 23827146.683834076 43101002.977237701 26022800.206544876 44868399.179944992 14488833.904670715 10247144.839859009
leaf_count=64705 918516 949402 16457 513350 2571 293262 263884 3090 135447 462947 54989 433643 236046 1106 2100 294743 2033235 220175 557175 7921 15779 599717 238197 231431 3734 759167 1449 81568 15460 2135 105764 26682 594344 144677 942448 649932 857048 11907 3476 1403 21383 2647 653 7353 3319 16329 9938 4030 71247 15891 4700 441267 132134 1861 316476 636738 463684 747769 358016 579592 166538 48762
internal_value=5.30448e-05 -0.00398356 0.00676936 -0.0020561 -0.0111083 -0.0036012 0.00499512 0.0138016 -0.0168569 -0.00601125 0.000786974 0.00429491 0.00889755 0.00330741 0.0195205 -0.016038 -0.00899664 0.0106283 -0.00981657 0.0185714 0.0305485 0.00512316 0.00783861 0.0120353 0.0433968 -0.0193916 0.000984862 0.00814541 0.0217957 0.059063 -7.31923e-05 0.0153224 -0.00151541 0.000225387 -0.000690183 -0.00362745 -0.00535406 0.0194678 0.0517038 0.0240666 0.0186137 0.0309728 0.0503222 0.0251824 0.0432972 0.027032 0.0158176 0.0446626 0.00443195 0.0146549 0.029992 0.00187851 -0.00255923 0.0642813 -0.00982549 -0.00437764 -0.00720235 -0.00256887 -0.000930873 0.0023142 0.00626446 0.0136001
internal_weight=1.22727e+09 7.66558e+08 4.60712e+08 6.03337e+08 1.63221e+08 3.90899e+08 3.67893e+08 9.28191e+07 4.38484e+07 1.81353e+08 2.12438e+08 6.29484e+07 2.79215e+07 2.38291e+08 3.31242e+07 4.2764e+07 1.19373e+08 5.96949e+07 5.44703e+07 7.85982e+06 3.3531e+06 1.33737e+08 6.13215e+07 3.20635e+07 1.02945e+06 2.77721e+07 1.04554e+08 1.34602e+07 5.71047e+06 845119 9.10942e+07 4.86535e+06 2.09546e+08 1.14869e+08 1.49489e+08 9.46774e+07 4.25007e+07 1.1444e+06 649972 1.87366e+07 1.04699e+07 8.26671e+06 1.90402e+06 6.36269e+06 2.16834e+06 5.96191e+06 4.19435e+06 1.96736e+06 1.63691e+07 4.57667e+06 1.84109e+06 6.69568e+07 2.2417e+07 1.44928e+06 1.49918e+07 1.26883e+08 4.95312e+07 7.73515e+07 4.89874e+07 7.05492e+07 2.56808e+07 1.43876e+07
internal_count=16801409 13287027 3514382 8808252 4478775 6168024 3063044 451338 1570538 3381663 2640228 748378 314735 2144528 136235 1505833 2908237 315103 1070525 78689 23700 1074185 474468 236271 4840 1053910 1070343 127294 45726 3584 943049 42142 2786361 1485151 1891850 1301210 875002 17954 6047 71016 43145 27871 4614 23257 5966 21762 17291 5433 94928 23681 7790 679165 237898 2514 451923 2311138 926631 1384507 651278 890807 311215 65219
cat_boundaries=0 2 3 5 7 9 11 13 14 15 17 19 21 22 24 25 27 29 31 33 34 35 37 38 40 41 43 44 46 47 48 49 51 52 54 55 57 58 60 62 63 64 66 67
cat_threshold=1348726835 131727 458769 1905380644 129130 2716385410 2224 922856587 154842 270602241 5 2968118790 234176 369755 64 8388612 135680 236192037 17560 977475732 152136 15557 810093074 135392 42104 1778654628 91362 3375321143 208084 1901904126 222376 91333697 223240 700804 148309 70005441 1284 4 69993152 1413 1282 2147619464 132740 193 38277145 131460 525440 71938 1672 12615682 144 333928 246550720 117776 518 250173601 2048 117444 3423551575 213975 1416847513 140246 566226 596513 2227265560 4633 75824
is_linear=0
shrinkage=0.05


Tree=44
num_leaves=63
num_cat=43
split_feature=0 0 0 11 2 0 0 0 13 0 13 2 13 13 11 13 14 11 13 14 15 3 0 13 13 14 13 14 2 13 15 14 13 15 2 14 13 13 13 15 15 13 2 13 14 11 14 13 15 14 15 13 13 14 13 13 13 14 6 13 14 14
split_gain=1.20734e+07 3.25875e+06 2.75646e+06 907545 817681 739009 537532 478559 529166 471106 439000 435822 421818 420289 401926 535009 409458 400577 397666 383142 467838 466898 381634 537419 374168 369370 357586 431763 337574 354375 336889 600551 336472 428753 331344 315264 295408 292096 290761 289628 288519 276523 276018 275344 273850 266076 254245 248706 379007 246961 238356 513994 303137 234493 234020 233389 233341 232254 228912 525035 440020 216667
threshold=12.804709911346437 13.779185295104982 11.780675888061525 13.777431964874269 27.500000000000004 12.392510890960695 10.777470111846926 13.302617073059084 0 14.622321128845217 1 36.500000000000007 2 3 14.434037685394289 4 5 11.779021739959719 6 7 8 76.649997711181655 13.180584430694582 9 10 11 12 13 29.500000000000004 14 15 16 17 18 43.500000000000007 19 20 21 22 23 24 25 36.500000000000007 26 27 12.900394439697267 28 29 30 31 32 33 34 35 36 37 38 39 1.5000000000000002 40 41 42
decision_type=2 2 2 2 2 2 2 2 1 2 1 2 1 1 2 1 1 2 1 1 1 2 2 1 1 1 1 1 2 1 1 1 1 1 2 1 1 1 1 1 1 1 2 1 1 2 1 1 1 1 1 1 1 1 1 1 1 1 2 1 1 1
left_child=2 4 6 9 22 17 54 12 19 10 30 24 25 53 26 16 39 37 35 20 21 -9 38 -24 46 45 27 32 -8 -30 31 36 33 -5 41 -11 -3 -4 49 -16 -18 -19 -41 -33 47 -6 -7 48 -12 -2 51 -46 -52 55 -1 -13 61 -43 59 60 -28 -36
right_child=1 3 5 14 7 11 28 8 -10 18 44 13 -14 -15 15 -17 40 34 -20 -21 -22 -23 23 -25 -26 -27 58 -29 29 -31 -32 43 -34 -35 56 -37 -38 -39 -40 42 -42 57 -44 -45 50 -47 -48 -49 -50 -51 52 -53 -54 -55 -56 -57 -58 -59 -60 -61 -62 -63
leaf_value=-0.014393156042571995 -0.0072102564147712754 0.058324237144578156 0.00016149015516767745 0.029075870940889155 0.014884925332050263 0.0040260101560611423 -0.015008313308421365 0.035647773074315804 0.0042604470007246526 0.055843096100711725 0.042021946445288498 0.0023183299911444292 0.00070923648340443955 -0.002159332463047817 0.012107152434286271 0.0085928134811813668 -0.0069013043678099982 -0.013008737083487529 0.014776645495208155 0.006764025264924309 0.0091885320568566124 0.013666771120335305 0.0055328243224947241 -0.0010303391497933716 -0.0061286266725168875 0.0022954571408610441 -0.014697352239276519 0.014153779251169091 -0.013872791492374293 -0.0053412991231215692 0.014702182637008083 -0.00012236583663191781 -0.0050603936713571503 0.0024574814583480757 0.0089880599075733997 0.025739130259632995 0.030097032475444659 -0.0059058537156200042 -0.0036792438971829933 0.055782957228931618 0.023723822935933642 -0.0025833779571795821 0.018071340735823914 0.024894094230869534 0.034823374292670524 0.0052519740930124272 -0.0027327569317441591 -0.0014657147190192616 0.0051434489353600621 0.0041354861789702777 -0.0021213082562904283 0.0097360202471409394 0.015561797064227759 0.0017350517034845254 -0.036342223600716532 0.014589301605553568 -0.0064164165979279158 -0.008853179298648043 0.0027038183765590671 -0.0051586735015617634 0.056208100288247291 -0.0032277131288240947
leaf_weight=1906021.922121048 5866375.6675949097 1609765.3841514587 39655496.360786438 2175999.1961746216 14455109.553747177 18857987.778747559 46539260.250798225 4634515.5194816589 71369938.687252045 1643168.1494750977 932518.58486557007 6714591.9313621521 100710152.07532692 50352276.691781998 819481.18463897705 14074927.024414062 1151947.9449462891 28216271.593353271 2866257.9204177856 22800490.484413147 11222403.920818329 5046327.494884491 62440461.698116302 62322772.478321075 68270822.367204666 32029187.590581894 280257.82453918457 23773433.853988647 21646116.349496841 27808930.796730042 14205221.764980316 1788946.5274276733 6649780.1105384827 4963639.2919769287 5823601.3484134674 1847712.5321044922 2185195.5835952759 39691014.702238083 69875067.729114532 1918876.6310195923 2313734.3339996338 19976832.286756516 649418.85578155518 2855824.1191635132 3471148.8017959595 14220722.006584167 53075259.382371902 7286953.6451377869 2754837.4390640259 26293012.536500931 3957917.5201263428 4957832.557182312 6251943.2849006653 26860162.142223358 3346907.2628469467 9162562.5003356934 25411824.830003738 56675779.357803345 44575365.869075775 1224010.1913909912 997830.19342041016 9635964.710149765
leaf_count=83895 73118 3659 630861 10667 129180 260054 1416946 25316 589918 3118 3150 92067 1110276 728831 3484 65987 6163 635716 10851 181780 86537 37101 537834 580969 1044566 342511 2245 140005 651511 767196 67861 10032 48283 33475 102841 6026 8428 687598 847848 4082 8777 405448 2582 11999 12846 151870 783213 43488 15301 292566 23321 26081 30606 371221 177285 109809 527058 1222640 306921 9187 3083 193526
internal_value=7.88847e-05 0.00462016 -0.00533752 0.0107369 0.00262473 -0.00368831 -0.012804 0.00445003 0.00691371 0.0157258 0.0141624 -0.00171632 0.00269367 0.000935858 0.00796695 0.0141713 0.0256278 -0.00573221 0.0285778 0.0112466 0.016136 0.0241897 0.000399508 0.00225434 -0.00347726 0.00598586 0.00643284 0.0100711 -0.0119518 -0.00907548 0.019403 0.027315 0.00303253 0.0105702 -0.00728858 0.0399093 0.0420707 -0.00287354 -0.0018685 0.0379889 0.0135444 -0.00877693 0.046247 0.015259 0.0101549 0.0101078 -0.000960881 0.00388867 0.01447 0.00206584 0.0138443 0.0200673 0.00870683 0.00458255 -0.0283781 0.0093998 -0.00346972 -0.00721917 0.00352986 0.018246 0.04066 0.00137396
internal_weight=1.2271e+09 6.6747e+08 5.59628e+08 1.64184e+08 5.03287e+08 4.5838e+08 1.01247e+08 2.76489e+08 1.15074e+08 5.86152e+07 5.22581e+07 2.33294e+08 1.61415e+08 9.30896e+07 1.05569e+08 2.09284e+07 6.85346e+06 2.25087e+08 6.35714e+06 4.37037e+07 2.09032e+07 9.68084e+06 2.26798e+08 1.24763e+08 1.40204e+08 6.0705e+07 8.46403e+07 3.75629e+07 9.59943e+07 4.9455e+07 2.2645e+07 8.43973e+06 1.37894e+07 7.13964e+06 1.4574e+08 3.49088e+06 3.79496e+06 7.93465e+07 1.02034e+08 3.38778e+06 3.46568e+06 1.04869e+08 2.5683e+06 4.64477e+06 2.96132e+07 2.86758e+07 7.19332e+07 1.09743e+07 3.68736e+06 3.21594e+07 1.86388e+07 8.42898e+06 1.02099e+07 4.27373e+07 5.25293e+06 1.58772e+07 4.08714e+07 7.66526e+07 4.70775e+07 2.5021e+06 1.27809e+06 1.54596e+07
internal_count=16800814 5908532 10892282 921708 4986824 7795449 3096833 2654489 920652 276767 256772 3389761 1733837 1301928 644941 91075 25088 4405688 19995 330734 148954 62417 2332335 1118803 2087833 623561 553866 232430 2835653 1418707 101979 34118 92425 44142 3087229 9144 12087 1318459 1213532 10148 14940 2263804 6664 22031 154793 281050 1043267 61939 18451 365684 92854 38927 53927 573097 261180 201876 823425 1628088 321436 14515 5328 296367
cat_boundaries=0 2 4 6 8 10 11 13 14 15 17 19 20 22 23 25 26 27 29 30 31 33 35 37 38 39 41 43 44 45 47 48 49 50 52 54 55 57 59 61 62 64 65 66
cat_threshold=597033121 55846 3307935400 10020 2622063808 1211 1386228327 186887 781189861 640 684610 174338502 212150 197949 1234 1017150286 92249 160943745 89068 230195 1480973335 168965 27588 4041967134 168288 294 410212 134481942 136196 134 19572 135816 8192 1012218961 85579 1645806876 180256 1161 307 579946538 78080 1092751496 1536 955552 17477 9439301 198656 2064 135688 409 134512658 147601 148144146 166018 76165 1522533168 52264 33565254 20992 3232453966 65800 265226 78774784 74018 954452 139697
is_linear=0
shrinkage=0.05


Tree=45
num_leaves=63
num_cat=27
split_feature=17 1 2 1 1 1 2 1 12 11 2 2 1 17 11 14 14 15 16 11 11 2 14 1 1 2 14 5 9 14 14 15 14 15 1 2 1 15 14 2 2 1 14 17 2 14 14 2 14 2 15 1 2 14 14 3 17 2 14 14 2 14
split_gain=3.63318e+06 2.91353e+06 2.75881e+06 1.96887e+06 1.39908e+06 838294 814942 747327 681528 1.30934e+06 636858 500850 497552 474873 378892 360432 360149 373501 375743 358904 345148 326163 438225 323232 319829 339578 316193 312890 464158 299192 294873 283236 277916 274692 274196 343167 369027 491131 576272 322418 271382 598298 278883 263567 256469 250144 249973 246656 232707 229703 221836 220475 218722 218544 212847 235972 206206 205000 235677 218682 204428 196720
threshold=0 6405.5310058593759 24.500000000000004 14798.986328125002 17798.624023437504 59378.062500000007 30.500000000000004 4475.1364746093759 1.0000000180025095e-35 13.215752124786379 33.500000000000007 47.500000000000007 2964.889526367188 1 13.99107074737549 2 3 4 5 12.61660671234131 12.947035789489748 38.500000000000007 6 12948.949218750002 139907.17187500003 45.500000000000007 7 17500.000000000004 7142.9792480468759 8 9 10 11 12 20568.200195312504 3.5000000000000004 153767.46875000003 13 14 20.500000000000004 6.5000000000000009 55212.890625000007 15 16 15.500000000000002 17 18 17.500000000000004 19 43.500000000000007 20 77508.992187500015 48.500000000000007 21 22 81.850002288818374 23 13.500000000000002 24 25 33.500000000000007 26
decision_type=1 2 2 2 2 2 2 2 2 2 2 2 2 1 2 1 1 1 1 2 2 2 1 2 2 2 1 2 2 1 1 1 1 1 2 2 2 1 1 2 2 2 1 1 2 1 1 2 1 2 1 2 2 1 1 2 1 2 1 1 2 1
left_child=7 6 4 11 43 13 47 52 16 19 34 26 -8 21 -11 -13 17 18 -6 -10 29 22 -5 -12 25 33 -4 -17 -29 -15 -23 -16 51 -7 39 -36 57 38 -38 -9 42 -42 -18 53 -45 -22 -46 -2 -27 54 -51 -25 -1 -3 55 -14 60 59 -59 -37 -28 -52
right_child=1 2 3 5 8 24 12 10 9 14 23 15 49 20 31 27 40 -19 -20 -21 45 30 -24 32 -26 48 56 28 -30 -31 -32 -33 -34 -35 35 36 37 -39 -40 -41 41 -43 -44 44 46 -47 -48 -49 -50 50 61 -53 -54 -55 -56 -57 -58 58 -60 -61 -62 -63
leaf_value=-0.019560630351206865 -0.021100737742159665 0.0041802193316996276 0.0044843524770499131 -0.0031797850374676753 0.031590348954391098 0.0041878223574224431 -0.0070208803508823832 -0.016815133414993296 -0.0081299739275833196 0.001923805840032068 -0.004164699525173416 0.001690097543883713 0.0046943040907934342 0.017017488996589638 0.00099392961431450438 0.0062389549295672154 -0.0090811608374498972 0.0064205545376494616 -0.0024104455034692769 -0.0021507267745498495 0.0081293215795243106 0.021737766845062869 0.012086507666015505 -0.0048100973555044602 0.061208613439529026 0.067546196233021646 -0.0025852220206790161 0.0062217925866473508 0.027713799274777018 0.0078076423910878713 0.010778333484212766 0.012986984163632373 0.0071806895814808553 0.024800476078630035 -0.013451674913675047 0.00097679730939232139 0.057991200463097137 -0.005502014480614748 -0.015176971259817474 -0.0074599912266983303 0.00070287736744601814 0.01329790478058113 0.0019014705383805629 -0.011983449465260339 -0.0015280023533120685 0.002441933305502643 -0.009418657221256824 -0.0092794555154968872 0.025588405169788893 0.0034054739843452156 0.0024305232845725621 0.053749909285810776 -0.0095412865137846133 -0.0052585337918542967 -0.0066409807439184107 -0.0062436392618705396 -0.0020176880693660543 0.0046616677470297475 -0.0055415816083081333 -0.011045858787501923 0.005522222702478422 -0.0041599125083233452
leaf_weight=12117250.023919106 5208267.2597875595 9742835.6739292145 40368431.851892471 6037217.7292633057 2984078.2467575073 2526669.4504699707 48160662.133166313 14887057.048256874 39424232.641667366 69199867.169197083 40194800.412843704 35093196.321069717 11679716.868398666 12088345.631351471 7098197.9472084045 36274932.111557007 9040078.3308010101 36663243.770124435 1116607.802605629 69060723.309371948 33105153.900611877 13197934.677314758 21235271.283557892 9070613.9007110596 547724.60302734375 613092.39936065674 12100740.016710281 5417117.7251644135 4684727.4192008972 32598958.12563324 11473223.612758636 16064880.828033447 15532969.617355347 4485892.4749603271 11431810.470441818 4852368.2907648087 911728.92446517944 1523062.5457382202 381794.94842910767 24151397.661290169 31903177.483453751 13384646.184112549 16029853.641216278 22612350.54914093 20845241.492147446 46473689.324668884 19358033.569934845 28887712.004296303 716946.8511505127 36641595.789003372 17878859.370895386 163629.25487518311 9894951.3816547394 16550329.246563911 28304256.030549049 8533670.9072599411 81592999.111469269 9043165.2083625793 15125705.044351578 17150744.197255135 21751356.309646606 30879143.637834549
leaf_count=436269 193515 145872 474630 45430 19749 11322 1295757 415884 791907 604815 669500 345833 199070 69933 40620 339380 110051 330425 10972 868497 252593 62092 135817 91122 924 882 148959 50832 33384 210493 61679 80728 136539 15755 218073 72123 2749 11688 3180 473582 307703 71292 175277 553127 348452 378587 348838 754101 2374 538800 265479 381 280000 272870 539919 161818 1072082 92804 171898 285141 208813 489914
internal_value=2.25568e-05 0.00117515 0.00253134 0.00535147 -0.000438605 0.00921653 -0.0039909 -0.00640484 0.00113967 -0.000598622 -0.00524655 0.00233642 -0.00266243 0.00846072 0.00377659 0.00551325 0.00428155 0.00802119 0.022332 -0.00432363 0.00678256 0.0124754 0.00870706 -0.00139616 0.0241968 0.0217669 0.000675357 0.00840622 0.0161887 0.010299 0.0166411 0.00931178 0.00309692 0.0173737 -0.00776145 -0.0056512 -0.00383091 0.0137394 0.036395 -0.0110275 0.00211487 0.00442529 -0.00205881 -0.00596412 -0.00772343 0.00480791 -0.00532739 -0.0110852 0.0449299 -0.00109499 0.000465839 -0.00377242 -0.0150567 -0.00176104 -0.00384234 7.65324e-05 -0.000656559 -0.00490274 -0.00172387 -0.0083945 0.00262414 -0.00174329
internal_weight=1.22607e+09 1.03964e+09 8.23462e+08 4.22384e+08 4.01078e+08 1.851e+08 2.16174e+08 1.86433e+08 3.1197e+08 2.00848e+08 1.64421e+08 2.37284e+08 1.82078e+08 1.7621e+08 9.23629e+07 8.147e+07 1.11122e+08 4.07639e+07 4.10069e+06 1.08485e+08 1.24266e+08 5.19436e+07 2.72725e+07 6.4962e+07 8.89033e+06 8.3426e+06 1.55814e+08 4.63768e+07 1.01018e+07 4.46873e+07 2.46712e+07 2.31631e+07 2.47672e+07 7.01256e+06 9.94588e+07 6.04204e+07 4.89886e+07 2.81659e+06 1.29352e+06 3.90385e+07 7.03578e+07 4.52878e+07 2.50699e+07 8.91088e+07 6.28156e+07 7.95788e+07 4.02033e+07 3.4096e+07 1.33004e+06 1.33917e+08 8.53996e+07 9.23424e+06 2.20122e+07 2.62932e+07 4.85176e+07 2.02134e+07 1.15445e+08 4.6172e+07 2.41689e+07 2.20031e+07 3.38521e+07 4.8758e+07
internal_count=16802295 13441362 9002989 3921794 5081195 1247881 4438373 3360933 3412036 2386567 2644664 2673913 3490757 1216624 726163 769429 1025469 361146 30721 1660404 911606 305018 181247 897542 31257 30333 1904484 423596 84216 280426 123771 121348 228042 27077 1747122 857656 639583 17617 5929 889466 664323 378995 285328 1669159 1250417 631180 697290 947616 3256 2195000 1294193 91503 716269 418742 900807 360888 1429854 621966 264702 357264 357772 755393
cat_boundaries=0 1 2 3 4 5 6 7 8 9 10 11 12 13 14 15 16 17 18 19 20 21 22 23 24 25 26 27
cat_threshold=4 2 791274 265922 4 43 399616 81958 526436 514352 2337 708776 611 1348 809776 114700 2 135853 585356 528484 1322 929924 282919 2 535208 86080 666816
is_linear=0
shrinkage=0.05


Tree=46
num_leaves=63
num_cat=30
split_feature=0 0 0 0 12 11 2 12 11 11 14 2 2 0 14 2 15 14 3 15 3 15 11 15 14 14 11 3 15 14 16 14 2 1 3 14 15 15 14 1 15 15 2 9 15 14 14 3 0 15 6 14 15 15 14 14 1 15 2 4 3 14
split_gain=9.74489e+06 3.41959e+06 1.87262e+06 1.03775e+06 669418 645370 581762 559213 401561 380069 369830 299868 290862 255454 257257 253899 227866 226646 328173 332086 292592 585322 224284 216099 285305 215101 209204 202334 191540 333038 190301 187206 185266 181968 181060 239130 228669 177182 175384 338876 319819 233842 183626 321848 224830 174399 173741 175960 171496 229427 184821 319357 229478 171402 201564 169599 165925 253275 243652 234730 165465 165444
threshold=12.656338214874269 13.478944778442385 11.654356479644777 14.432618141174318 1.0000000180025095e-35 13.47723436355591 24.500000000000004 1.0000000180025095e-35 11.679798126220705 10.844077110290529 0 22.500000000000004 6.5000000000000009 12.272974491119387 1 24.500000000000004 2 3 99.250000000000014 4 62.049999237060554 5 14.313736915588381 6 7 8 12.179073333740236 73.649997711181655 9 10 11 12 18.500000000000004 70193.441406250015 98.450000762939467 13 14 15 16 48353.630859375007 17 18 49.500000000000007 7195.5771484375009 19 20 21 99.649997711181655 13.21584463119507 22 42.500000000000007 23 24 25 26 27 139907.17187500003 28 40.500000000000007 2.5000000000000004 63.250000000000007 29
decision_type=2 2 2 2 2 2 2 2 2 2 1 2 2 2 1 2 1 1 2 1 2 1 2 1 1 1 2 2 1 1 1 1 2 2 2 1 1 1 1 2 1 1 2 2 1 1 1 2 2 1 2 1 1 1 1 1 2 1 2 2 2 1
left_child=2 4 7 5 12 17 13 32 -8 -9 56 16 31 14 30 45 46 18 20 -20 21 -3 23 24 33 -15 28 -22 29 -10 -4 -2 -1 -12 -27 36 -36 -34 39 40 -13 -41 44 -44 -40 -6 47 -7 50 60 52 -52 -47 54 -17 -39 58 59 -5 61 -50 -58
right_child=1 3 6 10 15 11 8 9 26 -11 22 38 -14 25 -16 53 -18 -19 19 -21 27 -23 -24 -25 -26 34 -28 -29 -30 -31 -32 -33 37 -35 35 -37 -38 55 42 41 -42 -43 43 -45 -46 48 -48 -49 49 -51 51 -53 -54 -55 -56 -57 57 -59 -60 -61 -62 -63
leaf_value=-0.013506267033915931 0.002300265539975809 0.057227766162002286 0.00080960221771624985 -0.0032507969955933138 -0.0048755400719183856 0.0087246450795802309 2.39632858522465e-05 -0.030140547627320213 0.0022046403647798334 -0.014701318454253218 0.022847187938971447 0.015989293073136356 0.0041966910716452676 -0.0082633426494259435 -0.010836697460400016 0.0031930865387857377 -0.0011296272585514121 0.008485284504835754 0.069619261996557588 0.0042880167284276389 0.0044126147040082888 0.0008188461524105741 0.016477735075291738 0.019269137461863879 0.023883415279982858 -0.0034373979763354622 -0.0028143169778297498 0.014373262425561147 -0.0091559719609507467 -0.0094773402300958078 -0.0078263522813288751 -0.0079227643672536048 0.0011436726275727423 0.063056947790357851 0.054465961163007649 -0.0021279746550321439 0.0044081479720242652 -0.016049259966633617 0.007092549582849144 0.053267387434314077 0.0014258363468234029 0.0049077006711397524 0.0048981954979371092 0.016832817983394522 0.0010655863018771583 0.0014067358759153139 0.0018606209484727807 0.054229850072247038 -0.014598638438772606 -0.0025226893825086474 0.025028646572060949 -0.0084495152061727311 -0.0054162708310163581 0.0019650322923224751 -0.0026953165551866316 -0.0032343603667734852 0.047898007972167429 0.0070730092335794074 0.014098820950074496 0.07445458713048593 0.0088394807266818521 0.010207046120062076
leaf_weight=7898859.808675766 9452312.6346321106 1032506.2470054626 9711566.981174469 4129729.3259277344 41701466.735109329 12654468.094100952 85587779.133779526 4383012.1609888077 12934703.118009567 44021460.177567482 375835.96333312988 8213067.8572349548 147163848.1295414 27421894.305734634 49622511.136384964 19721801.636415482 28806680.626396179 61172767.004421234 514944.25918197632 312599.96251296997 7103527.0162162781 829200.36151123047 13109421.137542725 3834846.7136611938 1939387.1634140015 51460866.054050446 94300655.634212494 18061922.748653412 32642881.358522415 11547823.859348297 18590197.686182022 8509784.9927005768 8188245.6554727554 1119374.5185546875 481208.04733276367 1401541.3627567291 433819.09290504456 4473072.9153175354 32060760.50963974 770029.18999481201 6968143.8288269043 370143.73205566406 15255207.258277893 8970984.6203994751 29909213.057628632 18936485.066518784 17774045.695800781 216064.38126373291 804761.3134803772 11183437.077888489 1583501.5771083832 1294837.4759063721 35287839.547510147 108133144.31074524 55238755.0272789 6106594.4056463242 463493.00573730469 2182257.8781890869 3968012.1714172363 285903.84537506104 11709653.483448029 783026.77856445312
leaf_count=230491 92714 2776 193737 21084 534664 91772 1319059 225264 272458 1482391 1313 53814 1389257 463003 1106805 224203 231565 363232 1000 1927 43834 5271 54478 14035 6682 829556 1601882 99801 768510 272722 402951 92134 207125 1833 3405 22427 6454 132651 231555 2181 53811 2122 113124 57003 230449 241674 139158 779 9517 118600 15326 18108 481439 1247132 667692 161077 1154 9947 16757 354 110232 3435
internal_value=-1.51241e-05 0.00351034 -0.00565569 0.00785187 0.000898466 0.0067679 -0.00428353 -0.0128963 -0.00271353 -0.0160993 0.0163036 0.00488821 0.00346356 -0.00662204 -0.00866707 -0.000487558 0.00206308 0.0101877 0.0139263 0.0449417 0.0129766 0.0321037 0.0203838 0.0274278 0.0365371 -0.0046595 -0.0042608 0.0115616 -0.0066486 -0.00330547 -0.00486298 -0.00254304 -0.00708222 0.0529495 -0.00282184 0.0108522 0.0307336 -0.00437853 0.00652654 0.0112791 0.00930471 0.0375685 0.00562662 0.0093176 0.00418369 -0.0022495 0.00506431 0.00948856 -0.000894191 0.00268153 -0.00237813 0.00996836 -0.00303351 0.0006913 -0.0011461 -0.0086525 0.00926437 0.0180138 0.00525077 0.0335938 0.00733225 0.0242221
internal_weight=1.22512e+09 7.53909e+08 4.71209e+08 2.83188e+08 4.70722e+08 2.50996e+08 3.96137e+08 7.50712e+07 2.37014e+08 4.84045e+07 3.21913e+07 1.61969e+08 1.65126e+08 1.59124e+08 7.79243e+07 3.05596e+08 5.94513e+07 8.90275e+07 2.78547e+07 827544 2.70272e+07 1.86171e+06 2.03789e+07 7.26944e+06 3.4346e+06 8.11993e+07 1.51426e+08 2.51654e+07 5.71254e+07 2.44825e+07 2.83018e+07 1.79621e+07 2.66668e+07 1.49521e+06 5.37774e+07 2.31657e+06 915027 1.87679e+07 1.02518e+08 1.63214e+07 1.51812e+07 1.14017e+06 8.61962e+07 2.42262e+07 6.197e+07 1.22502e+08 3.06446e+07 1.28705e+07 8.08005e+07 2.36979e+07 5.71027e+07 2.87834e+06 5.42243e+07 1.83094e+08 7.49606e+07 1.05797e+07 1.18124e+07 3.71468e+06 8.09774e+06 1.53242e+06 1.25144e+07 1.24652e+06
internal_count=16800906 7098938 9701968 1856246 5242692 1725174 7262969 2438999 4234631 1707655 131072 1207333 1574105 3028338 1703493 3668587 463274 517841 154609 2927 151682 8047 78341 23863 9828 1324845 2915572 143635 1313690 545180 596688 184848 731344 3146 861842 32286 9859 500853 744059 111928 107625 4303 632131 170127 462004 1529560 231709 92551 994896 238349 756547 33434 723113 2139027 891895 293728 52731 14890 37841 4943 119749 4589
cat_boundaries=0 1 2 3 4 5 6 7 8 9 10 11 12 13 14 15 16 17 18 19 20 21 22 23 24 25 26 27 28 29 30
cat_threshold=329113 179232 670 9804 1192 368 1476 180256 754212 3346 209307 17 768545 262410 816 1306 1072 497 2603 1484 88102 273801 4000 557761 329 1633 102544 861385 1316 65552
is_linear=0
shrinkage=0.05


Tree=47
num_leaves=63
num_cat=34
split_feature=0 0 0 17 17 17 17 17 17 0 0 11 11 0 0 17 14 11 17 1 11 16 14 9 14 14 15 0 3 14 1 14 7 1 15 14 14 9 12 14 10 1 3 16 14 15 9 14 15 14 14 1 14 11 15 16 14 14 5 14 1 14
split_gain=8.68998e+06 2.43583e+06 2.30948e+06 1.19161e+06 1.10309e+06 735275 631895 588274 542335 441850 396682 344373 336485 314518 297928 288182 286779 275188 274886 263470 247089 313446 364516 238045 253174 245955 239640 236912 319704 237204 233948 232204 230169 226630 275000 300006 223428 247813 215694 274793 227821 282200 368180 214959 211858 208504 206655 203600 203553 197977 194782 194715 299297 192128 271309 347562 581586 226005 224970 203029 194777 188756
threshold=12.908501148223879 11.83795738220215 14.042400836944582 0 1 2 3 4 5 13.357542037963869 12.280593872070314 14.041472911834719 12.918911933898928 10.685305595397951 10.36855983734131 6 7 12.288261890411379 8 30868.512695312504 13.356372356414797 9 10 7271.9392089843759 11 12 13 13.548122406005861 99.549999237060561 14 7475.6809082031259 15 421667.50000000006 128595.94140625001 16 17 18 7400.4272460937509 1.0000000180025095e-35 19 0.20283207297325137 7152.1198730468759 72.850002288818374 20 21 22 7167.6855468750009 23 24 25 26 59378.062500000007 27 13.462731361389162 28 29 30 31 3750.0000000000005 32 12225.627441406252 33
decision_type=2 2 2 1 1 1 1 1 1 2 2 2 2 2 2 1 1 2 1 2 2 1 1 2 1 1 1 2 2 1 2 1 2 2 1 1 1 2 2 1 2 2 2 1 1 1 2 1 1 1 1 2 1 2 1 1 1 1 2 1 2 1
left_child=1 5 3 12 38 14 23 -6 51 19 30 16 27 -7 -1 44 -8 -12 -16 47 21 -11 -23 25 -25 46 36 -2 49 -30 -9 -17 -28 -18 35 -35 37 -26 39 -3 -41 42 -42 -34 -13 -43 -4 -10 -48 -29 -32 -5 -53 -14 58 56 -56 -57 59 -55 -60 -20
right_child=2 4 6 8 7 13 11 10 9 20 17 15 53 -15 18 31 33 -19 61 -21 -22 22 -24 24 26 -27 32 28 29 -31 50 -33 43 34 -36 -37 -38 -39 -40 40 41 45 -44 -45 -46 -47 48 -49 -50 -51 -52 52 -54 54 55 57 -58 -59 60 -61 -62 -63
leaf_value=-0.040941493549998931 0.0082001747658566188 0.008803515499850088 0.02053769396033539 -0.0010207538509941787 -0.007873245945095619 -0.041047627520658242 0.0019060213122190446 -0.0037931776486817359 0.0041066275301201082 0.0014455773993385596 0.00061195865080714864 0.012182154360172406 0.0032141101284400039 -0.015557267439162607 -0.0036570371842284733 0.001185609892111117 0.013258739870598765 -0.0031542685936426576 -0.013093378377369701 -0.0029044911996592899 0.0029504850854797531 0.016831912509801965 0.0062735587231705029 0.0088702062524574094 0.048388016671442907 0.01225644442021229 0.032509153608287537 0.0058474566924906343 0.091547606429451867 0.0079741198269053359 -0.0027717300706685461 0.010749264138832152 0.076535180295027871 0.059614989637022359 0.015770723950588889 0.02215641250843577 -0.0020539151342660361 -0.013381192871142443 -0.00012746067237056857 -0.0035573092422498775 0.030980632625464605 0.012981239541427814 0.0039492883697923057 0.014718678341146927 -0.0058953136836340323 -0.0064332811745351111 -0.0084911007777032557 -8.5587829147955934e-05 0.059119191454065717 0.018786840806322515 -0.011228813186648458 -4.0931895936121128e-05 -0.015100430495564544 -0.0047395412058519552 0.085817166718492835 0.017470639787991817 -0.0082971059135572688 0.0063250628895530157 0.069445831129096844 0.01646995772135362 -0.0042960871493778969 -0.0068426258520276123
leaf_weight=676165.23369407654 31656052.621219635 18732177.191669464 3067854.9910430908 64263306.898735046 77768225.655164719 1251294.1315412521 4105177.0953826904 59428753.76099968 53747079.657615662 16480542.141002655 76000849.81652832 2136745.4214935303 47743292.828517914 36790375.690878868 27937518.809749603 8245291.1319389343 14905391.771617889 134046680.49013519 23545666.704296112 38903151.064331055 96599201.639690399 12156168.332107544 24957716.119003296 1499723.2827301025 703079.75596618652 13013723.189712524 2390361.0691070557 4296222.1775054932 238678.0821762085 131794.09580230713 9303812.1519985199 27566714.582904816 647518.37277984619 972656.27874755859 3088950.2983436584 1186733.766418457 800558.60061645508 211137.5814666748 82122717.793041229 13732486.069572449 2067690.7911968231 1935021.2452297211 3223598.7775192261 179674.47615814209 6711081.9383277893 4847005.8133907318 132051.82093048096 62805738.934959412 709377.00894927979 9477610.1533203125 25385104.102573395 6497392.5890007019 6702984.6937541962 1606818.7231369019 398221.61703491211 7363460.7100486755 279267.13187408447 11897112.629058838 90694.330520629883 3789056.2235984802 7076113.2043533325 24796675.950648308
leaf_count=38780 221887 195912 11815 772344 1647729 77928 21320 1167177 544920 113664 943652 12947 436301 1296011 672303 47729 67562 2112990 673462 432551 810488 70054 163911 6453 1708 54963 7410 23646 107 695 183665 141529 642 1969 13279 4688 3728 1092 1157988 167588 17172 18675 37366 673 50007 56944 668 666717 1344 44221 544956 74362 88488 11676 362 41643 2090 77130 211 21975 51047 669852
internal_value=-1.73397e-06 -0.00413744 0.00428636 0.00296735 -0.0026515 -0.0107092 0.0115645 -0.00399246 0.00157993 0.00252699 -0.00300023 0.00915585 0.00718443 -0.0163957 -0.00789826 0.00655094 0.0139514 -0.00179155 -0.00760536 0.000658386 0.00446107 0.00718376 0.00973181 0.0186723 0.0268602 0.0155602 0.0323301 0.0106039 0.0159837 0.0618193 -0.00569772 0.00854735 0.0403759 0.016405 0.0253403 0.0390291 0.0172331 0.0341221 0.00139204 0.00419383 0.000847696 0.00585806 0.0145124 0.0631091 -0.00152961 -0.000893997 0.0265582 0.00184761 0.0485092 0.0147509 -0.00896057 -0.0021569 -0.00768797 0.00523271 0.00819801 0.0118242 0.0470228 0.0105861 0.00244286 0.0101541 -0.0033629 -0.00988713
internal_weight=1.22502e+09 6.23592e+08 6.01431e+08 5.09158e+08 5.08594e+08 1.14998e+08 9.22738e+07 3.81933e+08 3.83113e+08 3.0565e+08 3.04165e+08 6.89187e+07 1.26044e+08 3.80417e+07 7.6956e+07 4.46598e+07 2.42589e+07 2.10048e+08 7.62799e+07 1.55456e+08 1.50194e+08 5.35944e+07 3.71139e+07 2.33551e+07 6.43205e+06 1.6923e+07 4.93233e+06 4.58004e+07 1.41443e+07 370472 9.41177e+07 3.5812e+07 3.21755e+06 2.01537e+07 5.24834e+06 2.15939e+06 1.71478e+06 914217 1.26661e+08 4.4538e+07 2.58058e+07 1.20733e+07 5.29129e+06 827193 8.84783e+06 6.78203e+06 3.90928e+06 1.16553e+08 841429 1.37738e+07 3.46889e+07 7.74637e+07 1.32004e+07 8.0244e+07 3.25007e+07 1.99381e+07 677489 1.92606e+07 1.25627e+07 5.39587e+06 7.16681e+06 4.83423e+07
internal_count=16802166 11680150 5122016 4670490 8251814 3428336 451526 6600169 3737499 2802305 4952440 361030 932991 1373939 2054397 252212 108818 3056642 2015617 1644188 1158117 347629 233965 90496 21706 68790 15253 290556 68669 802 1895798 189258 8725 87498 19936 6657 6528 2800 1651645 493657 297745 130157 54538 1315 62954 75619 13827 1211637 2012 67867 728621 935194 162850 642435 206134 121225 2452 118773 84909 33651 51258 1343314
cat_boundaries=0 1 2 3 4 5 6 7 8 9 10 11 12 13 14 15 16 17 18 19 20 21 22 23 24 25 26 27 28 29 30 31 32 33 34
cat_threshold=2 2 19 2 4 4 4 262536 2 20 803908 854025 526342 173 516 262215 1283 34309 37762 292358 50 305 521 203651 387 74901 48128 375828 2581 64 327684 37050 14867 672221
is_linear=0
shrinkage=0.05


Tree=48
num_leaves=63
num_cat=46
split_feature=0 0 0 17 17 17 17 0 17 11 2 13 14 11 13 13 13 13 15 13 14 14 15 13 13 0 13 1 13 14 0 13 3 13 14 13 0 13 14 15 13 14 14 13 0 13 1 14 13 13 13 14 13 13 2 13 13 13 0 16 13 15
split_gain=8.32978e+06 2.23802e+06 2.10935e+06 1.12388e+06 1.05538e+06 691617 570946 545826 432353 395659 387557 367382 395171 347329 376008 345388 342186 336421 324488 313905 333440 310363 317990 401977 359995 294944 393689 291455 348491 312525 340189 288523 287803 325326 322111 287635 285847 278114 302470 272963 338021 423849 286262 267037 265288 259656 253671 258477 305249 250172 249544 248017 424586 381380 244404 508841 492052 239923 240977 285738 592793 253518
threshold=12.873558044433596 14.096644878387453 11.707505702972414 0 1 2 3 13.357542037963869 4 14.095565319061281 33.500000000000007 5 6 1.0000000180025095e-35 7 8 9 10 11 12 13 14 15 16 17 13.251674175262453 18 10452.083984375002 19 20 13.072339057922365 21 61.049999237060554 22 23 24 11.122486114501955 25 26 27 28 29 30 31 12.163071155548097 32 27377.916015625004 33 34 35 36 37 38 39 20.500000000000004 40 41 42 12.648597717285158 43 44 45
decision_type=2 2 2 1 1 1 1 2 1 2 2 1 1 2 1 1 1 1 1 1 1 1 1 1 1 2 1 2 1 1 2 1 2 1 1 1 2 1 1 1 1 1 1 1 2 1 2 1 1 1 1 1 1 1 2 1 1 1 2 1 1 1
left_child=2 4 6 10 25 19 -1 27 44 11 31 32 17 14 -8 21 -9 18 -13 20 -3 22 24 -24 -11 26 -2 28 29 30 -6 -4 33 -7 -34 -27 49 38 -23 40 41 -18 -42 -10 45 -5 47 48 -37 -15 -38 52 -29 -53 56 -56 -14 -12 61 60 -60 -59
right_child=1 5 3 8 7 9 13 16 43 15 57 12 54 36 -16 -17 39 -19 -20 -21 -22 37 23 -25 -26 35 -28 51 -30 -31 -32 -33 34 -35 -36 46 50 -39 -40 -41 42 -43 -44 -45 -46 -47 -48 -49 -50 -51 -52 53 -54 -55 55 -57 -58 58 59 -61 -62 -63
leaf_value=-0.020972703189629651 -0.0010828492520900796 0.023518533652195195 -0.0047384319339861571 -0.0030606206885505035 0.007065224648058685 0.081480861519515446 0.0019107420530289493 0.0012768334142559141 -0.011455656569166056 0.011719041277492431 -0.0011541887375842187 -0.016950043298640569 0.052496657788441571 -0.010763255128583693 -0.010299679226205338 0.0067816270428922827 0.0037196891411438258 0.0021362329353162095 0.044445693152236287 -0.0055834367530663113 -0.0047793394524907875 0.0027875556535013326 0.04032922324489753 -0.0056141111293230191 0.049583925723162531 0.011992781727259871 0.0075412956884325297 -0.0074066338595146913 -0.00059126418840033123 0.0033112558536179241 0.027424246386633763 -4.8579574892024648e-05 -0.00088093043524386074 -0.0024524326580892429 0.017263163987392898 0.024865754929534998 -0.0040132372404875589 0.0082251759442387561 0.031543297764502071 0.0039826958577510859 0.011786105161475352 0.027103648668889875 -0.00010477697191908918 -0.005603538193317153 -0.0027401332040758674 -0.010139118254609968 0.0018619956891394983 0.0049677364370152299 0.0070470524692698355 -0.027461555627770459 -0.01296593271884197 -0.0029628190837558575 0.00029776856504348738 0.0035343932616011746 0.03607317318371301 0.0065807491720791186 0.016279247741100424 0.0078623787838383533 0.034553651835914155 0.003903016722229655 0.0038975275384685415 -0.00033041797542549103
leaf_weight=13184568.814369202 22478053.803874969 2440208.6302871704 61391453.935930252 23911040.418451309 4931086.7973823547 300933.86323547363 11159965.506644249 87823919.293861389 35221439.15294838 927758.95487213135 42011812.403345108 268788.8713760376 2527232.5445480347 3980414.6655654907 14492437.317762375 23536242.796569824 3124709.2585067749 2998283.9859924316 1079603.7188796997 7429987.3075447083 1815487.5327529907 1301220.6616744995 758816.59552001953 1277818.0834197998 1941087.2362442017 36948381.327327728 32174708.615840912 33201726.519374847 25642154.668462753 13720318.542655945 3514078.5873794556 70403109.882556915 4084791.1690139771 187310.55669403076 6097444.8720321655 4726464.8945388794 11093521.384314537 11706955.437553406 3076886.7512969971 80785154.573116302 10791464.483844757 5101781.5692176819 9532350.2774162292 43653136.199598312 145377562.9888916 28276293.812164307 19988706.25315094 12861257.167785645 4890338.0678062439 5138974.2206783295 26087528.430186272 40445516.650854111 38757084.590343475 51150527.957147598 3321716.2760620117 2613010.6337814331 1491201.6082077026 12849232.631519318 2763653.1105155945 11493162.966152191 3672302.0536079407 35613471.43032074
leaf_count=541744 216792 12023 947779 520704 55166 260 259691 736958 803957 4251 605640 1389 5336 160026 388375 120036 25033 13362 2672 52018 12493 6607 2341 7130 5153 222501 275037 402564 300200 153357 26779 1025903 19681 902 23899 25361 311692 57536 10853 647622 79644 30879 79669 938150 2305598 662834 137710 88124 32923 239052 803603 470932 435363 553931 9304 10927 5557 179333 20311 125252 40191 541328
internal_value=8.16159e-05 0.00413041 -0.00411518 -0.00291348 0.00297194 0.0118731 -0.0114074 0.00170868 -0.0050873 0.0137655 -0.000411681 0.0188034 0.0240423 -0.00965467 -0.00498759 0.0109403 0.003601 0.0114646 0.032207 0.000618582 0.0114466 0.0156034 0.0266128 0.0115037 0.0373388 0.00682127 0.00399429 -5.64845e-05 0.00337771 0.00796922 0.0155367 -0.00223317 0.0117825 0.0492822 0.00998434 0.00876677 -0.0122404 0.0122458 0.0229968 0.00546788 0.00967033 0.0182216 0.006209 -0.0082168 -0.00383789 -0.00689592 0.00595996 0.00960409 0.0158046 -0.0201732 -0.0102948 -0.00106031 -0.00325704 0.000665458 0.0295352 0.023088 0.0390569 0.00180284 0.003674 0.00862651 0.0170616 0.00184179
internal_weight=1.22555e+09 6.23773e+08 6.01775e+08 5.16638e+08 5.4259e+08 8.11828e+07 8.51374e+07 4.08522e+08 2.76439e+08 6.94971e+07 2.40198e+08 2.49703e+07 1.42998e+07 7.19528e+07 2.56524e+07 4.45268e+07 1.97159e+08 4.34668e+06 1.34839e+06 1.16857e+07 4.2557e+06 2.09905e+07 4.90548e+06 2.03663e+06 2.86885e+06 1.34068e+08 5.46528e+07 2.11362e+08 4.78076e+07 2.21655e+07 8.44517e+06 1.31795e+08 1.06705e+07 488244 1.01822e+07 7.94151e+07 4.63004e+07 1.60851e+07 4.37811e+06 1.09335e+08 2.85503e+07 8.22649e+06 2.03238e+07 7.88746e+07 1.97565e+08 5.21873e+07 4.24668e+07 2.24781e+07 9.6168e+06 9.11939e+06 3.7181e+07 1.63555e+08 7.19588e+07 9.1596e+07 9.95316e+06 5.93473e+06 4.01843e+06 1.08404e+08 6.63918e+07 1.79291e+07 6.43596e+06 4.84627e+07
internal_count=16801438 5380275 11421163 8716980 4996545 383730 2704183 3998097 5231243 307196 3485737 93289 48547 2162439 648066 213907 1599805 17423 4061 76534 24516 93871 18875 9471 9404 998448 491829 2398292 535502 235302 81945 1973682 44742 1162 43580 506619 1514373 74996 17460 862847 215225 55912 159313 1742107 3489136 1183538 284118 146408 58284 399078 1115295 1862790 837927 1024863 31124 20231 10893 1512055 906415 185754 60502 720661
cat_boundaries=0 1 2 3 4 5 7 8 10 12 14 16 17 19 20 21 22 24 26 28 30 31 33 35 36 38 40 41 42 44 45 46 48 50 51 53 55 57 58 60 62 64 66 68 69 71 72
cat_threshold=18 2 4 4 9 891153668 55544 76008 401826081 18566 974204276 37647 3935045457 165319 2147483810 131328 3202 1413350152 70800 142139 548992 1874 36 524 135267376 4621 3266667281 101201 1883664869 199811 100883 1571432509 168339 16793856 6176 972034 2697511495 238201 135266320 4100 262446 268 18927648 2048 534318 543870 2265048932 108723 3911297048 134719 405872 1246520 22532 1785733618 36120 1276379685 23048 314398 241676846 153660 4113845569 157380 1220547080 198400 2183270993 8199 1114154226 42408 10 9502732 2071 386
is_linear=0
shrinkage=0.05


Tree=49
num_leaves=63
num_cat=40
split_feature=17 1 2 2 11 11 1 1 1 2 1 13 14 1 13 13 2 11 2 13 13 15 17 14 13 13 1 3 14 3 14 15 13 13 6 13 14 15 14 13 2 1 17 14 13 15 13 13 14 14 13 13 13 13 16 13 13 4 13 14 13 1
split_gain=2.9821e+06 1.69169e+06 2.15695e+06 855556 746186 1.31021e+06 696473 653956 619242 492064 512724 721936 494534 490019 599290 489094 482808 444364 438869 438459 424608 417018 366763 360763 348440 342384 429000 375581 501438 448548 639061 409426 338862 326515 324514 613914 346992 315366 314699 586744 404288 421304 307947 304258 303955 300260 297455 296118 274855 270700 252545 249726 241702 240153 239937 482640 300770 242477 234711 231474 225700 226371
threshold=0 8955.0473632812518 23.500000000000004 25.500000000000004 1.0000000180025095e-35 13.462731361389162 23284.316406250004 3487.3161621093755 21873.215820312504 6.5000000000000009 139907.17187500003 1 2 217355.42187500003 3 4 44.500000000000007 12.495917320251467 43.500000000000007 5 6 7 8 9 10 11 31540.660156250004 97.649997711181655 12 81.850002288818374 13 14 15 16 1.0000000180025095e-35 17 18 19 20 21 29.500000000000004 51569.533203125007 22 23 24 25 26 27 28 29 30 31 32 33 34 35 36 1.5000000000000002 37 38 39 217355.42187500003
decision_type=1 2 2 2 2 2 2 2 2 2 2 1 1 2 1 1 2 2 2 1 1 1 1 1 1 1 2 2 1 2 1 1 1 1 2 1 1 1 1 1 2 2 1 1 1 1 1 1 1 1 1 1 1 1 1 1 1 2 1 1 1 2
left_child=4 3 6 58 25 17 32 47 15 13 33 12 -12 44 21 48 24 51 -17 -10 -7 -15 -21 52 -9 26 43 29 -29 30 -28 -32 59 42 35 36 -27 -20 39 40 53 -42 -11 -1 -8 -35 -18 -5 -4 -39 -19 -6 -22 -36 56 57 -25 -56 -2 -3 61 -40
right_child=1 2 8 7 5 20 9 16 19 10 11 -13 -14 14 -16 18 46 50 37 22 23 -23 -24 54 -26 34 27 28 -30 -31 31 -33 -34 45 38 -37 -38 49 60 -41 41 -43 -44 -45 -46 -47 -48 -49 -50 -51 -52 -53 -54 -55 55 -57 -58 -59 -60 -61 -62 -63
leaf_value=0.00052910751307837884 -0.0055738737565837661 0.0023134048483897506 0.0022213648072840616 -0.011742033694331976 -0.0081884213676918453 0.0042751574038791392 -0.0098273401575465647 0.00030186404006513241 0.0028363948122352997 0.0057287145479627578 0.043570067421265207 -0.0027152240067124713 0.0051840329542016707 0.020312131508909148 -0.0046163571301349703 0.0013176535464875594 0.0032033274533427494 -0.00080237986209610683 0.012394438099744304 0.00088038325156927885 0.013634798150323533 0.0012915946083111953 0.011870578351101523 -0.00062983308141098581 -0.0065409825722956023 -0.0013232408248674563 0.0017323712089310321 0.077397987837380458 -0.0033250052872813244 0.0014390733934773773 0.0063623012992478599 0.048124232861246882 -0.0090346381275170501 -0.0070534636226912044 0.026313308005871672 -0.0057635758817653725 0.062295228880092549 0.010662197452070485 -0.00078474012861432505 0.0029232980585059925 0.029897869956513834 0.088188144885421205 -0.0014984823224355047 0.012900642387869813 -0.0031952483924129293 -0.00014859326571348432 -0.002251892233241353 -0.0048679795630333263 -0.0031747494126491819 -1.1162705646177367e-05 0.004653028388892518 -0.0010766684874437113 -0.0020652373903225492 -0.0068880867428268216 0.039867953589444831 0.013341600470660048 0.019540987047506918 -0.00056735820677789213 -0.014498155499058524 -0.0058203842663297947 0.0063394996178057633 0.023231314907320721
leaf_weight=7822374.4573783875 10506436.892482758 13845486.342967987 40173093.035850525 28190305.835517883 17232355.420543671 20325171.163017273 32222406.013066292 25654529.146946907 42239657.669361115 34385188.215847015 2271516.9659881592 3406968.5848388672 1330538.998085022 5465601.5968647003 16211076.537467957 66725849.232130051 47563607.926563263 35451040.151451111 19962622.553951263 9375514.7274665833 5168663.6795196533 6095550.9527683258 39889641.812850952 3032171.4016647339 67687101.506557465 275976.25358200073 1719242.7821826935 616225.25160217285 279707.7031879425 2682844.6369199753 749896.28213691711 2700103.2050094604 52861152.842794418 23123694.327360153 1006037.1066904068 925787.86146450043 959705.94509792328 9505700.2146263123 23619042.318006516 6816004.5139818192 2909503.8697414398 346952.19058227539 25797300.145906448 13628002.494009018 37245605.823768616 49336845.925691605 52647594.50507164 35265728.480088234 57196477.126882553 15839152.772182465 52824573.903770447 43513093.748937607 4663026.5195922852 1187556.9506893158 3861188.5039215088 5240581.8952865601 4732671.2764434814 410139.50889205933 24661597.603777885 23753106.536650658 38548546.042772293 1023727.0563163757
leaf_count=84751 290042 239894 427720 834453 352689 124270 546210 455400 291219 305133 6772 18949 6806 41319 161605 773204 679779 383076 162685 78046 27972 56829 233946 19034 1296718 2843 12043 926 2032 18892 5016 10049 1029571 260195 7461 10025 3714 78913 246666 66908 20751 146 306244 128042 591269 518303 798051 973216 643388 147499 527165 822120 29667 13004 14130 28438 23578 2501 740663 446920 367640 5274
internal_value=4.40628e-05 -0.0013745 8.72961e-05 -0.00451776 0.00433528 0.00250096 -0.00272156 -0.0035169 0.003143 -0.00129639 0.000605149 0.0137847 0.029391 -0.00402729 0.0015863 0.00164361 -0.00207277 0.000197247 0.00389636 0.00657425 0.00973848 0.0102837 0.00977907 0.0138347 -0.00466026 0.00767761 0.0121949 0.0215268 0.0521973 0.0180272 0.0266365 0.0390469 -0.00645374 -9.12763e-05 0.00592013 0.0250221 0.0480868 0.00769411 0.00537295 0.0127019 0.0249314 0.0361083 0.00263077 0.00838908 -0.00627151 -0.00235208 0.000337339 -0.00792178 -0.000948401 0.00399193 0.00246216 -0.00309414 0.00618851 0.00833899 0.018186 0.0235098 0.0116643 0.0359852 -0.011832 -0.00282516 0.00395032 0.000212951
internal_weight=1.22471e+09 9.20437e+08 6.2826e+08 2.92177e+08 3.04272e+08 1.96455e+08 3.27352e+08 2.57009e+08 3.00908e+08 2.36892e+08 1.39652e+08 7.00902e+06 3.60206e+06 9.72402e+07 2.77722e+07 2.09403e+08 1.93553e+08 1.49021e+08 1.12033e+08 9.15048e+07 4.74336e+07 1.15612e+07 4.92652e+07 2.71084e+07 9.33416e+07 1.07817e+08 3.01984e+07 8.74802e+06 895933 7.85209e+06 5.16924e+06 3.45e+06 9.04597e+07 1.32643e+08 7.76188e+07 2.16147e+06 1.23568e+06 4.53075e+07 7.54574e+07 1.22661e+07 5.45005e+06 3.25646e+06 6.01825e+07 2.14504e+07 6.9468e+07 7.24605e+07 1.00211e+08 6.3456e+07 9.73696e+07 2.53449e+07 8.82756e+07 6.07454e+07 9.83169e+06 2.19359e+06 1.72768e+07 9.51191e+06 7.76484e+06 4.27133e+06 3.5168e+07 3.75986e+07 6.31913e+07 2.46428e+07
internal_count=16801784 13440961 7372639 6068322 3360823 2354640 4536019 5037617 2836620 2819634 1422402 32527 13578 1397232 259753 2233409 3229948 2085050 1162301 603211 269590 98148 311992 145320 1752118 1006183 261751 48958 2958 46000 27108 15065 1716385 1389875 744432 16582 6557 389097 727850 108270 41362 20897 611377 212793 1137479 778498 1477830 1807669 1071108 226412 910241 1174809 57639 20465 87681 45069 42612 16631 1030705 686814 619580 251940
cat_boundaries=0 1 3 4 6 8 10 12 13 14 15 17 19 20 21 22 24 26 28 29 30 31 33 34 35 37 38 40 42 43 44 46 48 50 52 53 55 57 59 60 62
cat_threshold=2 1309678306 205879 118385 119787924 159936 1826475806 155712 3792249415 145395 364097834 222608 283 4 151329 411055636 147969 75563816 8734 795148 862388 2577 2708504731 84930 6158987 26906 2989662337 131264 76910 782 24580 38290435 118144 17 813098 2403097576 141446 1283 905670763 165896 2965865133 177488 72291 2861 3515021595 98577 807480474 65634 1745372736 6668 525314 18432 19 2181562565 33312 3389522132 34820 13027888 17544 534857 306332803 203072
is_linear=0
shrinkage=0.05


Tree=50
num_leaves=63
num_cat=44
split_feature=0 0 0 17 17 17 0 13 17 17 14 17 11 0 13 3 13 15 11 11 13 11 2 13 13 2 13 13 14 13 13 14 13 13 15 14 13 11 14 13 15 13 13 13 14 13 13 13 13 13 3 13 14 1 11 13 14 3 1 13 14 15
split_gain=6.78538e+06 2.01581e+06 1.64496e+06 889138 782083 752109 491478 508271 452738 438581 422902 367122 360430 339576 327488 362399 515729 531954 307268 301156 298228 294066 292304 442971 339687 284904 434143 303842 280412 503248 329768 264846 364374 295931 276255 260162 256078 252156 310350 315218 283725 488659 330706 251760 248159 242894 242618 238904 230055 216662 224174 418146 344728 216548 215964 324243 510622 277258 260240 249886 280796 411397
threshold=12.795913219451906 13.674160003662111 11.654356479644777 0 1 2 14.432618141174318 3 4 5 6 7 11.652648448944094 10.36855983734131 8 62.049999237060554 9 10 12.247700214385988 10.363864898681642 11 12.787718296051027 19.500000000000004 12 13 22.500000000000004 14 15 16 17 18 19 20 21 22 23 24 13.673645973205568 25 26 27 28 29 30 31 32 33 34 35 36 98.450000762939467 37 38 61752.150390625007 12.822095394134523 39 40 99.850002288818374 128595.94140625001 41 42 43
decision_type=2 2 2 1 1 1 2 1 1 1 1 1 2 2 1 2 1 1 2 2 1 2 2 1 1 2 1 1 1 1 1 1 1 1 1 1 1 2 1 1 1 1 1 1 1 1 1 1 1 1 2 1 1 2 2 1 1 2 2 1 1 1
left_child=2 5 8 22 6 54 20 10 -1 49 53 47 36 -10 -13 16 17 -16 46 43 -3 31 23 -4 -24 27 -27 -23 29 -17 -30 32 -11 -33 -34 -25 -5 40 45 -40 42 -42 -22 -15 -28 -39 -14 -6 -20 -7 -51 52 -52 -8 55 56 -2 58 -58 60 -56 -62
right_child=1 4 3 12 11 9 7 -9 13 21 -12 14 18 19 15 28 -18 -19 48 -21 37 25 24 35 -26 26 44 -29 30 -31 -32 33 34 -35 -36 -37 -38 38 39 -41 41 -43 -44 -45 -46 -47 -48 -49 -50 50 51 -53 -54 -55 59 -57 57 -59 -60 -61 61 -63
leaf_value=-0.020028740098569475 0.0010381787652044368 0.0045327084068934554 -0.0079739664992659141 -0.0053060233039373648 -0.0051754485813177709 -0.0067911750867307875 0.015915563783245656 0.015315835596582068 -0.040529212027566382 0.00088132576781034587 0.022056582966856864 0.0035673373259122103 -0.0052749280289192992 -0.010288559838124656 0.060955101898024333 0.020268915121577937 0.0070793357314992509 0.0089745472164013563 -0.007530629924729023 -0.011439576149360932 0.024413997563557124 -0.0065107683986894904 0.003175705364385978 -0.0071870148778768782 -0.0015770096092275127 -0.0015830102134080839 0.0097519515879215743 0.00036381136908818435 0.0098097670813447543 0.005462091873987187 0.0016058130220647678 -0.0037141731668317241 0.017262604575983755 0.0042637781750692137 0.0066205538975119453 0.0022257492764295719 2.9240463699953009e-05 0.012190833661694982 0.0027400849272397592 0.021146496789969174 0.036611049400272641 0.0089596152662392708 -0.0050730549714016176 0.00044454342287016053 0.0026345763061510759 -0.0058116592022512551 -0.011614050716598318 0.0041749260913221823 -0.0027099269450419905 -0.0017522214397236583 0.063970833912547473 -0.0076105069326287845 0.0071585009561742387 0.069362656895809047 -0.0011480434593231681 0.0049890590620449496 0.021769081506099758 0.086529696262547751 -0.022064216343929306 0.0013374982180527645 0.022885406701377703 0.0060339378330942659
leaf_weight=11588403.461023331 4801274.0093421936 13056821.688713074 29613526.324079514 41866126.69852829 10590462.567497253 24641634.504240036 225784.13974761963 5588617.944732666 857435.5579662323 20196645.894199371 1415204.756729126 43120001.12279129 24962601.351083755 9610610.573600769 1283546.2816505432 11254293.320453644 2419791.4214172363 798327.78563690186 41766012.199064255 40052238.538946152 1806649.7784194946 26870921.726066589 68871948.751874924 9557402.9807186127 82786507.875831604 54354199.007644653 16649821.502988815 39997593.654529572 26583381.202045441 11708720.263729095 22716106.364421844 20041979.806762695 8390421.5115242004 27673798.269382477 22321406.136413574 31653363.651174545 48597160.661920547 3418773.2901306152 3356034.7543258667 7578809.1391830444 4146798.1499099731 2599276.0637130737 2007364.7124557495 12661590.345312119 46313676.984529495 4145725.8010940552 38180518.997582436 19245607.592571259 60741144.706487656 44901531.792411804 559694.7721824646 1043685.1776218414 510617.6977519989 1179832.6355285645 6717805.689289093 30238483.189971924 8554710.8421325684 159569.18120574951 352570.45199966431 47557314.926692963 5073449.1543807983 12658138.124408722
leaf_count=488391 35797 72406 491841 727234 91191 345787 690 19897 51929 182528 4359 272085 620660 262895 3134 56299 14337 4601 793661 1330092 6987 322454 984081 155974 1251029 595573 160421 448101 152711 69545 142225 188726 61995 239856 186698 469175 782276 17754 19574 34935 12698 12033 10669 306781 483808 26331 1012019 147009 1096004 588590 2552 14467 6029 1279 61471 226114 50400 148 3089 434727 35344 107701
internal_value=5.15954e-05 0.0034325 -0.00404696 -0.00296945 0.0076342 0.00164456 0.0130132 0.0240491 -0.010944 0.000500506 0.0413511 0.00581897 -0.00497809 -0.0092777 0.00705414 0.00901275 0.022777 0.0410225 -0.00636422 -0.00884776 0.0108096 0.0013858 -0.000657185 -0.00330923 0.000581319 0.000206005 0.00169064 -0.00239872 0.00815529 0.012719 0.00602957 0.00358914 0.00609762 0.000912812 0.00952795 4.2785e-05 -0.0024399 0.0136299 0.0101109 0.0154974 0.0197945 0.0259569 0.00889461 -0.00418687 0.00451667 0.00232457 -0.00910798 0.000855963 -0.0046741 -0.0029935 -0.00100308 0.0149087 0.0368675 0.060777 0.00513709 0.0078923 0.0142226 0.0212043 0.0200341 0.00344943 0.00755742 0.0108556
internal_weight=1.22419e+09 6.70827e+08 5.53367e+08 4.78596e+08 2.00246e+08 4.70581e+08 5.05257e+07 8.40944e+06 7.47703e+07 3.54468e+08 2.82082e+06 1.4972e+08 2.56114e+08 6.31819e+07 1.19884e+08 7.67642e+07 4.50167e+06 2.08187e+06 1.6565e+08 6.23244e+07 4.21163e+07 2.8281e+08 2.22483e+08 7.08243e+07 1.51658e+08 1.84186e+08 1.17318e+08 6.68685e+07 7.22625e+07 2.2963e+07 4.92995e+07 9.86243e+07 5.09085e+07 4.77158e+07 3.07118e+07 4.12108e+07 9.04633e+07 2.90594e+07 1.84993e+07 1.09348e+07 1.05601e+07 6.74607e+06 3.81401e+06 2.22722e+07 6.29635e+07 7.5645e+06 6.31431e+07 2.98361e+07 1.02507e+08 7.16572e+07 4.70155e+07 2.114e+06 1.07031e+06 1.40562e+06 1.16113e+08 4.41066e+07 1.38681e+07 9.06685e+06 8.90728e+06 7.20067e+07 2.44494e+07 1.77316e+07
internal_count=16799167 5975125 10824042 8383954 1192749 4782376 239612 26225 2440088 3827585 6328 953137 5031854 1951697 714937 442852 22072 7735 3522344 1899768 213387 2870160 3352100 1116990 2235110 2010357 1239802 770555 420780 125844 294936 859803 431221 428582 248693 625149 1509510 140981 98594 54509 42387 24731 17656 569676 644229 44085 1632679 238200 1889665 957425 611638 23048 8581 1969 954791 315548 89434 53637 53489 639243 204516 143045
cat_boundaries=0 1 2 3 5 6 7 8 9 11 13 14 16 18 20 22 24 25 27 29 30 32 34 35 36 38 39 41 42 44 46 48 49 51 53 55 57 59 61 62 64 65 67 68 69
cat_threshold=18 2 2 2186543149 648 4 4 155972 4 3825796686 36056 2394256 86560 2353 3046359432 67600 3636140860 167968 3636222754 21061 2843548198 123489 1146246257 153230 82721 310561024 82691 32536609 139302 659125 2291764511 66392 2012241965 144390 22 606244 2401780660 108246 224580 1109655618 17292 3589 38274659 41900 136589344 148586 1746176638 177929 70149 1112278022 17673 3373411353 133771 704911827 174226 4140220818 10259 2854598272 132641 1074923554 104466 29442 348127820 41046 336568 2153546432 157224 150273 1296
is_linear=0
shrinkage=0.05


Tree=51
num_leaves=63
num_cat=42
split_feature=0 0 0 17 17 17 0 13 17 13 3 13 17 13 16 13 11 2 13 13 13 13 13 3 13 15 11 0 15 13 11 13 13 17 13 13 15 3 3 13 2 13 16 1 13 2 2 2 15 13 3 13 15 11 15 13 13 13 15 13 15 13
split_gain=6.18675e+06 2.1951e+06 1.22164e+06 863099 732905 714599 608834 529218 435544 416244 361971 332969 323264 296745 290923 364680 279203 278634 418004 270472 268436 268022 252564 244766 375583 258933 240332 238667 237001 277342 231134 239345 229889 221501 219244 216767 207845 202922 344427 199026 195698 262507 226603 195233 748273 200217 194988 193218 255569 187157 192272 332733 191960 186404 341636 371608 222610 185899 183283 179072 177482 376525
threshold=12.656338214874269 13.548122406005861 11.654356479644777 0 1 2 14.224736690521242 3 4 5 92.149997711181655 6 7 8 9 10 1.0000000180025095e-35 21.500000000000004 11 12 13 14 15 99.649997711181655 16 17 13.566032886505129 10.36855983734131 18 19 11.679798126220705 20 21 22 23 24 25 75.850002288818374 71.450000762939467 26 22.500000000000004 27 28 38736.220703125007 29 37.500000000000007 3.5000000000000004 23.500000000000004 30 31 98.450000762939467 32 33 12.665022373199465 34 35 36 37 38 39 40 41
decision_type=2 2 2 1 1 1 2 1 1 1 2 1 1 1 1 1 2 2 1 1 1 1 1 2 1 1 2 2 1 1 2 1 1 1 1 1 1 2 2 1 2 1 1 2 1 2 2 2 1 1 2 1 1 2 1 1 1 1 1 1 1 1
left_child=2 3 8 11 13 6 9 10 57 14 28 -2 21 47 15 58 22 18 -6 33 -7 -5 -10 25 -25 -16 46 -18 29 -8 31 37 -30 -12 -32 -29 39 38 -19 -9 41 42 -11 45 -45 -42 -22 -4 -49 -14 -51 52 -52 54 55 -23 -56 -1 -3 -39 61 -48
right_child=1 5 4 12 17 20 7 36 16 40 19 -13 49 -15 23 -17 27 30 -20 -21 26 53 -24 24 -26 -27 -28 35 32 -31 34 -33 -34 -35 -36 -37 -38 59 -40 -41 43 -43 -44 44 -46 -47 60 48 -50 50 51 -53 -54 -55 56 -57 -58 -59 -60 -61 -62 -63
leaf_value=-0.012448888381088125 0.005244960498920986 0.03948079172487326 -0.0072941098360643254 0.00244941637634079 -0.00066223858494450462 -0.00034935950848245898 0.02564286064853253 0.021039694674620475 -0.01004688914619156 0.011291326090630611 0.032172691785444039 0.0014552983857953853 -0.0063944552781364438 -0.0080831746209904017 0.014710542952185674 -0.0032701966597321872 -0.043361382950572902 0.0045748229695520342 -0.0073528098041018954 -0.0092627982282692135 -0.012531390531312052 0.012746655877739446 0.00058085883141035263 0.065994341467602247 -0.017130287235504325 0.0073453147332411851 0.002577381035514159 -0.0061620961636283042 0.035429329246836207 0.0037401495181168809 -0.0045049974638440224 -0.00073157419958967923 0.019903251279220251 -0.016956345185383453 -9.08032780792945e-06 -0.013673393531966262 0.0040707321334826907 0.0074007077777576121 0.024069918355218531 0.0063786677619564599 2.4864648009526488e-05 -0.0044769027684872136 -0.0012812580115393471 0.034177891811634491 -0.0032994339709093642 0.0075485868927034593 0.00063435856632190714 0.0042337578415691073 -0.0055239938381521575 -0.0021702874007465899 -0.010588562524975146 -0.0073213027781767236 0.046463813479877984 -0.0028704887338590153 0.0024144875485190547 -0.0014985229953629973 -0.0073566552115862886 -0.025168432154505045 0.0056541565001379662 -0.0036259345465310625 0.0074031579348689484 0.027305454112656915
leaf_weight=5387279.1148910522 106300605.09316254 829549.74462127686 16417017.682660103 74971791.786304474 46461749.823932648 36366296.499977112 3064198.0952224731 4904212.4421691895 10179708.68331337 7799304.5746688843 1020016.806312561 127463333.93465805 35392348.926847458 87107650.408558846 24888804.210002899 7033233.8558197021 566841.30367279053 6897183.1290607452 46920552.519901276 1651365.869644165 906580.19111633301 10221389.268135071 12399362.424863815 467865.28246307373 191512.98031616211 22924595.512020111 28473493.465755463 15938054.382865906 5065170.4329071045 2735649.3964767456 48951695.204164505 37502132.627120972 4504553.6738967896 295996.58799743652 60790701.968269348 24173486.987607956 11537615.379867554 7278497.7595882416 3373892.181427002 4384305.9541091919 12908621.208747864 12077044.435474396 6630916.0703201294 2651582.4590492249 2676017.2110595703 28072307.565746307 2005233.1741828918 14097456.794536591 12806094.041699409 38943547.878803253 183405.27271080017 899298.7505569458 751787.77289772034 75107770.408590317 11080436.359926224 8292196.5986385345 12299045.757831573 6154241.724439621 774170.35469436646 7451397.2546215057 10544991.23128891 3891039.7783126831
leaf_count=214528 969289 3275 371241 833631 765211 294325 10308 18062 281577 46939 3076 1234103 529503 1980730 138744 47372 36607 91074 833360 8007 7559 90451 303457 1013 1474 138939 230803 504085 14381 11656 871058 532507 16154 1574 1024601 826508 52539 94447 35452 19756 89455 86184 45438 10259 16411 171176 14339 278382 278752 548576 2766 13387 5445 944872 110704 85916 134025 273470 4806 106393 70624 20469
internal_value=5.72377e-05 0.00286782 -0.0044386 0.000957924 -0.0033318 0.00668272 0.00854169 0.0140064 -0.010299 0.00689446 0.0202007 0.00317859 -0.000978026 -0.00640129 0.0100901 0.00163587 -0.00866928 -0.00182463 -0.00402396 0.00421296 0.00285817 0.000115524 -0.00421063 0.0115965 0.041852 0.0111792 0.00540385 -0.0111441 0.0232875 0.0153119 -0.000632263 0.00179471 0.0281211 0.0211226 -0.00201453 -0.0106888 0.00855252 0.0055842 0.0109787 0.0141195 0.00438812 0.000962034 0.00551403 0.00634923 0.0153533 0.00517868 0.010043 -0.00301942 -0.000410934 -0.00373411 -0.00142512 0.0143937 0.035275 -0.00137999 0.00129225 0.00636627 -0.00272574 -0.0192313 0.0231517 0.00182267 0.0112878 0.018235
internal_weight=1.22404e+09 7.53183e+08 4.70855e+08 5.01907e+08 3.96056e+08 2.51276e+08 1.69089e+08 3.91631e+07 7.4799e+07 1.29926e+08 1.8337e+07 2.33764e+08 2.68143e+08 1.30428e+08 5.71097e+07 8.63695e+06 6.32575e+07 2.65628e+08 9.33823e+07 2.96738e+06 8.21876e+07 1.91973e+08 2.25791e+07 4.84728e+07 659378 4.78134e+07 4.58213e+07 4.06784e+07 1.53696e+07 5.79985e+06 1.72246e+08 6.25031e+07 9.56972e+06 1.31601e+06 1.09742e+08 4.01115e+07 2.08261e+07 2.5001e+07 1.02711e+07 9.28852e+06 7.28158e+07 2.65073e+07 1.44302e+07 4.63085e+07 5.3276e+06 4.09809e+07 1.73478e+07 4.33206e+07 2.69036e+07 7.61704e+07 4.0778e+07 1.83449e+06 935193 1.17001e+08 4.18931e+07 1.85136e+07 2.33795e+07 1.15415e+07 1.60372e+06 1.47299e+07 1.64413e+07 5.89627e+06
internal_count=16801225 7097785 9703440 5502668 7263208 1595117 956998 155513 2440232 801485 65156 2203392 3299276 2909105 335623 55453 1952234 4354103 1598571 12657 638119 2199599 585034 280170 2487 277683 343794 1367200 52499 21964 2755532 859873 30535 4650 1895659 1330593 90357 327366 126526 37818 465862 178561 92377 287301 26670 260631 112991 928375 557134 1099677 570174 21598 8211 1365968 421096 176367 244729 487998 8081 200840 105432 34808
cat_boundaries=0 1 2 3 5 6 8 10 11 13 14 15 17 19 21 23 25 27 28 29 31 33 35 36 38 40 41 43 45 46 48 49 51 53 54 55 57 59 61 62 64 65 67
cat_threshold=18 12 19 915544218 29573 4 49075082 238114 285954788 157821 9 135673863 148234 1 10502144 2270274252 125995 68157576 17025 549559690 166815 2840699933 8609 3893659261 173865 9224192 205312 1319 173 33554578 29057 1171349858 72201 847382544 4612 3 659614121 140494 1309933751 38552 1204 3361997633 1050 201336945 22617 71 672333825 1228 1932 4213569152 148594 133154 104580 581 1078 1074678624 52230 2366242 201240 223158628 116660 2197 29376546 6656 2309 171073620 32
is_linear=0
shrinkage=0.05


Tree=52
num_leaves=63
num_cat=47
split_feature=0 0 0 17 17 0 17 2 11 13 13 13 15 14 11 13 14 17 13 11 16 13 13 15 14 13 0 6 13 14 13 15 14 2 13 13 13 13 15 13 17 13 13 14 2 13 14 13 15 13 3 14 13 14 13 14 14 3 13 13 11 14
split_gain=5.45442e+06 1.9736e+06 1.01407e+06 714260 705404 703891 532662 480927 437408 410760 352844 332479 320814 800048 304068 304007 298954 295038 319986 284157 284188 418363 352666 310485 328614 281907 386904 274021 358826 279940 273994 270800 502867 271446 477357 365876 267934 267173 254073 464219 253323 265825 264326 249690 242820 309557 277341 252690 246952 275558 240689 310462 258009 239412 376609 232389 229902 264917 500580 222306 221940 271566
threshold=13.180584430694582 12.248741626739504 14.042400836944582 0 1 11.29636335372925 2 43.500000000000007 14.041472911834719 3 4 5 6 7 13.722758293151857 8 9 10 11 13.180570125579836 12 13 14 15 16 17 14.622321128845217 9.5000000000000018 18 19 20 21 22 5.5000000000000009 23 24 25 26 27 28 29 30 31 32 34.500000000000007 33 34 35 36 37 62.250000000000007 38 39 40 41 42 43 63.049999237060554 44 45 14.434037685394289 46
decision_type=2 2 2 1 1 2 1 2 2 1 1 1 1 1 2 1 1 1 1 2 1 1 1 1 1 1 2 2 1 1 1 1 1 2 1 1 1 1 1 1 1 1 1 1 2 1 1 1 1 1 2 1 1 1 1 1 1 2 1 1 2 1
left_child=1 4 6 44 10 -6 11 40 25 -9 43 12 13 14 30 16 -15 18 -7 20 22 23 -8 24 -22 31 50 28 29 -14 -2 32 -4 35 -35 -34 60 -25 39 -24 41 -5 -42 -1 47 46 48 56 49 -46 51 52 -27 54 -29 -30 57 58 -3 -19 -10 -62
right_child=2 3 8 7 5 17 19 9 36 -11 -12 -13 27 15 -16 -17 -18 59 -20 -21 21 -23 38 37 -26 26 -28 53 55 -31 -32 -33 33 34 -36 -37 -38 -39 -40 -41 42 -43 -44 -45 45 -47 -48 -49 -50 -51 -52 -53 -54 -55 -56 -57 -58 -59 -60 -61 61 -63
leaf_value=0.012555962727639845 0.052499066164184406 0.057578701004682292 0.0048375908191844634 -0.0024540427095846337 -0.016143789244926755 -0.016048724242339531 -0.0087464056561752379 0.0041809407800576593 -0.00078134038996259363 -0.0019251586052931185 -0.0037470387060747276 0.003950813278312826 -0.0024887967741823282 0.030783613988467309 -0.0040279641302077241 -0.005534600538626035 -0.0043072875911412426 -0.0033762936442794512 -0.0064135031009835116 0.00087187886975114012 0.029976497008229675 0.0022474083872049805 0.030131166212485835 0.011199570692339596 0.011727361687748215 0.067669815099604708 0.024310907681891057 0.020960670743614161 -0.011603130545465806 0.040366563152910456 0.026098401990303041 0.011447488057520563 0.06992897419983421 0.0052194583654367093 0.038573652096731102 -0.01218460331196723 0.0095195819580318301 -0.0025128829606534671 0.0009723171284632369 -0.004593300924441609 -0.00034023954369301465 -0.0092030357066395507 -0.0037585707111158053 -7.0495076468665542e-05 0.035332393740349986 0.0019792194622181639 0.0046812997206111462 -0.0020400896086262325 0.008587690694244551 0.0096064968302522653 0.0039446657666067199 -0.007459784908613422 -0.0075554010164966172 -0.00075306141317021968 0.0010626372836428533 0.01490215907753349 0.00060183748358372767 0.0068701748846998652 -0.009142790426922412 -0.0074004664423218437 0.019382510466048178 0.0019838192869338616
leaf_weight=6312312.89498806 1824703.7651596069 726401.61411857605 2244370.7434692383 29058901.648017883 21444033.341094971 15345322.774669647 7952654.5292625427 52564535.807598114 16368692.359004974 57858578.916181564 47184151.698944092 49345631.270851135 476703.17819213867 1641529.5079803467 475786.36115264893 3002665.0453834534 963035.89637374878 65124559.353130341 19652071.019077301 169326574.77229691 3033518.6059494019 32394290.653800964 2223288.4254302979 7913041.8051185608 13205694.075962067 493076.14641571045 3520016.5666809082 4392824.7512168884 1160909.3366317749 1899417.5248680115 2130096.3100547791 6761815.1521224976 829604.6477355957 1582828.5846099854 3328553.4239196777 162179.745262146 33413302.208221436 6445811.5358352661 16920367.7433815 1697219.0794563293 106867231.01219177 29302459.636777878 120116314.02700615 10311433.8565979 2555360.3269920349 34960463.32211113 12499401.563871384 41354136.836072922 5086568.0946750641 1756376.3647232056 13003170.708885193 365483.88329315186 148261.94955444336 10456776.817863464 5184595.6419677734 2874855.2261199951 20308823.995008469 10944421.138219833 458581.34778213501 72553735.079534531 3709932.1581954956 5671070.5189285278
leaf_count=105839 6012 3439 10187 503711 888449 481200 68028 701679 103434 824381 960020 343601 3411 7858 2984 22330 6976 1439890 562725 1604622 16253 250152 12034 54392 89900 811 11358 24360 9113 7929 11040 28551 1144 6939 9502 893 169925 51112 131516 14023 1447166 547008 1701478 198558 17887 381015 129601 483886 50445 17272 64056 2005 803 73649 35912 17129 227891 114781 5682 1691398 14585 27679
internal_value=-2.08263e-05 -0.00251774 0.00444496 -0.000762127 -0.00610086 -0.0076 0.00320951 -0.00182033 0.00912417 0.000981518 -0.0015401 0.00662665 0.0102458 0.0178562 0.0337362 0.00530846 0.0178088 -0.00653898 -0.0106383 0.00208628 0.0043266 0.00620759 0.000211486 0.0104003 0.0151364 0.0137902 0.00949162 0.00735722 0.0163537 0.0317688 0.0382796 0.0188444 0.0249832 0.0326425 0.0278244 0.0565021 0.00656575 0.00504394 0.00362972 0.0150987 -0.00290459 -0.00584262 -0.00214917 0.00472399 0.00244338 0.00489903 0.00956061 0.000551271 0.0160499 0.0248531 0.00576827 0.0293203 0.0502797 0.00447792 0.0101892 0.00727776 0.00385489 0.00930161 0.0317583 -0.00549695 0.0027328 0.00886455
internal_weight=1.22289e+09 7.84346e+08 4.38544e+08 5.26419e+08 2.57928e+08 1.9412e+08 3.46942e+08 3.95768e+08 9.16024e+07 1.10423e+08 6.38079e+07 8.58295e+07 3.64839e+07 1.00378e+07 4.43059e+06 5.60723e+06 2.60457e+06 1.72676e+08 3.49974e+07 2.61112e+08 9.17859e+07 6.29924e+07 2.87935e+07 3.05981e+07 1.62392e+07 3.24394e+07 1.753e+07 2.64461e+07 6.41189e+06 2.37612e+06 3.9548e+06 1.49094e+07 8.14754e+06 5.90317e+06 4.91138e+06 991784 5.9163e+07 1.43589e+07 2.08409e+07 3.92051e+06 2.85345e+08 5.83614e+07 2.26984e+08 1.66237e+07 1.30651e+08 5.68582e+07 2.18977e+07 7.37924e+07 9.3983e+06 4.31174e+06 1.401e+07 1.00682e+06 641338 2.00342e+07 9.57742e+06 4.03576e+06 3.24382e+07 1.21294e+07 1.18498e+06 1.37678e+08 2.57497e+07 9.381e+06
internal_count=16801609 13485401 3316208 7157322 6328079 5063662 2864336 5725423 451872 1526060 1264417 572304 228703 57200 20036 37164 14834 4175213 1043925 2292032 687410 461809 225601 211657 106153 136249 79033 171503 37582 11340 17052 57216 28665 18478 16441 2037 315623 105504 157573 26057 4199363 1050719 3148644 304397 1431899 596220 215205 835679 85604 35159 67675 3619 1614 133921 60272 26242 351793 123902 9121 3131288 145698 42264
cat_boundaries=0 1 2 3 5 7 9 10 11 13 14 15 17 18 20 22 23 24 26 28 29 31 32 33 35 37 39 41 42 44 45 47 49 50 52 53 55 56 58 59 61 62 64 65 66 68 70 71
cat_threshold=2 2 2 1349219691 132250 76596000 1672 15582788 107128 1156 90638 12583428 98384 531568 4 3806904872 63833 20 1431641826 84521 896898 4896 2229 524384 3459150345 198401 541696 32808 10883 13369344 66064 483 529624 2183294976 66560 2183270409 197888 2814967490 3248 356584448 18977 544 2537685068 10330 4 316164588 88006 194373272 19369 287122 1703772736 59399 229677 453510133 153252 2102 1694761024 2054 96790 290522420 18480 444697 11108356 8256 12598 6931 134218628 16516 2455807059 88687 579650
is_linear=0
shrinkage=0.05


Tree=53
num_leaves=63
num_cat=22
split_feature=0 0 0 12 17 0 17 17 11 17 2 11 1 2 9 16 15 2 17 2 2 6 0 16 3 15 17 15 15 3 15 16 0 1 1 2 15 15 1 11 0 17 6 6 2 2 0 15 3 3 1 15 1 0 1 17 0 16 15 9 1 1
split_gain=4.83206e+06 1.5739e+06 1.14799e+06 766458 670295 552122 492342 409067 401308 359775 311845 295891 272967 559480 364660 316002 396964 313414 265568 258167 251587 222160 243194 245518 402474 253469 219272 218831 214276 202578 538235 349015 197163 193006 189119 218675 240825 186328 185444 180134 179788 176991 308870 182545 175724 173389 170516 167884 307293 167090 164866 354691 175272 163067 210309 162319 266556 198007 159706 155664 153334 269827
threshold=12.730693817138674 13.839263916015627 11.654356479644777 1.0000000180025095e-35 0 14.622321128845217 1 2 1.0000000180025095e-35 3 32.500000000000007 13.83748769760132 139907.17187500003 18.500000000000004 7116.5266113281259 4 5 34.500000000000007 6 24.500000000000004 36.500000000000007 26.500000000000004 13.400704860687258 7 99.850002288818374 8 9 10 11 62.250000000000007 12 13 12.67348098754883 12797.955078125002 55212.890625000007 45.500000000000007 14 15 61752.150390625007 14.434037685394289 10.685305595397951 16 29.500000000000004 43.500000000000007 42.500000000000007 18.500000000000004 11.122486114501955 17 75.450000762939467 61.45000076293946 16379.949707031252 18 16822.340820312504 12.280593872070314 7475.6809082031259 19 12.839023113250734 20 21 7347.3186035156259 77508.992187500015 103178.58593750001
decision_type=2 2 2 2 1 2 1 1 2 1 2 2 2 2 2 1 1 2 1 2 2 2 2 1 2 1 1 1 1 2 1 1 2 2 2 2 1 1 2 2 2 1 2 2 2 2 2 1 2 2 2 1 2 2 2 1 2 1 1 2 2 2
left_child=2 3 8 10 19 7 20 -3 45 46 21 29 17 14 39 16 -16 -7 53 -4 58 22 38 25 -25 -24 -12 32 55 30 31 -9 59 -21 -19 36 -36 -37 -2 -14 -11 42 -31 -43 -8 -1 -10 48 -13 -32 -22 -52 -53 54 -6 56 -23 -57 -5 -20 -34 -62
right_child=1 5 4 6 18 12 44 11 9 40 26 47 13 -15 15 -17 -18 34 27 33 50 28 23 24 -26 -27 -28 -29 -30 41 49 -33 60 -35 35 37 -38 -39 -40 -41 -42 43 -44 -45 -46 -47 -48 -49 -50 -51 51 52 -54 -55 -56 57 -58 -59 -60 -61 61 -63
leaf_value=-0.010742377343000493 0.0034814057516281238 -0.00071817185226135858 -0.0080995527171731033 -0.0028083413472112951 -0.0023388827128481581 -0.0012783187443465875 -0.0037244296688718845 0.074428620984225466 -0.015938054486699955 -0.041317584513723936 0.01031387650328594 0.0012859665609519547 0.019318409316586325 0.051337227481699138 0.066402815537540599 0.012664229283590837 0.0084506264980992157 0.0060050383619283153 -0.0053787855124518462 -0.0038801661805624374 0.0024261192833408673 0.038947114623643586 0.0036487500804350463 0.0014294098148976387 0.078407392635347808 0.01942255702874909 0.0046928508055602983 0.0021365940384513518 -0.002913349876480364 0.020736804463998823 -0.0044604471015327598 -0.010585178552369066 0.0057733831347618536 0.057912268653186674 0.034492358695223498 0.049267912112362172 0.0034011251954905032 0.01826881376046904 -0.0045758564688591422 -0.00799920545210819 -0.017061270421711603 0.006865510334671341 0.0019867703269180847 0.03148871831672026 0.00044422394130858971 -0.001889940563140806 -0.007157670589526462 0.0032338327616985713 0.01197103791832659 0.027107073584998354 -0.010149732450827188 0.024260861729190425 0.008513418225481028 -0.0011778500401089737 -0.0076278823653229758 0.017569598127676635 0.0069462249728528659 -0.0043013627014320682 0.001033831197341619 0.0038030033688512804 0.077143458670402676 -0.020992024598894706
leaf_weight=7851383.2437486649 35242946.7554245 18374438.385562897 58034234.324736595 35724560.61214447 54671850.608579636 3640852.3947601318 85196627.370958328 647628.86921691895 7103872.5887908936 804279.42330646515 23168528.524993896 10353754.548446655 976364.07162475586 1424002.8031311035 858762.72214508057 1466068.6530303955 450533.14984893799 2688142.5582122803 26687689.716209412 86483484.199743271 80960643.617687225 781757.11907577515 4045934.271320343 9888739.3471336365 172769.34504699707 6873331.6138954163 69081225.103933334 74007683.124155045 30255558.963687897 7583580.57862854 994191.96218109131 148392.83905792236 2703961.5436058044 126553.88039016724 929484.57689666748 1083909.5836486816 1887751.7859191895 877014.08502960205 8956079.2190876007 1580030.6473083496 15225209.270490646 24418911.349403381 3091898.8854827881 776635.53293609619 35946382.632221222 18719573.728726387 24948146.300934792 38969888.546600342 19219100.777587891 724789.06178283691 2366720.9419212341 2051559.0751571655 12738319.93277359 102348101.05051804 28642042.198921204 1293570.0901031494 3882649.9687080383 5174370.2460842133 111338087.8388176 5581474.5822753906 201164.67584609985 107461.92966842651
leaf_count=230497 335366 144791 1311161 369057 1064229 16286 1145698 807 299439 54285 153793 63578 3326 2977 1224 5562 1781 11131 414808 1837109 800485 5557 28169 70445 261 39782 615156 1048826 282279 27459 5269 817 29009 862 2630 2391 8055 3129 91256 7996 630389 121017 13880 2819 451037 500506 724834 235036 104954 2707 19607 12009 86635 1486503 593233 9326 32620 47725 1108552 78503 537 1513
internal_value=-1.53284e-05 0.00266309 -0.00370448 0.0014768 -0.00273095 0.0073459 0.000120263 0.00617353 -0.00943715 -0.0121624 0.00397623 0.00735779 0.0155697 0.0234949 0.0160588 0.0286085 0.0464615 0.0107493 -0.00136369 -0.00551901 0.00140874 0.00213384 0.00395299 0.00838587 0.00275122 0.0135779 0.00610457 0.000591796 -0.000731067 0.0108724 0.0245902 0.0585806 -0.0026486 -0.00378988 0.0166144 0.0225831 0.0136591 0.0354041 0.00184876 0.00243421 -0.0182783 0.00991066 0.0153063 0.0076245 -0.00248748 -0.00450572 -0.00910371 0.00538947 0.00823008 0.00884959 0.00336962 0.00782192 0.0106978 -0.00251478 -0.00415716 0.00519995 0.0123096 7.27891e-05 0.000100488 -0.00379065 0.00958435 0.0429733
internal_weight=1.22255e+09 7.08306e+08 5.14248e+08 5.6514e+08 4.39596e+08 1.43166e+08 3.66323e+08 1.25303e+08 7.46525e+07 4.80815e+07 1.98817e+08 1.06929e+08 1.78629e+07 6.75576e+06 5.33176e+06 2.77536e+06 1.3093e+06 1.11072e+07 2.94951e+08 1.44644e+08 2.4518e+08 1.06568e+08 6.51798e+07 2.09808e+07 1.00615e+07 1.09193e+07 9.22498e+07 1.09289e+08 4.13879e+07 3.8386e+07 2.515e+06 796022 3.52818e+07 8.661e+07 7.4663e+06 4.77816e+06 2.81724e+06 1.96092e+06 4.4199e+07 2.55639e+06 1.60295e+07 3.5871e+07 1.06755e+07 2.51955e+07 1.21143e+08 2.6571e+07 3.2052e+07 6.85427e+07 2.95729e+07 1.71898e+06 9.81172e+07 1.71566e+07 1.47899e+07 1.85662e+08 8.33139e+07 1.11323e+07 4.66441e+06 6.46794e+06 1.47063e+08 3.22692e+07 3.01259e+06 308627
internal_count=16800680 6494437 10306243 5704815 7866293 789622 3993080 723134 2439950 1708947 1711735 578343 66488 22866 19889 8567 3005 43622 4717161 3149132 2396345 942786 565279 138657 70706 67951 768949 1573196 377507 174775 9600 1624 524370 1837971 27336 16205 10685 5520 426622 11322 684674 165175 41339 123836 1596735 731003 1024273 403568 168532 7976 918736 118251 98644 3143965 1657462 95228 38177 57051 1477609 493311 31059 2050
cat_boundaries=0 1 2 3 4 5 6 7 8 9 10 11 12 13 14 15 16 17 18 19 20 21 22
cat_threshold=12 19 4 19 82 1872 17 35 1633 2 3084 134 48 14 1284 3170 2 428 514 9 8 2084
is_linear=0
shrinkage=0.05


Tree=54
num_leaves=63
num_cat=45
split_feature=0 0 17 17 17 0 11 13 12 14 11 0 11 0 3 13 13 13 0 14 2 13 13 14 15 13 13 14 14 15 13 17 13 14 1 13 14 13 13 15 17 13 13 14 16 17 13 2 13 14 13 13 2 14 15 14 13 13 13 1 1 15
split_gain=4.70529e+06 1.87658e+06 775066 765121 555658 499763 492042 438632 391333 351348 321264 357789 299074 290502 385225 652285 435911 289765 263113 260048 400673 479240 255339 253312 249104 247897 245121 315444 289093 273475 337924 243116 363568 425418 264657 396366 236776 489033 342810 249392 233805 331575 281148 270318 321640 331857 294348 256914 380766 281239 231933 227318 221443 217161 213409 212295 374597 297743 212077 211674 283524 205796
threshold=13.302617073059084 12.029485225677492 0 1 2 14.096644878387453 12.038115024566652 3 1.0000000180025095e-35 4 1.0000000180025095e-35 11.122486114501955 12.61660671234131 14.224736690521242 61.649999618530281 5 6 7 11.189863204956056 8 38.500000000000007 9 10 11 12 13 14 15 16 17 18 19 20 21 3140.1193847656255 22 23 24 25 26 27 28 29 30 31 32 33 49.500000000000007 34 35 36 37 3.5000000000000004 38 39 40 41 42 43 32221.389648437504 32937.710937500007 44
decision_type=2 2 1 1 1 2 2 1 2 1 2 2 2 2 2 1 1 1 2 1 2 1 1 1 1 1 1 1 1 1 1 1 1 1 2 1 1 1 1 1 1 1 1 1 1 1 1 2 1 1 1 1 2 1 1 1 1 1 1 2 2 1
left_child=1 4 -3 5 18 17 31 9 13 -7 55 50 58 26 15 -15 -16 19 22 20 -2 24 -1 -18 -22 -13 27 29 -28 30 -5 32 33 54 35 -34 37 39 -38 -33 41 -10 -42 -44 46 -46 -45 -43 -49 -50 53 -20 -30 -12 -4 56 -6 -57 -8 -11 -61 -14
right_child=3 2 6 8 10 7 12 -9 40 59 11 25 61 14 16 -17 23 -19 51 -21 21 -23 -24 -25 -26 -27 28 -29 52 -31 -32 36 34 -35 -36 -37 38 -39 -40 -41 42 47 43 44 45 -47 -48 48 49 -51 -52 -53 -54 -55 -56 57 -58 -59 -60 60 -62 -63
leaf_value=-0.0084067330548944323 0.00084105782849334628 -0.0047650521820202484 0.031589198894424096 0.018885513577516912 0.0096826492036955654 0.0061193505148832757 -0.00081495565077338073 0.0099616023913563154 -0.0068791254598346676 0.0002042759503671698 0.011729243409201099 -0.0032075910423198894 -0.0015412407278488326 0.0769733923344329 5.3498605759811054e-05 -0.0066677302064350845 0.0070797473155512838 0.0093319072999670499 -0.0039245812326615644 0.00028875407182372194 0.069733629855514859 0.0042743226554379709 -0.037551008955727244 0.025162931184228573 0.02774583737374442 -0.008642198279970266 -0.010089641747169619 0.0034996364102601583 -0.010778322852836182 0.01777722782550583 -0.0041171287516094373 0.011318598570939004 0.082517553481904385 0.0018553924799342117 0.0019953210851392325 -0.014740916093967433 -0.0017356234965343487 -0.005462943217195251 0.0047481994517338706 0.00011310628233849666 0.00071295264678711886 -2.2526709933283517e-05 0.0016876959173860327 0.011539684829839948 0.015781516890713665 0.0017644717748786978 -0.0010725445403008762 -0.010288626942706479 0.0022241073316988094 0.035179326044234328 -0.021050324564467291 -0.01474620143423875 0.0045906293806883963 -0.020944040103143255 0.013814815426695224 0.00077982066012967767 -0.0038072115606687241 -0.0092373477974912171 -0.0046007384091494409 0.084016003661285865 0.031435899551607235 0.0014963846962380112
leaf_weight=1195406.8845844269 3624349.6719017029 103943959.39411354 2391585.3229484558 2623884.4093818665 8504648.2643480301 1846121.6615371704 67551846.368503571 12780450.44984436 16003257.049526215 503747.6609954834 1207320.336971283 38457955.639248848 109684488.23093224 573183.48138427734 5951988.3482513428 392865.03820800781 3237793.579574585 43459134.260654449 6962127.7416992188 22168030.354690552 628039.34223937988 1307797.5046005249 2024094.3380422592 4819155.6605453491 807428.51106643677 46180172.953709602 4182239.063999176 19164664.922988892 2489876.4986305237 10664721.586898804 4078183.7222595215 7752425.911157608 247998.44251823425 6462789.8444309235 45156323.049465179 181363.20904350281 31986493.911115646 34390130.112285614 56210914.736141205 13812393.345832825 69499415.839141846 16774382.191810608 32146899.556114197 7069650.8715934753 15811299.955051422 5761172.6962089539 13384336.387248993 1146418.7508811951 988450.62410736084 1876304.2529792786 6929790.355222702 16017204.356474876 39939471.18208313 878658.25120735168 5746579.7642116547 12920316.866370201 13031980.847198486 17419120.72033596 81776299.714082718 270207.1082611084 5010679.2061157227 113409937.2093277
leaf_count=53737 24921 1892347 15949 15203 160926 7614 1144922 52198 172675 2332 39969 975901 1335124 612 28920 1987 14176 262599 214853 151914 1227 8499 115789 16910 3805 1243941 33998 132454 20741 62641 30326 83125 601 62556 445853 2905 394983 441232 644522 167117 556098 166878 251242 49489 99648 49774 106286 12196 9421 11749 319786 549923 278410 39805 48124 268807 287312 405351 1455858 193 14546 1338088
internal_value=7.65114e-05 -0.0019691 -0.000790775 0.00477683 -0.0066398 0.00871941 -7.45303e-05 0.0156253 0.00346906 0.0251111 -0.00543305 -0.00718146 -0.00115629 0.00601053 0.0124212 0.0429596 0.0103152 0.00676154 -0.0133431 0.00284692 0.0117528 0.0261693 -0.0267298 0.017896 0.0461165 -0.00617282 0.00485591 0.00792254 0.00245246 0.0128033 0.00488851 0.00189705 0.00456614 0.0114326 0.00236681 0.041437 0.000782656 -0.00176146 0.00239672 0.00414142 0.00208724 -0.00146935 0.00299794 0.00513894 0.00777887 0.0120381 0.00328671 0.00269576 0.0140634 0.0238086 -0.0166504 -0.0114675 0.00368873 -0.00203347 0.0190383 -0.00227656 0.00151983 -0.00497145 -0.00288816 0.0311722 0.0341263 2.9346e-06
internal_weight=1.22342e+09 8.52434e+08 6.80706e+08 3.70986e+08 1.71729e+08 9.2406e+07 5.76762e+08 2.04112e+07 2.7858e+08 7.63076e+06 1.4553e+08 9.36539e+07 3.72423e+08 9.8118e+07 1.4975e+07 966049 1.40089e+07 7.19948e+07 2.61988e+07 2.85356e+07 6.36762e+06 2.74327e+06 3.2195e+06 8.05695e+06 1.43547e+06 8.46381e+07 8.3143e+07 3.65315e+07 4.66116e+07 1.73668e+07 6.70207e+06 2.04339e+08 6.01866e+07 1.4601e+07 4.55857e+07 429362 1.44152e+08 5.59549e+07 8.81974e+07 2.15648e+07 1.80462e+08 3.67888e+07 1.43673e+08 7.41734e+07 4.20265e+07 2.15725e+07 2.0454e+07 2.07856e+07 4.01117e+06 2.86475e+06 9.01577e+06 2.29793e+07 4.24293e+07 2.08598e+06 8.13817e+06 5.18761e+07 2.15366e+07 3.03394e+07 1.49328e+08 5.78463e+06 5.28089e+06 2.23094e+08
internal_count=16801088 14149406 9473306 2651682 4676100 529848 7580959 76883 2121834 24685 3741798 2619402 5273992 636378 62605 2599 60006 452965 934302 190366 38452 13531 169526 31086 5032 2219842 573773 240624 333149 108170 45529 2306967 575988 126629 449359 3506 1730979 691474 1039505 250242 1485456 372919 1112537 556439 305197 149422 155775 200244 33366 21170 399560 764776 299151 79774 64073 1122396 448238 674158 2600780 17071 14739 2673212
cat_boundaries=0 1 2 3 5 6 8 10 12 13 15 17 18 19 21 23 24 25 26 28 29 31 32 34 35 37 39 40 41 43 45 46 47 48 50 52 53 55 57 58 59 60 62 64 66 67
cat_threshold=4 2 4 2149655148 13964 491537 1094730096 71680 2706753340 168094 257308032 20243 196688 106299392 16896 1156851746 90656 876948 1664 3423867668 56267 118772425 20030 689372 131200 1984 117440520 1064 2 1175486784 32790 348871 671612944 520 315722 2349022660 67681 2349402573 3190 1542 4 3389818609 231779 3843572420 189695 821342 99 17 68864 70400 277045506 8196 745580 169877616 3080 486681859 1664 881857 52 317828 38883947 156706 2649827712 67740 638424657 115855 2673
is_linear=0
shrinkage=0.05


Tree=55
num_leaves=63
num_cat=39
split_feature=0 0 0 17 17 0 17 11 17 0 17 1 14 15 11 14 16 15 14 17 9 11 15 0 16 14 14 15 11 14 15 17 14 6 15 14 15 1 9 15 14 9 14 16 1 1 14 14 14 11 15 3 15 3 1 14 16 15 14 14 15 0
split_gain=4.27037e+06 1.4516e+06 929354 616559 571716 541623 433630 372308 336243 294986 281358 257057 362693 301849 252382 295020 286528 396235 235159 333527 257475 229279 225258 264310 630295 370263 305792 225234 222931 214685 246038 204160 209924 235751 251615 197767 272620 250747 199619 189508 225185 275877 195346 183877 176183 428174 573395 198232 168881 168738 154398 166092 152308 151675 151593 151555 169125 147800 219785 156214 221072 210364
threshold=12.71378803253174 13.674160003662111 11.406220912933351 0 1 14.622321128845217 2 11.386874198913576 3 10.36855983734131 4 139907.17187500003 5 6 13.673645973205568 7 8 9 10 11 7116.5266113281259 12.763036251068117 12 13.49522113800049 13 14 15 16 12.730671405792238 17 18 19 20 1.0000000180025095e-35 21 22 23 217355.42187500003 7854.8156738281259 24 25 7291.1291503906259 26 27 16822.340820312504 16604.393554687504 28 29 30 12.179073333740236 31 65.250000000000014 32 67.850002288818374 19945.544921875004 33 34 35 36 37 38 13.566926002502443
decision_type=2 2 2 1 1 2 1 2 1 2 1 2 1 1 2 1 1 1 1 1 2 2 1 2 1 1 1 1 2 1 1 1 1 2 1 1 1 2 2 1 1 2 1 1 2 2 1 1 1 2 1 2 1 2 2 1 1 1 1 1 1 2
left_child=2 4 9 39 21 6 14 -5 -9 -1 -11 18 -13 43 15 16 17 -3 19 20 -7 -2 23 48 25 -25 -26 -22 57 -16 -31 32 33 34 -8 36 38 -38 -33 40 -4 -42 54 -14 45 47 -47 -24 -23 -10 -37 -52 -30 -50 -41 56 -15 58 -6 -59 61 -61
right_child=1 5 3 7 28 11 31 8 49 10 -12 12 13 55 29 -17 -18 -19 -20 -21 27 22 44 24 26 -27 -28 -29 52 30 -32 35 -34 -35 -36 50 37 -39 -40 42 41 -43 -44 -45 -46 46 -48 -49 53 -51 51 -53 -54 -55 -56 -57 -58 59 -60 60 -62 -63
leaf_value=-0.037523080920187663 0.0048282736692793352 0.0061822318779516019 -0.0070888395845985705 -0.0017103205995571099 0.0052295763647448139 0.011453820211647803 0.07792164912070039 -0.0034201197210647089 -0.0098078652779704286 -0.0055925026516103048 -0.014235097646870191 0.0035492703156826937 0.052682379795266354 0.05001988276358206 0.0017615860036108875 0.0078174712221164549 0.01335405438459379 0.04356320815930833 0.0056540867861735282 0.0029720252100207695 0.06896698620592126 -0.00082988050463631089 0.0055985202169104263 0.091608286983479018 0.021213906625588797 -0.011384687825365582 0.0009711984011581044 0.01445042524556815 0.0002147134936171467 0.0160131326280319 0.0039596904868301249 0.0013010971065280064 -0.0033680281822287962 0.0042286582626453149 -0.0052125103524393876 0.00013922976185583991 0.0097226121426964435 0.027557229665889933 0.034959579307518841 0.0054526864496857513 -0.0023326068117468682 0.011308539962105726 -0.00086785271246109805 0.024550094401317866 -0.001813567904434196 0.058679010143094248 -0.017912455874094246 -0.001074004475878769 -0.0030651696920421991 -0.0056024155818812111 0.012180190378544151 0.0038616086035086761 -0.0027512596970433868 0.0073775621056161329 -0.0030302405427793805 0.0044858567780337501 0.01135345175713324 0.0055264760363983173 -0.003070529241169395 0.004348204381838197 -0.0025090129932290282 0.029589701673412606
leaf_weight=1014711.3752632141 94061669.852409363 1011429.1535720825 16109159.677145004 123712041.86963463 10865479.253313065 566123.04901885986 226082.34692764282 127009463.48379517 40123630.951055527 17643885.974239349 20196186.027181625 1871237.2822647095 1500348.8311920166 542943.25350189209 12402701.874107361 8199636.6016693115 4766868.5384597778 2370243.32862854 8378363.4505004883 1210152.533241272 691526.98474121094 18380130.810287476 19121577.386669159 374908.81329345703 3115061.1778335571 113741.56769943237 4651446.8648529053 260980.31428527832 75143823.16365242 9108920.9119415283 7910358.4268188477 12866860.8865242 17003573.787284851 9698825.3040885925 152349.04410934448 24090839.090866089 18502532.139259338 2205774.9505729675 456123.17713546753 33865035.185747147 16364722.225358963 4791659.3954124451 38049916.727815628 947858.28813934326 49881984.878070831 736142.31838226318 365778.83941268921 26636517.836891174 4219667.7684516907 58816894.193534851 6950408.2594337463 43906570.90247345 102089239.82181168 19761290.006839752 6236445.3875217438 1220282.6279373169 590257.3988571167 30688606.106491089 29988774.632249832 8019243.4088668823 20040226.213979721 920145.27769851685
leaf_count=64606 764722 4571 261834 2092608 107751 2025 399 2442314 1217938 550036 826006 7998 3057 1205 70790 36925 19936 6353 34694 5442 790 186909 180317 217 18688 967 35316 826 926668 43989 43801 82266 146555 76834 1321 157339 107770 10068 1802 489940 255486 63843 581839 3085 484695 2768 3982 269248 44011 1232127 39751 274976 1299339 185032 93021 5079 2288 301988 323946 81650 215064 4996
internal_value=3.90462e-05 0.0025132 -0.00348996 -0.00286933 0.00111995 0.00613696 0.00532252 -0.00391526 -0.00512251 -0.0109187 -0.0102053 0.014466 0.0222224 0.0294993 0.00953241 0.0145133 0.0212511 0.0323829 0.00980608 0.0225541 0.0381584 0.00289965 0.00166858 0.0043712 0.0125559 0.0676352 0.00909034 0.0540307 -0.000426938 0.00676479 0.0104108 0.00390632 2.09663e-05 0.00573929 0.0444554 0.00487182 0.00803275 0.0116223 0.00245342 0.00029939 -0.00263463 0.000756944 0.00169844 0.0417907 0.000254543 0.00245602 0.0332551 0.00171434 0.0027762 -0.00730786 0.00343654 0.00499847 -0.00149374 0.00554007 0.00413345 0.0167131 0.0298797 0.00145396 -0.000863056 0.00304039 0.000407697 0.00694634
internal_weight=1.22272e+09 7.18786e+08 5.03934e+08 4.65079e+08 5.19175e+08 1.9961e+08 1.8183e+08 3.49662e+08 2.2595e+08 3.88548e+07 3.78401e+07 1.77801e+07 6.67293e+06 4.80169e+06 4.57702e+07 1.63482e+07 8.14854e+06 3.38167e+06 1.11071e+07 2.72878e+06 1.51863e+06 2.4142e+08 1.47358e+08 5.06162e+07 8.25516e+06 488650 7.76651e+06 952507 2.77756e+08 2.9422e+07 1.70193e+07 1.3606e+08 2.70808e+07 1.00773e+07 378431 1.08979e+08 3.40313e+07 2.07083e+07 1.3323e+07 1.15417e+08 3.72655e+07 2.11564e+07 7.81514e+07 2.44821e+06 9.6742e+07 4.686e+07 1.10192e+06 4.57581e+07 4.23611e+07 9.89405e+07 7.49478e+07 5.0857e+07 1.77233e+08 2.3981e+07 4.01015e+07 2.35348e+06 1.1332e+06 1.00522e+08 4.08543e+07 5.96682e+07 2.89796e+07 8.93939e+06
internal_count=16801807 6630209 10171598 8730950 5438274 1191935 1125446 6984987 4892379 1440648 1376042 66489 22712 14714 226365 67785 30860 10924 43777 9083 3641 2176872 1412150 471140 55188 1184 54004 1616 3261402 158580 87790 899081 225109 78554 1720 673972 201906 117838 84068 1745963 581163 319329 1164800 6142 941010 456315 6750 449565 415952 2450065 472066 314727 2226007 229043 582961 8572 3493 1035395 431697 603698 301710 86646
cat_boundaries=0 1 2 3 4 5 6 7 8 9 10 11 12 13 14 15 16 17 18 19 20 21 22 23 24 25 26 27 28 29 30 31 32 33 34 35 36 37 38 39
cat_threshold=2 18 2 17 18 70568 1860 453384 70 3587 24612 18 1289 64 65620 473089 3908 208141 2730 4 75314 1284 82443 2595 3084 658401 682405 83 664774 361862 13671 1098 2456 41027 20 3841 786954 208181 6
is_linear=0
shrinkage=0.05


Tree=56
num_leaves=63
num_cat=47
split_feature=0 0 17 0 0 17 17 13 14 13 14 13 15 1 13 13 15 14 13 13 13 16 13 13 15 12 13 14 6 13 13 14 13 13 1 0 0 14 14 13 16 14 14 13 17 15 14 13 6 17 13 13 15 13 14 11 4 14 13 0 13 11
split_gain=3.733e+06 1.41394e+06 760976 661577 624538 487691 456005 324727 312332 293635 308590 354241 329403 285732 406022 283317 303656 279669 277774 264879 251156 249304 404666 246961 238611 238550 264925 236485 236262 232438 231999 231622 396269 227394 225165 224658 222384 304756 219703 615057 381943 217243 213289 272308 213016 211751 221814 207108 203056 195367 189895 184341 182933 181173 246016 237057 179128 178036 182579 172452 170957 167870
threshold=12.57583522796631 13.478944778442385 0 14.622321128845217 11.499056339263918 1 2 3 4 5 6 7 8 18562.363281250004 9 10 11 12 13 14 15 16 17 18 19 1.0000000180025095e-35 20 21 1.5000000000000002 22 23 24 25 26 90885.257812500015 11.732255935668947 13.072339057922365 27 28 29 30 31 32 33 34 35 36 37 18.500000000000004 38 39 40 41 42 43 13.47723436355591 1.0000000180025095e-35 44 45 13.69789505004883 46 11.482607364654543
decision_type=2 2 1 2 2 1 1 1 1 1 1 1 1 2 1 1 1 1 1 1 1 1 1 1 1 2 1 1 2 1 1 1 1 1 2 2 2 1 1 1 1 1 1 1 1 1 1 1 2 1 1 1 1 1 1 2 2 1 1 2 1 2
left_child=2 6 33 5 23 18 7 8 21 10 15 12 17 20 -15 -5 -17 -12 45 -6 28 22 56 -4 -10 29 41 30 -8 -7 48 32 -31 -1 47 -35 -30 -38 39 -20 -41 50 43 -37 -43 46 60 -23 -22 -18 -27 -44 -33 54 -40 -55 -2 58 -28 -47 -3 -21
right_child=1 3 4 9 19 25 13 -9 24 -11 11 -13 -14 14 -16 16 49 -19 38 61 27 34 -24 -25 -26 26 57 -29 36 31 -32 52 -34 35 -36 42 37 -39 53 40 -42 44 51 -45 -46 59 -48 -49 -50 -51 -52 -53 -54 55 -56 -57 -58 -59 -60 -61 -62 -63
leaf_value=0.00019655823330628735 0.038569055320256153 0.013623920121580417 -0.0069179400761436574 0.010697658073702664 -0.0067526405664547345 0.0014097730874637864 -0.0088973467381431425 0.0012500496251810335 0.011091427982459443 0.0075073362734830148 0.067310631969787788 0.0011993370363970572 0.013174530335983604 -0.0066459337711989655 -0.00067820109699908392 0.0077832109584989664 0.061451588779899792 -0.0074097252557755516 -0.011341418927208215 -0.00038528105623368162 -7.6626110621877931e-05 0.015269124957036721 0.0016913367236870464 -0.016817277081183357 -0.0013954458246214216 0.0080030897935534882 -0.0048765058181519322 -0.0023815758326064902 0.001107268688180255 0.022168562835325038 -0.0012698184623107704 0.010088046185362576 0.0062216338038206878 -0.0077390644541927081 -0.014684836340572197 0.0086320309245413954 -0.0013363967890499477 0.0086201254691554777 0.020810161668409169 0.035885450475242331 0.013803494116709215 0.0081029002921455418 -0.007211715094171566 -0.0026976254938024923 0.0016030057690286871 -0.0066476805968123526 0.013034436002177442 0.0038502199568183509 0.01077962821869248 0.030624617988210773 -0.006185869249618144 -0.0014752279180575729 0.0016369278396510816 0.013067948005437428 0.0056420833988096225 0.00026745006875171219 0.0041339104512371902 -0.0026214736138034916 0.0053935431377293659 0.0041437131519221617 -0.0092858663895698523 -0.0046187292679128814
leaf_weight=92794378.464160919 2335063.42578125 1235150.9802780151 10193539.87240696 1186617.210144043 97857662.574303627 25126321.018283844 4481147.0042896271 86839368.605381012 5278545.2045593262 8628687.111869812 653589.94103240967 2996792.7259674072 1452380.6645889282 37876801.366643906 115151474.81959152 574908.84177398682 1247500.1782531738 154915.50215148926 1570988.0166473389 36344404.734630585 7135495.2025432587 7903531.9056854248 1639586.9522743225 16495521.512570381 13900993.994468689 3271687.5598487854 5747984.8145561218 86032863.903196335 68126226.364215851 6147337.1189651489 20872437.35367775 9920793.8091011047 10635336.806533813 21658847.057009697 1021586.0736236572 9426885.8588581085 10625616.953884125 27776459.646835327 5527536.5269508362 3315675.0398254395 4783245.1746406555 29442877.555870056 21816556.494338989 12125105.78228569 22041019.096035004 5509464.710395813 9613040.1485710144 7980438.0834922791 10866612.264663696 874200.04834747314 8443897.8377571106 39110772.662755966 18060054.869430542 5750383.8935012817 5177060.4046478271 9748762.1670837402 450524.5919303894 40969130.37153244 17512420.856983185 11285625.619789124 2389838.9308280945 65831825.762786865
leaf_count=1657181 13489 6320 382452 4380 2186507 163279 59586 826551 43923 35628 879 12751 5302 483064 1371252 2250 1759 713 10465 651556 88010 62291 14983 680870 132517 23842 48934 1085322 897274 30406 259323 57455 64135 611041 10796 136939 109316 256373 25530 12271 23775 191730 371901 197768 191573 40759 50030 71967 119606 2685 71299 634022 114504 25845 28603 59935 4105 340287 133923 59417 15547 1525634
internal_value=-8.43203e-05 0.00193102 -0.00387706 0.00478517 -0.00585202 0.00415482 0.000377642 0.00297452 0.00667115 0.0141228 0.0203675 0.0124722 0.0274143 -0.000472635 -0.00215531 0.0310573 0.0400162 0.0529938 0.00787871 -0.00489347 0.000618835 0.0108342 0.0213995 -0.0130364 0.00204116 0.00291099 0.00162349 -0.000919135 0.00234935 0.00525848 0.00231738 0.0074188 0.0120629 -0.00160333 0.00806863 -0.00320715 0.00282245 0.00586522 0.0108488 0.01729 0.0228438 0.0039218 -0.00201709 0.00225799 0.0053202 0.00433108 0.00906 0.00953204 0.00647653 0.0487502 -0.00222347 -0.00352932 0.00463333 0.00847175 0.0134744 0.0050166 0.0329996 -0.000637956 0.00285566 0.000603702 -0.00147975 -0.00311288
internal_weight=1.22095e+09 7.9729e+08 4.23656e+08 2.80995e+08 2.26723e+08 2.63226e+08 5.16295e+08 1.2735e+08 4.05103e+07 1.77696e+07 9.14091e+06 5.25768e+06 2.26089e+06 3.88945e+08 1.53028e+08 3.88323e+06 2.69661e+06 808505 6.59068e+07 2.00034e+08 2.35917e+08 2.13307e+07 4.42517e+06 2.66891e+07 1.91795e+07 1.97319e+08 1.27429e+08 1.24907e+08 1.11009e+08 6.98898e+07 3.88745e+07 4.47635e+07 1.67827e+07 1.96933e+08 1.69056e+07 1.04138e+08 1.06528e+08 3.84021e+07 3.58737e+07 9.66991e+06 8.09892e+06 6.31995e+07 8.24793e+07 2.1552e+07 5.14839e+07 3.00331e+07 1.3238e+07 1.5884e+07 1.80021e+07 2.1217e+06 1.17156e+07 6.09273e+07 2.79808e+07 2.62037e+07 1.07046e+07 1.54991e+07 2.78559e+06 6.42295e+07 2.32604e+07 1.67951e+07 3.62499e+06 1.02176e+08
internal_count=16801830 7765959 9035871 1856211 5427019 1789864 5909748 1180622 354071 66347 30719 19645 6894 4729126 1854316 11074 6694 1592 358497 4363697 2874810 177631 32577 1063322 176440 1431367 1001588 1552261 1322549 429779 466939 266500 94541 3608852 145054 1951671 1262963 365689 186424 46511 36046 478444 1340630 334707 383303 172073 71897 134258 207616 4444 95141 1005923 171959 139913 54133 85780 17594 523144 182857 100176 21867 2177190
cat_boundaries=0 1 2 3 5 6 8 9 11 12 14 16 17 18 20 22 24 25 27 29 30 32 33 35 37 38 40 42 43 44 46 47 48 49 51 52 53 54 56 57 59 61 62 64 65 66 68 70
cat_threshold=18 2 2 608731718 155686 640665 779203461 135846 681028 3183232 6 1120 69378080 135703 69309056 6 177 6714 1435622850 157843 2192524268 112080 3522831553 3989 66 536903686 24612 1290551713 49540 276 2430728499 94868 76384 708879652 128208 100700732 41024 526050 2216825424 2080 2492813671 93761 860256 606304 2283798545 64 112 557572 29952 1242173064 128 17 906 614440 71336000 147460 3 8208 70160 1107824264 130 1155 2284322833 102464 299035 535084 1208484416 1025 98624 146
is_linear=0
shrinkage=0.05


Tree=57
num_leaves=63
num_cat=33
split_feature=0 0 0 17 17 17 11 17 2 0 2 2 0 14 11 17 14 14 14 15 3 0 2 14 9 15 15 1 14 15 3 14 15 9 14 14 15 14 14 15 10 14 0 14 9 3 17 3 15 15 3 0 15 15 14 3 15 6 1 15 7 6
split_gain=3.47045e+06 1.0159e+06 987968 529748 425570 415546 311731 307835 299475 281944 279266 263261 246705 251062 240899 308109 233589 227451 216167 227266 205586 204999 201459 196882 233780 282128 273910 187923 382516 221322 186690 191430 185020 203787 366402 184118 185278 183119 178883 208700 226409 204546 177121 174934 259165 212416 174815 215921 299355 186753 170914 167620 165402 161775 251244 278550 160605 156558 156342 193710 398590 167427
threshold=12.908501148223879 12.039163589477541 13.993391513824465 0 1 2 1.0000000180025095e-35 3 12.500000000000002 11.122486114501955 48.500000000000007 36.500000000000007 14.622321128845217 4 12.047756195068361 5 6 7 8 9 89.850002288818374 10.909216880798342 33.500000000000007 10 7854.8156738281259 11 12 21193.845703125004 13 14 95.350002288818374 15 16 7195.5771484375009 17 18 19 20 21 22 0.20430932193994525 23 12.917968750000002 24 7228.0874023437509 61.649999618530281 25 69.649997711181655 26 27 62.649999618530281 13.839263916015627 28 29 30 64.250000000000014 31 18.500000000000004 251425.33593750003 32 420422.00000000006 27.500000000000004
decision_type=2 2 2 1 1 1 2 1 2 2 2 2 2 1 2 1 1 1 1 1 2 2 2 1 2 1 1 2 1 1 2 1 1 2 1 1 1 1 1 1 2 1 2 1 2 2 1 2 1 1 2 2 1 1 1 2 1 2 2 1 2 2
left_child=1 4 5 11 21 16 43 -4 -5 -8 38 35 13 58 27 -16 -2 56 19 -14 -18 -1 -11 24 26 -26 -12 -10 29 -29 31 -17 33 -25 -35 -3 -37 50 46 41 51 -40 -42 44 -6 -46 47 48 -7 -49 -34 -41 -15 54 55 -19 -13 -56 -9 60 -60 -61
right_child=2 3 7 8 6 10 9 12 14 22 23 17 18 52 15 30 20 53 -20 -21 -22 -23 -24 32 25 -27 -28 28 -30 -31 -32 -33 37 34 -36 36 -38 -39 39 40 42 -43 -44 -45 45 -47 -48 49 -50 -51 -52 -53 -54 -55 57 -57 -58 -59 59 61 -62 -63
leaf_value=-0.031191098853280932 -0.0035959200425898586 0.0027404050533982069 0.00059294601644403039 -0.0052828639515129982 -0.0013817752512979553 0.019658040317156511 -0.014941221582342025 0.0025388981007780954 4.2682837690414887e-05 -0.0078138012780195679 0.0011495467369252383 0.031278763517462393 0.035059092592250256 0.012746163563254928 -0.0069507326367213755 -0.0040990140445979232 -0.0003990923145346933 0.061844725022108041 0.010365899950335079 0.012004660180701595 0.0042338141918731118 -0.01067738982078438 -0.00295612865782481 0.0038435088292120556 0.070288763698852702 -0.0050600882227844627 0.014395524050007559 0.049902403955534289 -0.0079364324858109264 0.011975511383447712 -0.0069512054281122941 0.00026405326230759398 -0.021634210569765628 -0.0037025505433663747 0.020958510352656369 0.0013453963895026565 -0.0056077091383460974 -0.0016303521252205456 -0.0016286121866905118 0.0053409154446993207 0.042697032568079857 0.0036857315209338454 -0.0029959974570133614 -0.00321798017711631 0.056736737730268196 0.01137435017053154 -0.00082627951472935524 0.0047291710264110234 0.0027478820433659941 -0.0027880967184008088 0.0086066927655094796 0.014166351484143615 0.0063901758225654503 0.0022324912366329316 0.01368154397310084 0.015859256151573367 0.0067357030903121701 -0.0028786472536874454 -0.014061040250501679 0.016433952990865516 0.064655145195753133 -0.011430048536678844
leaf_weight=1279105.5964431763 39856465.471391678 27728016.073513031 15054677.228984833 69142142.960805893 7644189.0113706589 4221068.0798950195 8986427.9389257431 27883794.09569931 92583623.09815979 47587467.265872955 6328368.3432922363 1303670.7337245941 2168648.4414215088 21348783.479438782 34284206.827444077 35455569.771312714 92442978.012800217 419462.58554458618 10533709.562225342 2108151.151763916 32316686.78062439 25440922.468326569 38702200.797483444 12712830.417411804 341191.80308532715 195369.82974243164 10182726.493965149 724273.46195793152 1192543.6115970612 820344.02352905273 14805740.187267303 86408649.961811066 493099.00468826294 2074291.2084007263 5499275.5083312988 16931892.13469696 22068225.683015823 17529888.275253296 32366534.443241119 60700961.136199951 216849.94969177246 41096410.220523834 9651650.6696205139 41683737.937376022 279994.11846256256 3295710.2495765686 74601606.862140656 17195102.040359497 6887703.0717430115 15903393.640407562 8904789.8922653198 5903388.1089401245 19663269.981746674 34865263.318244934 2712605.0548820496 1532173.4397583008 1363972.7461700439 3011817.7752456665 246634.16248321533 1710117.137714386 462198.89881134033 787311.09424972534
leaf_count=78050 460435 343110 103383 1200746 164081 26658 399955 148577 1302022 1283611 51908 10866 5769 99752 754175 601694 1036478 1930 39768 7778 344423 871177 976087 102544 817 1655 72426 4240 15133 8521 257856 1403334 5052 17757 35739 214363 299821 149326 282169 502938 1341 339051 85095 910927 2527 61103 676643 129357 52761 128831 68097 31529 99249 420413 28739 15789 15488 38021 1532 7666 856 4750
internal_value=-4.44318e-06 -0.0026202 0.00271019 -0.00135698 -0.00585125 0.00179145 -0.00480392 0.00719386 -0.00235095 -0.00651282 0.00280732 0.00162143 0.00833725 0.00712991 -0.00158963 -0.00271263 -0.00026359 0.00456734 0.0142149 0.023695 0.000800976 -0.0116594 -0.00563506 0.00576837 0.0103741 0.0428544 0.00931862 0.000424406 0.0133361 0.0297597 -0.00164948 -0.00100535 0.00410537 0.00771149 0.0142042 -0.000374446 -0.00258902 0.00138864 0.00209928 0.00324758 0.00507593 0.00134432 -0.00199194 -0.0017263 0.00381554 0.0149264 0.000650131 0.00314164 0.00917336 0.00111722 0.00701997 0.00612315 0.00969878 0.00367924 0.0102505 0.0257427 0.0187299 0.00496864 0.00374122 0.0141974 0.0372658 0.00764983
internal_weight=1.22184e+09 6.22254e+08 5.9959e+08 4.47354e+08 1.749e+08 4.97623e+08 1.4818e+08 1.01967e+08 3.35417e+08 9.52761e+07 3.33006e+08 1.11937e+08 8.69126e+07 7.21021e+07 2.66275e+08 1.70954e+08 1.64616e+08 4.5209e+07 1.48105e+07 4.2768e+06 1.2476e+08 2.672e+07 8.62897e+07 6.42618e+07 1.70477e+07 536562 1.65111e+07 9.53208e+07 2.73716e+06 1.54462e+06 1.3667e+08 1.21864e+08 4.72142e+07 2.02864e+07 7.57357e+06 6.67281e+07 3.90001e+07 2.69278e+07 2.68745e+08 1.49936e+08 7.64728e+07 7.34629e+07 9.8685e+06 5.29036e+07 1.12199e+07 3.5757e+06 1.18809e+08 4.42073e+07 1.11088e+07 3.30985e+07 9.39789e+06 6.66043e+07 4.10121e+07 4.25413e+07 7.67606e+06 1.95164e+06 2.66764e+06 5.72442e+06 3.10901e+07 3.20626e+06 708833 2.49743e+06
internal_count=16805889 11683779 5122110 6936261 4747518 4603030 3798291 519080 5547721 2659653 2761694 1388540 415697 362382 4346975 3017059 1841336 531246 53315 13547 1380901 949227 2259698 505321 126806 2472 124334 1329916 27894 12761 2262884 2005028 378515 156040 53496 857294 514184 222475 2256373 1242123 620903 621220 86436 1138638 227711 63630 1014250 337607 79419 258188 73149 534467 199001 504892 84479 17719 26354 66760 163381 14804 2388 12416
cat_boundaries=0 1 2 3 4 5 6 7 8 9 10 11 12 13 14 15 16 17 18 19 20 21 22 23 24 25 26 27 28 29 30 31 32 33
cat_threshold=2 4 12 4 434630 4 458912 256 58372 3334 231680 1052 1178 156779 1061 57544 174 270984 284291 905 270977 711944 3912 327687 37124 2 226 2885 1464 18 90144 436 17
is_linear=0
shrinkage=0.05


Tree=58
num_leaves=63
num_cat=39
split_feature=0 0 17 17 0 2 2 17 13 13 13 17 0 13 13 1 13 3 13 13 13 16 13 0 13 12 13 13 12 13 13 15 0 15 13 13 1 13 15 3 13 16 13 13 15 15 3 3 1 0 0 15 15 13 3 0 3 13 15 13 2 13
split_gain=3.23116e+06 1.14596e+06 633981 571424 430172 388349 378853 361931 406800 361413 306326 303268 296310 248971 244769 239135 292752 214454 664174 209081 206888 203344 284169 199454 330075 197549 217679 197250 190082 290734 277254 240643 292319 240109 535493 212243 188074 541454 331697 314711 292150 186084 296737 291526 265862 183587 182782 378789 181724 181391 180619 180572 171282 267336 243379 170311 196297 319683 249776 168217 227057 306724
threshold=12.656338214874269 13.950327873229982 0 1 11.681876659393312 44.500000000000007 17.500000000000004 2 3 4 5 6 13.072339057922365 7 8 300899.15625000006 9 60.250000000000007 10 11 12 13 14 12.665114879608156 15 1.0000000180025095e-35 16 17 1.0000000180025095e-35 18 19 20 13.431216716766359 21 22 23 139907.17187500003 24 25 81.250000000000014 26 27 28 29 30 31 71.850002288818374 73.850002288818374 16169.046875000002 11.953825473785402 10.685305595397951 32 33 34 95.649997711181655 11.792338371276857 93.549999237060561 35 36 37 22.500000000000004 38
decision_type=2 2 1 1 2 2 2 1 1 1 1 1 2 1 1 2 1 2 1 1 1 1 1 2 1 2 1 1 2 1 1 1 2 1 1 1 2 1 1 2 1 1 1 1 1 1 2 2 2 2 2 1 1 1 2 2 2 1 1 1 2 1
left_child=2 3 6 15 50 11 13 8 -3 12 -9 20 -7 55 -6 28 -17 18 45 23 -5 22 -14 24 -13 27 -27 -19 29 33 31 32 -30 34 -2 -35 59 -38 39 -39 -40 43 44 52 -43 -8 -45 -48 -23 -28 -4 -25 54 -54 -10 -1 -57 58 -58 -12 61 -61
right_child=1 7 4 5 14 9 17 10 41 -11 36 19 21 -15 -16 16 -18 25 -20 -21 -22 48 -24 51 -26 26 49 -29 30 -31 -32 -33 -34 35 -36 -37 37 38 40 -41 -42 42 -44 46 -46 -47 47 -49 -50 -51 -52 -53 53 -55 -56 56 57 -59 -60 60 -62 -63
leaf_value=-0.0079499577575476935 0.00040990241492220989 0.0032600255336357217 -0.030571444713920943 -0.006782683447499222 -0.00044495489508313203 0.00099270688570910707 0.063775155657608024 0.00041694433321103151 0.037618882399219504 7.7399637959939781e-05 0.0088841878043597368 0.040596240105480449 0.010206040715766198 -0.0074170103607746054 -0.0058027769269948168 0.010619701669514507 -0.019860141359577182 0.0040923718718935331 -0.017975534351552136 -0.0011221048203458395 -0.0012610338386471499 0.0074232419806499516 -0.011834961411893247 -0.0011704330030112889 -0.0080676035743352456 -0.0040859167001845607 -0.0039380195917743223 -0.0010114341342560308 0.006204103424138809 0.0030590507804606946 0.00039433086818036123 0.0034934507414263851 0.022542974823775694 0.013402246146262498 0.028989076215754285 0.0026586778016371342 -0.0019721685387263099 0.041464772728743333 0.022908237923944554 0.011811821191089566 -0.0033301761286390723 -0.0020670162008116291 -0.0029380333679446626 -0.0043851308731805861 0.030254850214588555 0.017153556343049867 0.054038594354935743 0.010545649378679009 0.015846531628144502 0.0014400181019113083 -0.010791014792183267 0.0026375039570753689 -0.0017742904039807867 0.027831121034296864 -0.023254670690990523 -0.002243580273856603 0.039096364017518197 0.0001558511535579979 0.0012073483141306557 0.013826957103855475 0.0053213955013094102 -0.013017311329185603
leaf_weight=9962612.6786231995 2622601.3672904968 9632841.7878952026 1209879.650891304 27593315.037250519 26989496.147432327 23479012.234136581 556541.53834247589 25025419.856613159 3148119.0733795166 63047788.600481033 21021290.297412872 830092.13639831543 3009312.2609519958 43553746.21112442 101419547.7552557 1213197.4137191772 2246685.8610916138 31378429.616010666 737176.92937088013 140022997.58995819 44040626.696790695 24813786.947265625 2844734.1837692261 46014280.786676407 600532.90114021301 70388165.840157509 22564573.207525253 47721561.947075844 8201842.5389518738 28953487.732955933 54033433.604763031 33831820.783241272 4108902.659538269 8237254.3960189819 4370547.2494850159 10402322.094787598 4243696.2147865295 2457829.624546051 2231343.0132827759 1407000.9555397034 2022469.2924194336 942787.25509643555 2868296.6071243286 1435567.2893295288 1956529.9113388062 340290.28895950317 574112.06708526611 3910219.6357269287 8630009.405506134 51377283.577524185 25019913.355288506 96259544.085437775 1104481.2429580688 2462908.8595581055 173232.80932617188 30243237.98191452 1159987.9185066223 4413297.0109844208 695946.6417427063 1434049.8971405029 20161111.664604187 4124837.9020347595
leaf_count=283580 18922 44970 78187 391592 569502 297893 3541 149079 8897 675779 113500 6855 24618 873595 2285314 8778 21834 461986 15692 1470252 585670 219332 28763 480640 9088 1416022 608008 750350 76342 213573 498358 293693 21566 51788 22747 74655 24411 7867 9243 6742 11638 4511 13753 7091 6407 5032 1197 16390 54666 809849 953160 966960 5170 8162 984 495631 11167 70843 10950 7559 109819 28030
internal_value=6.78604e-06 0.00203959 -0.00324646 0.00122133 -0.00586853 0.000364217 -0.00195963 0.006697 0.0115981 0.00275135 0.00505361 -0.000481008 0.00543684 -0.00470088 -0.00467665 0.00382798 -0.0091725 -0.00086309 0.0171848 0.000252925 -0.00338797 0.00809205 -0.000504637 0.00159273 0.0201689 -0.00099508 -0.00209572 0.00101321 0.00411862 0.00649244 0.00282512 0.00567159 0.0116574 0.0103706 0.0182712 0.00740651 0.00701685 0.0125012 0.0200666 0.0306695 0.0104332 0.0159219 0.00846429 0.01928 0.0197446 0.0460856 0.0111429 0.0161139 0.00959683 -0.000201178 -0.0117034 0.00140594 0.0262727 0.0186652 0.0344438 -0.00215547 -0.000574416 0.00747776 0.0248887 0.00556631 0.00285457 -0.00609218
internal_weight=1.22148e+09 7.51746e+08 4.69732e+08 6.39408e+08 1.54639e+08 4.81186e+08 3.15093e+08 1.12338e+08 2.82091e+07 1.25825e+08 8.4129e+07 3.55361e+08 6.27769e+07 9.00288e+07 1.28409e+08 1.58222e+08 3.45988e+06 2.25064e+08 1.63401e+06 2.83727e+08 7.16339e+07 3.92978e+07 5.85405e+06 1.43704e+08 1.43063e+06 2.2343e+08 1.4433e+08 7.91e+07 1.54762e+08 5.45862e+07 1.00176e+08 4.61426e+07 1.23107e+07 2.56327e+07 6.99315e+06 1.86396e+07 5.91036e+07 1.23623e+07 8.11864e+06 3.86483e+06 4.25381e+06 1.85763e+07 5.76761e+06 1.28086e+07 2.89932e+06 896832 5.9199e+06 4.48433e+06 3.34438e+07 7.39419e+07 2.62298e+07 1.42274e+08 6.88874e+06 3.56739e+06 3.32135e+06 4.64751e+07 3.65125e+07 6.26923e+06 1.85593e+06 4.67413e+07 2.572e+07 5.55889e+06
internal_count=16802193 7099784 9702409 6514364 3886163 5212108 5816246 585420 117532 1301051 467888 3911057 625272 1745766 2854816 1302256 30612 4070480 24265 2933795 977262 327379 53381 1463543 15943 4046215 2833879 1212336 1271644 381685 889959 391601 97908 168112 41669 126443 318809 59901 35490 14609 20881 72562 24671 47891 10918 8573 24678 17587 273998 1417857 1031347 1447600 23213 13332 9881 872171 588591 92960 22117 258908 145408 35589
cat_boundaries=0 1 2 3 5 7 9 10 12 14 16 18 20 22 23 25 27 29 31 33 35 36 37 39 41 43 44 46 47 49 51 52 53 54 55 57 59 60 62 64
cat_threshold=19 2 2 352898480 84294 3541203169 89731 3779592261 43688 4 101820043 61167 1193985 17154 1245708946 110722 3374122432 88136 2850418200 43441 2838773281 163891 4 3239067681 7170 2160386056 10272 352497129 145382 1364509794 218632 1019331436 106638 101533429 151140 3136 168 335643172 73732 335642660 73732 346334728 1346 1053 33687840 200708 54 170332224 45081 3763347983 132640 233 602 616 992 3222274560 132096 8704 16515 2872 344239632 17730 34 17
is_linear=0
shrinkage=0.05


Tree=59
num_leaves=63
num_cat=48
split_feature=0 0 0 17 17 0 11 13 17 15 13 14 13 14 3 11 2 3 13 15 13 14 13 13 16 13 3 15 14 14 13 13 0 13 3 15 13 14 15 14 13 14 16 15 14 13 14 14 15 13 13 2 13 14 13 15 1 14 13 13 14 14
split_gain=2.98295e+06 1.03596e+06 657169 547065 518728 464819 444181 426631 411299 369743 359938 343034 310281 433923 292665 274332 248466 231292 300275 293794 572713 243539 238991 227522 221412 447056 240692 220003 318925 219805 447267 446500 291615 643736 247475 228914 217998 217552 217427 270262 211917 210531 208336 250292 324630 251302 304813 207178 206609 603837 226806 203973 219275 199650 198911 198615 195992 193077 199468 190880 300262 281545
threshold=13.135868549346926 12.32903575897217 14.432618141174318 0 1 11.564560890197756 13.135715961456301 2 3 4 5 6 7 8 71.649997711181655 12.328239917755129 18.500000000000004 72.250000000000014 9 10 11 12 13 14 15 16 73.049999237060561 17 18 19 20 21 14.096644878387453 22 99.850002288818374 23 24 25 26 27 28 29 30 31 32 33 34 35 36 37 38 3.5000000000000004 39 40 41 42 81508.265625000015 43 44 45 46 47
decision_type=2 2 2 1 1 2 2 1 1 1 1 1 1 1 2 2 2 2 1 1 1 1 1 1 1 1 2 1 1 1 1 1 2 1 2 1 1 1 1 1 1 1 1 1 1 1 1 1 1 1 1 2 1 1 1 1 2 1 1 1 1 1
left_child=1 3 4 10 51 16 29 9 23 11 47 -4 13 56 -13 59 -5 18 38 20 -20 -21 27 42 25 -24 -26 28 -19 30 34 -31 -32 -34 35 -6 -7 -29 39 -8 41 -18 43 45 -45 -3 -47 -1 49 -33 -50 52 55 -14 -17 -2 -11 58 -9 60 -10 -61
right_child=2 8 7 5 6 36 17 57 15 12 -12 14 53 -15 -16 54 40 22 19 21 -22 -23 24 -25 26 -27 -28 37 -30 31 32 48 33 -35 -36 -37 -38 -39 -40 -41 -42 -43 -44 44 -46 46 -48 -49 50 -51 -52 -53 -54 -55 -56 -57 -58 -59 -60 61 -62 -63
leaf_value=0.0098655754785351019 0.021884663870233884 0.0039010202437058739 0.00042174551186354358 -0.015807757475034885 0.0065673589318907925 -0.006146041792688065 0.010572596928678667 0.0074008269540974704 0.0019443075246560158 0.064443356546476219 -0.0033867563469986645 0.0062437523102778225 0.017106393858152078 -0.00066823713458467318 0.045019129726680311 -0.004380802647789046 0.0031069510594864251 0.0016811504384269431 0.026795763895890903 -0.0068311864463090968 0.0015572760404403817 0.0033007885823103118 0.015706182409973558 0.00032272746148394684 0.015025493058732565 -0.00058982558173675933 -7.4999682015422888e-05 0.0083754730966639386 0.013576429956541245 -0.0023481005530148601 0.0026805315341660086 0.037206605884349438 0.030881726772286639 -0.0084720305506905437 0.065167121464586905 0.016538798201519708 -0.0026315702968950465 0.00090800306133304834 -0.0075436102536376509 -0.0041786743811125654 -0.011449035633416824 -0.0090042414499106257 0.0024244087519491608 0.013588307893645783 -0.0058119108362112842 0.037110739153161577 0.011179216845917933 0.00088069807725706334 0.011090449666581544 0.0006604143807862618 0.0031315330048046945 -0.00077651494448706707 -0.021710891456104931 -0.0042641827584693481 -0.0012666407502567598 -0.016531907882716187 0.0135228734519681 0.0097762344136800815 -0.0083675632526148697 0.0056480807229874318 -0.0056453184797140218 -0.00068478304412988855
leaf_weight=9453637.0010347366 700406.8226890564 2541451.3015098572 764262.84665679932 13242736.303974152 9415412.4622459412 86213417.508507729 4678867.2791175842 4266518.3482055664 27070346.370052338 715364.12122344971 43677503.89230442 599427.67247772217 1810982.3516769409 698577.76189422607 2586041.6150894165 78842302.486728668 6916565.2616577148 8931837.1772766113 3373065.3371429443 8821343.41822052 6737579.1839027405 18100498.017650604 7612368.2957458496 69576598.694871902 2730016.9535369873 9412415.7513046265 79043343.519870758 14278733.976406097 15265086.690937042 20682847.630077362 31405934.479496002 1994601.6197052002 2812672.2971496582 1647991.7278747559 226530.90489196777 14807845.566085815 90380323.741707802 30774926.83745575 17964153.860591888 9230972.6524467468 16776198.598201752 7456718.143614769 30096774.479068756 4277440.220790863 4348445.0618038177 2164643.8711776733 2378376.4918193817 19966861.809295654 12448792.361499786 2608205.6702156067 31860824.916999817 61126264.260673523 2431916.0050544739 2756164.4993362427 146657048.42794228 647437.92304229736 256808.48840332031 13465982.618759155 3784615.7754669189 32995644.851160049 25128521.224227905 37492875.995819092
leaf_count=159355 5918 26671 3444 514350 58996 1981133 35006 18782 329782 1106 864462 2502 6774 3128 6257 1255379 220785 72171 20135 78170 55448 145917 53862 775640 19486 79074 661956 108344 108802 145151 213960 8382 8662 8212 505 82323 1975843 252111 161611 80822 622996 268407 318974 40111 49946 14668 22948 371498 74987 17444 209794 643717 32129 12891 2238550 8184 977 56295 18938 377812 328826 460914
internal_value=-2.67989e-06 -0.00193549 0.00315692 -0.00425678 0.00264674 -0.00549707 0.00337569 0.0101049 -0.000462898 0.0185342 -0.000507191 0.0305049 0.0109545 0.0293917 0.0377224 -0.00132025 -0.0100707 0.00208748 -0.000352042 0.00271011 0.00997724 -1.91057e-05 0.00308778 0.00212427 0.00150915 0.00669669 0.000429133 0.00533997 0.00918551 0.00572535 0.00793456 0.00381069 0.00437965 0.0163425 0.0131494 0.012663 -0.00434734 0.00327465 -0.00390977 0.00078323 -0.00763172 -0.00317622 0.00486064 0.0095278 0.00380836 0.0164916 0.023535 0.0037678 0.00641496 0.0164976 0.00536759 -0.00147351 -0.0127454 0.00420978 -0.00235546 0.00343126 0.0509917 0.00611394 -1.14589e-05 0.000582474 -0.00170934 0.00227963
internal_weight=1.22113e+09 7.57654e+08 4.63478e+08 2.94084e+08 4.31773e+08 2.20986e+08 3.66867e+08 3.17047e+07 4.6357e+08 1.01876e+07 7.3098e+07 3.94973e+06 6.2379e+06 1.67075e+06 3.18547e+06 3.48187e+08 4.43922e+07 2.36955e+08 6.89065e+07 3.70325e+07 1.01106e+07 2.69218e+07 1.68049e+08 1.15384e+08 9.87981e+07 1.70248e+07 8.17734e+07 6.92506e+07 2.41969e+07 1.29912e+08 6.03164e+07 6.95953e+07 3.58666e+07 4.46066e+06 2.44498e+07 2.42233e+07 1.76594e+08 4.50537e+07 3.1874e+07 1.39098e+07 3.11495e+07 1.43733e+07 4.58071e+07 1.57104e+07 8.62589e+06 7.08447e+06 4.54302e+06 2.94205e+07 4.89124e+07 4.60281e+06 4.43096e+07 6.4906e+07 3.77976e+06 4.56715e+06 2.25499e+08 1.34784e+06 972173 2.15171e+07 8.05113e+06 1.22687e+08 5.21989e+07 7.04885e+07
internal_count=16801423 13219050 3582373 6978829 3451279 5583514 2761331 131094 6240221 37079 1395315 12203 24876 5211 8759 4991263 1626538 1932915 577109 299670 75583 224087 1355806 1248958 814378 132936 681442 541428 180973 828416 372658 455758 230834 16874 141824 141319 3956976 360455 277439 115828 1112188 489192 473318 154344 90057 64287 37616 530853 310607 25826 284781 689948 46231 19665 3493929 14102 2083 94015 37720 1497334 658608 838726
cat_boundaries=0 1 2 4 5 6 8 9 11 12 14 15 17 18 20 22 23 25 26 27 28 30 32 34 35 37 38 39 40 42 43 44 45 46 48 49 50 51 53 55 57 58 60 61 62 64 66 67 68
cat_threshold=2 4 615526605 65664 2 1604 232016676 9865 267395 67108872 65536 152481 802803920 33207 1160 2415919144 68096 198938 2571784404 233541 1988690532 152614 16 639967272 1552 404 753976 543573 4171837640 50816 4164952094 132768 50728756 131095 2753 1278165933 179600 901128 2882 536849 471814529 55484 511520 12 1114 97336 1149763648 131108 272141 401682 4 886560 65553 19005440 8525 1241732370 2584 528583 4194701472 9303 2468 201113 2148435234 183371 2670987861 80964 870086 206909
is_linear=0
shrinkage=0.05


Tree=60
num_leaves=63
num_cat=45
split_feature=11 11 11 17 11 2 17 13 13 13 2 14 1 6 17 13 13 2 13 13 14 14 16 3 13 15 14 13 14 14 13 6 14 13 6 13 14 3 2 1 13 13 14 13 14 15 13 2 6 13 15 14 17 13 14 15 13 15 14 14 15 14
split_gain=1.2263e+06 1.76637e+06 633278 487947 446929 385641 339751 305157 274213 254852 274695 246951 433127 416355 469496 246890 246353 223972 257405 252401 222058 221671 265562 276743 311398 230774 219445 212027 209433 203414 833616 199591 199018 196771 195719 513959 336494 195609 193129 406812 264073 254750 221353 302148 202108 218821 196665 206667 191360 614256 189457 273003 187968 225383 237326 201877 304720 186498 246615 219401 186440 182588
threshold=1.0000000180025095e-35 12.377147674560549 13.83748769760132 0 11.190684318542482 29.500000000000004 1 2 3 4 41.500000000000007 5 15565.606933593752 40.500000000000007 6 7 8 34.500000000000007 9 10 11 12 13 84.850002288818374 14 15 16 17 18 19 20 32.500000000000007 21 22 1.0000000180025095e-35 23 24 99.850002288818374 12.500000000000002 21873.215820312504 25 26 27 28 29 30 31 31.500000000000004 43.500000000000007 32 33 34 35 36 37 38 39 40 41 42 43 44
decision_type=2 2 2 1 2 2 1 1 1 1 2 1 2 2 1 1 1 2 1 1 1 1 1 2 1 1 1 1 1 1 1 2 1 1 2 1 1 2 2 2 1 1 1 1 1 1 1 2 2 1 1 1 1 1 1 1 1 1 1 1 1 1
left_child=3 4 5 7 27 15 -6 21 -4 10 -5 12 -12 14 -14 -3 61 19 28 -8 52 22 23 24 25 -1 -21 -2 -19 30 -9 37 -17 -31 35 36 -35 50 40 42 -11 44 43 -40 45 -41 47 -44 -36 -50 51 -23 55 54 -54 56 -10 58 -43 -59 -26 -7
right_child=1 2 8 9 6 16 17 29 20 38 11 -13 13 -15 -16 32 -18 18 -20 26 -22 31 -24 -25 60 -27 -28 -29 -30 33 -32 -33 -34 34 48 -37 -38 -39 39 41 -42 57 46 -45 -46 -47 -48 -49 49 -51 -52 -53 53 -55 -56 -57 -58 59 -60 -61 -62 -63
leaf_value=0.014441072082985021 -0.0070744036907169133 -0.0037906501959315726 0.0066359346508324708 0.0015313625970223952 -0.0094946394473493304 0.00027516667419910543 -0.0080752760923094788 0.030655924821186228 0.04152640404140634 -0.0088143235769689385 0.0078330598540709631 0.0038199063442649946 0.049087361349139831 0.070735709819215717 0.00058070652762138599 0.0015363594670746816 -0.00072032848947801075 0.0072756347220058575 -0.0039763282479136864 -0.0070583100390764113 -0.0024538985521197526 0.026182463385345234 0.0063365917027129364 0.0046997835127420787 0.03294745492391566 0.064021057619471244 -0.0001906599013583362 -0.01979189672304181 -0.0015019119204429448 -0.0014031306883730498 -0.0013126826502547675 -0.0012968011170427657 -0.0023023876396669903 0.065379786417386829 0.0032786729485844331 -0.013108746567501182 -0.01568460053806817 0.064080109341180344 -0.0074809389385500705 0.015285353182435133 -0.00033866701711915284 0.011498773464730491 -0.0016949872747383057 0.00055831580142053235 -0.00431134501759531 0.00024647770347086955 -0.00099660649743306472 0.0059522671955657361 0.054467378351733667 -0.013084118299913391 0.0052890999194779688 0.0043161260915680786 -0.00163509181711002 0.0017698290388005874 0.017386277185660916 -0.015862092035830777 -0.0092046765036996239 0.018091530759730089 -0.0047835014469563113 0.0057644304261747267 -0.0086867874908087596 0.0040472327770597043
leaf_weight=304858.16192817688 5976907.7618370056 101967649.03680992 48157494.970600128 63798041.753052711 29392417.823551178 57246140.715559006 42958609.152628899 3270280.4762239456 466921.90518569946 12422380.904446602 8589575.5112657547 18603788.582697868 861075.35757446289 529309.02370071411 1185843.5883026123 62550385.909255981 124694183.85406494 11769333.409864426 42525893.995652199 18888303.362459183 21555593.938503265 3258993.4133291245 2738394.0327920914 977615.19347572327 699279.01418590546 1020159.9764490128 30277292.258304596 7256479.4973430634 16081297.60737133 21286718.225308418 5416930.4894857407 5222410.5836029053 73366420.760030746 634406.17786502838 46462527.82075882 572692.53847408295 160375.97982692719 165166.15306663513 21328617.329222679 3852998.1509342194 35318836.841765404 4566869.9403648376 12628609.603336334 25856544.865214348 9300563.1154994965 6498032.9913768768 49456462.509282112 29409281.748423576 708425.79232311249 641035.52539348602 10213982.87220192 2539929.7674684525 2202302.667175293 11179385.758094788 6420770.8171463013 2095820.8630027771 808577.28129196167 7655041.5862789154 4738578.3203773499 6830326.7401294708 436881.54104804993 72981080.908290863
leaf_count=2494 250321 1329148 276347 788244 916985 681731 1025628 22233 2114 175207 108102 219605 2348 905 7138 762923 1506843 230513 942407 444602 138990 23527 24872 8724 4434 3459 664695 345106 345988 218294 54031 51364 930463 2157 448285 6475 1861 559 327568 23072 455797 28745 203343 367143 69257 45877 714362 370714 3239 7186 94015 23633 13372 66047 31113 19039 6928 44570 35282 45578 4562 832393
internal_value=9.80693e-07 -0.00116769 0.000230764 0.00214949 -0.00516066 -0.000483028 -0.00454777 0.00508096 0.00401775 0.00118211 0.00338198 0.00734795 0.0132262 0.0312077 0.0209862 -0.00193094 0.000868122 -0.003653 -0.00152921 -0.00527543 0.00119889 0.00961038 0.0179541 0.0272054 0.0361451 0.052614 -0.00282906 -0.014048 0.00220737 0.00350288 0.0107218 0.00720197 -0.000535755 0.00261291 0.0043512 0.0230022 0.0490221 0.00994545 0.000286644 0.00102868 -0.00254406 0.00525084 -0.000293945 -0.00307559 0.00103799 0.00584446 0.00114059 0.00365495 0.00381776 0.0223787 0.00938707 0.016605 0.00459662 0.00645466 0.0125283 -0.0063171 0.00936663 0.00873072 0.00320742 0.0122789 0.0169381 0.00238908
internal_weight=1.22098e+09 7.90819e+08 5.85693e+08 4.30162e+08 2.05127e+08 4.92806e+08 1.91893e+08 1.06731e+08 9.28869e+07 3.23431e+08 9.35676e+07 2.97696e+07 1.11658e+07 2.57623e+06 2.04692e+06 2.37884e+08 2.54921e+08 1.62501e+08 7.03765e+07 9.21242e+07 4.47294e+07 2.75777e+07 6.17719e+06 3.43879e+06 2.46118e+06 1.32502e+06 4.91656e+07 1.32334e+07 2.78506e+07 7.91534e+07 8.68721e+06 2.14005e+07 1.35917e+08 7.04662e+07 4.91795e+07 1.36747e+06 794782 1.61781e+07 2.29863e+08 1.82122e+08 4.77412e+07 4.34424e+07 1.3868e+08 4.71852e+07 1.96516e+07 1.0351e+07 9.14944e+07 4.20379e+07 4.7812e+07 1.34946e+06 1.60129e+07 5.79892e+06 2.31738e+07 1.98025e+07 8.62307e+06 3.37132e+06 1.2755e+06 2.37908e+07 9.30545e+06 1.44854e+07 1.13616e+06 1.30227e+08
internal_count=16801957 11763696 6597451 5038261 5166245 6043501 4570818 1005404 553950 4032857 1126342 338098 118493 10391 9486 3022534 3020967 3653833 1518908 2134925 277603 241643 48545 23673 14949 5953 1109297 595427 576501 763761 76264 193098 1693386 687497 469203 10493 4018 141734 2906515 2275511 631004 292381 1983130 694711 138206 68949 1288419 574057 458710 10425 141175 47160 138613 110532 44485 28081 9042 154175 64027 90148 8996 1514124
cat_boundaries=0 1 2 4 6 8 9 10 12 14 16 18 19 20 21 23 24 25 27 28 29 31 32 34 36 37 39 41 42 44 45 46 48 50 51 52 53 55 56 57 59 60 61 62 63 64
cat_threshold=2 4 76645160 8708 450332342 185358 1348612288 16931 33265 1 3601278912 34566 2779473477 188164 3566489860 66973 2933614880 69013 342698 131904 7 296 8196 2252 86497 1253319546 19736 205209 24576 38290435 67848 573787 4211843 204032 2988580864 16576 922513 17321264 163840 2719253544 142548 546568 102499095 165132 613604 389 152831011 198860 2625540 32880 284 373769 4 1073744193 66256 266242 780 1610629376 8193 866 96451 890393 1733 942536
is_linear=0
shrinkage=0.05


Tree=61
num_leaves=63
num_cat=51
split_feature=0 0 0 2 17 13 11 17 0 12 13 14 13 15 16 13 13 14 2 13 13 15 14 13 14 13 13 14 13 13 13 13 14 13 15 14 13 15 14 13 14 15 15 13 13 14 14 17 14 0 13 13 14 14 2 13 14 14 13 13 15 6
split_gain=2.36854e+06 929717 576891 525839 437082 391257 368485 363233 353675 267484 233234 273590 242155 373005 364507 226660 221139 264869 219828 313906 215586 272301 288621 349346 270785 499484 448224 234090 401402 227074 211952 209383 220963 209114 278370 300512 395514 207316 200035 202453 195218 193504 178460 334672 286604 424398 247585 220355 193453 173572 481167 234304 170441 170435 166867 630251 390062 258162 274237 264945 271670 175459
threshold=13.180584430694582 12.171544075012209 14.432618141174318 27.500000000000004 0 1 13.180570125579836 2 11.29636335372925 1.0000000180025095e-35 3 4 5 6 7 8 9 10 18.500000000000004 11 12 13 14 15 16 17 18 19 20 21 22 23 24 25 26 27 28 29 30 31 32 33 34 35 36 37 38 39 40 14.042400836944582 41 42 43 44 49.500000000000007 45 46 47 48 49 50 1.0000000180025095e-35
decision_type=2 2 2 2 1 1 2 1 2 2 1 1 1 1 1 1 1 1 2 1 1 1 1 1 1 1 1 1 1 1 1 1 1 1 1 1 1 1 1 1 1 1 1 1 1 1 1 1 1 2 1 1 1 1 2 1 1 1 1 1 1 2
left_child=1 7 4 31 54 38 20 15 30 10 11 12 14 -14 -5 -1 17 41 19 52 27 24 23 -23 25 -22 -26 28 37 -24 -9 32 -3 53 49 36 -36 -6 39 -4 -7 -11 44 48 45 47 -46 -40 -44 51 -51 -35 -10 -8 57 56 -56 58 -2 60 -59 -58
right_child=2 3 5 9 6 40 33 8 18 16 -12 -13 13 -15 -16 -17 -18 -19 -20 -21 21 22 29 -25 26 -27 -28 -29 -30 -31 -32 -33 -34 34 35 -37 -38 -39 42 -41 -42 -43 43 -45 46 -47 -48 -49 -50 50 -52 -53 -54 -55 55 -57 61 59 -60 -61 -62 -63
leaf_value=-0.0050924856482663823 -0.0015731662071975603 -0.0065611793774379441 0.021438792334473204 0.025692477090158358 0.0027634711957353827 -0.00073526255462809289 -0.0024695499071254578 -0.0059381848698570423 0.0050083329723922708 0.0054312075085328239 0.00090305133167920275 0.0022830147071125247 -0.0067540392361811656 0.012409877054859981 0.0043042637131184367 0.0015757083366419345 0.00089226255876048558 -0.0057686824610759854 -0.0033493407630629901 -0.010848851686299791 0.026484201195095661 -0.0017923483472038174 0.0074827156623172037 0.01260591959074087 0.015274094039718404 0.0057624784037298713 -0.00016217769976135281 0.001723917761950201 0.00085144347025740107 -0.0040414060391917462 -0.015991902653905758 -0.00090594677723593309 -0.0020456840825450028 -0.0069401316867137783 -0.011265966564840234 0.0076871643666747164 0.0048553760513663606 0.035393574605353299 0.067992512479706571 -0.0095470625087583551 0.009243721846958354 -0.0028346289781628255 0.0045448362386103424 0.0029420688839627545 0.032983350632244661 0.0011861599305647164 -2.6515504032453537e-05 0.013403881311024072 0.040996427153564524 -0.0066500525290800611 0.016312788358997733 0.0014225865089914367 -0.005679793210355737 0.001867782386986953 -0.0061438132069661687 -0.0049335789577873816 0.074530777798221412 -0.0054677300032206777 -0.013590748300311335 -0.0037813390555689222 0.010303052920239213 0.02592726402213133
leaf_weight=19881322.050034523 10079384.963489532 44345957.757450104 919084.17206573486 4724087.4577846527 651882.44178771973 7825753.2137756348 37023712.295326233 9443636.3556079865 5521394.8363351822 12633958.028055191 63045697.720964432 26048097.336299896 4043520.7532520294 6824741.9245185852 3444519.2252388 35497443.813799858 137874721.26069069 32955073.237949371 103159947.56793308 27555274.451115608 6167398.0647888184 5884574.7625694275 6552390.1286354065 14829440.07516861 8802095.2692871094 5502895.5861816406 10097641.343326569 45951492.815330505 3337138.9199981689 12296083.945362091 11783678.482647896 137840797.20617104 69635170.570550919 10476440.614292145 5374912.3997535706 46828357.139003754 13021484.155822754 1922168.165725708 1053052.8872909546 1236160.323097229 13113745.676101685 16107207.372749329 507132.22225189209 2740761.83253479 1158792.8793640137 434173.07192230225 1114227.81300354 224254.22274780273 1289593.3198623657 3811248.9088478088 5682986.9497489929 41771597.193370819 11496608.285543442 58336583.619934082 1060262.5359954834 6994092.6695747375 199022.75422668457 3894816.0146064758 8973375.7973442078 17911300.484554291 9136178.963848114 2771012.7164955139
leaf_count=431614 106068 667042 3259 40647 4190 36907 313207 372120 126590 174135 743563 299187 50376 69704 38185 711680 1972387 509287 2524899 746234 29451 39685 39871 84938 48649 33621 66367 303355 21798 83756 516531 1956191 1000823 96159 48549 349718 100806 8167 1281 6169 54788 241496 2199 11765 3404 1791 4980 1004 3387 23282 26730 352963 293517 471160 11114 74018 478 42423 106069 192546 84651 20094
internal_value=3.13138e-05 -0.001613 0.00298106 -0.000522643 0.00247367 0.00948609 0.00316485 -0.00433245 -0.00548429 0.000864014 0.00286677 0.00561279 0.0101689 0.00527997 0.0166736 -0.000818215 -0.00022111 -0.0027092 -0.00461715 -0.00755135 0.00537296 0.00718046 0.00444178 0.00851557 0.0107247 0.0167133 0.0070269 0.00292874 0.0122946 -3.52156e-05 -0.0115192 -0.002217 -0.0038025 0.00195321 0.00328214 0.00555997 0.000145167 0.02713 0.0172753 0.00366661 0.00551426 0.000798844 0.020717 0.0139367 0.0284384 0.0438924 0.0168021 0.0584087 0.0307079 0.000875838 0.00709488 -0.000254253 -0.00221209 0.00018381 -0.00142655 0.00414155 0.0198903 -0.00265437 -0.00723315 0.000165018 0.00558934 0.0291841
internal_weight=1.22082e+09 7.83863e+08 4.36959e+08 5.59524e+08 4.05342e+08 3.16167e+07 3.44323e+08 2.24339e+08 1.68961e+08 3.07702e+08 1.08131e+08 4.5085e+07 1.90369e+07 1.08683e+07 8.16861e+06 5.53788e+07 1.99571e+08 6.16962e+07 1.47733e+08 4.45733e+07 1.21995e+08 7.01325e+07 3.95625e+07 2.0714e+07 3.057e+07 1.16703e+07 1.88997e+07 5.18627e+07 5.91119e+06 1.88485e+07 2.12273e+07 2.51822e+08 1.13981e+08 2.22327e+08 1.26967e+08 6.52248e+07 1.83964e+07 2.57405e+06 1.06772e+07 2.15524e+06 2.09395e+07 2.87412e+07 8.52199e+06 4.53749e+06 3.9845e+06 1.71148e+06 2.27302e+06 1.27731e+06 1.79673e+06 6.17423e+07 9.49424e+06 5.2248e+07 1.7018e+07 9.53603e+07 6.10194e+07 1.10244e+07 4.0303e+06 4.99951e+07 1.90528e+07 3.09423e+07 1.3031e+07 2.97004e+06
internal_count=16801025 13486208 3314817 7763023 3183883 130934 2546422 5723185 4579891 4138967 1241662 498099 198912 120080 78832 1143294 2897305 924918 3691240 1166341 763848 426338 248250 124623 178088 63072 115016 337510 34155 123627 888651 3624056 1667865 1782574 998207 499073 149355 12357 39239 9428 91695 415631 29811 17351 12460 4076 8384 2285 5586 499134 50012 449122 420107 784367 637461 105704 31686 531757 212137 319620 127074 20572
cat_boundaries=0 1 3 4 6 7 9 10 11 13 15 16 18 20 21 22 24 25 27 29 30 32 34 36 38 39 41 42 43 45 46 47 49 50 51 52 54 56 57 58 59 60 62 64 65 66 68 69 70 72 74 75
cat_threshold=4 649081225 67712 2 510480576 180365 231477 67633280 49292 665 99 4213190850 69717 1913913766 73952 222002 46243859 98927 3793224989 236770 662 563419 140587008 16648 346884 281503872 8712 71438944 16661 2560 1611661328 32992 203530240 772 267729120 51344 2351660618 38941 166446 666460641 18707 2643 396064 3493855248 132736 1666 263690 11534464 65536 201113 2442 1606 100663560 2048 546312192 128 758036 47200 19 559188 2420279302 740 1074040840 65536 635904 643142 1630619652 21138 746560 409841 475128137 32238 835421745 65869 114
is_linear=0
shrinkage=0.05


Tree=62
num_leaves=63
num_cat=50
split_feature=0 0 0 17 17 2 13 13 14 14 17 0 15 13 16 2 16 13 2 13 14 14 15 13 13 14 13 13 5 13 13 3 0 13 14 13 15 13 13 15 14 13 13 13 15 14 15 16 15 13 2 13 13 13 14 14 3 13 14 14 13 15
split_gain=2.34976e+06 841640 601094 499265 385152 358885 440986 426199 392879 303074 284468 253985 250316 332143 332608 281786 260035 245028 243200 248856 237478 234652 234538 343847 236015 224542 217764 217706 216422 317106 261168 258275 213665 439144 311351 282374 230905 438760 297296 215998 422498 784326 484162 210386 320735 229163 253980 215210 210360 205660 204299 415538 230759 203525 216232 200499 200374 196330 197318 188750 184772 184018
threshold=13.113158702850344 12.171544075012209 13.993391513824465 0 1 29.500000000000004 2 3 4 5 6 10.36855983734131 7 8 9 26.500000000000004 10 11 27.500000000000004 12 13 14 15 16 17 18 19 20 17500.000000000004 21 22 85.649997711181655 14.622321128845217 23 24 25 26 27 28 29 30 31 32 33 34 35 36 37 38 39 19.500000000000004 40 41 42 43 44 66.850002288818374 45 46 47 48 49
decision_type=2 2 2 1 1 2 1 1 1 1 1 2 1 1 1 2 1 1 2 1 1 1 1 1 1 1 1 1 2 1 1 2 2 1 1 1 1 1 1 1 1 1 1 1 1 1 1 1 1 1 2 1 1 1 1 1 2 1 1 1 1 1
left_child=1 4 5 -3 53 6 8 25 12 -9 17 -6 13 14 -2 -15 56 20 27 21 22 61 23 -4 -24 28 -10 -5 30 31 -7 -30 35 34 49 48 37 -36 -38 40 41 -37 -42 44 47 -45 -47 -27 -12 -34 51 -13 -52 54 -1 -54 -14 58 -41 -59 -18 -20
right_child=2 3 10 18 11 7 -8 9 26 -11 32 50 16 15 -16 -17 60 -19 19 -21 -22 -23 24 -25 -26 43 -28 -29 29 -31 -32 -33 33 -35 36 39 38 -39 -40 57 42 -43 -44 45 -46 46 -48 -49 -50 -51 52 -53 55 -55 -56 -57 -58 59 -60 -61 -62 -63
leaf_value=0.002153537392574862 0.040108274954067297 0.0020921394169388205 0.060665072985273107 -0.0008379342213895905 -0.030995272764668548 0.0056361204459886302 -0.0017198630116747251 -0.005643131186336285 0.0047182185403465728 0.0022397753967512797 -0.0055823240432870107 -0.001689443282404602 -0.0063425205379516684 -0.0054942429198852963 0.0082960616969566317 0.042521477762549671 -0.005354538264612488 -0.0067789940364847041 0.00347972237668559 0.001252261656310906 -0.0018710190361935074 -0.0044048474843331959 0.023473988497639597 -0.010071573936355634 -0.0061599236955101923 0.006666007059362317 -0.0027141541368456007 -0.0043864582665670377 0.033742432371375856 0.0036546906514132887 -0.0034806376057101352 -0.001404343300931552 0.021885561138791396 0.0030496034149939707 0.054925960080606122 0.038520835155609556 -0.0027343943869132161 0.0052261231602411485 0.03016109643402734 0.0082070445682316494 -0.013618001380818168 0.0067734942628786101 0.012199749441287454 0.010762037512017531 0.0052545028938710391 0.0095549629007622046 -0.0030563711607437738 0.021062249066350628 0.0047931330453055152 -0.0039427961230409899 -0.0043922265177425961 -0.0099946373179639926 -0.0044118841037317546 -0.012287413353567953 -0.010463451839599264 0.0015643657633876312 0.015204800406208148 0.00093119830052762259 -0.0039410929585178894 0.012353652262025387 0.0059281051900790475 -0.0028113552402826186
leaf_weight=6536340.2634382248 2002423.5731391907 130221096.44121361 566185.30506134033 75911505.156549454 828695.45127487183 15775622.752941132 109381391.32335281 14172037.675624847 16144618.573843002 87321425.63558197 7073862.0007400513 31551958.513271332 1252700.9651565552 1885783.6816062927 1393419.6816940308 364639.95375823975 5966644.7241039276 7230600.9100761414 24050035.929063797 113636662.43028641 4302464.7716560364 54011840.929588318 1334128.2920303345 246633.39323806763 1353577.8142967224 3646623.1147384644 25298495.075305939 100376008.46707535 1956681.9724388123 6028122.0707092285 15647281.25402832 713225.67176437378 1417667.0594177246 6523296.4843215942 1520663.5559158325 3607754.3788909912 1037746.9595336914 627263.951171875 2031238.2140350342 5884788.4031600952 2414006.1110153198 4222337.4783935547 7329186.967086792 10917710.929031372 11043196.882865906 6257485.3341827393 11028133.415039062 9010709.8260231018 15789812.952999115 1688868.2648239136 60041251.486441612 28815724.713402748 19671400.428693771 20526797.909760475 7067795.8985786438 48976386.657001495 7778206.1177597046 4971885.6076393127 7737755.9818077087 13268546.881958008 9260907.7009716034 22497206.63910675
leaf_count=195409 10539 1473312 1490 1153129 51863 126293 993971 128765 135592 734372 40916 753190 11676 17510 11126 1790 55624 53530 340202 1630601 30053 827997 6881 1845 9782 28857 230354 1592701 10987 49235 137855 6114 4499 26563 2643 11612 4294 2314 5641 29042 14632 20454 34106 82895 88542 48161 96581 60013 81905 7379 1448908 755868 468879 710898 238907 1099697 58189 25934 43255 60814 76966 338638
internal_value=6.28919e-05 -0.00169139 0.00280507 -0.000588884 -0.00425406 0.00187707 0.00027488 0.00337338 0.00333296 0.00113905 0.00620397 -0.00337509 0.00770079 0.0171827 0.0270548 0.00228582 0.00549383 -0.000147838 -0.00148297 -0.000350947 0.00599689 -0.00216265 0.0156672 0.0392016 0.00854984 0.00583762 0.000181208 -0.00285842 0.00302843 0.0100083 0.00109636 0.0243534 0.00729971 0.0127631 0.0203758 0.00617781 0.0278382 0.0404121 0.0190378 0.00830283 0.0127531 0.0214013 0.00580305 0.00800908 0.0114816 0.00509092 0.001509 0.0169146 0.00158304 0.007844 -0.00325402 -0.00565382 -0.00212828 -0.00914416 -0.00440141 -0.000148162 0.0122159 0.00584837 0.00130677 0.00924018 0.0015072 0.00043912
internal_weight=1.22115e+09 7.44721e+08 4.76428e+08 5.20704e+08 2.24016e+08 3.74247e+08 1.80729e+08 1.93518e+08 7.13478e+07 1.01493e+08 1.0218e+08 1.89885e+08 2.99047e+07 5.64627e+06 3.39584e+06 2.25042e+06 2.42585e+07 1.50336e+07 3.90483e+08 2.14196e+08 7.80299e+06 1.00559e+08 3.50052e+06 812819 2.68771e+06 9.20248e+07 4.14431e+07 1.76288e+08 4.01209e+07 8.69803e+06 3.14229e+07 2.66991e+06 8.71467e+07 1.48467e+07 8.32345e+06 7.22999e+07 5.21691e+06 2.14793e+06 3.06899e+06 4.94363e+07 1.75733e+07 7.83009e+06 9.74319e+06 5.19039e+07 2.37005e+07 2.82033e+07 1.72856e+07 1.26573e+07 2.28637e+07 3.10654e+06 1.89057e+08 6.03677e+07 1.28689e+08 3.41309e+07 1.36041e+07 6.86478e+07 9.03091e+06 3.1863e+07 1.36225e+07 1.82404e+07 1.52276e+07 4.65472e+07
internal_count=16801790 13080199 3721591 7356580 5723619 3202007 1603337 1598670 609366 863137 519584 4578405 243420 40965 21665 19300 202455 103581 5883268 3137438 50051 1506837 19998 3335 16663 735533 365946 2745830 330484 66336 264148 17101 416003 53333 26770 362670 14892 4957 9935 239849 80804 32066 48738 405049 177412 227637 144742 88870 122821 11878 4526542 1509058 3017484 1145214 434316 1568576 69865 159045 72297 86748 132590 678840
cat_boundaries=0 1 2 4 6 7 8 9 10 12 13 14 16 18 19 20 21 23 25 26 28 30 32 34 36 37 39 40 42 44 45 46 48 50 52 53 54 55 56 57 59 61 63 65 66 67 69 70 71 73 74
cat_threshold=2 4 144759622 10457 3545695457 102180 787087 16424 4 132 142623494 152 14 67 3559785241 87515 4196190372 81094 59704 727587 260 1073873680 65875 2884096 87064 399811 6148 10305 848871566 91106 269484129 1024 5571712 35364 726777029 168615 299946 31069636 34992 1794 55653440 135328 55651392 4097 417 24120 1409624065 582 335611906 66118 2466382976 66304 1167 606224 3138 12 353 33667200 515 47294295 59951 2731189966 241956 219556307 9764 464985 854336 3758467585 79 555141 804993 6404 2121 2674
is_linear=0
shrinkage=0.05


Tree=63
num_leaves=63
num_cat=32
split_feature=0 0 0 17 11 0 2 17 17 14 17 15 9 14 14 17 17 14 3 15 2 3 2 15 14 4 14 11 2 15 10 15 14 0 1 2 14 14 5 15 15 2 14 10 2 14 15 10 3 15 14 3 0 2 15 14 17 6 11 14 2 14
split_gain=2.194e+06 743473 537548 483787 347809 332034 331351 255053 248309 234520 209603 308531 264007 569149 259506 200818 194510 237909 197930 183950 177071 173798 171893 186320 170666 169246 181545 168537 163242 166126 219644 159552 239382 199237 248246 156420 238609 219852 194801 188022 151562 151468 341799 288821 241006 149841 149654 335712 146909 187895 144536 176691 417198 208260 144453 328525 174764 186185 140652 196073 168260 414534
threshold=12.804709911346437 14.042400836944582 11.933642864227297 0 14.041472911834719 10.685305595397951 42.500000000000007 1 2 3 4 5 7377.8520507812509 6 7 8 9 10 99.549999237060561 11 1.0000000180025095e-35 63.049999237060554 32.500000000000007 12 13 2.5000000000000004 14 11.933449268341066 47.500000000000007 15 0.20197672396898272 16 17 13.566926002502443 18302.333984375004 33.500000000000007 18 19 1750.0000000000002 20 21 2.5000000000000004 22 0.20176287740468982 4.5000000000000009 23 24 0.19992741942405703 61.850000381469734 25 26 99.649997711181655 13.909818172454836 22.500000000000004 27 28 29 32.500000000000007 12.822095394134523 30 18.500000000000004 31
decision_type=2 2 2 1 2 2 2 1 1 1 1 1 2 1 1 1 1 1 2 1 2 2 2 1 1 2 1 2 2 1 2 1 1 2 2 2 1 1 2 1 1 2 1 2 2 1 1 2 2 1 1 2 2 2 1 1 1 2 2 1 2 1
left_child=2 3 5 20 9 -1 15 21 45 19 11 25 14 -14 -13 -4 17 18 -6 -3 -2 -5 -10 -24 28 -11 -27 54 46 30 -30 32 -9 -34 -35 37 39 38 -23 -37 -38 42 43 -26 -43 -7 47 -18 49 -12 51 53 -53 -33 55 56 57 -8 60 -60 -22 -62
right_child=1 4 6 7 16 8 27 31 22 10 48 12 13 -15 -16 -17 24 -19 -20 -21 58 35 23 -25 41 26 -28 -29 29 -31 -32 50 33 34 -36 36 40 -39 -40 -41 -42 44 -44 -45 -46 -47 -48 -49 -50 -51 -52 52 -54 -55 -56 -57 -58 -59 59 -61 61 -63
leaf_value=-0.020090485032941599 -0.010921695380415965 0.010204455845302451 -0.0054276810587003642 -0.010259203112096838 0.0057338849328463755 -0.0034566834494224479 0.015198893119841872 -0.00026586277372172716 -0.0055188526631015471 0.00040222896456267157 0.051720823275732901 -0.0026502426868086383 -0.021543518616432639 0.054854130936215051 0.02351207088413608 -0.0018002464250862276 0.062414550411579367 -0.0091061445722747641 0.074875019859338421 -0.0032435134215314798 0.0015554102947353981 0.0094791962108566052 -0.0052346123748546703 0.00076132699896958706 -0.024374758379961142 0.065449734382911726 -0.0062069287458558237 -0.00064219553828916143 0.053681805829575824 0.0049627609344915806 0.0036230819588333723 -0.0018290206038105287 0.0024572034471387039 0.019518884003604957 0.0055839695711351195 0.01306936648522187 0.010637451660605928 -0.0067075133899599905 -0.0022209105947374351 0.0015844201967182524 -0.0038052175327978667 -0.02110248962657919 -0.0029645101367008543 0.051584056538343553 0.0072066087685939062 -0.012541503665301157 -0.0034546951225157933 0.0036932465155330458 0.0068482735462262667 -0.0019046160037648214 -0.0012772502526741127 0.0059808423601322548 0.08244144161216832 0.0029267443346538947 0.0014976124783236836 -0.0011629233049059633 0.0072530026869234154 0.040592673747712443 0.0059075820110690257 0.0010089978146404454 0.013967743027229324 0.0032169546962833155
leaf_weight=3562827.1466798782 2019258.8168830872 5528213.5100135803 45094684.909698486 5950223.2562923431 2975421.2884292603 6662958.041100502 2103007.7842254639 56514841.570240021 61998996.948131561 2726780.8924407959 417497.80569458008 1166131.2239608765 297307.04775238037 1354131.457862854 5063529.2223052979 247906773.73948288 269530.08563232422 5693792.0802574158 107239.78339385986 4708860.3444252014 14665490.154426575 4559781.3256664276 21714887.572392464 32122716.87954998 146220.05242156982 219196.85371398926 148122.41358947754 79537582.35226059 451209.88441467285 3395544.1696853638 426027.90489578247 36109082.703308105 64932003.331977844 3797017.0804252625 20193374.286167145 5586429.3525600433 2006961.6871871948 23564121.731815338 16185782.768936157 9841703.4322662354 19140143.121551514 772393.93859481812 807169.3066444397 868246.58759307861 28229615.402072906 14237038.699749947 12341961.298309326 2510389.3986930847 10400313.962772369 268339.80444335938 97265035.093118668 898366.89074325562 222613.57216262817 63505580.852287292 32268468.68330574 5305870.6095790863 3094995.0074901581 1099050.9058494568 32036354.612236023 56373029.899196625 15878695.400840759 20597468.433105469
leaf_count=195020 18557 23986 984342 81016 19283 230221 21220 545485 1685861 10956 1003 4839 1348 2127 15532 3936170 532 43413 186 23472 103958 51754 575685 802108 977 307 624 1363497 1108 17152 2174 363821 658994 23056 138218 58191 21551 316123 207081 116316 239795 4980 4404 2253 137779 536559 68354 12836 50464 1424 953820 8203 260 583756 437460 73689 43858 7758 255905 475417 95168 141251
internal_value=-3.0695e-05 0.0019122 -0.00234501 0.00124327 0.00610226 -0.0050217 -0.00144317 0.000409063 -0.00462906 0.0102732 0.0131755 0.0180737 0.0233265 0.0411005 0.0186148 -0.00235853 0.00381874 -0.00304887 0.00813914 0.00401865 0.00377866 -0.00201191 -0.00372401 -0.00165708 0.00501897 0.0046942 0.0365556 0.000730105 0.00134434 0.00997397 0.0293706 0.00102118 0.00227864 0.0038958 0.00778948 -0.0014052 0.00101493 -0.00340289 0.00035072 0.00574305 -0.00243453 0.00733109 0.0213164 0.0406353 0.00645267 -0.00964525 -0.00109402 0.0093866 0.00832632 0.0307401 9.75457e-05 0.00142498 0.021165 0.00120284 0.00321805 0.00800268 0.0157256 0.0239148 0.00399137 0.00278407 0.00607844 0.00789696
internal_weight=1.21985e+09 6.63137e+08 5.5671e+08 5.71843e+08 9.12932e+07 1.40299e+08 4.1641e+08 4.30273e+08 1.36737e+08 3.22984e+07 2.20614e+07 1.09752e+07 7.8811e+06 1.65144e+06 6.22966e+06 2.93001e+08 5.89948e+07 8.77645e+06 3.08266e+06 1.02371e+07 1.4157e+08 8.68351e+07 1.15837e+08 5.38376e+07 5.02183e+07 3.0941e+06 367319 1.23409e+08 1.93947e+07 4.27278e+06 877238 3.43438e+08 1.45437e+08 8.89224e+07 2.39904e+07 8.08849e+07 3.65752e+07 4.43097e+07 2.07456e+07 1.54281e+07 2.11471e+07 3.08236e+07 1.82164e+06 1.01447e+06 2.9002e+07 2.09e+07 1.51219e+07 2.77992e+06 1.10862e+07 685838 1.98001e+08 1.00736e+08 1.12098e+06 9.96147e+07 4.38714e+07 1.16029e+07 6.29705e+06 3.20206e+06 1.39551e+08 8.84094e+07 5.11417e+07 3.64762e+07
internal_count=16802657 5909209 10893448 5457696 451513 4025454 6867994 4367440 3830434 136082 88624 35733 23846 3475 20371 4920512 315431 62882 19469 47458 1090256 1091827 3063654 1377793 252549 11887 931 1947482 102156 20434 3282 3275613 1365753 820268 161274 1010811 435853 574958 258835 174507 261346 150393 7634 3230 142759 766780 81722 13368 52891 2427 1909860 956040 8463 947577 583985 146525 72836 28978 1071699 731322 340377 236419
cat_boundaries=0 1 2 3 4 5 6 7 8 9 10 11 12 13 14 15 16 17 18 19 20 21 22 23 24 25 26 27 28 29 30 31 32
cat_threshold=2 4 4 823434 18 2596 77312 131360 4 4 262513 4032 2633 262645 2352 2176 406 1026064 264987 898568 900 8 229386 137229 516 3346 732721 1030 130720 18 329356 156497
is_linear=0
shrinkage=0.05


Tree=64
num_leaves=63
num_cat=51
split_feature=0 0 17 0 17 11 17 11 13 14 13 13 14 13 13 15 13 0 15 3 13 14 15 13 14 15 14 13 15 13 14 3 13 14 13 13 11 1 13 13 14 15 14 13 14 13 13 13 13 15 14 13 14 16 14 13 15 0 13 14 13 14
split_gain=1.99192e+06 736012 442889 385256 309499 304703 284414 260109 249775 240659 311956 240585 233255 354052 345513 232353 230873 225703 225005 223441 688727 517244 472164 300450 341756 304505 258090 250390 205766 255996 267583 203670 202903 201952 397721 201913 201156 218305 511580 267677 289532 254414 238033 196640 195903 298366 194882 187730 181931 180375 177851 175899 169068 168546 207612 165670 198535 321070 461222 251756 234403 213550
threshold=12.57583522796631 13.478944778442385 0 14.622321128845217 1 1.0000000180025095e-35 2 10.844077110290529 3 4 5 6 7 8 9 10 11 11.189863204956056 12 62.250000000000007 13 14 15 16 17 18 19 20 21 22 23 60.250000000000007 24 25 26 27 12.583198070526125 77508.992187500015 28 29 30 31 32 33 34 35 36 37 38 39 40 41 42 43 44 45 46 13.372135162353517 47 48 49 50
decision_type=2 2 1 2 1 2 1 2 1 1 1 1 1 1 1 1 1 2 1 2 1 1 1 1 1 1 1 1 1 1 1 2 1 1 1 1 2 2 1 1 1 1 1 1 1 1 1 1 1 1 1 1 1 1 1 1 1 2 1 1 1 1
left_child=2 4 17 6 16 12 8 48 9 10 18 -5 13 -4 15 31 53 32 -3 20 21 27 -23 26 35 -26 -21 -8 29 -10 -31 46 -1 34 -30 -25 37 39 42 40 -6 -42 -39 -35 -9 -46 -14 -11 -7 -44 -13 -17 -53 54 -2 -38 59 61 -59 -57 -61 -58
right_child=1 3 5 11 36 7 19 44 28 47 -12 50 14 -15 -16 51 -18 -19 -20 23 -22 22 -24 24 25 -27 -28 -29 33 30 -32 -33 -34 43 -36 -37 55 38 -40 -41 41 -43 49 -45 45 -47 -48 -49 -50 -51 -52 52 -54 -55 -56 56 57 58 -60 60 -62 -63
leaf_value=-0.0065974889412954976 0.0022667479173793543 0.0025625440018963181 0.001348609210783328 0.016534755197458856 -0.00010548376638859356 -0.030925846648117618 0.016030822019813748 -0.0046624122835705935 -0.0095371937273416845 0.0045684580362197113 -0.00032575528618253145 0.01388688072488942 0.08216855277423607 -0.0071095325417213362 -0.0016332504281074121 -0.0034833833353036196 -0.0046104810515336537 -0.0057891914459051218 0.022957600372440618 -0.0054953966342703138 -0.0028932271224086986 -0.00055167382123359353 0.039490137244281159 0.0035432620321606476 0.0015414366932479683 0.0085534064367492977 0.0011532671185005428 -0.02462265766927153 0.026949956732168504 -0.013147403928805229 0.013362454611582024 0.0088213370845822998 -0.03182586040241759 0.013082264997729888 0.0079799654944533432 -0.0028591399057939968 -0.001384640520428565 -0.010253817372973024 -0.012801505423181703 0.0013178705728777095 -0.0016283203532867652 0.0097822404928269435 -0.0032268961711125993 0.0028583366389113556 0.00088649739956497223 -0.0037760046537019271 -0.037065249467319039 -0.0072976749124564148 -0.0075593480595416169 0.019456988620381838 -0.00083114695874052312 -0.0053410810310404143 0.0087063145682158092 0.0033774302629319616 -0.012397841047029769 -0.00024915199099269407 -0.0049508863694649879 0.018178879441643522 -0.0038414731935894398 0.00066795123402435725 0.0076703309723341649 0.00043742059912983022
leaf_weight=1566739.4208040237 5187565.5069484711 2112178.4054298401 25993505.148576736 8981262.7428131104 15002698.039896011 1352428.8842754364 781344.26209259033 89537784.75434494 3174670.9746742249 5721378.7218475342 6421126.4915084839 3344464.9432220459 169586.4402589798 23610859.232449532 38621001.497719765 9485103.815577507 47552542.781646729 61590036.64447403 3759161.9580802917 20393599.264278412 6014504.4386062622 952512.29850387573 3242222.3935317993 23983549.379165649 25609069.563632965 39156735.58852005 51346358.884292603 735081.6254196167 4676910.5246658325 1190418.4280395508 4750305.308216095 16744157.498700142 1622199.0757646561 8373740.5862693787 6751974.766166687 25310313.390605927 104861873.87493515 1459297.8123626709 7099309.759513855 89543284.915960312 5740358.4854774475 32784594.138473511 1218383.3261051178 10728691.324653625 62795391.428973198 75647337.484161377 42945.753227233887 7985084.6710777283 2169097.217997551 3121809.0085334778 5313669.4302062988 2757621.6706562042 9593865.0057153702 21604207.597328186 4513403.088470459 39286835.097381592 30019082.3358078 5172416.5726051331 4401432.3804092407 19003591.090837479 32204027.744581223 47458111.774211884
leaf_count=74020 73112 11994 434781 30597 143003 78800 4893 1953849 19997 32175 38563 12522 502 435821 671349 166371 733065 1637895 16901 161440 45909 7023 14462 170314 185380 261969 379183 6664 19069 7758 23845 257630 96025 41939 35591 193814 1243933 15239 75603 851667 54994 278188 11800 59495 1286963 1640467 988 51114 101812 23581 23412 49072 148411 301345 73332 455387 374470 38246 41694 217108 343843 560421
internal_value=0.00011659 0.0015872 -0.00265594 0.003648 0.000468376 -0.00196847 0.00316853 -0.00304819 0.00601978 0.00221116 0.00729084 0.0108014 -6.09948e-07 -0.00267733 0.00171454 0.00504746 -0.00241538 -0.00646076 0.0156206 0.00222095 0.00891508 0.0213505 0.0303977 0.00179848 0.00339307 0.0057808 -0.000736757 -0.00367583 0.00851734 0.00192501 0.00805032 0.0094387 -0.0194312 0.0104855 0.0157429 0.0002559 0.000987121 0.00242834 -0.00380159 0.00299001 0.00578724 0.00808203 0.00721547 0.0073401 -0.00283989 -0.00166117 0.0580775 -0.00234449 -0.0165333 0.0130892 0.00485414 0.00163754 0.00557006 0.000918988 -0.004556 0.000191155 0.00112185 -0.000582889 0.00805537 0.00276172 0.00507169 -0.00165032
internal_weight=1.22134e+09 7.98045e+08 4.233e+08 2.8081e+08 5.17235e+08 3.58521e+08 2.63171e+08 2.31502e+08 6.56456e+07 2.59989e+07 1.22925e+07 1.76394e+07 1.27019e+08 4.96044e+07 7.74143e+07 3.87933e+07 7.88577e+07 6.4779e+07 5.87134e+06 1.97525e+08 1.17257e+07 5.71116e+06 4.19473e+06 1.858e+08 1.1406e+08 6.47658e+07 7.174e+07 1.51643e+06 3.96467e+07 9.11539e+06 5.94072e+06 1.69567e+07 3.18894e+06 3.05313e+07 1.14289e+07 4.92939e+07 4.38377e+08 1.5597e+08 1.28988e+07 1.43071e+08 5.35277e+07 3.8525e+07 5.79949e+06 1.91024e+07 2.27981e+08 1.38443e+08 212532 1.37065e+07 3.52153e+06 4.34019e+06 8.65813e+06 2.18366e+07 1.23515e+07 3.13052e+07 9.70097e+06 2.82407e+08 1.77545e+08 8.7051e+07 9.57385e+06 9.04945e+07 5.12076e+07 7.74772e+07
internal_count=16800810 7766054 9034756 1856023 5910031 7226816 1789492 5061891 358441 150747 67458 66531 2164925 870602 1294323 622974 1180854 1807940 28895 1431051 78951 33042 21485 1352100 811477 447349 540623 11557 207694 51600 31603 259120 170045 156094 54660 364128 4729177 1454075 126223 1327852 476185 333182 50620 101434 4881279 2927430 1490 83289 180612 35381 35934 363854 197483 447789 146444 3275102 2031169 1014831 79940 1016338 560951 934891
cat_boundaries=0 1 2 3 5 6 8 10 11 13 15 16 18 19 21 22 23 25 26 27 28 30 31 33 34 36 37 39 41 43 45 46 47 48 50 51 53 55 57 59 60 61 63 64 65 66 68 69 71 72 74 75
cat_threshold=4 4 2 489738643 27984 301087 136315025 9296 712218508 135846 593496 3048436034 215705 113804467 257644 790 31066461 76035 1816 187026672 157280 328874 396 705627356 58592 702612 3170 311624 134497344 139360 2065 2697005064 33286 8723 1709980194 90724 594784 2722365960 33284 98581024 6658 4043724882 30018 676408964 49331 274656 1280 672010 1619593216 98439 115301 219495941 24217 67108992 108640 268488962 2304 2752375944 13015 1185 47117 37748866 142440 24578 3 821619 3795921186 119303 1422 405684225 141624 306520 277398549 2192 681160
is_linear=0
shrinkage=0.05


Tree=65
num_leaves=63
num_cat=51
split_feature=0 0 2 17 0 13 14 17 17 13 12 3 13 15 14 13 14 14 16 13 0 13 0 13 15 14 13 13 13 14 13 15 16 14 14 2 14 14 14 3 13 13 14 13 13 15 15 13 13 16 14 13 13 15 13 13 14 13 15 14 13 3
split_gain=1.7902e+06 761458 380267 344831 300062 406806 365660 297474 294408 287716 280186 282576 1.0504e+06 419526 429863 395204 448169 331883 277368 252418 243484 266309 214704 220812 208705 266132 237698 211845 198287 197330 233653 194010 440098 367906 244138 227997 320757 313692 191142 245415 215561 191115 191111 342545 289787 272889 198368 433568 294549 311756 220739 183667 183221 181566 371513 214744 195389 179962 178999 304516 214056 180551
threshold=12.57583522796631 13.478944778442385 17.500000000000004 0 14.432618141174318 1 2 3 4 5 1.0000000180025095e-35 64.649997711181655 6 7 8 9 10 11 12 13 11.270053863525392 14 11.426314353942873 15 16 17 18 19 20 21 22 23 24 25 26 39.500000000000007 27 28 29 60.250000000000007 30 31 32 33 34 35 36 37 38 39 40 41 42 43 44 45 46 47 48 49 50 98.850002288818374
decision_type=2 2 2 1 2 1 1 1 1 1 2 2 1 1 1 1 1 1 1 1 2 1 2 1 1 1 1 1 1 1 1 1 1 1 1 2 1 1 1 2 1 1 1 1 1 1 1 1 1 1 1 1 1 1 1 1 1 1 1 1 1 2
left_child=2 7 20 4 19 6 18 52 9 38 11 12 13 14 -5 16 28 -15 -6 31 51 -22 23 -10 25 27 -27 -21 -13 30 -26 32 33 -3 -34 36 -33 -37 39 -4 -41 -18 44 45 -9 -44 48 50 49 -46 -48 -1 -2 54 56 -55 -11 58 -12 61 -61 -60
right_child=1 3 8 10 5 -7 -8 42 22 53 57 15 -14 17 -16 -17 41 -19 -20 24 21 -23 -24 -25 29 26 -28 -29 -30 -31 -32 35 34 -35 -36 37 -38 -39 -40 40 -42 -43 43 -45 46 -47 47 -49 -50 -51 -52 -53 -54 55 -56 -57 -58 -59 59 60 -62 -63
leaf_value=-0.0034928295414758102 -0.0023809238787103025 0.085086839204590675 0.064937951086380494 0.058713021711676666 0.015328984892999399 0.0074454420583669372 0.0082374278025865773 -0.00013862436791678998 -0.0028632816527251648 0.010102299623771606 -0.0040442134987053414 -0.013316970585020108 -0.0016581296455820604 -0.020658049535115772 0.014083598415589302 0.00043574864423660755 0.018957145611943758 0.027735783955532896 0.058663439801870866 0.003760050969348918 -0.0018659597353570499 -0.0067077105538611214 -0.0025239164704676628 -0.014786287783335753 0.011621308439401672 -0.007072205153352381 0.0087886370898175806 0.02489014283025354 0.0035654566706789163 -0.006046400897499556 -0.0045433623286859313 0.017404662558079563 0.008691706339958194 -0.0094367156956474026 -0.0063463748260515962 0.03587329909572997 0.0001292945135221993 0.012094476191485497 0.0012039218892710122 0.013710637166604301 0.00074258111128361511 0.0086533813479203036 0.0064952669351172124 -0.0023457444969437495 0.017903567052429379 -0.00063280268110599703 -0.0048018444705613126 -0.0018653869561526652 0.0030871526261688886 0.0050567243493547841 0.012410867485056008 -0.01986078907875025 0.00023296126373730116 -0.0082065872938797101 -0.0036035354712769759 -0.001209827000238568 0.0011780406445060037 0.0028389605633520891 -0.0083099670438329873 0.0086674851673295816 1.555956381377563e-05 0.02766297549929549
leaf_weight=2722117.0983829498 114112914.56925583 294209.30324935913 189914.72914123535 1725222.4425506592 534942.0311126709 5328928.684967041 1088032.2775268555 46839460.156812668 7923781.5781669617 10640023.310745239 25479142.443069458 2395708.5791816711 5315933.0834350586 522973.1653137207 785096.40356445312 37444081.611671448 7314024.9745140076 1098262.2921257019 1192389.8302230835 1992049.3497543335 54079390.082304001 59809554.265021324 145837176.96125793 7615215.8729915619 4889941.0332946777 4101300.5360603333 5570586.6165542603 2932264.7730064392 6347318.5056381226 9697959.7695007324 4118220.8280105591 4795773.5123100281 5796081.1278038025 158350.00623703003 5050798.637462616 2026901.0585174561 6110584.6488265991 4393009.1761360168 28307637.254655838 6893335.2996263504 5988279.9353961945 11698449.132461548 27913716.692789078 64046971.60392189 9973658.7160148621 25872183.799461365 2245000.2756919861 23331938.910200119 19687852.739873886 8969200.8939170837 10935168.457210541 4627380.098742485 162524753.32702637 16815551.718141556 25567290.723347664 31527588.330370903 14480335.563464165 72904582.200733185 8359339.6461639404 12830628.648197174 16144079.296329498 363997.19947814941
leaf_count=104671 1491825 234 1187 4353 1656 19130 3757 473299 303267 171593 208053 16821 34050 3899 4187 235770 35942 4949 1720 11478 1105252 1295303 3164854 330198 25710 26298 30370 12963 38309 61436 25809 23212 30957 1009 31195 7323 35766 21800 496372 105518 105479 67379 261789 661048 80495 261337 23720 236018 190313 84033 94848 208152 2053055 328156 480378 579608 258021 539104 70880 91277 127100 2061
internal_value=1.64133e-05 0.00141142 -0.00261269 0.00350703 0.00654555 0.0155679 0.030942 0.000272014 -0.00166252 1.17162e-05 0.00249665 0.00495829 0.0130399 0.0319512 0.0447554 0.00378726 0.00830869 0.012125 0.0452432 0.005359 -0.00497785 -0.00440864 -0.00311923 -0.00870642 0.00239944 0.00688039 0.00206295 0.0163423 -0.00106057 -0.00109701 0.00423138 0.00880207 0.00370491 0.0520137 0.0016893 0.0121262 0.00772568 0.019602 0.00351316 0.00851404 0.00768218 0.0126172 0.00156085 0.00012473 0.00294811 0.00306651 0.00487219 0.00222972 0.00736974 0.0118208 0.009479 -0.0137984 -0.000845265 -0.00145133 0.000639496 -0.00364356 0.00495802 0.00114633 -0.000806923 0.00138108 0.00384682 -0.00680892
internal_weight=1.22028e+09 7.97254e+08 4.23025e+08 2.80801e+08 7.00723e+07 8.14429e+06 2.81536e+06 5.16453e+08 3.01786e+08 1.4041e+08 2.10729e+08 7.46471e+07 9.44749e+06 4.13155e+06 2.51032e+06 6.51996e+07 2.77555e+07 1.62124e+06 1.72733e+06 6.1928e+07 1.21238e+08 1.13889e+08 1.61376e+08 1.5539e+07 3.33023e+07 1.45962e+07 9.67189e+06 4.92431e+06 8.74303e+06 1.87061e+07 9.00816e+06 2.86257e+07 1.12994e+07 452559 1.08469e+07 1.73263e+07 1.09064e+07 6.41991e+06 4.13792e+07 1.30715e+07 1.28816e+07 1.90125e+07 2.39815e+08 1.17833e+08 1.21982e+08 5.37859e+07 7.51428e+07 3.65121e+07 3.86307e+07 1.89429e+07 1.31802e+07 7.3495e+06 2.76638e+08 9.90308e+07 5.06876e+07 4.83431e+07 2.51204e+07 1.36082e+08 6.31772e+07 3.7698e+07 2.89747e+07 8.72334e+06
internal_count=16805746 7767737 9038009 1855957 371823 26263 7133 5911780 6324631 2526312 1484134 445659 51438 17388 8540 394221 158451 8848 3376 345560 2713378 2400555 3798319 633465 194064 81109 56668 24441 55130 112955 51519 151496 63395 1243 62152 88101 58978 29123 708556 212184 210997 103321 2366900 1184174 1182726 523126 709427 354586 354841 164528 118568 312823 3544880 1817756 909992 907764 429614 1038475 499371 291318 218377 72941
cat_boundaries=0 1 3 4 5 6 8 10 11 12 14 15 16 17 19 21 23 24 25 27 29 31 32 34 35 36 37 38 39 40 41 43 45 46 48 50 51 52 54 56 57 58 60 62 63 65 67 68 70 71 72 74
cat_threshold=2 538198093 101000 680614 13 18 2484359520 23040 1129187760 86560 2420 34791 78778955 133471 100756 78694 41 4169673319 37478 650223771 119623 1341917601 119174 3240 365058 70358288 204816 122798472 17408 1179714 12 690552 38258048 131352 3608 64 327716 568501 530765 164904 360710 269750304 4608 70389824 8 623511 1382570182 70123 39856447 70626 1512 903 85311488 132100 3104314560 16409 13 524290 2389855174 8 3559224098 878 435 142672927 204985 8455192 73903 422177 3322808007 167227 2402 196629 2147485319 164096
is_linear=0
shrinkage=0.05


Tree=66
num_leaves=63
num_cat=44
split_feature=0 0 12 11 11 11 0 13 13 3 13 14 13 15 4 14 13 15 5 13 3 15 1 14 15 14 1 15 13 14 13 13 14 13 13 16 13 3 15 13 13 3 13 13 14 13 0 15 15 13 3 15 13 15 13 15 5 15 13 14 13 15
split_gain=1.54686e+06 708749 359055 325068 318787 297987 276405 304241 278929 325077 392513 259857 424649 273284 251108 559734 287716 232170 257090 226967 226120 334008 331570 241208 225800 225734 223734 216572 205038 203606 195503 192707 192081 311874 264965 308642 326831 298751 218410 261649 211492 185593 369168 232842 284352 301571 272077 257647 218766 237640 269154 187944 182460 225335 181727 179196 171149 170765 288280 170558 278034 210708
threshold=13.302617073059084 12.272974491119387 1.0000000180025095e-35 1.0000000180025095e-35 12.272423267364504 10.844077110290529 14.096644878387453 0 1 61.45000076293946 2 3 4 5 1.0000000180025095e-35 6 7 8 1750.0000000000002 9 79.649997711181655 10 217355.42187500003 11 12 13 9354.8144531250018 14 15 16 17 18 19 20 21 22 23 72.250000000000014 24 25 26 72.250000000000014 27 28 29 30 13.651602268218996 31 32 33 99.649997711181655 34 35 36 37 38 7500.0000000000009 39 40 41 42 43
decision_type=2 2 2 2 2 2 2 1 1 2 1 1 1 1 2 1 1 1 2 1 2 1 2 1 1 1 2 1 1 1 1 1 1 1 1 1 1 2 1 1 1 2 1 1 1 1 2 1 1 1 2 1 1 1 1 1 2 1 1 1 1 1
left_child=1 3 6 19 32 31 7 -2 14 10 -10 12 17 -14 25 16 -16 -9 -19 -1 28 22 -22 -23 -18 27 57 -8 -13 -30 -29 -5 33 55 -34 36 37 -36 39 -37 -40 42 -4 44 45 46 51 -48 -46 50 -50 -43 53 -27 -6 -3 -51 58 -21 60 61 -28
right_child=2 4 41 5 54 -7 8 11 9 -11 -12 20 13 -15 15 -17 24 18 -20 26 21 23 -24 -25 -26 52 59 30 29 -31 -32 -33 34 -35 35 38 -38 -39 40 -41 -42 43 -44 -45 48 -47 47 -49 49 56 -52 -53 -54 -55 -56 -57 -58 -59 -60 -61 -62 -63
leaf_value=-0.0034846869317393817 0.00075979997483257644 0.0067972494948407725 -0.0049489680928406724 -0.0043305999790821904 -0.00215380116340051 -0.0041595103235086521 -0.010745544200501804 -0.0023352286589005591 0.070189714328709532 0.0031290187592335691 0.0031971245590717485 -0.0077551345171358648 -0.0069308593283828063 0.010638549451048225 0.0010566605690796372 0.0015235889992302543 -0.015686937811444337 0.039024986094298345 0.017248843766958805 0.0075385294532687094 0.011609557090307115 0.0095655582386595921 0.045335283863784742 -0.0053034899398089683 0.057387619576838023 0.032692670084016509 -0.0069560167409403531 0.0052264951207698605 -0.0078585909783206297 0.0076638688774079144 0.028348601524152583 -0.026347094548517032 0.00022543523250202004 -0.0039656065648575158 0.021092119321663029 0.014484238257140215 0.002890542152139474 0.0079423974332053296 0.0046979845663266233 5.3926072621450062e-06 -0.0052138589919609466 0.0085911471403512345 0.0024632867285646438 0.00065423788687094203 0.0019618905267579497 -0.0034143719107938538 -0.0089181436617144488 0.013440114890187545 0.013299412904010348 0.0093631042126607056 0.059309663360658099 -0.0076219905131847503 -0.0077315082345436386 -0.0015815880390912286 4.7080567711788797e-05 -0.00045053622781610265 1.0257250330039169e-05 0.0050470581005560428 -0.010273807379015227 -0.0087942382599050812 -0.010306739288762367 0.027663830237463435
leaf_weight=43905313.6040411 46968683.640068054 15190217.612796783 28016951.797828674 1637329.4063997269 171062946.82098579 168582747.7151289 586106.6661529541 1059751.6584701538 409606.60456085205 14836209.673915863 468990.98217010498 6043452.8203735352 3566856.5978126526 5832406.7727355957 329174.61877441406 1313481.8856887817 113625.53840637207 1811559.3010063171 5382517.6722106934 3950073.9723596573 8253541.0542488098 5098083.6380691528 799355.42406463623 5865626.2603340149 1518507.1981582642 843802.34762573242 642902.81688499451 1291077.9773178101 2839150.5892333984 8254805.6657943726 3131884.9194412231 2529196.4217185974 63038002.158760071 34970858.677257538 6475168.4953708649 5762833.2982826233 17417658.74238205 12973283.01300621 8542372.1461296082 6804539.5774803162 14545643.982841492 2815722.8566131592 41950785.950172424 82533900.381561279 15568052.132556915 18695985.116851807 1484262.0249443054 9770001.5476150513 12562222.677906036 12920588.535507202 326108.70901870728 4894568.4911155701 2221240.1214904785 1110877.3999328613 207638531.03678131 19445310.874109268 7871099.1730766296 30151911.719274521 5345320.3171958923 7968600.5115375519 1791740.9679698944 1389254.6434392929
leaf_count=938966 327399 160723 234036 77353 2455119 4343839 2874 7418 513 67154 2100 45089 26186 35767 1427 5730 559 7525 30196 75264 50230 31662 2969 42388 2738 2382 12866 5399 20930 51994 9832 147665 715429 415414 57144 55482 189805 133521 90473 76232 172332 24015 322295 649757 119988 152317 10748 55698 85446 91475 1040 49038 10561 4843 2882457 222233 61356 586830 120777 163157 37357 18748
internal_value=0.000107766 -0.00106411 0.00281017 -0.00319339 -8.71397e-05 -0.00448598 0.00492613 0.00371285 0.00930889 0.00487903 0.0344302 0.00624356 0.0112383 0.00397126 0.014896 0.0267836 0.0436999 0.0195138 0.0227323 -0.000846513 0.0038704 0.00747963 0.0145875 0.00161056 0.0523003 0.0106577 0.00141403 0.0178146 -0.000345201 0.00369138 0.0215992 -0.0176953 0.00150016 -0.000634852 0.00259644 0.00465738 0.00786523 0.0123205 0.00134061 0.00664475 -0.00154656 0.00166164 -0.000504779 0.00255621 0.00436244 0.00109191 0.00553438 0.0104914 0.00686345 0.00912912 0.0144636 -0.00170111 0.00207281 0.0132141 -0.000947078 0.00272815 0.0058224 0.00322048 -0.00270446 -0.00462876 0.00405166 0.0167114
internal_weight=1.22112e+09 8.51762e+08 3.69361e+08 2.67894e+08 5.83867e+08 1.72749e+08 1.2995e+08 1.01776e+08 2.81746e+07 1.57148e+07 878598 5.48071e+07 1.76531e+07 9.39926e+06 1.24598e+07 3.27479e+06 1.96131e+06 8.25383e+06 7.19408e+06 9.51451e+07 3.7154e+07 2.00166e+07 9.0529e+06 1.09637e+07 1.63213e+06 9.18499e+06 5.12398e+07 5.00907e+06 1.71374e+07 1.1094e+07 4.42296e+06 4.16653e+06 2.05166e+08 6.96064e+07 1.3556e+08 7.25215e+07 3.68661e+07 1.94485e+07 3.56554e+07 1.25674e+07 2.3088e+07 2.3941e+08 6.99677e+07 1.69443e+08 8.69086e+07 3.76605e+07 1.89646e+07 1.12543e+07 4.92481e+07 3.368e+07 1.28883e+07 7.71029e+06 4.17592e+06 1.95468e+06 3.78701e+08 3.46355e+07 2.07917e+07 3.94473e+07 9.29539e+06 1.17925e+07 3.8239e+06 2.03216e+06
internal_count=16802260 14149186 2653074 6522822 7626364 4568857 795865 679753 116112 69767 2613 352354 107092 61953 46345 10454 4724 45139 37721 1953965 245262 127249 53199 74050 3297 35891 1014999 18105 118013 72924 15231 225018 2288788 798370 1490418 774989 380470 190665 394519 131714 262805 1857209 556331 1300878 651121 291816 139499 66446 359305 239317 86486 73053 17786 7225 5337576 382956 152831 782871 196041 232128 68971 31614
cat_boundaries=0 2 4 6 7 9 10 11 13 14 16 17 18 19 20 21 23 24 26 28 29 31 33 34 36 37 39 41 43 45 46 48 49 50 52 53 55 56 58 59 60 62 63 65 66
cat_threshold=3393965333 166291 3425317442 206597 16793872 4128 133576 269758600 8296 3240 285475 2105920 132096 72 3893285516 168444 283 626708 1032 767046 12 605036680 4196 630784 1140985856 66049 1520566834 114984 823592 2658053582 98433 2804591839 76864 42 1074090496 53638 163 415252736 147760 273678368 555 768202960 33063 502978589 45101 713506 284313605 32772 2112 3075 222334976 4129 864 3223851008 132608 1352 1383524744 106551 327 2561 35652912 19458 137313 340852816 28160 3424
is_linear=0
shrinkage=0.05


Tree=67
num_leaves=63
num_cat=47
split_feature=0 17 0 2 17 0 13 13 14 2 13 15 14 15 13 16 13 13 13 14 2 13 16 13 1 1 2 14 13 1 13 14 13 16 14 13 3 15 1 13 13 12 17 13 13 14 13 14 15 2 14 15 14 13 13 14 13 14 15 13 14 1
split_gain=1.37328e+06 749543 690691 335724 324040 300391 288275 287460 257335 246799 244777 239942 210068 333188 387233 321433 276665 247444 209976 221937 267127 238856 318043 294880 227634 385160 208482 208178 229741 242405 203535 255744 391907 272322 342641 247832 314450 315761 252580 241782 197581 193854 230684 252027 198967 220307 181010 179300 179024 283443 178806 175911 282739 241984 170842 272654 170831 231846 264202 229891 343804 294457
threshold=13.357542037963869 0 11.804008960723879 44.500000000000007 1 14.096644878387453 2 3 4 18.500000000000004 5 6 7 8 9 10 11 12 13 14 4.5000000000000009 15 16 17 55212.890625000007 64241.992187500007 42.500000000000007 18 19 7395.5212402343759 20 21 22 23 24 25 72.850002288818374 26 10928.214355468752 27 28 1.0000000180025095e-35 29 30 31 32 33 34 35 43.500000000000007 36 37 38 39 40 41 42 43 44 45 46 23284.316406250004
decision_type=2 1 2 2 1 2 1 1 1 2 1 1 1 1 1 1 1 1 1 1 2 1 1 1 2 2 2 1 1 2 1 1 1 1 1 1 2 1 2 1 1 2 1 1 1 1 1 1 1 2 1 1 1 1 1 1 1 1 1 1 1 2
left_child=1 18 9 41 5 30 8 50 10 -3 11 -7 15 14 -14 -8 -17 -15 19 20 -1 24 23 -23 -22 -26 -16 28 29 -9 51 32 48 39 -35 36 38 -38 -33 -34 -11 44 43 -43 45 -4 47 -44 49 -32 -5 54 53 -53 55 -2 57 -6 59 60 -59 -62
right_child=4 2 3 7 56 6 12 27 -10 40 -12 -13 13 17 26 16 -18 -19 -20 -21 21 22 -24 -25 25 -27 -28 -29 -30 -31 31 35 33 34 -36 -37 37 -39 -40 -41 -42 42 46 -45 -46 -47 -48 -49 -50 -51 -52 52 -54 -55 -56 -57 -58 58 -60 -61 61 -63
leaf_value=-0.0071258248694043309 -0.0031639512063890555 -0.010550386500002864 0.001180474767509267 0.0016607348005194976 0.00064912218591152242 -0.01268180071432597 -0.0067001834319786388 0.004892632707614036 -0.0024477746320961916 -0.00080269791644205181 -0.0003022370058707252 0.042522605842546461 -0.0042673389155436373 0.016592820425045039 0.019498511512296909 0.0084961729888275214 0.032718847840677627 -0.017136123218784906 -0.00012172835551656578 0.00070323914289608985 0.0094445435987376251 -0.0023138019462943496 0.00098732176525773087 0.020203759058820232 0.063822749991703301 -0.024375055679605767 0.052808672160102203 0.00030834456568122788 0.0020570889205003958 0.017269037225753799 -0.0020345584628760909 0.086141234614875328 -0.019755359902862476 0.034718846295482046 0.0042221436637197322 -0.0025570567490620583 0.021088173242290675 0.0034861921926704949 -0.0065856423624567027 0.030888979575700123 -0.0068839492969999128 -0.0024413780076784674 0.0040839987085708974 -0.0091345907279501704 0.0011250047684894546 -0.0046220130455534815 -0.0028599360515962294 -0.0019615625803204944 -0.0065785755701639435 0.035687753928910444 -0.0038011435591834386 0.018628236220132984 -0.0076316587205835108 -0.0055616727430405737 -0.001749991530140363 0.022881726291993035 0.0007957542518304524 0.030691098008290441 0.0030814669344757174 0.0062316414367466913 0.026216093360417303 -0.0024819261066667008
leaf_weight=4107109.1610069275 1641247.8167572021 23752255.179325104 25682209.545881271 23536407.293146133 40945098.44102478 243079.03498077393 876528.4513092041 10151263.740567207 5671785.5643844604 22184675.65387249 1081611.5608901978 1034594.378288269 1122965.5580062866 826359.99855041504 1202426.3063049316 1650682.6764984131 4124066.8842773438 1590025.6912765503 106399137.73727417 54665494.091778755 19516995.746829033 2116675.83639431 26158783.653330803 4643514.1612262726 458709.12113571167 169533.80406570435 770891.66049957275 46737603.836435318 23798999.449626923 6483019.0688056946 1357532.9355621338 74872.922302246094 252499.70795059204 1148888.4663009644 4643788.6693878174 11852485.610176086 4861639.1062927246 5353504.4978218079 3835253.7689247131 3534965.1659393311 33565571.099388123 29174491.247098923 20949010.536111832 27155125.373448372 79955092.341688156 45058293.879234314 171645932.14803505 29584273.612112045 3465978.8696975708 786476.97750091553 41239042.996995926 2291219.738243103 10682825.123413086 1883904.5782852173 3873731.4281349182 2591144.5809364319 161214836.68431473 2935998.9307289124 34667582.195774078 11685666.341884613 1407032.2153968811 2450644.3743400574
leaf_count=60082 11060 815802 337222 344763 307748 1122 3906 161920 25492 672363 4798 2411 5003 2967 4185 6412 11202 7960 1441450 720488 233546 28783 344620 49155 1523 1848 1525 688892 343782 58763 9029 74 1969 4640 28296 78114 24280 33181 26222 15414 1094064 586899 309970 587561 1046112 627433 2748847 465861 23814 3197 639535 12202 76164 13159 26085 13065 1222180 14908 252233 82506 8578 17863
internal_value=-2.87491e-05 -0.0010722 -0.00191142 -0.00131346 0.00267144 0.00535871 0.0106767 0.000706316 0.00332472 -0.0062824 0.0172019 0.0320199 0.0155307 0.00831319 0.0191723 0.0215126 0.0257949 -0.00560142 0.00146834 0.00298109 0.0051591 0.00610994 0.00348572 0.0131533 0.0103981 0.0400222 0.0325112 0.00258102 0.00520805 0.00971619 0.0036841 0.00578786 0.0109415 0.0170873 0.0102707 0.00277434 0.00724791 0.0118634 -0.00481007 0.0275126 -0.00446404 -0.0020285 -0.00281014 -0.00566801 -0.000583912 -0.00251543 -0.00208558 0.000544678 0.000446408 0.0118029 -0.00181655 -8.734e-05 -0.0033197 0.00771325 0.00583733 0.0127817 0.00178384 0.00347681 0.0056553 0.0104839 0.017798 0.00798524
internal_weight=1.21852e+09 8.78889e+08 6.60653e+08 5.81151e+08 3.39634e+08 8.4327e+07 2.0195e+07 1.51946e+08 8.03107e+06 7.95025e+07 2.35928e+06 1.27767e+06 1.21639e+07 5.51267e+06 3.09628e+06 6.65128e+06 5.77475e+06 2.41639e+06 2.18236e+08 1.11837e+08 5.71713e+07 5.30642e+07 3.2919e+07 6.76019e+06 2.01452e+07 628243 1.97332e+06 8.71709e+07 4.04333e+07 1.66343e+07 6.4132e+07 4.11679e+07 1.51901e+07 9.58014e+06 5.79268e+06 2.59778e+07 1.41253e+07 1.02151e+07 3.91013e+06 3.78746e+06 5.57502e+07 4.29204e+08 2.78509e+08 5.63296e+07 1.50696e+08 7.07405e+07 2.22179e+08 5.05333e+07 5.60999e+06 2.14401e+06 6.47755e+07 2.29641e+07 1.48579e+07 4.17512e+06 8.10612e+06 4.23239e+06 2.55307e+08 9.4092e+07 5.31469e+07 1.84793e+07 6.79368e+06 3.85768e+06
internal_count=16794248 14411284 11529789 8947560 2382964 476948 76983 2237655 33823 2582229 8331 3533 43160 21640 10713 21520 17614 10927 2881495 1440045 719557 659475 422558 77938 236917 3371 5710 1253357 564465 220683 399965 248230 86359 50319 32936 161871 83757 57461 26296 17383 1766427 6709905 4699138 1174460 2010767 964655 3524678 775831 36040 12226 984298 151735 101525 25361 50210 24125 1906016 683836 376088 123855 41349 26441
cat_boundaries=0 1 2 4 6 7 9 10 11 12 14 15 17 19 21 22 24 25 27 28 30 32 33 35 36 37 39 40 42 44 45 47 49 50 52 53 54 55 56 57 59 61 62 64 65 66 68 69
cat_threshold=2 2 935955858 51524 2407828148 45428 614464 642253058 260 2752 680870 3252 1073766445 75273 65 1210454016 139282 1074004001 139281 123570789 165535 812438 5767716 132608 72 50626560 32769 366769 805908483 147584 2501053833 72976 329004 1214259296 49322 76 8 1751654500 57512 428 32768 4 489709936 30764 4 2560236627 224724 532402433 11926 67789 2298786320 16416 176199 561 665153 1128 135320 2417036417 4096 16844041 68608 796060 515289224 18452 1018018 450 168951808 16388 16913
is_linear=0
shrinkage=0.05


Tree=68
num_leaves=63
num_cat=36
split_feature=0 17 2 11 0 0 0 13 11 13 13 13 13 13 17 15 13 13 6 2 0 13 13 15 13 15 11 15 15 13 2 15 13 13 16 13 16 3 5 15 15 4 13 2 3 15 13 4 16 13 15 3 1 13 13 1 13 1 1 6 3 0
split_gain=1.34048e+06 582437 431740 350051 266102 258434 239944 354541 234255 242021 211957 210587 204077 202063 194963 244866 405979 266722 183732 179799 176459 230494 211175 232449 261222 176186 217014 171028 169304 168465 209291 238848 365392 339447 221755 201285 268040 201287 184262 181455 168242 167392 205946 166840 237211 405628 389160 212610 183959 165686 161387 157804 156635 550042 156547 151772 148727 144175 315783 141836 140801 138231
threshold=13.328171253204347 0 27.500000000000004 13.327361583709719 12.000998973846437 11.707505702972414 14.622321128845217 1 1.0000000180025095e-35 2 3 4 5 6 7 8 9 10 40.500000000000007 46.500000000000007 12.085606575012209 11 12 13 14 15 12.805435180664064 16 17 18 29.500000000000004 19 20 21 22 23 24 88.250000000000014 1750.0000000000002 25 26 1.5000000000000002 27 31.500000000000004 90.250000000000014 28 29 2.5000000000000004 30 31 32 75.450000762939467 44175.914062500007 33 34 51569.533203125007 35 13427.647949218752 14429.033691406252 9.5000000000000018 93.450000762939467 10.566581249237062
decision_type=2 1 2 2 2 2 2 1 2 1 1 1 1 1 1 1 1 1 2 2 2 1 1 1 1 1 2 1 1 1 2 1 1 1 1 1 1 2 2 1 1 2 1 2 2 1 1 2 1 1 1 2 2 1 1 2 1 2 2 2 2 2
left_child=1 4 5 6 10 49 13 27 9 -4 -1 -7 19 43 29 16 -16 -17 57 59 21 -10 25 54 -25 26 -22 41 -21 -5 35 32 34 38 -32 36 40 50 -33 -38 -31 42 -8 44 47 -46 -47 48 -2 -3 -37 -34 -45 -54 -24 -35 -20 -18 -59 -6 -27 -51
right_child=3 2 8 14 12 11 7 -9 20 -11 -12 -13 -14 -15 15 17 18 -19 56 28 22 -23 23 24 -26 60 -28 -29 -30 30 31 33 51 55 -36 37 39 -39 -40 -41 -42 -43 -44 52 45 46 -48 -49 -50 61 -52 -53 53 -55 -56 -57 -58 58 -60 -61 -62 -63
leaf_value=0.00038872506337065955 -0.0044961197035287585 -0.012208002768570918 -0.0011157738527060874 0.00020135119498120125 -0.0090074963421585899 -0.00016550597147176445 -0.0050556391385569791 0.0036467130101529633 0.0012520919697814547 0.0034581814681210292 -0.011237196639567584 -0.0028277666750321827 -0.004669652760537284 0.0021035584111207283 -0.0049301516948920682 -0.0090731293076031696 -0.01171112680477282 -0.00031593124169196774 0.004229387707201839 0.015565955012987995 0.001233698158202376 -0.0053135254143949952 0.0044427720968156633 -0.0065334457274595862 -0.00035587009874047 0.0014544347201853882 0.0092255842651482369 0.012933316838998577 0.0009150233984725354 0.024236745834111402 0.052539935307425435 0.022393367025056427 -0.0050935374229005145 -0.0023356774864684605 0.014612337430581691 -0.0041548398667294786 -0.0071762395365775238 -0.0080924613366621413 0.0064639675136267463 0.0059122968714635897 0.0073246955526183712 0.066130458970622058 0.042327316903231639 0.0081992331914700744 -0.011669259569861264 0.0010048605454272737 0.026365569501241637 -0.017841663433748892 0.0055043945261396936 -0.027739068829725867 0.0047525846790277271 0.0075712790881510327 0.054398719871571126 -0.014828806447258633 -0.00099781418844248262 0.016689474372380497 -0.023467941301553927 0.036766362898793779 0.0066023970103571946 -0.00015767962308506481 -0.0063298870391970893 -0.0034360317523022608
leaf_weight=4902850.9233064651 6793374.0489006042 8437244.9765176773 40543890.136118889 56538164.746517181 5734255.1280002594 151327113.91340828 319840.97978210449 3355380.705696106 21441265.221699715 100880684.0436554 19565172.017165184 145891400.87710571 71579136.73018074 59906494.025772095 13608158.264003754 14017894.974205017 986839.91814041138 22898304.581924438 1014209.3578033447 3124865.0404720306 17838741.151191711 35499303.071820259 24614819.745571136 28702035.889734268 42380045.547943115 38530820.220836639 16215877.109809875 1081219.0075912476 5344168.3032360077 2377167.9251289368 399247.62912368774 2368615.9801254272 3792961.9508247375 17436798.300231934 11100562.333370209 8428119.3715629578 4330242.8667259216 7983759.42993927 7773147.8129768372 6816517.1550712585 3855881.3164215088 412509.49664306641 810335.23038482666 27326860.981235504 1575688.289440155 2451986.8948554993 3948713.0606536865 1401204.6875038147 14232837.396636963 600273.60839366913 12820401.251945496 6996498.8321647644 716876.79001617432 478414.1166229248 28566323.510902405 1115331.0439605713 928291.13340377808 904009.47938537598 21581638.323951721 21513287.806886673 6840289.3829078674 23137455.073951721
leaf_count=162192 45927 281353 546699 402872 110274 2160860 1268 12752 545576 1280615 734080 2161419 1331792 383921 133543 141851 12055 212846 8882 45134 275119 968788 321002 416727 577642 510478 159502 3649 90882 12840 1275 12603 27306 125986 64404 62703 33142 61327 49633 45812 25614 518 1766 159917 11395 15703 18496 10793 86597 35754 86797 44155 1407 2404 390911 3886 10483 6082 182194 380411 97822 691090
internal_value=-7.87456e-05 -0.00114226 -0.000591021 0.00250812 -0.00420232 -0.00193309 0.00464017 0.0144135 0.000508503 0.00214691 -0.00890762 -0.00147229 -0.00312931 0.00414841 0.00135151 -0.000722103 0.00203942 -0.00364123 0.00577119 -4.2327e-05 -0.00038054 -0.00284121 0.000307331 -0.000979782 -0.0028503 0.00232105 0.00503921 0.0281816 0.00632088 0.00237315 0.00363131 0.00584525 0.00972822 0.00282897 0.0159291 0.00120975 0.00547098 -0.00132373 0.0101843 0.00082772 0.0137747 0.0388684 0.0289182 0.00622729 0.00365042 0.011056 0.0166504 0.00101659 0.00227332 -0.00618972 0.0012195 0.00311905 0.00897417 0.0266908 0.00152035 -0.00119191 -0.00900684 0.00699417 0.0078151 -0.00202013 0.000280846 -0.0040506
internal_weight=1.2181e+09 8.63211e+08 7.31448e+08 3.54884e+08 1.31764e+08 3.29393e+08 1.24812e+08 5.97929e+06 4.02054e+08 1.41425e+08 2.4468e+07 2.97219e+08 1.07296e+08 1.18832e+08 2.30073e+08 7.59393e+07 3.90231e+07 3.69162e+07 2.5415e+07 3.57166e+07 2.6063e+08 5.69406e+07 2.03689e+08 1.24263e+08 7.10821e+07 7.94257e+07 3.40546e+07 2.6239e+06 8.46903e+06 1.54133e+08 9.75953e+07 5.09832e+07 2.22893e+07 2.86939e+07 1.14998e+07 4.66121e+07 1.73798e+07 2.92323e+07 1.01418e+07 1.11468e+07 6.23305e+06 1.54269e+06 1.13018e+06 5.8926e+07 3.04038e+07 7.97639e+06 6.4007e+06 2.24274e+07 2.10262e+07 3.2175e+07 2.12485e+07 1.07895e+07 2.85222e+07 1.19529e+06 5.31811e+07 1.85521e+07 1.9425e+06 2.34725e+07 2.24856e+07 2.72475e+07 4.53711e+07 2.37377e+07
internal_count=16800926 14276122 11421357 2524804 2854765 5330476 756513 19953 6090881 1827314 896272 4322279 1958493 736560 1768291 707936 353239 354697 219696 626701 4263567 1514364 2749203 1706282 994369 1042921 434621 7201 136016 1060355 657483 329248 137140 192108 65679 328235 117408 210827 62236 78954 38454 3552 3034 352639 188911 45594 34199 143317 132524 1008197 149500 71461 163728 3811 711913 129872 19365 200331 188276 490685 608300 726844
cat_boundaries=0 1 3 5 7 9 11 13 14 15 17 19 21 23 24 26 27 28 29 31 32 34 36 37 39 40 41 42 44 45 47 48 50 51 53 55 57
cat_threshold=4 82063744 211122 546481669 41264 218236929 1664 3809848983 27178 6045742 22858 395557544 91940 19 2830 46931609 133480 3845226531 93203 2618378652 6248 2240460353 1303 2698 1611661710 141352 2325 1508 664 2904044228 25650 1504 1378288697 2564 48235522 135304 64 2148610 33097 9 2497 664 4202624 77858 2088 101812224 66340 76 2148030616 108578 837 92284928 74496 1612712334 14376 2685607970 57351
is_linear=0
shrinkage=0.05


Tree=69
num_leaves=63
num_cat=47
split_feature=0 17 0 17 0 13 0 13 14 13 13 13 1 14 13 16 13 3 14 15 14 15 13 14 13 15 14 13 1 13 13 14 15 15 1 13 15 13 13 6 13 13 14 15 13 14 14 13 13 16 14 13 0 15 15 13 3 13 4 6 12 11
split_gain=1.23134e+06 596907 339054 317269 292530 255414 233104 231755 226481 343808 220964 198168 198535 244224 296353 203954 190416 184225 364718 374944 198484 233586 185197 176911 180618 174192 168588 234527 206018 497432 288372 305668 269247 196832 167073 168879 163160 162822 160285 159127 456778 165739 313266 171156 218953 211169 191221 432441 251110 164095 158486 232371 222181 247865 246862 205269 217971 220953 197317 155938 154730 153470
threshold=12.448048114776613 0 14.096644878387453 1 13.478944778442385 2 10.36855983734131 3 4 5 6 7 64241.992187500007 8 9 10 11 96.049999237060561 12 13 14 15 16 17 18 19 20 21 32937.710937500007 22 23 24 25 26 48353.630859375007 27 28 29 30 12.500000000000002 31 32 33 34 35 36 37 38 39 40 41 42 13.276327610015871 43 44 45 95.750000000000014 46 1.0000000180025095e-35 23.500000000000004 1.0000000180025095e-35 10.363864898681642
decision_type=2 1 2 1 2 1 2 1 1 1 1 1 2 1 1 1 1 2 1 1 1 1 1 1 1 1 1 1 2 1 1 1 1 1 2 1 1 1 1 2 1 1 1 1 1 1 1 1 1 1 1 1 2 1 1 1 2 1 2 2 2 2
left_child=3 2 11 7 39 26 -5 -1 9 -8 34 12 17 14 15 -14 -6 20 38 -20 22 -22 -2 24 -18 -16 27 33 29 32 36 -32 -28 -4 61 -36 -30 -25 -19 40 -3 42 -41 44 45 -43 47 -45 -48 -46 51 52 53 -13 -54 -52 58 -58 -57 -26 -9 -10
right_child=1 4 5 6 16 -7 8 60 10 -11 -12 50 13 -15 25 -17 23 18 19 -21 21 -23 -24 37 59 -27 28 -29 30 -31 31 -33 -34 -35 35 -37 -38 -39 -40 41 -42 43 -44 46 49 -47 48 -49 -50 -51 55 -53 54 -55 -56 56 57 -59 -60 -61 -62 -63
leaf_value=-0.010138418337588884 -0.0048816444673688651 -0.0064753118070356415 0.045374600619811495 -0.028717881931747902 0.0033601781498893389 0.0040452323728151609 -0.0071705527474825326 0.001179481329781805 0.0039996956548676446 -0.0012658604991348491 -0.0024665029467283131 0.0068095943565672631 0.049774201413824798 -0.0082778002749872431 0.018992555924732903 0.0080110141363930586 0.001844414019919912 0.013180939014264035 0.034238491061859506 0.003867626608131558 0.002198622550200847 0.011146400948453447 0.0045593378939031313 -0.00054347063165625031 -0.0011293156665133145 -0.013919913898329994 0.07128806064294578 -0.0069490989970502071 0.017894218665078045 -0.013190137442502824 0.0033505672665329143 0.03425437036337961 0.0032181572996878836 -0.0029283903216292505 0.0022877353691561591 -0.017590526885310039 -0.0090320875316986897 0.0046778851301420106 -0.014747987692166615 -0.0031862091254613494 6.477384210297665e-05 -0.0043115887831038256 0.0034732470196731056 -0.0022522194109893105 -0.0018941468233418871 0.0039587237577761681 -0.006103711119038794 0.0070499318504144374 0.00097378483707348117 -0.0069265430397288143 -0.00020186114891444307 -0.0042395052879841619 0.01927022645350247 -0.0081947873730016489 0.0013655702486100657 0.0076481532807520861 0.0037220231290430693 -0.018516232621737672 -0.00051712282473464002 -0.008628995474765911 -0.0059401307504109166 -0.0001690773790528321
leaf_weight=20678729.740477562 7709588.2596359253 38492983.386011124 504915.00205993652 803058.0548915863 103504723.09286118 10319372.851394653 41335171.677497864 11873123.902119637 34400598.793775558 61082483.671783447 95725543.349121094 5064617.3016624451 587805.9454536438 5710225.35105896 595814.03186798096 581596.16926956177 18743877.25 882049.37034225464 2590263.816696167 1672344.0435142517 12113376.942890167 18332342.602676392 15922443.876689911 28934584.588897705 15437647.22164917 1235953.0909805298 712982.52285766602 1640981.0415802002 935449.58361053467 345751.92500305176 1187344.9396972656 2453655.8813705444 182456.96437835693 362197.77420043945 1928985.0623283386 2395088.1138687134 1411497.1580123901 30850528.143489838 1230179.6328353882 23199221.146892548 87128780.226791382 11514520.04233551 73952372.975675583 21993497.705324173 48186075.276035309 23411431.45680809 17853264.335096359 28926201.814767838 42053723.263973236 24402317.788419724 33923449.665241241 23841696.962436676 3599368.1801147461 6028972.4510269165 4138815.6140975952 35111400.042049408 2692293.9228858948 1908915.4287033081 9374220.0703048706 12578819.337421417 21361025.783693314 61628833.130465508
leaf_count=639983 72414 516223 1163 51906 710950 43173 929640 285319 587614 1284996 2051651 49444 2310 49986 3860 4317 134165 6716 14967 14254 104468 144442 133780 211055 114378 11326 886 7406 3107 1754 4641 6321 788 1584 36041 53871 6256 213209 12437 298824 1097401 152504 891902 283873 621617 284283 239541 339338 526731 330501 308134 224071 19437 68392 27579 289427 23299 20148 84243 100180 669529 1376893
internal_value=3.63994e-05 0.00105113 0.00333604 -0.00245169 0.000297034 0.00952619 -0.00181568 -0.00598248 -0.00174331 -0.00364896 -0.00074793 0.00269886 0.00484837 -0.0022085 0.00933934 0.0290037 0.0018328 0.00586528 0.0139045 0.0223232 0.0049176 0.00758637 0.00147936 0.000349007 -0.00195476 -0.00321452 0.0153348 0.00416517 0.01921 0.0377495 0.0153671 0.0241766 0.0574182 0.0251984 0.000891388 -0.0087228 0.00170027 0.00215087 -0.00308509 -0.000434267 -0.00193924 0.000164977 0.00188301 -0.000599466 -0.00202077 0.00123214 0.000779358 0.0030321 -0.00113543 -0.00358591 0.00151598 -0.000960375 0.00319112 -0.00134476 0.00969384 0.00278901 0.00485597 -0.00550405 0.00592753 -0.00449652 -0.0033966 0.0013243
internal_weight=1.21928e+09 8.66069e+08 2.14904e+08 3.53213e+08 6.51165e+08 2.00566e+07 2.993e+08 5.39129e+07 2.98497e+08 1.02418e+08 1.96079e+08 1.94848e+08 6.9164e+07 8.71139e+06 3.00117e+06 1.1694e+06 2.1005e+08 6.04526e+07 6.37484e+06 4.26261e+06 5.40778e+07 3.04457e+07 2.3632e+07 1.06545e+08 4.67603e+07 1.83177e+06 9.73723e+06 2.50809e+06 7.22914e+06 1.24119e+06 5.98795e+06 3.641e+06 895439 867113 1.00354e+08 4.32407e+06 2.34695e+06 5.97851e+07 2.11223e+06 4.41114e+08 1.25622e+08 3.15493e+08 9.71516e+07 2.18341e+08 1.07514e+08 3.4926e+07 1.10827e+08 5.09197e+07 5.9907e+07 7.25884e+07 1.25684e+08 4.26735e+07 1.88318e+07 1.10936e+07 7.73818e+06 8.30103e+07 4.90868e+07 4.60121e+06 4.44856e+07 2.80165e+07 3.32341e+07 9.60294e+07
internal_count=16800648 8833205 1766530 7967443 7066675 77079 6372612 1594831 6320706 2214636 4106070 1689451 575277 71799 21813 6627 1483937 503478 48374 29221 455104 248910 206194 772987 348723 15186 33906 10153 23753 3428 20325 10962 1674 2747 2054419 89912 9363 424264 19153 5582738 1613624 3969114 1190726 2778388 1388905 436787 1389483 623211 766272 952118 1114174 388923 164852 117836 47016 725251 417117 43447 373670 214558 954848 1964507
cat_boundaries=0 1 2 4 6 7 9 11 13 14 16 17 19 20 21 22 23 25 26 28 29 30 32 34 36 37 38 39 41 42 44 46 48 50 51 52 54 55 56 58 60 61 62 64 65 66 68 70
cat_threshold=2 4 3359052364 136847 2190266964 170067 590425 1745569957 179746 1188906213 159243 609026660 184454 297544 64 167938 97 1727232160 94988 737366 826 39595 2466 4259840 168064 185746 2550170118 33856 1048 328880 1073811528 8 1073877508 135175 1073877060 135175 561736 2474 1620 76088320 139786 2070 2550694406 34016 4784640 4098 341856808 37518 423641226 35497 271489 3936 571488256 201730 296014 84453 2685450352 152644 1116866048 204802 60 926816 1077024010 361 2497 1448 1077032202 2313 2189461520 66640
is_linear=0
shrinkage=0.05


Tree=70
num_leaves=63
num_cat=43
split_feature=0 17 0 17 2 1 13 13 13 0 3 13 17 13 0 13 16 13 13 16 13 15 13 4 13 13 13 13 15 15 2 13 6 13 2 3 13 15 3 3 16 13 16 15 15 8 13 13 15 6 13 16 13 13 1 15 13 6 13 15 6 15
split_gain=1.05541e+06 515450 330680 318376 310568 312356 405598 283137 262926 258546 226974 587721 218068 245170 229996 284015 317448 327537 224904 209159 271015 244851 206376 202268 252294 197846 196090 192530 248782 192495 181429 233528 192395 176501 176115 163846 320508 196133 163142 162869 161711 338588 282301 356580 297532 278499 423960 384199 225501 158920 260720 234054 304756 206280 154517 183584 224258 149667 286445 148424 142133 338060
threshold=12.392510890960695 0 14.096644878387453 1 44.500000000000007 55212.890625000007 2 3 4 11.499056339263918 60.250000000000007 5 6 7 13.950327873229982 8 9 10 11 12 13 14 15 2.5000000000000004 16 17 18 19 20 21 34.500000000000007 22 1.5000000000000002 23 43.500000000000007 96.950000762939467 24 25 96.750000000000014 99.649997711181655 26 27 28 29 30 1047557.0000000001 31 32 33 29.500000000000004 34 35 36 37 6059.4882812500009 38 39 7.5000000000000009 40 41 43.500000000000007 42
decision_type=2 1 2 1 2 2 1 1 1 2 2 1 1 1 2 1 1 1 1 1 1 1 1 2 1 1 1 1 1 1 2 1 2 1 2 2 1 1 2 2 1 1 1 1 1 2 1 1 1 2 1 1 1 1 2 1 1 2 1 1 2 1
left_child=3 2 22 9 12 8 -7 -4 59 25 11 29 13 -3 18 -16 17 -17 -14 27 21 -21 23 30 -25 -1 -11 38 -29 -5 35 34 -33 -12 -32 37 -37 -2 -10 -18 45 42 43 -42 -44 46 -9 48 -47 53 60 52 -52 -24 55 56 -28 58 -20 -6 -51 -62
right_child=1 4 7 10 5 6 -8 40 19 26 33 -13 14 -15 15 16 39 -19 57 20 -22 -23 49 24 -26 -27 54 28 -30 -31 31 32 -34 -35 -36 36 -38 -39 -40 -41 41 -43 44 -45 -46 47 -48 -49 -50 50 51 -53 -54 -55 -56 -57 -58 -59 -60 -61 61 -63
leaf_value=-0.014005233630956874 -0.0063889200761283356 0.0011581279021369265 0.0022158807982644124 -0.014435171691731918 0.0016282874679010989 0.062823874103115199 0.0075017386752160593 -0.017122541235806744 0.00666918416146846 -0.0052556871523585982 -0.003485183983670738 -0.017896213159814843 -0.0017474281760722289 -0.0041641643493069841 -0.0012090948624402639 0.010230640541144663 0.009342373048442508 -0.0092793999683205963 0.0020402361480196768 0.017075999528016028 -0.0038493685353642934 0.0019064324060100585 -0.0029980697127350536 0.0095974552731938959 -0.012430684882486012 -0.0050734458977707043 0.013340835378691757 0.006334312218924199 -0.001424223997754675 0.063650257164071203 0.0094176649912871193 0.027682817203097988 0.0089301567200902165 0.00023089886449262939 -0.0060190953345708575 0.030518824189159018 0.00010098945126170509 0.0033991286348064686 0.019240034413145278 0.047127169252991041 0.051674266301567656 -0.00010921201271761857 0.030722021606863017 0.0080192398280135423 -0.01618348436393556 -0.00043801634450675413 0.063812652725103072 -0.0054424811222849295 0.039089396885709442 0.0022380660655742174 0.066368083489086904 -0.0056460796449261169 -0.003117658847800331 0.0035294518800194209 -0.0038758131293493581 -0.0019055870656544006 0.0007565400952278524 0.0014499564143142024 -0.0073427201187371135 -0.0031946788724127001 0.04359454772716094 -0.011502498026271839
leaf_weight=9936960.6252074242 6028625.9320449829 31516342.307886124 8513917.114944458 91766.779567718506 32750477.395874023 474889.76215362549 1095814.3141021729 207509.37010955811 28868501.150417328 60150238.327121735 46155902.263373375 534840.13455677032 156904506.04037094 69031121.591487885 20685197.215221405 3602931.4253883362 20146167.146644592 5338943.8046379089 17728163.241128922 3272796.6136169434 19286462.822483063 14208606.651943207 14854906.663318634 1993894.8046188354 3734197.9283370972 16486500.677344322 5090337.4271383286 21555478.333433151 19844621.776773453 564108.99031829834 3053703.0285186768 1447720.5516433716 24761690.755428314 103843082.33393288 4678343.1092414856 1516739.3150444031 2018511.5381393433 33881890.791419983 2834327.6322555542 289292.34317398071 1145194.1497497559 3974877.3702392578 598324.93187713623 790779.02465057373 777274.16980743408 478769.85648345947 734621.48392486572 1340654.9771575928 1464705.4382629395 13407765.769737244 262447.81245422363 23178804.345527649 395718.81973266602 65338871.839921951 39078616.740333557 31179722.595042229 11625455.95456028 157390436.15509796 15029873.649581909 31100232.247066498 666859.73781204224 477930.81062698364
leaf_count=424205 58943 418047 36606 1966 352871 729 4334 967 291229 1446833 955822 12451 1807832 978068 115421 17681 98510 30997 195082 29378 217266 150664 143055 16142 37786 639258 100680 217952 217541 3876 24496 9059 196754 2023749 43861 9584 18469 297671 24625 828 2202 16561 1696 2928 3708 2008 1000 5675 3701 121106 769 222251 3751 571301 902244 727837 264807 1740431 180842 351839 3510 4915
internal_value=2.42816e-05 0.000910493 0.00300131 -0.00241731 0.000221613 0.00203146 0.0242284 0.00912924 0.00183077 -0.00387856 -0.000739964 0.0210039 -0.000415871 -0.00249591 0.000110783 0.00327898 0.00643913 -0.00141826 -0.000346231 0.00331363 0.00023753 0.00474642 0.00239286 0.00430324 -0.0047629 -0.00843239 -0.0030607 0.00486079 0.00261536 0.0527249 0.00497431 0.00771334 0.00996599 -0.00091257 7.75161e-05 0.00283447 0.0131513 0.00192061 0.00779305 0.00987726 0.0142418 0.00972872 0.0215371 0.0338428 0.00421842 0.0220227 0.0459867 0.0151482 0.029352 0.00105387 -0.00159165 -0.00481119 0.0245908 0.00232031 -0.00154267 0.000360972 0.00458875 0.000809992 -0.00226481 -0.00072087 0.00368195 0.0205927
internal_weight=1.21942e+09 8.9468e+08 2.21725e+08 3.24738e+08 6.72955e+08 1.75292e+08 1.5707e+06 2.00266e+07 1.73722e+08 1.73548e+08 1.5119e+08 1.19072e+06 4.97663e+08 1.00547e+08 3.97116e+08 5.00625e+07 2.93773e+07 8.94188e+06 3.47053e+08 1.09871e+08 3.67679e+07 1.74814e+07 2.01699e+08 8.31153e+07 5.72809e+06 2.64235e+07 1.47124e+08 7.31029e+07 4.14001e+07 655876 7.73872e+07 3.39415e+07 2.62094e+07 1.49999e+08 7.73205e+06 4.34458e+07 3.53525e+06 3.99105e+07 3.17028e+07 2.04355e+07 1.15127e+07 7.28645e+06 3.31157e+06 1.93597e+06 1.3756e+06 4.22626e+06 942131 3.28413e+06 1.94348e+06 1.18583e+08 3.83895e+07 2.3837e+07 658167 8.01938e+07 8.69741e+07 4.78955e+07 1.67158e+07 1.90148e+08 3.2758e+07 6.38507e+07 1.45526e+07 1.14479e+06
internal_count=16806370 9302642 1860475 7503728 7442167 1858428 5063 77052 1853365 4505864 2997864 18293 5583739 1396115 4187624 263437 148016 48678 3924187 1148655 397308 180042 1783423 712765 53928 1063463 3442401 751347 435493 5842 658837 274170 205813 2979571 68357 384667 28053 356614 315854 99338 40446 27095 10534 5130 5404 13351 1967 11384 5709 1070658 356302 226771 4520 714356 1995568 1093324 365487 2116355 375924 704710 129531 8425
cat_boundaries=0 1 2 4 6 8 10 11 13 15 16 18 20 21 23 24 26 28 30 32 34 35 36 38 40 42 43 44 46 47 48 49 51 53 54 56 57 59 61 62 64 66 67 68
cat_threshold=2 13 16822408 131072 2005650832 124993 2328692500 41068 3357106496 88328 4 345653668 82240 2775081613 15017 34 269943904 18 1175063527 255046 27 3330088 89090 10 583631367 173174 570949632 164864 2952834078 142906 47010725 102768 1879058627 135808 3356 3208 7 131088 1764231178 168214 46137348 139266 2064 20 2284847628 1540 34 968 2070 2289315936 6 2151952483 4146 394 2550167576 2304 64 0 16904 2281709592 256 2370 3238011904 2060 2961253400 2353 427 3396
is_linear=0
shrinkage=0.05


Tree=71
num_leaves=63
num_cat=35
split_feature=0 0 11 17 11 17 0 14 17 3 15 15 16 14 14 0 2 7 16 17 1 0 1 14 3 3 3 16 15 14 14 15 16 10 6 1 8 2 6 14 15 17 10 15 3 6 6 14 16 15 14 14 14 16 14 15 2 14 2 15 14 14
split_gain=1.03984e+06 415210 363841 301442 285650 265697 258574 204036 202748 196581 260283 226869 207218 190910 188867 179466 177725 279519 274233 173906 169631 169497 180568 237167 172985 238853 168081 169880 252173 296441 234488 154577 290652 249074 206372 179401 281627 161760 194490 157731 152852 151495 148320 157050 213346 162675 145723 137112 136596 199534 227698 164710 136538 189470 218096 211897 169238 412554 220502 136384 165778 144559
threshold=13.08253860473633 11.83795738220215 13.093302249908449 0 11.848518371582033 1 14.155711174011232 2 3 64.649997711181655 4 5 6 7 8 10.777470111846926 7.5000000000000009 420412.00000000006 9 10 61752.150390625007 13.993391513824465 300899.15625000006 11 75.850002288818374 85.049999237060561 90.049999237060561 12 13 14 15 16 17 0.20161917060613635 33.500000000000007 217355.42187500003 1049321.5000000002 48.500000000000007 42.500000000000007 18 19 20 0.20510520040988925 21 99.549999237060561 2.5000000000000004 10.500000000000002 22 23 24 25 26 27 28 29 30 2.5000000000000004 31 10.500000000000002 32 33 34
decision_type=2 2 2 1 2 1 2 1 1 2 1 1 1 1 1 2 2 2 1 1 2 2 2 1 2 2 2 1 1 1 1 1 1 2 2 2 2 2 2 1 1 1 2 1 2 2 2 1 1 1 1 1 1 1 1 1 2 1 2 1 1 1
left_child=1 3 6 -1 20 -6 13 9 21 10 -8 16 -12 31 40 -5 18 -18 -11 42 -3 22 59 24 -24 -26 -16 28 29 -28 -29 32 33 -2 -35 -34 -37 -33 -39 -40 -10 -9 43 44 -15 -45 -30 -43 49 51 -51 -21 -23 54 55 -54 57 -55 -58 60 -4 -61
right_child=2 4 8 15 5 -7 7 41 14 11 12 -13 -14 19 26 -17 17 -19 -20 48 -22 52 23 -25 25 -27 27 30 46 -31 -32 37 35 34 -36 36 -38 38 39 -41 -42 47 -44 45 -46 -47 -48 -49 -50 50 -52 -53 53 56 -56 -57 58 -59 -60 61 -62 -63
leaf_value=0.00048739312072764145 -0.015759243748196951 0.0011308380933498601 0.0027385195684816854 -0.01619548799724993 -0.0033466753048992321 -0.00058541619739975351 -0.0018075159712516856 0.0084838178257714662 0.00047361456129611681 0.05779347963319436 0.059872831910728001 0.001781783966093806 0.0088458269218879056 0.011987933714219974 -0.00087246110783405087 -0.0049712828315933493 0.023102640756279366 -0.0084593480028028589 -0.0090801824096479623 -0.0095219842216843729 -0.0045286390112950726 -0.0013489875985318476 -0.017621106396489606 -0.017081351792320856 0.039289227265844495 -0.0073726619029096697 0.05266212163963159 0.010830268648765594 0.017279317217386351 0.010258579030021957 -0.0069090028401515404 -0.0020012623994238479 -0.00010255992965742022 0.017714224058664834 0.053248054318358211 0.063779898223246631 -0.0054211721942826665 0.003378042297464562 0.050694968709969368 -0.0035190296953499602 -0.0059762237825839917 0.0057100072798890863 -0.0065751356996300372 0.025699343335940223 0.056751433887391581 0.0026937276769912859 0.00095600217807838858 -0.010609269370362598 0.0014030125214095502 6.9722594049227772e-05 0.013854661600988853 0.0047698095698573487 -0.013629981943348119 0.039849750441894177 -0.0095009440641633889 0.024909113212712022 -0.0054215391430090035 -0.010183960509879377 0.0079428696149839492 0.0048641959235364704 -0.0020159127183930646 0.00066845085082035526
leaf_weight=28371124.242375374 356805.75759887695 203305778.13819313 28739185.602996826 3723215.5910172462 129899086.26016521 264529186.11032486 412069.84784698486 9650986.8617935181 14099569.355039597 586118.63591766357 707527.48806762695 3511103.9168968201 276817.99241638184 11278791.397789001 47366988.51125145 81900414.166309357 2444907.5476913452 983748.31312561035 207604.38683319092 2886848.9758377075 14162502.017888069 8426030.722869873 502554.51404571533 3022366.5276298523 594618.79678344727 509019.29612731934 680453.4962387085 2981250.4951610565 1904524.0526256561 1045397.271446228 4965983.8202800751 39292204.15123558 7852627.8393516541 1186778.1957988739 623164.35242462158 288581.99704360962 299725.86693954468 9149220.6141395569 403363.66724014282 201031.88245391846 26356953.899629593 2678474.3235702515 1634466.1977310181 836145.16386795044 272613.78530502319 9485527.1464271545 4846736.9728088379 2477751.0070495605 46386240.174373627 4254420.0592308044 10124764.044660568 6682736.168012619 528133.79426574707 1162315.4418869019 3778246.0064468384 1098526.0643005371 3514631.2060546875 638222.39205169678 25331352.714797974 38172221.258327484 50642301.254318237 44415686.096221924
leaf_count=686614 3108 2690091 236564 209215 2634081 3945716 1784 38109 143422 1099 1208 15047 1114 61108 488171 2532341 8184 4559 993 24883 188591 44488 4923 29608 3027 4546 3286 26983 16039 9538 53746 306952 59448 7277 2193 750 2279 65818 1459 1543 286354 11833 10872 3880 704 57423 48696 13216 364457 33909 69211 50375 3015 3629 21292 4159 19149 3591 119026 306073 439493 373553
internal_value=-5.42277e-06 -0.00120878 0.00176727 -0.00397932 -0.000692635 -0.0014948 0.00357849 0.00841195 0.000748095 0.0142908 0.0315567 0.0111731 0.0455232 0.00282473 -0.00105598 -0.00545935 0.0189824 0.0140469 0.0403028 0.00423063 0.000762268 0.00163911 0.000907014 -0.00883051 0.00669512 0.0177679 0.000638854 0.00499741 0.00992099 0.0269773 -0.000254455 0.000613068 0.00608593 0.0224216 0.0299485 0.00189262 0.028524 -0.000570609 0.00519274 0.0326633 -0.00372838 0.00478714 0.00795377 0.00903944 0.0130443 0.00455738 0.00556078 -0.002132 0.00298627 0.00605287 0.00977607 0.00045841 0.0043813 0.00572059 -0.00291069 0.0123965 0.00724283 0.0221149 0.00631453 0.00118528 -0.000294623 0.00260773
internal_weight=1.21865e+09 7.25891e+08 4.92756e+08 1.13995e+08 6.11897e+08 3.94428e+08 1.77433e+08 2.39371e+07 3.15323e+08 9.1299e+06 1.39642e+06 7.73348e+06 984345 1.53496e+08 1.04248e+08 8.56236e+07 4.22238e+06 3.42866e+06 793723 9.38426e+07 2.17468e+08 2.11075e+08 1.66598e+08 4.62856e+06 1.60619e+06 1.10364e+06 6.37913e+07 1.64243e+07 8.47711e+06 1.72585e+06 7.94723e+06 5.96535e+07 1.06077e+07 2.16675e+06 1.80994e+06 8.44094e+06 588308 4.90458e+07 9.75362e+06 604396 4.04565e+07 1.48072e+07 2.35075e+07 2.18731e+07 1.15514e+07 1.03217e+07 6.75126e+06 5.15623e+06 7.0335e+07 2.39488e+07 1.43792e+07 9.56959e+06 4.44775e+07 3.60514e+07 5.40491e+06 1.62666e+06 3.06465e+07 1.80054e+06 2.8846e+07 1.61969e+08 7.93815e+07 8.25879e+07
internal_count=16803815 12886649 3917166 3428170 9458479 6579797 1224795 97146 2692371 33988 4106 29882 2322 1127649 1076235 2741556 14835 12743 2092 676822 2878682 1616136 1397787 42104 12496 7573 646459 158288 77559 12824 80729 450827 75055 12578 9470 62477 3029 375772 68820 3002 429776 63158 133987 123115 61812 61303 64735 25049 542835 178378 103120 75258 218349 173861 28466 7174 145395 7220 138175 1355683 676057 679626
cat_boundaries=0 1 2 3 4 5 6 7 8 9 10 11 12 13 14 15 16 17 18 19 20 21 22 23 24 25 26 27 28 29 30 31 32 33 34 35
cat_threshold=2 12 141873 19 1609 1251 85 472097 475308 101 2 295435 56 192 32833 35856 20 8 331777 2820 11 924 607238 33 944 16712 2640 262480 32 610304 2133 231470 2618 352928 132860
is_linear=0
shrinkage=0.05


Tree=72
num_leaves=63
num_cat=48
split_feature=0 11 17 0 0 13 17 2 13 14 13 15 13 16 13 13 15 13 14 3 13 15 14 14 15 13 14 13 13 15 14 13 13 13 3 13 13 15 14 1 2 13 0 2 13 13 14 15 3 13 14 15 0 16 13 14 14 15 13 13 6 15
split_gain=1.02173e+06 453272 301892 330047 279811 406271 256506 225056 309675 290458 563238 406418 266177 261536 414442 255153 236827 219666 298610 235908 264663 250234 206331 200684 259705 277145 199641 192343 192031 190097 222590 502475 264424 193729 184744 181652 178385 186590 175808 250436 172402 243464 176546 166607 444542 349491 398707 339779 340425 325404 301316 225884 239319 212546 303683 207700 192154 244909 228908 207655 187960 205300
threshold=12.722423553466799 12.722423553466799 0 11.564560890197756 14.314603328704836 1 2 26.500000000000004 3 4 5 6 7 8 9 10 11 12 13 90.950000762939467 14 15 16 17 18 19 20 21 22 23 24 25 26 27 74.450000762939467 28 29 30 31 153767.46875000003 33.500000000000007 32 11.189863204956056 31.500000000000004 33 34 35 36 97.750000000000014 37 38 39 13.124651908874513 40 41 42 43 44 45 46 3.5000000000000004 47
decision_type=2 2 1 2 2 1 1 2 1 1 1 1 1 1 1 1 1 1 1 2 1 1 1 1 1 1 1 1 1 1 1 1 1 1 2 1 1 1 1 2 2 1 2 2 1 1 1 1 2 1 1 1 2 1 1 1 1 1 1 1 2 1
left_child=2 4 28 40 43 -6 7 12 23 10 16 -12 26 14 -11 -15 -10 18 19 -8 -21 -22 36 24 25 -9 -3 -26 -1 30 31 -14 -32 -31 38 -5 37 -7 -20 -40 -4 42 -42 45 50 46 47 48 -2 -49 53 -48 -53 -45 -55 -46 -47 59 -59 -58 -52 -62
right_child=1 6 3 35 5 22 17 8 9 13 11 -13 29 15 -16 -17 -18 -19 34 20 21 -23 -24 -25 27 -27 -28 -29 -30 33 32 -33 -34 -35 -36 -37 -38 -39 39 -41 41 -43 -44 44 55 56 51 49 -50 -51 60 52 -54 54 -56 -57 57 58 -60 -61 61 -63
leaf_value=-0.0017328842401042124 0.013028038064860227 0.00041523626813253287 -0.0092908747384633002 -0.0031276080307215503 0.017746559317049805 0.043751563267758413 -0.0066643498197102779 0.030230811964804195 0.028020681620444896 -0.00073938586881711619 0.017353592000531968 -0.0067385985232638959 0.033866011397075214 0.0055371585011958491 0.013020001492357953 -0.0022414265317803675 0.012190096174624632 -0.0017210742400638832 -0.0066974098515316608 -0.015243818874638515 0.023052701647403157 -0.0026186615872398596 -0.0043906499950599615 -0.0027158568709406417 0.0081369102646593316 -0.0003517695104163891 -0.0067422692918739204 -0.011560219304124632 0.0021943149384156704 -0.0059980446917314821 -0.0042946338701637258 0.0032386287322760752 0.0070813574064058377 0.0027815319859336297 0.0057775770795753618 -0.00079616222324277789 -0.002500164602283363 0.0087879338205859598 0.0010056535664931256 0.027209725794696767 -0.0071251810497565881 -0.008206403046881347 0.0075487477741940272 -0.0052584826011261906 -0.0028636315606280997 -0.0047363801421910628 -0.0033024460887771919 0.016066858375389542 0.044835248871214622 -0.0038455166018878245 -0.0029180392465085426 -0.002534126532652808 0.0075992124374659594 0.012895087858660521 -0.0016749112662523007 0.0032627898739769588 -0.0012373284293137688 -0.009386691953228693 0.0018318253910622057 0.010856995690775011 0.017937541303537179 0.0087390577851168046
leaf_weight=56208099.049561501 9782478.9386901855 18273179.472766876 24140000.36364603 152343953.33132076 7581146.7554168701 663788.46620178223 15229165.581920624 1802842.6340255737 3816726.1377296448 9156350.2266769409 2515917.2740898132 5753733.7636833191 2005180.2553024292 17606474.952583313 13603655.701709747 26275872.286529541 6200878.9759483337 175677664.73425102 6998650.3867835999 1149542.0535469055 2219382.3422908783 1658729.2571182251 5120279.0361175537 29313339.360374451 2722281.0077438354 1257518.6617584229 20868489.68075943 2275277.6609764099 69759885.233798981 11179422.575553894 8509618.8248062134 4031847.6513175964 12779221.723602295 14346689.823390961 33585550.240242004 185005824.59814644 1119595.0180587769 897589.69472503662 9357420.1870212555 1010237.6111221313 3017960.5945081711 10613245.787166595 6389369.8149747849 6243274.3592185974 22452073.655643463 25784421.801866531 17161874.945127487 3055860.3196125031 920364.65559387207 6243815.8470191956 2548652.6593475342 8898326.4215831757 16878397.23167038 7341345.3517246246 6973561.2975234985 36044015.038125992 6049731.9509124756 7707209.6421947479 11089662.089677811 8586268.4814891815 8293380.0261478424 22585272.210380554
leaf_count=942975 71162 163373 921681 3024450 25515 1541 178692 10804 22897 78517 17480 51989 11528 142128 100502 227919 45615 1982054 81965 14704 18599 18613 23288 259288 21442 11000 200594 22026 1105145 106764 79510 34865 105679 123709 347043 3542226 4949 3384 103324 6839 129708 394806 179816 53673 192236 228970 150556 21452 4223 54419 21496 96130 113027 52822 58012 288033 52127 72020 92509 65038 55340 168135
internal_value=3.35304e-05 0.00125647 -0.00168036 -0.00238111 0.00297082 0.00950366 0.000327064 0.00159275 0.00299807 0.00466703 0.0102489 0.000591101 -0.000275543 0.0031353 0.0074846 0.000879498 0.0182216 -0.000771538 0.00157105 -0.00356407 0.00582692 0.0120727 0.00149331 -0.000794817 0.00619359 0.0176643 -0.00340081 -0.000830761 0.000441962 0.002039 0.00493723 0.0134115 0.00253412 -0.00106357 0.0036126 -0.00184902 0.0127308 0.0236522 -0.000574347 0.00355901 -0.0064458 -0.00301532 0.00284121 0.00254254 0.00393101 0.00126406 0.00385814 0.00968871 0.0157632 0.00269767 0.00720299 0.00114202 0.0041011 0.00243976 0.00579726 0.000911336 -0.00149315 0.00100813 -0.00276806 0.00585786 0.0101324 0.0112096
internal_weight=1.21868e+09 7.11203e+08 5.07478e+08 3.8151e+08 2.50022e+08 1.53824e+07 4.61181e+08 2.14295e+08 1.22301e+08 8.49296e+07 1.82873e+07 8.26965e+06 9.19937e+07 6.66424e+07 2.276e+07 4.38823e+07 1.00176e+07 2.46886e+08 7.12087e+07 2.02568e+07 5.02765e+06 3.87811e+06 7.80125e+06 3.73713e+07 8.05792e+06 3.06036e+06 3.91417e+07 4.99756e+06 1.25968e+08 5.2852e+07 2.73259e+07 6.03703e+06 2.12888e+07 2.55261e+07 5.09519e+07 3.3735e+08 2.68097e+06 1.56138e+06 1.73663e+07 1.03677e+07 4.41606e+07 2.00206e+07 9.40733e+06 2.3464e+08 1.12482e+08 1.22158e+08 6.29411e+07 2.00025e+07 1.07028e+07 9.29968e+06 5.39855e+07 4.29386e+07 2.57767e+07 2.05582e+07 1.43149e+07 5.84961e+07 5.92173e+07 3.34329e+07 1.87969e+07 1.4636e+07 3.34273e+07 3.08787e+07
internal_count=16800326 6559519 10240807 8192687 1970057 58677 4589462 1837629 1011607 687047 137981 69469 826022 549066 179019 370047 68512 2751833 769779 230608 51916 37212 33162 324560 65272 21804 363967 43468 2048120 462055 231582 46393 185189 230473 539171 6566676 9874 4925 192128 110163 1626011 704330 309524 1911380 889747 1021633 510969 151256 75385 75871 409478 359713 209157 164507 110834 480269 510664 281694 164529 117165 244971 223475
cat_boundaries=0 1 3 4 6 7 9 10 12 13 15 17 18 20 21 23 24 25 26 27 29 30 32 34 35 36 38 40 42 44 46 47 48 50 52 54 55 56 58 59 60 61 63 64 65 66 68 70 71
cat_threshold=2 3584962568 226208 18 221284615 114824 70688 3490326136 137729 1096 2297079737 67780 24 1342858776 141317 1082286720 11333 1076 155222046 43664 264387 16777232 8208 252 150050 532486 526 150995206 65672 856473 1081347 114696 3097568458 202094 969 33304 285231168 147456 117719104 54785 622137344 147762 906711472 48564 37767843 2077 1124 594704 2619167105 35007 911936681 52517 1501950804 57534 16973 1419 1073746000 138 284552 3520 12 542312457 1057 553998 256069 2140 68684931 66816 4326443 134145 2066
is_linear=0
shrinkage=0.05


Tree=73
num_leaves=63
num_cat=47
split_feature=0 17 17 0 13 11 15 14 13 14 13 15 6 13 13 14 13 15 13 14 13 14 13 13 14 1 13 1 12 13 3 13 14 14 3 13 15 14 13 15 15 13 15 1 13 4 13 13 14 11 13 13 6 15 15 15 13 0 13 15 6 13
split_gain=862613 471738 337357 327129 326480 273112 251377 270020 307643 250094 220880 239980 216378 214194 190601 188409 174175 173667 549136 334862 310008 246446 331735 239301 204600 260280 203502 192766 163143 172200 160423 654197 270040 151249 163450 340782 171498 148967 374720 198372 176442 172725 162510 166771 183883 157129 315275 153178 146311 191739 221061 191665 189067 178466 154850 142727 237800 199338 170323 144983 140682 140270
threshold=12.57583522796631 0 1 14.622321128845217 2 12.583198070526125 3 4 5 6 7 8 34.500000000000007 9 10 11 12 13 14 15 16 17 18 19 20 8054.1101074218759 21 77508.992187500015 1.0000000180025095e-35 22 60.250000000000007 23 24 25 99.149997711181655 26 27 28 29 30 31 32 33 10928.214355468752 34 2.5000000000000004 35 36 37 12.705722332000734 38 39 29.500000000000004 40 41 42 43 14.622321128845217 44 45 10.500000000000002 46
decision_type=2 1 1 2 1 2 1 1 1 1 1 1 2 1 1 1 1 1 1 1 1 1 1 1 1 2 1 2 2 1 2 1 1 1 2 1 1 1 1 1 1 1 1 2 1 2 1 1 1 2 1 1 2 1 1 1 1 2 1 1 2 1
left_child=2 16 30 5 -5 17 7 14 12 13 11 -4 -9 -8 60 -12 33 20 21 27 24 23 -23 -19 -3 -26 -21 -20 29 -17 31 32 -1 34 61 36 -36 38 39 45 -40 -39 47 -44 -45 -32 -47 -43 49 50 -18 53 54 -51 -52 56 -50 -58 -57 -59 -6 -2
right_child=1 3 10 4 6 -7 9 8 -10 -11 15 -13 -14 -15 -16 28 48 18 19 26 -22 22 -24 -25 25 -27 -28 -29 -30 -31 37 -33 -34 -35 35 -37 -38 41 40 -41 -42 42 43 44 -46 46 -48 -49 55 51 52 -53 -54 -55 -56 58 57 59 -60 -61 -62 -63
leaf_value=-0.013673049426924475 -0.006658213576286369 -0.00071074806178988753 -0.00074426106358206113 -0.00029926705101826999 0.070708115439246488 0.00065426636138071444 0.038963710186195863 0.052615971430720221 0.012788546932497672 -0.0017172035720598837 -0.0047914505214785982 -0.0079551370535389243 -0.00076464043553626604 0.0036044525930044764 -0.0083417503397702278 -0.0021777627963654191 -0.00060086748234860761 0.015097075102899371 0.0057762138713068293 -0.0091885202550787502 -0.00096566894497943686 0.010727637171265314 -0.0002781373229036819 0.0063033679388519864 0.018073740645738124 0.004748057614848783 -0.00022066698344028191 -0.0061556794627594356 -0.0021402437342095434 0.0084016677455354023 0.0086959763886098849 -0.0073253409070466614 0.068028056459775846 -0.0068050498746005496 0.08421903067166403 -0.006766425615833533 -0.0093315569522565926 -0.0032364482894161116 -0.0051717146094108924 0.0014056612646269279 0.001028608959866065 0.00088274793899668653 0.0022316007928325104 0.0014010950739942829 -0.0079416224055691414 0.048647286861826865 -0.0049021151009926199 -0.0054409667752442561 0.0012922503448615872 -0.010000199807780843 0.0011088718020695685 -0.0056083858324914347 0.00033169563218225263 0.009678412834226581 0.022890796218527982 0.005736449032165112 -0.011056102955773021 0.065997513963133525 -0.0033335298730987201 0.002261087957243535 0.0095876753607836568 0.00089848697258514555
leaf_weight=123608.05056381226 10039668.761159897 14912959.274887085 15658381.183795452 5764790.66822052 154600.97173309326 426024484.7645607 905382.94297790527 1499061.2677459717 1191813.916809082 2978585.8897323608 34712910.621150017 43850133.906831264 217366.16478729248 812787.89308929443 875188.91590118408 6419667.2928686142 5076131.2709579468 15162140.833084106 27585209.933162689 9402546.8612957001 63092831.694349289 11479515.066699982 16966097.088884354 15796728.908477783 4118157.4447307587 33256646.114866257 19333887.99996376 3858413.0772838593 28645937.105555058 9595528.9599113464 11653329.9132967 1302762.9623966217 556391.99672698975 25062733.636276245 226860.88450622559 412388.81957054138 62487.041749954224 86377266.903051376 19172573.849244118 11541879.644699097 28574591.435603142 15835110.638487816 62464871.352968216 11437916.25758934 9761320.8658943176 712580.72540187836 447468.56892871857 24227721.554141998 8303606.7652263641 1470362.7486782074 1029400.6491069794 9379826.560546875 2052200.0784397125 5323492.7241020203 3935006.1721191406 9475047.7290229797 11051388.993095398 140602.50682830811 11408224.174676895 244154.76563262939 240763.97216033936 15814096.609811783
leaf_count=2552 136600 124023 398261 23458 191 4275118 2160 2609 4156 12207 909846 1196741 814 3179 3736 142094 63208 104301 216826 85523 530697 83766 139786 122131 36288 252118 159679 29102 780722 190267 200518 26681 3195 341367 458 5591 852 1697340 380261 214519 532647 296096 1182095 197327 185157 6872 8822 484225 102768 20693 12539 126446 25148 61181 36980 112632 157287 223 148470 1152 911 198727
internal_value=8.92702e-05 0.00105878 -0.00173515 0.0015728 0.00896539 0.00140906 0.0149829 0.0239038 0.0323047 0.00704576 -0.00375486 -0.00605775 0.0458557 0.022237 0.00467448 -0.00202833 -0.00182309 0.0027776 0.00411283 0.000746509 0.00139372 0.0075231 0.00416336 0.0106101 0.00424068 0.00621635 -0.00315495 0.00431206 0.000119314 0.00416092 -0.00074813 0.0134244 0.0531767 -0.00401907 -0.00138971 0.0224204 0.0640164 -0.000847705 0.00111328 0.00616019 -0.00146109 -0.00152066 -0.000322827 0.000931122 -0.00290082 0.0104429 0.0279919 -0.00294148 -0.00017765 0.00258473 0.0073472 -0.000976074 0.0130972 0.00541945 0.0183742 -0.00209978 -0.00514813 -0.00982438 0.000781654 0.0255542 0.033487 -0.00203597
internal_weight=1.21921e+09 7.96138e+08 4.23072e+08 6.7563e+08 1.46403e+07 6.6099e+08 8.87555e+06 4.1788e+06 2.90824e+06 4.69676e+06 1.38883e+08 5.95085e+07 1.71643e+06 1.71817e+06 1.27055e+06 7.9374e+07 1.20508e+08 2.34965e+08 1.19585e+08 6.01801e+07 1.15381e+08 5.94045e+07 2.84456e+07 3.09589e+07 5.22878e+07 3.73748e+07 2.87364e+07 3.14436e+07 4.46611e+07 1.60152e+07 2.84189e+08 1.98276e+06 680000 5.16182e+07 2.65555e+07 701737 289348 2.82207e+08 7.21024e+07 2.43553e+07 4.77472e+07 2.10104e+08 1.23727e+08 8.36641e+07 2.11992e+07 1.28134e+07 1.16005e+06 4.00628e+07 6.88894e+07 2.82664e+07 1.20927e+07 1.61737e+07 7.01661e+06 6.79386e+06 4.96441e+06 4.0623e+07 1.97398e+07 1.14361e+07 2.08833e+07 384757 395365 2.58538e+07
internal_count=16801339 7765101 9036238 6212779 53421 6159358 29963 12417 7579 17546 3617931 1595002 3423 5339 4838 2022929 1552322 1884240 941114 491130 943126 449984 223552 226432 412429 288406 245202 245928 1113083 332361 5418307 32428 5747 683595 342228 6901 1310 5385879 1343639 430731 912908 4042240 2344900 1564579 382484 216212 15694 780321 868727 346195 137875 208320 74667 81874 49519 522532 261430 158662 261102 1375 1102 335327
cat_boundaries=0 1 2 4 5 6 8 9 11 12 14 16 17 19 20 22 23 25 26 28 30 31 33 35 37 38 39 41 42 43 45 46 47 49 50 52 54 56 57 59 61 62 63 64 66 68 69 71
cat_threshold=4 19 3567665939 91420 1858 35275 592524424 4224 41285 2202764012 113793 1288 168333356 131616 526432 32801 889666 2854501554 166565 3912 3398858562 57654 20285 900446344 142977 986818 2323644930 49168 1075073600 8214 90210 805341192 136704 1284516864 108 1091108928 18504 552518 113450 264224 2048 3096 271618 2283342342 185601 1323 3145 3378122245 169409 2572 337748186 75784 2281701382 33793 570732706 520 795166 1421869572 29720 68289028 25880 161 44 3654 294715464 28736 1145570053 69904 4 671356928 34852
is_linear=0
shrinkage=0.05


Tree=74
num_leaves=63
num_cat=42
split_feature=0 17 12 2 12 13 14 1 13 13 0 13 14 13 2 13 13 13 14 6 13 14 13 0 14 13 13 13 5 14 6 1 14 13 2 14 13 13 3 13 13 14 14 13 13 16 13 6 16 3 6 13 13 6 13 13 4 13 14 13 6 16
split_gain=759062 401719 256669 241126 259670 274508 278602 260539 470966 259485 227959 252020 249587 382646 217966 240237 217549 211574 208485 233416 230210 206165 193200 192306 215529 407612 190945 189584 186150 319116 218215 184483 188539 206855 221352 173885 283876 181873 163054 323301 176304 311300 183239 516469 236173 220064 240251 208107 170608 191010 168186 244768 165455 161567 308482 235369 160775 390789 159891 494102 500227 414497
threshold=13.180584430694582 0 1.0000000180025095e-35 12.500000000000002 1.0000000180025095e-35 1 2 24542.698242187504 3 4 14.096644878387453 5 6 7 27.500000000000004 8 9 10 11 42.500000000000007 12 13 14 14.622321128845217 15 16 17 18 17500.000000000004 19 8.5000000000000018 77508.992187500015 20 21 10.500000000000002 22 23 24 72.250000000000014 25 26 27 28 29 30 31 32 3.5000000000000004 33 97.450000762939467 1.0000000180025095e-35 34 35 42.500000000000007 36 37 2.5000000000000004 38 39 40 40.500000000000007 41
decision_type=2 1 2 2 2 1 1 2 1 1 2 1 1 1 2 1 1 1 1 2 1 1 1 2 1 1 1 1 2 1 2 2 1 1 2 1 1 1 2 1 1 1 1 1 1 1 1 2 1 2 2 1 1 2 1 1 2 1 1 1 2 1
left_child=1 3 10 9 5 6 7 22 -9 -1 26 12 13 -12 15 -3 18 21 19 -6 -21 -16 -5 -13 25 -25 58 -14 30 -30 -29 32 33 34 -28 36 -19 -37 39 -4 41 -40 43 56 45 46 -44 -47 52 -50 51 -45 -46 55 -55 -34 -42 -58 59 60 61 -2
right_child=2 14 38 4 16 -7 -8 8 -10 -11 11 23 27 -15 17 -17 -18 35 -20 20 -22 -23 -24 24 -26 -27 31 28 29 -31 -32 -33 53 -35 -36 37 -38 -39 40 -41 42 -43 44 50 48 47 -48 -49 49 -51 -52 -53 -54 54 -56 -57 57 -59 -60 -61 -62 -63
leaf_value=-0.010188858554141478 0.041427732274922718 -0.0029635567417434922 -0.0044839047364141609 0.013588915449257147 0.0024815872813695149 -0.0024435773032064302 0.00033601904702571862 0.074662436919420164 -0.02063766291004605 -0.0029177381842533843 0.067744641689317764 0.00082994888310190774 -0.007122390903045255 0.013417500226108395 1.0223223445331242e-05 0.000229958370477905 -0.0045135086191991662 0.0048315471105545606 -0.0031240518922473043 -0.015061347023699368 0.039912487498644622 0.0038631408434335046 0.001298471178419491 0.052273772559637659 0.0053208653768411565 -0.0064551269450618112 0.042889347820943835 0.025548642450108808 0.046743943000321635 0.0053066927427178699 0.0036972801998696944 -0.0059703048337653875 -0.0075708717022618501 0.00085069748143665267 0.0091788661693800924 -0.0049184436346561685 -0.002021765509003941 -0.00020071590321035657 0.0027455522572586259 0.0017942262821532462 0.0034870682569495405 -0.0051057388167839099 0.0063857676093058832 0.042032817267615152 -0.0066665474102205096 -0.005090763637626586 -0.012059285942297203 0.0092307365456013833 0.0068487640174605628 -0.013135160610735958 -0.0055561654889270066 -0.013784403527384567 0.001476427682900544 0.034243012273114985 -0.0078265554797250763 0.0015296280658808757 0.040796286541479848 0.0013878138367181894 0.0032584164195263439 -0.00055222804291225099 0.057948779267279607 0.0050849256148780787
leaf_weight=19245865.528675079 1060024.3250389099 110742763.40031052 37955156.344615936 6968915.7253646851 17198468.053274155 36032133.610091209 22600234.315467834 381396.09819412231 196396.08160018921 33852975.129137993 508070.90796661377 13427833.039100647 1315447.8016204834 895220.97618865967 61993194.484460831 125772198.97217941 88471710.343714714 31260548.760478973 25479753.546322823 250156.58198547363 797684.64203357697 78918470.379903793 5908443.4841432571 793633.00119781494 2650232.1977005005 470667.51739501953 516953.39172363281 1521819.8305130005 984798.30376434326 879664.64364624023 4584140.7180252075 9449198.3184585571 10571537.842987061 10836639.751190186 8393113.5187797546 32686212.358071327 29246852.928996086 54476049.922264099 26455684.5909729 44605667.998760223 28733615.312263489 24149924.284488678 4160002.6071929932 451136.92540740967 8699221.9648246765 2748463.3378143311 3066941.4899024963 32904084.486709595 16122124.04605484 1291523.8107299805 26075330.617473602 347836.55842590332 22049938.74363327 912750.19588851929 833790.94118118286 21666401.792964935 1012213.9249458313 1661945.2871322632 51811511.437423706 5218246.7722930908 792177.32886123657 3019000.5114936829
leaf_count=444238 4319 1808520 332397 105140 362606 657690 395178 1099 2800 725433 643 63269 6250 3187 931269 1968135 2013820 448860 567661 6243 10260 1136076 103695 1392 9878 1915 2432 4835 2205 3586 18884 72306 82866 77785 54873 518319 450043 828254 211959 361735 228415 210728 32258 2175 76465 24009 28698 247891 122977 11950 229719 3226 178637 4363 6597 156452 4911 13294 357526 37179 2281 19915
internal_value=-1.97243e-06 -0.00093325 0.00167089 -0.00255142 -0.00177118 0.000642861 0.00372731 0.00942355 0.0422701 -0.00555318 0.00331946 0.00739482 0.0134336 0.0330873 -0.000140081 -0.00126533 -0.00308756 0.00078215 -0.000202407 0.00387747 0.0267885 0.00216807 0.00794977 0.00367276 0.0134243 0.0304106 0.00240615 0.0104634 0.0133658 0.0271939 0.00914341 0.000472469 0.0016055 0.00549103 0.0111347 -0.000540348 0.00151893 -0.00196988 0.000777352 -0.00109198 0.00154929 -0.00100123 0.00241365 0.000224543 0.00381504 0.00651399 -0.00144188 0.00812669 0.00141216 0.00536661 -0.00486378 0.0177329 -0.000827297 -0.000652192 0.0141593 -0.00145463 0.0045784 0.0163047 0.0043798 0.0101383 0.0215905 0.0145295
internal_weight=1.21808e+09 7.8248e+08 4.35604e+08 2.57384e+08 2.04285e+08 7.20875e+07 3.60554e+07 1.34552e+07 577792 5.30988e+07 1.53113e+08 2.80315e+07 1.06892e+07 1.40329e+06 5.25096e+08 2.36515e+08 1.32198e+08 2.88581e+08 4.37261e+07 1.82463e+07 1.04784e+06 1.40912e+08 1.28774e+07 1.73424e+07 3.91453e+06 1.2643e+06 1.25081e+08 9.28587e+06 7.97042e+06 1.86446e+06 6.10596e+06 6.31804e+07 5.37312e+07 1.97467e+07 8.91007e+06 1.4767e+08 6.05074e+07 8.71623e+07 2.82491e+08 8.25608e+07 1.9993e+08 5.06056e+07 1.49324e+08 5.82821e+07 9.10423e+07 4.28795e+07 7.22694e+06 3.56525e+07 4.81628e+07 1.74136e+07 2.68743e+07 798973 3.07492e+07 3.39845e+07 1.74654e+06 3.22379e+07 3.14078e+07 2.67416e+06 6.1901e+07 1.00894e+07 4.8712e+06 4.07902e+06
internal_count=16801721 13485339 3316382 5395863 4226192 1265602 607912 212734 3899 1169671 994938 116044 39590 3830 8089476 3776655 2960590 4312821 946770 379109 16503 2067345 208835 76454 13185 3307 878894 35760 29510 5791 23719 457674 385368 135090 57305 2245476 898903 1346573 2321444 694132 1627312 422687 1204625 481740 722885 332856 60956 271900 390029 134927 235120 5401 255102 250278 10960 239318 246620 18205 421220 63694 26515 24234
cat_boundaries=0 1 3 4 6 8 10 11 13 15 17 19 20 22 23 25 26 28 30 32 33 34 36 37 39 41 43 45 46 47 49 51 52 54 55 57 59 61 63 64 65 67 68
cat_threshold=12 677674987 131762 26744 134234688 146 3774904938 188428 3223982162 198407 513 131088 1 2897107297 3415 3246524435 151304 2643286624 39127 598924 3221358592 1536 582236 675288456 131744 17508 147087524 4272 838030019 94297 131088 1 535856 19244 3389008904 33408 111153 1610776977 148744 1610645892 17672 1841944785 33079 2181310242 74272 209511 569698 818043029 166213 1297842392 1048 65 1230504000 1032 58 136839232 20482 545259525 257 1073774632 165026 3221266440 33440 537008144 322 271585408 73816 66
is_linear=0
shrinkage=0.05


Tree=75
num_leaves=63
num_cat=46
split_feature=0 12 0 2 13 14 11 13 13 15 17 13 13 0 13 14 0 14 13 14 13 13 15 13 1 2 2 13 13 15 15 2 1 13 13 13 6 17 13 14 2 13 14 13 13 14 14 14 14 13 15 14 13 15 15 13 17 5 14 13 15 1
split_gain=834715 328278 362216 259788 326776 229221 222480 197070 178838 182260 178376 184278 172632 169658 385383 232532 199109 215877 311373 181407 492824 262554 230260 224487 211878 169617 166597 313349 312107 275277 174397 156732 622990 373714 327896 180712 256565 234633 211468 189810 178100 225121 170314 190034 165605 161070 154485 152391 152116 203714 190008 146761 234170 207294 177151 158545 151501 146204 254889 240159 221638 157652
threshold=13.08253860473633 1.0000000180025095e-35 11.611279010772707 12.500000000000002 0 1 13.093302249908449 2 3 4 5 6 7 14.314603328704836 8 9 14.622321128845217 10 11 12 13 14 15 16 8488.5620117187518 27.500000000000004 17.500000000000004 17 18 19 20 18.500000000000004 139907.17187500003 21 22 23 41.500000000000007 24 25 26 48.500000000000007 27 28 29 30 31 32 33 34 35 36 37 38 39 40 41 42 1750.0000000000002 43 44 45 11546.832519531252
decision_type=2 2 2 2 1 1 2 1 1 1 1 1 1 2 1 1 2 1 1 1 1 1 1 1 2 2 2 1 1 1 1 2 2 1 1 1 2 1 1 1 2 1 1 1 1 1 1 1 1 1 1 1 1 1 1 1 1 2 1 1 1 2
left_child=1 3 12 4 47 8 13 57 9 -6 11 -4 46 19 15 26 17 18 25 20 22 51 -2 24 -22 -16 28 29 -15 -28 -30 33 35 -8 -34 37 40 48 39 -38 45 -42 44 -44 -39 -37 -3 -1 49 -33 -50 52 54 -54 -21 56 -53 58 -5 60 -60 -59
right_child=6 2 10 7 5 -7 31 -9 -10 -11 -12 -13 -14 14 16 -17 -18 -19 -20 21 23 -23 -24 -25 -26 -27 27 -29 30 -31 -32 32 34 -35 -36 36 38 42 -40 -41 41 -43 43 -45 -46 -47 -48 -49 50 -51 -52 55 53 -55 -56 -57 -58 61 59 -61 -62 -63
leaf_value=-0.0020950909587657495 -0.009008683477590828 0.0048327800943973329 -0.0012681296438883994 -0.0017066755599304323 -0.0098885213322233607 0.0040863007223965837 -0.0047113627489573269 -0.00020406581715296456 -0.0083693122466143629 0.01214390849800577 -0.0010062344988698822 -0.006590860097853599 -0.008224750935065011 -0.006270278671560145 -0.00081223368348642792 0.006883097263866678 0.010344348356540183 -0.011003879235261877 -0.011420902701321619 0.00862128839850013 0.060630819980163543 0.0010278101275233357 0.020061323518558362 -0.007976087724148255 0.00054483698541979029 0.048563443714826501 0.057248324101113857 -0.0017945454722218153 0.0075428912976392443 0.0061414690200732088 0.064636906253340565 0.012671265489658801 0.071299702145614194 0.0016656951691137055 0.010356816790362072 0.0017753297331725426 0.023433995089740183 -0.0095739830306058368 -0.014404425360434481 -0.0085884913540618182 0.0090756416442550562 0.00034313725434561508 0.007346805623984605 -0.00018923524621044849 0.00030363578443123103 -0.0027596070367621149 -0.006621478646843715 -0.010935044799414579 0.0075919258275349679 0.0031428142258245946 -0.0010368782909386403 0.0051648710803018482 0.0034910494616796879 0.015777556340975697 -0.0048065155072131239 0.0063025336636536033 -0.0042183131325359965 0.00062668491969417679 0.0029209528765557747 0.0044250179539382086 0.024469897343143657 0.0063620621037076292
leaf_weight=7763011.6587553024 841418.03104019165 5667154.9459781647 33530697.858910561 5842492.2149963379 1468266.186416626 18115858.200104713 38611166.36403656 115439662.6416111 9301769.6096954346 2602240.7663125992 361401966.40276432 31571988.884810448 30995906.088202 266955.74289703369 255052.85650634766 2649465.509979248 3839176.6296920776 3811282.5466308594 786271.31519317627 5255029.8353805542 148437.81912231445 63663876.530216217 3577130.9323387146 13644725.469924927 12655414.658973694 546871.58876800537 657395.16006469727 1013685.7875442505 161153.2911529541 439735.28337097168 786984.48002624512 12470737.155761719 480206.66988372803 56727746.188550949 408461.86131286621 36330538.505617142 808941.11898422241 6705839.2269210815 5215948.8054122925 1081286.8997650146 12249985.131256104 18566062.767875671 13306747.03314209 22527358.172513962 11555425.117210388 42467429.760583878 6125433.3872737885 13106235.222344398 11428136.32970047 10195297.097324371 14442520.880622864 7835495.5675964355 4900930.5422763824 11461498.481590271 4611915.6475791931 23676215.47328949 9538826.3318901062 54306557.248015404 1669177.3959541321 6621286.9158287048 4185118.3187494278 15373427.242729187
leaf_count=124236 6932 183718 745525 89136 24846 268169 359845 1751022 156779 35261 5962408 747070 1160750 1194 1118 10060 13304 19205 3951 34924 592 466597 21148 110707 93605 1221 1104 4015 585 1669 1038 79452 544 492427 1515 305551 5262 69205 50744 10025 92239 156871 115691 212986 108448 374117 223584 227752 77693 72774 107241 51387 34933 70667 35396 161962 76691 853605 24262 94158 47005 166528
internal_value=-1.57482e-05 -0.00109476 -0.00188021 0.00034627 -0.00279467 0.000421105 0.00157249 0.00115463 -0.00454426 0.00419662 -0.00144023 -0.00384942 -0.00626582 0.00299123 0.00803926 0.0179343 0.00163936 -0.00455011 0.0109374 0.0025166 -0.000931558 0.00332943 0.0145256 -0.00351386 0.00124143 0.0328591 0.0267377 0.0182474 0.041487 0.0367647 0.0549329 0.000776648 0.00150978 -0.00091694 0.0432892 0.00134051 -5.22709e-06 0.00287098 -0.00921208 0.00511589 0.000591645 0.00381448 0.00060645 0.00260922 -0.00332359 -0.000668732 -0.00111692 -0.00764673 0.00539486 0.00838532 0.00277482 0.00550734 0.00842879 0.0120975 0.00234499 0.00364068 1.33287e-05 0.00293703 0.00691194 0.0109481 0.0183259 0.00189208
internal_weight=1.21769e+09 7.25088e+08 4.69293e+08 2.55795e+08 5.23574e+07 3.14881e+07 4.92605e+08 2.03438e+08 1.33723e+07 4.07051e+06 4.26505e+08 6.51027e+07 4.27885e+07 1.77025e+08 1.5214e+07 5.97538e+06 9.23865e+06 5.39948e+06 1.5882e+06 1.61811e+08 3.08671e+07 1.30944e+08 4.41855e+06 2.64486e+07 1.28039e+07 801924 3.32591e+06 2.11082e+06 1.21509e+06 1.09713e+06 948138 3.1558e+08 2.20241e+08 9.53389e+07 888669 2.19352e+08 1.1672e+08 1.02632e+08 7.10618e+06 1.89023e+06 1.09614e+08 3.0816e+07 5.40954e+07 3.58341e+07 1.82613e+07 7.8798e+07 1.17926e+07 2.08692e+07 4.85367e+07 2.2666e+07 2.58707e+07 6.72799e+07 2.62294e+07 1.63624e+07 9.86695e+06 4.10505e+07 1.73743e+07 8.79981e+07 1.83181e+07 1.24756e+07 5.8543e+06 6.968e+07
internal_count=16802449 12885814 9023055 3862759 837043 485055 3916635 3025716 216886 60107 7455003 1492595 1568052 1224005 58464 19665 38799 25495 6290 1165541 232984 932557 28080 204904 94197 2339 9605 6788 2817 2773 1623 2692630 1840358 852272 2059 1838299 994809 843490 66031 15287 928778 249110 506330 328677 177653 679668 407302 351988 337160 152226 184934 465960 175920 105600 70320 290040 128078 1274694 254561 165425 71267 1020133
cat_boundaries=0 2 3 5 7 8 9 11 13 15 16 17 19 20 22 24 25 27 29 31 32 33 35 37 39 40 42 43 45 46 48 50 51 52 53 54 56 57 58 60 61 62 64 65 66 68 69
cat_threshold=2301123689 153288 115513 1298161129 16903 75800576 65541 2444 4 2610563086 229068 1275133989 38168 3308130314 90944 183083 6674 281022049 1041 397344 84934944 256 407759564 248049 3104 3257274947 12895 83886088 82496 83886088 17216 2456 2584 4148962968 245792 671229464 8746 3737519317 100391 18 537985026 8200 151750 18874408 30336 398364 2315255813 98336 273023045 32800 923173 407084 399937 546204 3263300676 2086 3205 592146 4719176 182304 3360 2110 134506628 65744 17 546114 136317312 16902 657
is_linear=0
shrinkage=0.05


Tree=76
num_leaves=63
num_cat=47
split_feature=0 17 0 17 13 14 2 13 13 14 13 15 13 2 13 13 14 13 15 15 14 13 13 0 6 14 11 2 13 3 15 13 2 14 13 13 0 14 14 13 13 15 13 15 13 4 3 14 17 14 17 13 13 15 14 13 13 2 13 14 11 14
split_gain=767422 376614 322758 221341 182487 236923 171893 245130 223854 176032 194161 249692 168691 163981 161111 161000 160802 274000 195095 154511 190106 207086 194075 261866 188776 195031 187229 152436 179608 178041 282112 148796 316391 284304 361968 274599 312004 372552 189337 349549 281988 274266 274873 237685 228314 208427 369427 241168 186273 180207 156257 335057 172843 144831 433677 383392 300227 277281 249592 267399 192155 433697
threshold=13.302617073059084 0 11.792338371276857 1 2 3 44.500000000000007 4 5 6 7 8 9 18.500000000000004 10 11 12 13 14 15 16 17 18 12.946054935455324 42.500000000000007 19 1.0000000180025095e-35 36.500000000000007 20 84.850002288818374 21 22 49.500000000000007 23 24 25 13.548122406005861 26 27 28 29 30 31 32 33 1.0000000180025095e-35 83.649997711181655 34 35 36 37 38 39 40 41 42 43 27.500000000000004 44 45 14.313736915588381 46
decision_type=2 1 2 1 1 1 2 1 1 1 1 1 1 2 1 1 1 1 1 1 1 1 1 2 2 1 2 2 1 2 1 1 2 1 1 1 2 1 1 1 1 1 1 1 1 2 2 1 1 1 1 1 1 1 1 1 1 2 1 1 2 1
left_child=1 12 13 4 5 27 7 9 16 10 11 -4 19 14 -3 -15 17 18 -8 20 22 -22 24 -24 26 -26 -1 -2 -29 -30 -31 -5 38 34 -34 36 49 -38 39 43 45 44 -43 48 -41 47 -47 -40 -33 -35 52 -52 -36 54 56 -56 -6 -57 59 -55 -60 -62
right_child=3 2 6 31 53 -7 8 -9 -10 -11 -12 -13 -14 15 -16 -17 -18 -19 -20 -21 21 -23 23 -25 25 -27 -28 28 29 30 -32 32 33 35 50 -37 37 -39 40 41 -42 42 -44 -45 -46 46 -48 -49 -50 -51 51 -53 -54 58 55 57 -58 -59 60 -61 61 -63
leaf_value=0.015125723354187215 0.0018287963935476569 -0.015178663673044502 -0.015024260142002151 3.0349484777843255e-05 0.010628548731113824 -0.0021459481982194291 0.017164643439442823 -0.003277307203108168 0.0026433382468961115 0.00016775694119397228 -0.0086538141844645627 0.017912837078614966 -0.00069099226665050948 -0.0073670101241049453 -0.00516758608533928 -0.00081277947960601237 -0.0037216518618120769 -0.0050742857647116876 0.00022530505040652119 0.00038155236277597902 0.0056404614179720956 -0.002488767526339098 -0.0015496232340706743 0.012271783686637056 0.061121160279210413 0.014529695304907889 0.0041679919879934546 0.021801803349242588 -0.0092716176395031876 -0.022284652234002292 0.034177375686639214 0.025446301763131365 -0.0071077001511584779 0.0098006480126469342 0.047300253620933569 -0.0005444234044452666 -0.0013503613115434271 0.022929101856224578 0.0081363012517115998 0.0080551470006193782 -0.0036338823261037908 0.016304129033658837 0.0038505139673392984 -0.0041640208362965928 -0.006081059435072032 -7.4820420858000812e-05 0.020406815506588041 -0.0023170413876252879 0.0018575516904367326 -0.014361800963169004 0.03410370759277425 -0.018458210900405263 0.018911552059902553 0.020148637051523949 0.0044483948868600772 0.029425820293343719 -0.0064498788468663488 0.011613071703896985 -0.0010803270039029356 0.0041034949309293372 0.044822925550449998 -0.0034160457596383131
leaf_weight=6284622.2325716019 6976268.8579139709 7143129.5023369789 875134.66629505157 130309867.1922226 4498552.750629425 20648796.51184845 3805541.885643959 151489438.48798752 55915382.289482117 130570984.4558754 11112582.705218315 1679998.3951292038 194059289.01342392 16157287.716505051 9188520.6573343277 22303259.68729496 35711969.326607704 5920968.9549446106 3071865.6812791824 132734507.84231949 12637292.824837685 20612006.509520531 12798874.199328423 4680165.4254798889 345515.91428089142 641912.38157749176 10266351.447523117 2779776.0048828125 1311744.2532806396 309313.72860717773 776846.33776473999 1265239.9790382385 1034695.2523345947 1480684.8035926819 1212223.3628807068 11139852.060848236 2211487.9751243591 5532847.7944946289 7590040.9509620667 5748484.5380096436 34454788.392276764 10266318.204696655 7795040.0804481506 15968006.430702209 5677207.1978988647 4788266.4369468689 4075468.6884841919 20207268.537773132 2472131.9820785522 1611502.9185295105 740336.24932861328 513464.34107971191 961477.24858093262 3913872.7359809875 6034695.3741378784 4527622.7890396118 6012883.5947685242 4221973.828830719 19582064.515861511 7715441.6161804199 762264.30870056152 1198564.8681411743
leaf_count=64983 43106 276643 16638 1021507 23969 131859 49919 2572713 859029 2135243 197318 22725 2832378 570952 323781 729016 590377 98933 48882 1886217 169601 300790 205571 37936 1897 7791 150591 13006 8759 2335 3126 6342 8390 12065 4185 84272 15113 28320 53451 41516 275868 65943 57989 128388 46284 37020 24897 158831 19504 16632 4224 5160 5254 18182 34039 19179 38066 21723 122577 43693 1641 4902
internal_value=5.71619e-05 -0.000768894 -0.00174965 0.00196349 0.00409901 0.00111414 -0.00125684 -0.00187265 0.000487084 -0.000397375 -0.00579621 0.00663185 0.000360525 -0.00534865 -0.00954624 -0.00356622 -0.00199832 0.00281038 0.00959852 0.00137573 0.00330875 0.000600966 0.00587981 0.00215118 0.00959582 0.0308335 0.00832879 0.00665283 0.0131526 0.00312594 0.0180984 0.00125999 0.0023519 0.00730442 0.018811 0.00496805 0.0106348 0.0159958 0.00126355 0.00364846 -0.000386155 0.00709396 0.0109293 -0.00150736 0.00103114 0.00266612 0.00934246 0.00053724 0.00984327 -0.0027917 0.0266353 0.0125782 0.0347434 0.00577363 0.00862337 0.0141436 0.000859136 0.0208305 0.00360053 0.00950354 0.000413962 0.0153369
internal_weight=1.21833e+09 8.50007e+08 4.54946e+08 3.68327e+08 9.12707e+07 3.28027e+07 4.00154e+08 2.95728e+08 1.04426e+08 1.44239e+08 1.36677e+07 2.55513e+06 3.95061e+08 5.47922e+07 1.63317e+07 3.84605e+07 4.85103e+07 1.27984e+07 6.87741e+06 2.01001e+08 6.82667e+07 3.32493e+07 3.50174e+07 1.7479e+07 1.75384e+07 987428 1.6551e+07 1.21539e+07 5.17768e+06 2.3979e+06 1.08616e+06 2.77057e+08 1.46747e+08 2.64386e+07 4.4622e+06 2.19764e+07 1.08365e+07 7.74434e+06 1.20308e+08 4.91924e+07 7.11158e+07 2.94871e+07 1.80614e+07 1.97054e+07 1.14257e+07 3.6661e+07 8.86374e+06 2.77973e+07 3.73737e+06 3.09219e+06 3.4275e+06 1.2538e+06 2.1737e+06 5.84679e+07 2.52957e+07 1.47843e+07 1.05114e+07 8.7496e+06 3.31722e+07 1.16293e+07 2.15429e+07 1.96083e+06
internal_count=16801241 14149924 8492169 2651317 530162 202191 6591777 4944637 1647140 2371924 236681 39363 5657755 1900392 600424 1299968 788111 197734 98801 2825377 939160 470391 468769 243507 225262 9688 215574 70332 27226 14220 5461 2121155 1099648 183615 27213 156402 72130 43433 916033 365966 550067 211732 123932 154234 87800 274199 61917 212282 25846 28697 18823 9384 9439 327971 136976 74941 62035 40902 190995 61875 129120 6543
cat_boundaries=0 1 2 4 5 7 9 10 12 13 15 17 19 20 22 23 24 25 27 29 30 32 33 35 36 38 40 41 42 44 46 47 49 50 52 53 54 55 56 58 60 61 62 64 66 68 69 70
cat_threshold=18 2 491959680 19730 137336 2845347484 235393 2341264052 106949 524416 134218240 196608 227 2539475878 20017 3876409374 29866 2952961692 200560 664592 184817700 32837 3858 1038 627926 33559170 3616 2421690532 1552 528384 4371584 16400 2753 3360499572 164331 6400 125845506 81920 126914568 84480 574594 672854 293656576 82448 293787649 90128 2567 34603146 5124 258 606076931 10240 65824 16 435209 17 538085385 16 270663808 9732 992 224337 1613561868 70368 1613037574 45572 2621516 66272 345604 529088
is_linear=0
shrinkage=0.05


Tree=77
num_leaves=63
num_cat=51
split_feature=0 0 2 3 13 14 2 13 14 15 13 13 13 17 14 14 15 13 1 13 13 14 11 13 15 14 13 13 17 14 13 14 14 13 14 13 13 3 13 13 15 14 13 13 14 14 11 0 13 17 13 14 13 17 13 13 0 14 15 14 14 13
split_gain=724176 302586 298292 230346 279116 278154 201687 477204 284631 331983 464123 313115 236546 275246 239305 216281 393528 193424 187056 183946 168563 221346 168532 317711 329676 304624 347741 294415 309444 361721 269130 266194 263400 324382 256737 271935 251114 247815 232527 191293 177910 249089 243912 174358 201078 194836 168495 165241 155191 153776 153065 149880 149322 146803 229683 146366 152747 141738 168517 138710 133909 318984
threshold=12.440037727355959 13.478944778442385 26.500000000000004 85.250000000000014 0 1 42.500000000000007 2 3 4 5 6 7 8 9 10 11 12 19945.544921875004 13 14 15 13.511213779449465 16 17 18 19 20 21 22 23 24 25 26 27 28 29 71.850002288818374 30 31 32 33 34 35 36 37 12.432333469390871 11.694918632507326 38 39 40 41 42 43 44 45 13.779185295104982 46 47 48 49 50
decision_type=2 2 2 2 1 1 2 1 1 1 1 1 1 1 1 1 1 1 2 1 1 1 2 1 1 1 1 1 1 1 1 1 1 1 1 1 1 2 1 1 1 1 1 1 1 1 2 2 1 1 1 1 1 1 1 1 2 1 1 1 1 1
left_child=2 46 20 17 5 19 22 -8 9 10 18 59 13 48 -15 16 -14 -4 -9 -5 -1 47 27 24 34 30 -27 28 29 39 -26 55 33 -30 38 -36 -34 -31 -24 -3 43 42 -42 44 -25 -45 60 -22 -10 -21 -33 -52 -7 54 -23 -29 -57 58 -56 -11 -2 -62
right_child=1 6 3 4 -6 52 7 8 12 11 -12 -13 15 14 -16 -17 -18 -19 -20 49 21 53 23 40 25 26 -28 31 32 37 -32 50 36 -35 35 -37 -38 -39 -40 -41 41 -43 -44 45 -46 -47 -48 -49 -50 -51 51 -53 -54 -55 57 56 -58 -59 -60 -61 61 -63
leaf_value=-0.0055518509335540584 -9.0807424538636247e-05 0.01581568559515345 0.0025799367499784779 -0.0024445978092215871 -0.0055683552399577278 -0.010418922430933184 -0.00083156644335896375 0.025238818330302466 -0.018039694998310641 0.014408585251096668 -0.003561965587111548 -0.012529516478920845 0.022568132808125464 0.024625386833101358 0.011655973918262785 -0.00013560209871486104 -0.0019398406162273439 -0.0013095958343076423 0.0076779741714724202 0.017860361509076456 -0.0056308440499548027 -0.0073430630743688196 0.001641224525688191 0.011409362225700393 -0.0063423263210086863 0.0048690114420532659 -0.011322924156840837 0.0091560156469431466 -0.00417378874427879 0.0034614816940675649 0.0089954687756181855 -0.010050267218324919 0.007070119977095001 0.016897641673818097 0.013698521233529555 -0.0022268728656596975 -0.0047598191299585155 0.025593470452725128 0.014573108097769009 -0.010995630415563061 0.0072561007588573846 -0.0084077687342662792 -0.0057261476331444145 -0.011239083872274389 -0.001784582767659172 0.0010775316607310541 -0.00042714053931077806 0.003608814564785295 0.007490133578110199 0.0012761892583009404 0.0045155949838132561 -0.0056923855506418753 -0.00013570955205413851 -0.0052574407620582094 0.024687355281867052 -0.006442145563742137 0.0059535326502212519 -0.0013223676271683739 0.004891442006467542 -0.0041619070000344753 0.0067379108834248018 0.00086034604584080728
leaf_weight=61459040.175655842 91259597.483098984 1062042.1229972839 65335704.203309536 2946614.3029527664 40698163.635754108 4602217.9483375549 29467484.289543152 3402514.0108184814 886258.50332641602 2208835.6747016907 4624795.58070755 5267522.7226295471 3793838.8614425659 5625719.8707618713 9671175.8779296875 8196186.3015708923 2882400.004524231 62578389.286149025 2735632.8443717957 4428805.5480675697 6231129.3354740143 5975789.5824975967 5009648.0016784668 6218943.9663848877 4115206.7401123047 4927755.023601532 10137068.508636475 8867690.2084770203 2581513.273601532 1670116.8435020447 9377157.3407936096 6542096.8711013794 7755095.0948257446 6244563.5862236023 3509728.6745681763 11346156.791561127 10641108.66809845 5211857.6897850037 11355228.75044632 1780743.9271812439 6658193.2279319763 19821547.248451233 7923766.9347381592 4754662.6531906128 5390979.6240730286 9889319.4154281616 382796493.75766945 21656853.704632759 1812926.5835800171 2042397.4656324387 6868383.2908821106 7547040.2905273438 15156121.052210808 45726281.097937107 1535736.4117507935 4543223.3782463074 5486516.1299667358 4516323.3563156128 3583888.2475452423 1845830.9796638489 31780290.986301422 84361390.482898712
leaf_count=1490252 950760 4650 1388022 65419 941395 109709 200095 19316 7595 12537 31794 39011 19287 26910 54130 55076 19485 1387219 14410 74436 207413 120233 35145 39754 31333 33329 81230 49906 17662 8253 61897 45446 46587 33462 21588 83391 72463 19725 69427 10478 44209 156595 60856 38476 39804 70883 4930810 412017 12382 48589 41414 50436 331039 1153532 21544 35976 26562 85407 63208 12836 302491 862438
internal_value=6.50759e-05 0.000836638 -0.00186089 -0.000584038 -0.0028927 0.000839601 0.00219138 0.00426854 0.00710663 0.00241724 0.00839975 -0.00448988 0.00997219 0.0138282 0.0164257 0.00530628 0.0119871 0.000677092 0.0174123 0.00791089 -0.00353688 -0.00214896 0.00132337 0.000156226 0.00274313 -0.00113933 -0.00602649 0.00315361 0.00636886 0.0140247 0.0043174 0.000172954 0.00363392 0.0107345 0.00629436 0.00153554 0.000227206 0.0202225 0.0106144 -0.000979117 -0.00239317 -0.00475868 0.00020161 0.00070662 0.00528286 -0.00292148 0.000194711 0.00154436 -0.000892442 0.0126262 -0.0037073 -0.000828684 -0.00253093 -0.00382817 0.000358129 0.00447621 0.000338597 0.00513407 0.0108297 0.00595464 0.00134245 0.00246865
internal_weight=1.21833e+09 8.69856e+08 3.48473e+08 1.97788e+08 6.98743e+07 2.91762e+07 2.79658e+08 8.24211e+07 5.29536e+07 2.00851e+07 1.07629e+07 9.32219e+06 3.28685e+07 1.79961e+07 1.52969e+07 1.48724e+07 6.67624e+06 1.27914e+08 6.13815e+06 9.41782e+06 1.50685e+08 8.9226e+07 1.97237e+08 1.20435e+08 5.97779e+07 2.85572e+07 1.50648e+07 7.6802e+07 3.6947e+07 9.72476e+06 1.34924e+07 3.9855e+07 2.72223e+07 8.82608e+06 3.12208e+07 1.48559e+07 1.83962e+07 6.88197e+06 1.63649e+07 2.84279e+06 6.06574e+07 3.44035e+07 1.4582e+07 2.62539e+07 1.16099e+07 1.4644e+07 5.90198e+08 2.7888e+07 2.69919e+06 6.4712e+06 2.09575e+07 1.44154e+07 1.97583e+07 6.1338e+07 1.56117e+07 1.88974e+07 1.00297e+07 9.63595e+06 5.11962e+06 4.05467e+06 2.07401e+08 1.16142e+08
internal_count=16801734 8902300 7899434 4345828 1570587 629192 1855801 524864 324769 129904 65520 64384 194865 101017 81040 93848 38772 2775241 33726 188444 3553606 2063354 1330937 867917 417340 207789 114559 463020 213280 43106 93230 249740 170174 51124 209551 104979 119050 27978 104572 15128 450577 261660 105065 188917 79558 109359 7046499 619430 19977 123025 137296 91850 440748 1443924 290392 112444 62538 170159 84752 25373 2115689 1164929
cat_boundaries=0 2 3 5 6 7 9 11 13 14 15 16 17 19 21 23 24 26 27 28 30 32 33 34 36 37 38 40 41 42 44 46 48 49 50 52 54 55 56 58 59 61 62 64 65 67 69 70 71 72 73 75
cat_threshold=472273980 148088 164236 1750943046 139338 927361 2857 33729072 20145 2491426816 88321 2208313993 37396 8 356 86056 1340 3818602464 17045 335937552 24 4163662380 137364 179200 978701556 176202 1806 830471 302268544 4160 3315937578 80684 2 623762 303038528 143424 93972 275528 1090781218 68096 778976 1097796 1157894178 2560 536985760 4160 77858 73728 248 599704 1084895234 16912 67109643 66597 280302 559812 10485768 4612 26 939540689 128 561224 5152 544 2 4260034 91458 402702549 146 803026 98 140289 955688 1342505232 54658
is_linear=0
shrinkage=0.05


Tree=78
num_leaves=63
num_cat=48
split_feature=0 0 2 17 15 13 13 0 13 14 16 0 17 13 15 13 14 14 13 14 13 13 14 13 0 13 13 13 14 15 13 13 14 13 14 2 13 5 13 6 6 13 16 15 15 13 3 13 13 17 14 0 13 13 14 14 13 15 13 0 13 3
split_gain=567764 317269 243030 233052 205634 388829 343710 200483 312905 380148 287557 192426 185834 218262 243450 196904 229907 185673 255725 173712 266082 254496 168743 311387 244891 236677 161694 158986 177685 275757 284129 228507 226569 177900 172408 336440 299406 258047 388945 476391 282868 321191 249450 234009 233102 227378 219276 157927 157440 154604 152681 153401 151827 148781 148483 146008 168650 145964 164589 145838 142038 138302
threshold=13.302617073059084 11.564560890197756 42.500000000000007 0 1 2 3 14.432618141174318 4 5 6 10.36855983734131 7 8 9 10 11 12 13 14 15 16 17 18 13.180584430694582 19 20 21 22 23 24 25 26 27 28 33.500000000000007 29 7500.0000000000009 30 18.500000000000004 43.500000000000007 31 32 33 34 35 99.850002288818374 36 37 38 39 11.595826625823976 40 41 42 43 44 45 46 13.191593170166017 47 65.250000000000014
decision_type=2 2 2 1 1 1 1 2 1 1 1 2 1 1 1 1 1 1 1 1 1 1 1 1 2 1 1 1 1 1 1 1 1 1 1 2 1 2 1 2 2 1 1 1 1 1 2 1 1 1 1 2 1 1 1 1 1 1 1 2 1 2
left_child=1 11 12 7 5 -4 50 27 9 10 -9 52 15 14 17 22 57 18 -14 20 61 -21 25 24 -24 -3 -13 34 29 30 32 54 -29 -31 37 45 42 38 39 -2 44 -42 -37 -40 -39 46 -36 49 -12 -18 -6 53 -1 -52 -30 60 -57 -17 -59 -53 -8 -7
right_child=3 2 4 -5 6 19 55 8 -10 -11 48 26 13 -15 -16 16 47 -19 -20 21 -22 -23 23 -25 -26 -27 -28 28 31 33 -32 -33 -34 -35 35 36 -38 40 43 -41 41 -43 -44 -45 -46 -47 -48 -49 -50 -51 51 59 -54 -55 -56 56 -58 58 -60 -61 -62 -63
leaf_value=0.00012476622136376944 0.038784271949133899 -0.0044802130637367852 0.0065348779411729709 0.00094757209086220669 -4.4024463405354051e-05 -0.0058108126980108178 0.0028117626258737476 0.010007021811993684 0.0031830026232325796 0.00033797896636704998 0.0093436515007108301 3.3149977652068104e-05 -0.00032161307803035892 -0.0034912530877268403 -0.0017284031132651174 -0.0020392359337590336 0.0028237954510101832 -0.00023858615747920721 0.017471357191226593 0.002025177856460959 -0.0023113355237314652 -0.0068911481559321558 0.0041847182288948835 -0.00010528784696212523 0.017015404200458367 0.0014630125976878782 -0.00565774797594431 0.047338197894394196 0.0068790441776818388 -0.00046487369975199483 0.00066096908569629291 0.007435621231929139 0.007383696928016617 -0.012053931496502851 0.0034689388393168864 -0.00053735357154956404 0.00095058786475912555 0.011583740579263346 0.032797460643031635 0.0079160304720936985 0.08842950228404893 -0.02488135452225048 0.023865495766848568 0.00094894546795024493 -0.0091057595846359626 -0.0089837369754506881 0.082557906171249335 -0.0049680668948715078 0.056038280544595503 -0.0032583800701079611 0.070459089848189091 0.0043861705981479218 -0.0411439323424235 -0.010431231098582308 -0.0086744338179187818 -0.008736846684517045 -0.0020709678355849358 0.0065441605768907108 0.00037321677161699431 0.018124609229514279 -0.0026884857458882193 0.0092529883952568986
leaf_weight=347677.40850305557 2634149.7375679016 29027571.521856308 39230735.135381699 276468566.36704254 18133790.785048485 1720800.9247226715 22191930.558137894 713072.59423828125 4735731.8909606934 1166603.7920761108 212673.13330841064 18259321.018742561 3311682.6033306122 123428515.8868618 44680010.535367966 41224504.663570404 16912510.851129532 7581651.5022993088 5174872.189160347 16194619.961232185 12664332.764442444 15821422.147665977 38912629.370582581 63108978.249883652 4111861.6383056641 39609542.28556633 39445979.014678001 645193.43082809448 2304743.7687339783 6234249.3247718811 6185676.8411598206 15767687.889640808 788410.42614364624 7063326.4009361267 5117857.5554733276 1423913.4644699097 5676846.5944328308 2194744.0467605591 656302.73414993286 2378535.8993530273 185467.4772644043 94354.501888275146 3958763.8118515015 4758284.7710952759 3585450.8972740173 6977790.0985832214 89166.211395263672 53689836.751806259 1194616.5496749878 27335588.742599487 175548.74685192108 21462649.703663826 620852.16411685944 84068.601421356201 4591336.1496391296 13575772.580985069 31519179.971231461 14126554.205734253 45959326.264242172 2122737.3350372314 24915868.787611008 13302559.616347313
leaf_count=18138 10055 416413 541939 2122015 269301 26919 322222 2255 17437 4275 714 591467 60621 2364119 834235 585708 208812 139047 78115 235916 192874 251102 528729 876617 30285 543347 1377841 2152 13723 39949 38557 90854 4752 50044 30973 8525 34487 12029 2685 13679 125 741 17917 28872 24019 47680 92 783943 1643 416325 1344 310608 46462 2392 32158 219784 480186 182918 636323 16268 380629 179029
internal_value=2.97653e-05 -0.000680417 -0.000417375 0.00167098 0.000938544 0.00266798 -0.000336599 0.00386072 0.0114096 0.0232622 0.0358748 -0.00422798 -0.000983639 -0.00228371 0.000169769 -0.000343448 -0.0014179 0.00544791 0.0105281 0.000127074 0.00302725 -0.00238102 0.000881489 0.00213089 0.00541095 -0.00105046 -0.00385701 0.00313379 0.00104825 -0.00227502 0.00530926 0.00411537 0.0253654 -0.00662068 0.00542135 0.00264742 0.00896144 0.00933214 0.0141008 0.0241371 0.00112687 0.0502239 0.0174101 0.00480936 -0.00124994 -0.00308349 0.00482327 -0.00314533 0.0489818 -0.000933651 0.00341379 0.00604341 -0.0263299 0.0442677 -0.00347629 -0.00204411 -0.00407772 0.000252025 0.00182404 0.00562266 -9.73833e-05 0.00752755
internal_weight=1.21779e+09 8.49985e+08 7.91312e+08 3.67804e+08 2.33116e+08 9.89345e+07 1.34182e+08 9.13349e+07 8.0227e+06 3.28697e+06 2.12036e+06 5.86738e+07 5.58196e+08 1.84177e+08 6.07482e+07 3.74019e+08 1.99248e+08 1.60682e+07 8.48655e+06 5.97037e+07 2.76877e+07 3.2016e+07 1.74771e+08 1.06133e+08 4.30245e+07 6.86371e+07 5.77053e+07 8.33123e+07 4.35806e+07 2.09169e+07 7.61928e+06 2.26638e+07 1.4336e+06 1.32976e+07 3.97316e+07 2.32443e+07 1.10595e+07 1.64873e+07 1.04273e+07 5.01269e+06 6.06002e+06 279822 5.38268e+06 5.41459e+06 5.78019e+06 1.21848e+07 5.20702e+06 9.79379e+07 1.40729e+06 4.42481e+07 4.19788e+07 2.3845e+07 968530 259617 6.89608e+06 9.22028e+07 4.5095e+07 1.0131e+08 6.00859e+07 2.35854e+07 4.71078e+07 1.50234e+07
internal_count=16802385 14149978 12116070 2652407 3430513 1427779 2002734 530392 26324 8887 4612 2033908 8685557 3476137 1112018 5209420 2814029 277783 138736 885840 398822 487018 2395391 1435631 559014 959760 1969308 504068 272189 135454 45461 136735 6904 89993 231879 139674 60929 92205 55291 23734 36914 866 26442 31557 36048 78745 31065 1409080 2357 625137 599913 330612 64600 3736 45881 1402821 699970 1404949 819241 326876 702851 205948
cat_boundaries=0 1 2 4 6 8 9 10 11 13 14 16 17 18 20 21 23 25 26 28 30 32 34 35 36 38 40 41 43 44 46 48 50 51 52 53 54 56 58 59 60 62 64 65 66 68 69 70 72
cat_threshold=2 3334 2400482370 140299 1346453728 68486 2756984941 35464 680869 41 19 763922449 2978 164 2198922830 61565 6063 319128 557072 2594 79036 1357087000 35472 539003557 119328 4860 2148532742 16409 1050118 16413 1275144609 21648 1756062546 168556 355877 680 2164260864 1152 2165314560 1424 16900 2416185472 85265 265833 1210581504 164448 1610833920 135180 8388624 32768 17 4 561 11076434 346685489 1282 67125248 34824 2 791710 304109376 114824 160 2180 135170 928963 2182351888 49217 3296 138678656 8793113 192592
is_linear=0
shrinkage=0.05


Tree=79
num_leaves=63
num_cat=47
split_feature=17 0 17 0 13 2 13 15 14 13 13 15 14 13 13 14 13 6 13 14 14 15 13 13 13 15 0 15 14 2 14 15 11 6 6 14 16 1 13 2 13 17 2 13 13 14 15 13 15 6 14 6 13 13 1 15 13 15 16 16 14 13
split_gain=584204 439733 249133 244406 243652 200646 238682 202599 193585 226854 201193 185370 283254 266829 257765 272446 169807 270473 253115 223031 201058 290000 246893 211274 201799 299695 200995 191382 297841 181989 288962 304513 219788 169593 164149 314544 205232 161418 159013 157374 153681 147732 145217 358337 170876 246085 167289 162523 184411 160954 141427 169232 200736 194427 202454 176061 163309 146067 138832 136112 136093 135838
threshold=0 12.280593872070314 1 14.096644878387453 2 18.500000000000004 3 4 5 6 7 8 9 10 11 12 13 3.5000000000000004 14 15 16 17 18 19 20 21 14.155711174011232 22 23 42.500000000000007 24 25 12.304116249084474 6.5000000000000009 12.500000000000002 26 27 51569.533203125007 28 44.500000000000007 29 30 2.5000000000000004 31 32 33 34 35 36 43.500000000000007 37 19.500000000000004 38 39 3886.603149414063 40 41 42 43 44 45 46
decision_type=1 2 1 2 1 2 1 1 1 1 1 1 1 1 1 1 1 2 1 1 1 1 1 1 1 1 2 1 1 2 1 1 2 2 2 1 1 2 1 2 1 1 2 1 1 1 1 1 1 2 1 2 1 1 2 1 1 1 1 1 1 1
left_child=3 5 38 42 -5 6 -2 8 9 -8 41 14 40 -14 15 -6 17 18 27 -20 24 23 37 -22 26 39 -18 28 -4 -19 31 -31 -32 -28 35 -15 -36 -23 -3 -26 -13 -10 43 46 45 47 -1 48 58 -49 56 53 -53 55 -55 -52 -40 -54 -44 -51 -29 -9
right_child=1 2 16 4 11 -7 7 61 10 -11 -12 12 13 34 -16 -17 20 29 19 -21 21 22 -24 -25 25 -27 33 60 -30 30 32 -33 -34 -35 36 -37 -38 -39 50 -41 -42 -43 44 -45 -46 -47 -48 49 -50 59 51 52 57 54 -56 -57 -58 -59 -60 -61 -62 -63
leaf_value=-0.010908386408799681 -0.0086818718649229552 -0.0036926359686791652 0.032406327836092416 0.00048892332288601593 0.031541234716422298 -0.001600207712477745 -0.0054661530275037853 -0.0020271321058766604 0.01628216599814369 0.014058305501870453 -0.0088629470319624825 0.016608994143618615 0.0020089746361527743 -0.0036911400947196925 -0.011502423934083381 -0.0072603979848876593 0.0019462079121872402 0.0010814072905215679 -1.4238227192115562e-06 -0.015294394846869189 -0.0010961974086423293 0.0017560988441449037 -0.0017073298510072448 -0.006708785088419978 -0.0075168520715716038 0.0012513102853017692 0.027432878246042815 0.0054622292843002559 -0.0014695812263303997 0.0012943203766987597 0.0067372500472259378 0.015128460644495559 -0.00039042720785196746 0.0071248913886548734 -0.0020798423078533831 0.048324854258744165 0.02644639772045353 0.0098290721412905291 0.0012499260947677398 0.0011355340506929463 -0.01455010526798706 -0.0014159270845659497 0.028944012067524991 -0.011856944686555246 0.0027104887954118541 -0.00174757995297565 0.0088829354901311369 -0.00081128812334271935 0.0042122297427376262 0.048001371339817564 0.0011651971676519882 -0.0089524375277792775 0.0055992212615285338 0.069396923573886535 0.00072778660885712825 0.016816879180030421 -0.00664361198599819 -0.0027067713843176243 0.0094177417819451339 -0.0140219862160815 -0.0089631932460433796 -0.010975765674775883
leaf_weight=1349188.3526124954 25789081.688884258 64651993.0922966 1146376.0831127167 7875615.5981521606 1079120.3298110962 142538912.71867323 2172298.86490345 8899624.5562343597 1756720.58066082 4721058.2403516769 6145281.4510951042 644190.29745483398 1513308.7981643677 362955.50440979004 1740740.5175704956 778955.3883895874 80750227.754459381 148566189.26755714 3811434.8223133087 6366205.2920532227 32250248.154201508 29476689.643474579 61253164.619918823 34924897.699529648 19412059.697912216 57008060.79631424 1263407.4047851562 2898097.2576999664 1495030.21626091 6408353.8074321747 17159414.431488037 10487777.980718613 29254578.664340973 5518563.8066635132 840118.63356018066 1458704.425567627 2527226.7070999146 7838477.0469532013 11366994.674125671 7206262.4269790649 1025935.8477783203 3586207.9604721069 1508425.0167379379 6519924.7231168747 180581136.21306896 60911060.304002762 5117911.3684511185 13574224.995106697 9922939.2971496582 307968.22958374023 2902473.6072368622 6783324.3380012512 9377937.6185112 108050.24756240845 16229401.215799332 4716236.4642658234 15470292.242387772 12151769.805101395 2295874.6850481033 124097.41903495789 3751403.2426109314 8101082.8038020134
leaf_count=18275 732250 941239 8344 33860 2928 3603018 58736 234391 32846 104683 173630 2265 6105 1539 8026 3443 890056 1600300 41300 79160 357975 330356 678949 406594 229796 613732 4410 29494 16420 66190 148075 93380 327810 24749 3498 2983 7360 62839 156589 75866 4824 97986 12708 89126 2057052 743011 56767 164587 112917 1979 39907 103676 122057 705 223055 54472 228935 172273 24420 1668 44092 232339
internal_value=4.92073e-05 -0.00057977 6.29991e-06 0.001956 0.00731917 -0.00262819 -0.00502356 -0.00235712 0.00128151 0.00790558 -0.00269318 0.0118126 0.0158918 0.0204827 0.00232261 0.0152746 0.000476727 0.00151977 -0.0041202 -0.00956732 -0.000239511 -0.00148076 0.000245815 -0.00401423 0.00096247 -0.000794006 0.00264057 0.00184681 0.0132327 0.002038 0.00428279 0.00988146 0.0022447 0.010908 0.0258703 0.0379612 0.0193295 0.00345192 -0.0018532 -0.00517443 -0.00253159 0.00440311 0.00157883 -0.00358526 0.00182793 3.00472e-05 0.00475399 0.00393424 0.00780054 0.000144973 -0.000349865 0.00116501 -0.00145199 0.00425796 0.00118194 0.0108541 -0.00330029 0.000911164 0.0171601 0.0301879 -0.00267606 -0.00629129
internal_weight=1.21778e+09 9.15716e+08 7.12005e+08 3.0206e+08 1.98469e+07 2.0371e+08 6.11714e+07 3.53823e+07 1.83816e+07 6.89336e+06 1.14882e+07 1.19713e+07 8.37244e+06 6.70231e+06 3.59882e+06 1.85808e+06 5.68247e+08 2.31345e+08 1.94685e+07 1.01776e+07 3.36902e+08 1.65743e+08 9.85683e+07 6.71751e+07 1.71159e+08 8.36264e+07 8.75322e+07 9.29091e+06 2.64141e+06 2.11876e+08 6.33101e+07 1.68961e+07 4.6414e+07 6.78197e+06 5.18901e+06 1.82166e+06 3.36735e+06 3.73152e+07 1.43758e+08 2.66183e+07 1.67013e+06 5.34293e+06 2.82213e+08 1.2987e+07 2.69226e+08 8.86446e+07 6.4671e+06 2.77335e+07 1.37272e+07 1.40063e+07 7.91065e+07 5.22692e+07 2.8313e+07 2.39562e+07 1.63375e+07 7.61871e+06 2.68373e+07 2.15297e+07 3.8043e+06 432066 6.6495e+06 1.70007e+07
internal_count=16802015 13442674 8172795 3359341 76831 5269879 1666861 934611 467881 163419 304462 42971 28574 21485 14397 6371 6129887 2454565 218810 120460 3675322 1836713 1072144 764569 1838609 919394 919215 98350 24764 2235755 635455 159570 475885 29159 15380 4522 10858 393195 2042908 305662 7089 130832 3282510 164168 3118342 1061290 75042 318279 150045 168234 1101669 716145 398006 318139 223760 94379 385524 294330 37128 3647 73586 466730
cat_boundaries=0 1 2 4 6 7 8 10 12 13 14 16 18 19 21 23 24 25 26 28 30 32 33 34 35 36 37 38 39 41 43 44 46 48 49 50 52 53 54 56 58 59 61 62 63 64 65 67
cat_threshold=2 4 837344658 124992 1889425184 150960 1582 176165 2147590218 8712 2151776323 74312 1049 66609 201596928 394 2214862924 906 601381 463728768 134056 444735488 131840 410631 732707 2408 3225420550 17488 2753038408 103492 1313913 61443 1283 280 560418 6736 3217 413824 9 184926192 166568 1276510216 144 16 1452303002 123310 3491901594 69976 53324 336 2416054408 69632 1060 235680 2694840320 73744 2150645760 65809 2385 2965897220 12356 902 112 77 75474 2205854 66053
is_linear=0
shrinkage=0.05


Tree=80
num_leaves=63
num_cat=51
split_feature=0 17 0 17 13 14 6 13 14 3 15 14 0 13 15 14 14 13 16 0 13 13 14 13 14 15 13 15 13 14 15 13 16 0 13 14 14 13 16 6 13 13 14 15 14 13 15 13 13 15 14 3 13 13 0 16 13 14 0 14 15 13
split_gain=516245 318840 215834 168117 202236 233202 218913 445175 421175 260124 198035 177384 173543 287707 222490 266330 254090 356496 197721 165827 182196 162902 160991 160285 201619 209379 207388 149150 148771 209362 238478 155240 213377 149393 148508 145597 145500 137856 136581 135454 133837 131633 192188 128961 167563 204828 125912 124988 121025 191326 290967 310865 274635 184644 202864 173109 161874 173729 254269 128853 243516 410314
threshold=13.478944778442385 0 12.085606575012209 1 2 3 10.500000000000002 4 5 65.250000000000014 6 7 14.622321128845217 8 9 10 11 12 13 11.051819801330568 14 15 16 17 18 19 20 21 22 23 24 25 26 10.566581249237062 27 28 29 30 31 14.500000000000002 32 33 34 35 36 37 38 39 40 41 42 73.649997711181655 43 44 13.51217555999756 45 46 47 14.096644878387453 48 49 50
decision_type=2 1 2 1 1 1 2 1 1 2 1 1 2 1 1 1 1 1 1 2 1 1 1 1 1 1 1 1 1 1 1 1 1 2 1 1 1 1 1 2 1 1 1 1 1 1 1 1 1 1 1 2 1 1 2 1 1 1 2 1 1 1
left_child=1 19 28 4 5 10 7 8 -6 -10 34 47 48 14 16 37 17 -14 -19 20 35 22 27 24 25 -21 39 -13 29 30 -3 32 -32 -30 -2 -1 -9 -16 -11 -27 46 42 -38 44 45 -35 -18 -8 49 56 51 -51 -53 54 -52 -55 57 58 -5 -50 61 -61
right_child=3 2 -4 12 6 -7 11 36 9 38 -12 21 13 -15 15 -17 40 18 -20 23 -22 -23 -24 -25 -26 26 -28 -29 33 -31 31 -33 -34 43 -36 -37 41 -39 -40 -41 -42 -43 -44 -45 -46 -47 -48 -49 59 50 53 52 -54 55 -56 -57 -58 -59 -60 60 -62 -63
leaf_value=0.029112053485855927 0.043391067686757503 -0.0025229174041950615 0.00028514975131642591 0.015960333057746728 -0.012858269275108029 -0.0097953747401033717 -0.019698841095376413 -0.012845568237194186 -0.034716095817178147 0.002645880356556812 -0.0070044111048859414 0.014844981014825518 0.0011161849198331748 0.00035815676150800226 0.037871380785629988 -0.0028053332919127125 0.036107276016756805 0.058900286273407758 0.021770854903923376 -0.0029086107882887366 -0.026760425462546922 0.0044007038342312194 -0.013600368641828037 -0.004212309229354407 -0.0026195312766255758 0.0021209935120970586 9.3148459666972762e-05 -0.01050321157491336 -0.022940223144427573 -0.001918649870379289 -0.0078419161573851006 0.005580322775957605 0.028857651924088758 0.0093694509362811131 0.0063284068082837194 -0.019820564097671804 0.032280703891151181 0.0053218878247953362 0.048340340486463712 0.01682807250595262 -0.0075311346621284364 -0.0021707113401686355 -0.0009569949576117518 -0.0046502776161043433 -0.003296627460841273 -0.003145999834882804 -0.013727574461787146 -0.0035292658897108664 0.0010850498006009324 -0.012945864360199009 0.026680118520633136 0.0086201319172276147 -0.0069407087942971266 0.012552943862639443 -0.0034666089808812815 0.0032130003588840697 -0.0062577404393156684 -0.002266737340998999 -0.017767107707958005 0.013389352512479698 0.0022008958941666791 0.0019973571803140206
leaf_weight=320984.25476932526 500840.32527923584 9239066.7740621567 633568183.26828003 3234140.9392204285 518068.85678863525 9742582.8160667419 1893407.2252120972 1460957.3897781372 114059.22630310059 183713.02130508423 1056132.2971801758 1327443.831905365 598174.67320251465 6932635.0576095581 791020.50625610352 2671476.2172012329 492366.05513000488 1060838.266998291 541675.77112579346 8818679.7980833054 1413664.4037070274 11779393.302700043 3075721.6001205444 69037417.89816761 49606276.191568375 2216014.0595722198 6061095.3038539886 1031068.8256187439 946931.54237174988 52213199.088928223 520693.02018642426 12260876.743460655 1654745.0546216965 7312870.8830842972 587144.98166656494 288771.61316585541 885829.24907302856 552522.99370574951 1489476.4124336243 5334013.4790649414 752529.68628692627 2355686.1017990112 854401.33617782593 48624941.553301811 22858730.320810318 5912117.0445156097 170684.29824829102 3240568.5922393799 58479097.967456818 5120048.0961456299 607408.51823425293 6524396.6640281677 5015025.6939315796 10642788.568698883 6865618.3619995117 9292749.8939552307 15268240.882713318 10181659.622428894 675535.82999420166 15652546.715969086 59139938.780612946 15967333.840969086
leaf_count=11012 2439 232416 7894022 19474 5099 95326 19514 14364 1314 1525 9958 9924 2283 27717 1855 10989 1187 1573 1565 179368 89642 97491 30563 1437239 1004691 42712 119528 10114 56772 1307728 13684 284599 28624 161298 4880 16713 5254 2085 6620 87660 3281 20936 7516 1248814 578020 149463 741 29471 378157 38599 3603 39456 35687 60983 46708 58791 107741 69855 4145 87220 377588 102607
internal_value=3.99263e-05 -0.00052185 -0.000130823 0.00192683 -0.000985103 -0.00650994 0.00118877 0.00836465 0.0268366 0.0383429 0.00841859 -0.0013358 0.00244356 0.00773137 0.0144295 0.00632711 0.0234253 0.0340551 0.0463501 -0.00269458 -0.0169068 0.00109698 -0.00606426 -0.00249073 -0.000840821 0.00309302 0.00698148 0.00376354 -0.00176225 -0.000150214 0.00374986 0.00776435 0.0200736 -0.00319046 0.02339 0.00593832 0.000701356 0.0244858 0.0433235 0.0125114 0.00690006 0.00553338 0.0159621 -0.00296969 -0.000704989 0.00377453 0.0232786 -0.00949262 0.0020977 0.000435845 0.00251909 -0.00269217 0.0018574 0.00568659 -0.00101628 0.00819923 -0.00269106 0.00117352 0.0101327 0.00291535 0.00409466 0.00763665
internal_weight=1.21754e+09 9.38209e+08 7.95112e+08 2.79327e+08 4.20965e+07 1.18867e+07 3.02098e+07 7.86219e+06 2.30532e+06 1.78725e+06 2.14412e+06 2.23476e+07 2.3723e+08 1.45639e+07 7.63129e+06 4.01502e+06 3.61627e+06 2.20069e+06 1.60251e+06 1.43097e+08 2.02342e+06 1.72136e+07 5.43423e+06 1.41073e+08 7.20361e+07 2.24298e+07 1.36111e+07 2.35851e+06 1.61544e+08 7.58886e+07 2.36754e+07 1.44363e+07 2.17544e+06 8.56556e+07 1.08799e+06 609756 5.55687e+06 1.34354e+06 1.67319e+06 7.55003e+06 1.41558e+06 4.09592e+06 1.74023e+06 8.47087e+07 3.60837e+07 1.3225e+07 663050 5.13398e+06 2.22667e+08 7.34276e+07 4.4068e+07 1.66595e+07 1.15394e+07 2.74086e+07 7.47303e+06 1.99355e+07 2.93596e+07 1.40913e+07 3.90968e+06 1.49239e+08 9.07598e+07 3.16199e+07
internal_count=16800203 14944005 11955440 1856198 372308 112603 259705 62628 14558 9459 17277 197077 1483890 53276 25559 14929 10630 5421 3138 2988565 117367 148092 50601 2871198 1433959 429268 249900 20038 4061418 1867051 559323 326907 42308 2194367 7319 27725 48070 3940 8145 130372 5209 33706 12770 2137595 888781 310761 1928 48985 1430614 485042 283827 113742 75143 170085 50311 119774 201215 93474 23619 945572 567415 189827
cat_boundaries=0 1 2 4 5 7 8 9 10 12 13 14 15 17 18 20 22 23 25 26 27 29 30 32 33 34 36 37 39 40 41 43 44 46 48 49 50 51 53 54 56 58 59 60 62 64 65 67 68 69 70 72
cat_threshold=4 4 168565206 67586 10496 2228225 8284 954497 348 28992 723041472 170727 1858 43073 732276 34113536 2631 83 245631522 16416 824311809 33496 657940 417271151 75526 278605 3361 403965261 1540 822 1387474997 52026 148648 2612 0 2088 12 524436 65536 394541 18574 168333440 133638 96 35166336 3 2232516640 164096 268048 310 274709 2235567178 139397 1282 1081286689 46084 689587332 17628 3617 762304 671629316 1052 553779204 1024 75 553779332 1104 42056 139423 804 2428547936 172544
is_linear=0
shrinkage=0.05


Tree=81
num_leaves=63
num_cat=48
split_feature=0 11 17 13 0 13 14 17 2 13 3 13 14 15 15 13 13 14 13 14 15 14 13 14 13 13 15 14 13 13 13 0 3 13 15 13 15 3 13 14 4 13 14 2 14 13 16 6 13 13 17 13 14 3 13 14 6 13 6 16 13 13
split_gain=451964 288114 215520 191954 179458 334795 171983 158618 150537 190418 176907 484310 237120 163354 161995 320808 265638 169119 189211 161560 141914 139209 137957 136513 500085 262344 173409 234098 301143 251458 216708 181256 147692 223277 320141 173090 215043 134975 188801 133554 132632 292621 228488 166692 142713 239285 208476 152531 224668 200776 128990 207240 243708 224326 422452 193013 179406 360321 164229 164081 205824 189913
threshold=12.440037727355959 12.44806480407715 0 1 14.314603328704836 2 3 4 17.500000000000004 5 60.250000000000007 6 7 8 9 10 11 12 13 14 15 16 17 18 19 20 21 22 23 24 25 13.357542037963869 75.250000000000014 26 27 28 29 87.649997711181655 30 31 1.0000000180025095e-35 32 33 17.500000000000004 34 35 36 1.5000000000000002 37 38 39 40 41 63.649999618530281 42 43 43.500000000000007 44 28.500000000000004 45 46 47
decision_type=2 2 1 1 2 1 1 1 2 1 2 1 1 1 1 1 1 1 1 1 1 1 1 1 1 1 1 1 1 1 1 2 2 1 1 1 1 2 1 1 2 1 1 2 1 1 1 2 1 1 1 1 1 2 1 1 2 1 2 1 1 1
left_child=2 4 3 -1 50 40 -5 -3 9 19 11 12 -10 -14 15 -12 37 18 -17 -4 -8 -18 -22 24 -9 -25 30 28 -28 -29 31 -27 33 34 -26 -34 -37 -16 -39 -32 44 42 43 -42 45 46 -6 49 -49 -46 51 52 56 54 -54 -53 58 -58 -2 61 -61 -57
right_child=1 7 8 6 5 -7 20 23 10 -11 14 -13 13 -15 16 17 21 -19 -20 -21 22 -23 -24 25 32 26 27 29 -30 -31 39 -33 35 -35 -36 36 -38 38 -40 -41 41 -43 -44 -45 47 -47 -48 48 -50 -51 -52 55 53 -55 -56 59 57 -59 -60 60 -62 -63
leaf_value=-0.0076991351422757946 0.013300635970633946 0.00051822299360493557 -0.0092002963692202223 -0.0061313910185144607 0.070428109634463831 -0.0010887543593676126 0.0061731365562981248 -0.0045813772654809517 -0.016353686865240528 -0.00066370018975399293 -0.0023881902792501335 -0.016554357830402534 -0.021414977027795955 0.059521303657417791 0.0022696137143753382 0.0046508562072074414 -0.0012891610031347594 0.0054726903996818559 -0.0036277128311221029 -0.0025763660335582075 0.0053598913720076906 -0.0066360224694395429 -0.008475001317090643 -0.0047871208890386376 0.026807897733106902 0.0026422915930944678 0.00051498195265825021 0.0054034370187843453 -0.011880521661091997 -0.0040301414628949655 0.005118534286426368 0.014923708679332376 -0.00079021782759326688 -0.0042208917609650471 -0.0043802931477316832 0.019302607624461336 0.0063135023851392984 0.0036965025407961084 -0.0076467463800009216 -0.0053472178021600489 0.075848498293431529 0.0039940277639346818 0.0084738650723044737 0.03050065091846715 0.068748636350531286 0.0089235085819017856 -0.0027565915015424925 -0.01418505535735665 0.010667386340874482 -0.012910134196400717 0.00095380339433591302 -0.0028004452958228484 0.047019606625245014 -0.00034799337748709697 -0.0044893187260687138 0.00025692652022585039 0.072765229066917167 -0.012970594400308871 0.0022138023827231786 0.0084271483700327533 -0.0052967131685361917 0.013033003887613297
leaf_weight=24591348.004848957 10605830.483520508 375211701.60201836 16230373.693287849 12251502.348596573 376785.34366607666 6826422.3281707764 8495721.7329382896 24721051.145645142 152825.89089488983 46899223.578970432 42863576.417328835 641353.75191879272 68696.053168296814 674039.85510635376 37456345.382441998 13051336.530929565 20725112.18390274 35906970.710444927 14648776.930398464 21268004.903701782 2906904.8825793266 29502128.944718838 4740239.6210727692 54935603.312198639 1648659.3769130707 7013551.2625522614 9096440.9314785004 14906364.206008911 10620913.111282349 13427007.782077789 4915310.8396816254 5255391.1339530945 4958581.7121200562 8029152.312297821 1642588.9793891907 4405542.2516555786 11515183.353834152 5965088.085064888 9527317.602909565 8025174.0455417633 457934.27927398682 960612.58195495605 370340.48107910156 363511.46394348145 206729.62908172607 938493.83148193359 131198.2951965332 1275117.796546936 3170362.5641937256 118375.86328887939 220248425.35126305 18040831.675460815 745004.97378921509 12947038.845504761 854773.8719367981 4745163.4560508728 318109.94812393188 199338.34449005127 4875826.2958679199 4350967.9706459045 7342337.6377754211 7515753.8008956909
leaf_count=762149 68220 3709472 390583 369429 417 29411 225471 341093 3582 1027347 923742 15932 1706 5381 765226 256275 439033 701211 315581 479764 77426 659051 146130 761701 15890 108363 118522 185033 157795 184342 61543 40792 66169 110551 22681 46225 140846 119813 215063 111194 421 3817 1349 971 248 3626 509 5665 11636 548 2129467 143561 2977 97047 6709 36673 650 1670 35654 30232 59218 49401
internal_value=-7.95466e-06 0.000602569 -0.00152883 -0.00446533 0.00183105 0.00712892 -0.00166464 -7.26702e-05 -0.00100243 -0.00278735 -0.000289107 0.0166126 0.0403648 0.0520353 -0.000413013 0.00095519 -0.00182491 0.00320823 0.000272863 -0.00544339 0.00172537 -0.00442976 -0.00321595 -0.00127035 0.00076733 -0.00217511 -0.000216436 -0.00197842 -0.00616196 0.000932923 0.00314202 0.00790302 0.00487376 0.000274908 0.0112426 0.00736717 0.00990782 0.000646066 -0.00327922 -0.00137191 0.0138315 0.0245289 0.0410802 0.0557802 0.010128 0.0238855 0.0515268 0.0059566 0.00353884 0.0390172 0.00155609 0.00338476 0.00651832 0.00183459 0.0194983 0.00110551 0.0107769 0.0397381 0.00980892 0.00404722 -0.000190192 0.00808847
internal_weight=1.21688e+09 8.68314e+08 3.48567e+08 5.29857e+07 3.07985e+08 1.51959e+07 2.83944e+07 5.60328e+08 2.95581e+08 8.43976e+07 2.11184e+08 1.53692e+06 895562 742736 2.09647e+08 1.06471e+08 1.03176e+08 6.36071e+07 2.77001e+07 3.74984e+07 1.61429e+07 5.02272e+07 7.64714e+06 1.85117e+08 5.69208e+07 1.28196e+08 7.32602e+07 4.80507e+07 1.97174e+07 2.83334e+07 2.52094e+07 1.22689e+07 3.21997e+07 1.13204e+07 3.29125e+06 2.08793e+07 1.59207e+07 5.29488e+07 1.54924e+07 1.29405e+07 8.36946e+06 2.1524e+06 1.19179e+06 821446 6.21706e+06 1.44648e+06 507984 4.77059e+06 4.44548e+06 325105 2.92789e+08 7.2541e+07 3.05459e+07 1.45468e+07 1.59978e+06 4.19951e+07 1.59991e+07 517448 1.54817e+07 2.39542e+07 1.16933e+07 1.22609e+07
internal_count=16802204 8902309 7899895 1580605 2720097 58618 818456 6182212 6319290 1897694 4421596 26601 10669 7087 4394995 2196809 2198186 1273067 571856 870347 449027 1098084 223556 2472740 743455 1729285 967584 645692 276317 369375 321892 149155 402362 149122 38571 253240 187071 1100102 334876 172737 29207 6558 2741 1392 22649 4552 926 18097 17301 796 2661479 532012 212927 106733 9686 319085 106194 2320 103874 175524 89450 86074
cat_boundaries=0 1 3 5 6 7 9 11 12 13 14 16 18 19 21 22 23 24 26 27 29 31 32 33 35 37 39 41 42 44 45 47 48 50 51 52 54 55 57 59 60 62 63 65 66 68 69 71 73
cat_threshold=4 3265905365 170139 3316265034 228209 754594 19 3910949415 154768 3579381184 89160 288514 1408 1458 1231694728 176454 3363445684 187076 628243 2224292945 16529 577996 732 549166 693108994 17408 567824 1893752586 213595 2491385073 3362 2704 410912 159406092 98817 721428740 184968 1610629642 28757 2216034305 32 395 2349072384 32804 1284 1210057216 152128 147493 2164916226 78592 556803 167944 69210120 256 35 10620930 4624 10489856 147504 2 214025071 41990 806221 134316290 4 806072 8405004 32768 11 2466252928 196688 2466396160 133472
is_linear=0
shrinkage=0.05


Tree=82
num_leaves=63
num_cat=43
split_feature=0 2 13 15 6 13 14 14 0 0 14 13 1 0 13 15 14 14 1 13 13 14 14 13 14 15 13 14 6 11 14 3 13 0 1 17 2 14 13 13 15 14 14 3 16 6 15 14 13 15 13 14 14 13 13 13 0 17 11 3 13 14
split_gain=487837 286451 190274 230634 201987 310474 295494 173445 169607 154641 179640 440449 235003 152974 265923 220853 340856 295688 242369 354140 284546 305466 186025 154603 157322 239589 244692 203901 174368 169004 164009 163907 309803 232678 173144 196333 156922 198708 322529 283170 261921 348466 226174 206485 307200 171517 196577 151035 217552 150843 360326 345540 216999 262718 238613 196090 176067 171842 227381 169310 265421 161124
threshold=13.180584430694582 27.500000000000004 0 1 1.0000000180025095e-35 2 3 4 10.36855983734131 12.496360778808596 5 6 36034.001953125007 14.432618141174318 7 8 9 10 191340.98437500003 11 12 13 14 15 16 17 18 19 36.500000000000007 14.313736915588381 20 71.649997711181655 21 14.155711174011232 11417.545410156252 22 38.500000000000007 23 24 25 26 27 28 98.750000000000014 29 34.500000000000007 30 31 32 33 34 35 36 37 38 39 12.983687877655031 40 12.377147674560549 98.250000000000014 41 42
decision_type=2 2 1 1 2 1 1 1 2 2 1 1 2 2 1 1 1 1 2 1 1 1 1 1 1 1 1 1 2 2 1 2 1 2 2 1 2 1 1 1 1 1 1 2 1 2 1 1 1 1 1 1 1 1 1 1 2 1 2 2 1 1
left_child=1 2 3 9 5 6 -5 -6 -3 47 11 12 -11 23 15 16 -15 -17 20 -20 -18 -22 -21 36 29 26 30 -28 -29 -25 -26 32 33 -27 -33 -36 -2 39 40 43 41 -39 -42 -38 -45 46 -40 48 -1 50 51 57 53 -52 56 -51 -54 58 -10 -53 -61 -57
right_child=13 8 -4 4 7 -7 -8 -9 49 10 -12 -13 -14 14 -16 17 18 -19 19 22 21 -23 -24 24 25 31 27 28 -30 -31 -32 34 -34 -35 35 -37 37 38 45 -41 42 -43 -44 44 -46 -47 -48 -49 -50 55 52 59 54 -55 -56 61 -58 -59 -60 60 -62 -63
leaf_value=0.010056631339016084 0.0009798945091963134 -0.029256997892082089 -0.002845359361910656 0.060292613849410481 0.00033040416560558119 -0.0028313951965445458 -0.0035475921969563237 -0.0047828478877265492 0.010007474157544629 0.036369348479254639 0.0015504016247763416 0.0034479817271768649 0.0017405443695961403 -0.0074069432362068952 0.00099457960495925716 0.015272223280695963 -0.0060544933842143047 -0.0044743172160401972 -0.020464518524197763 0.072927908298388119 -0.0090600746551205303 0.041190594906742033 0.019404780417636977 -0.0014825994189946639 -0.002822835339121193 0.0020963254306289275 -0.0072912468749162466 0.0069208904705798328 -0.0088027088571733386 -0.019863255349132025 -0.013613480742188357 -0.008150579241614794 -0.0060228385493598944 0.02261171108809519 -0.0023879372234595214 0.0050535456522036084 0.0053651949146192417 0.027039626613965084 -0.0091161042328437442 -0.002935489436883279 0.011274875924732232 0.0084865774007833739 -0.004618389901774881 0.058641495803133117 -0.024379323584719816 -0.0069894848969468647 0.0064375632053341285 -0.0042632254844818971 -0.0014581681027212661 -0.0015005447413919057 -0.011032833664536218 -0.00078363030553569484 0.0047650189181689413 0.0002904448309523268 -0.0017752833241583233 -0.0010111058733757942 0.019379144498389549 0.0040956278115747442 0.026748450249519957 0.052107147467546334 -0.017543576226054191 0.0020489266752285731
leaf_weight=5977868.0639071465 124966845.63481903 491908.86016798019 201212143.54745197 508794.06947040558 26006764.814574718 1196776.6100707054 281572.22167396545 45777181.042494774 4628454.776175499 1872353.4276599884 29699170.213907242 8150913.3040599823 663569.66205787659 948660.88162994385 18986533.554603577 3741236.4825439453 827737.62155914307 3843308.5302963257 164596.01487731934 649305.99284362793 392510.88188171387 1317708.550163269 216494.09786987305 69862091.334991455 8043877.6616592407 12290954.820213318 5134539.9676742554 11184360.282035828 2093188.5589866638 1273384.4409561157 6263289.7992134094 3063923.2256469727 14675870.984992981 1557188.3584403992 10349289.063854218 61747105.322483063 11935169.968704224 4361355.5201797485 2370807.5146789551 18896504.244293213 5410158.6661186218 6030166.0950241089 3818359.0066604614 413518.63589096069 152521.06690597534 4306589.1061286926 14191966.921672821 17664043.281232357 13071319.472795486 174702153.86609554 8068802.0358037949 9591891.4878396988 12015227.160888672 14028922.084243774 14650578.482546806 70753632.464259148 2487684.4188632965 3482286.9009838104 3610515.2326660156 376244.55357551575 214903.23182582855 109737212.44368935
leaf_count=117945 991835 33887 3646728 3521 452610 21481 5094 838539 68602 15450 378410 101342 8250 4479 84026 13793 3916 17587 840 698 1805 3218 734 572592 66252 100054 44295 83884 18242 8049 56997 31212 124417 6422 109759 438389 87172 24298 20307 150287 37009 42507 30710 1303 1441 35703 102714 409165 294759 2982382 149030 160904 201578 233965 248856 1194893 21309 67210 32291 2966 4155 1790148
internal_value=-3.42679e-05 -0.000782006 -0.00183886 -0.000496523 -0.00249506 0.0132299 0.0375494 -0.00293036 8.56856e-05 0.00141574 0.00355076 0.00910984 0.027308 0.00130661 0.00468647 0.0104788 0.0192314 0.00526609 0.0263134 0.0467644 0.0180105 0.0296576 0.0595448 0.00104678 9.464e-05 0.00108877 -0.00264154 0.00117003 0.00444208 -0.00181163 -0.00754669 0.00226593 -0.000961082 0.00440323 0.00349061 0.00398534 0.00205059 0.00391187 0.00622676 0.00092667 0.0108292 0.0162734 0.00469894 0.00676461 0.0362719 0.00189983 0.0042112 -0.000932871 0.00215532 0.000119382 0.00218687 0.00755448 -0.000107201 -0.00384416 0.00272533 -0.000306437 0.00727177 0.0134079 0.0173438 0.000816917 0.0267872 0.000849373
internal_weight=1.2164e+09 7.80923e+08 3.52082e+08 1.5087e+08 7.37711e+07 1.98714e+06 790366 7.17839e+07 4.2884e+08 7.70992e+07 4.0386e+07 1.06868e+07 2.53592e+06 4.35481e+08 3.10881e+07 1.21016e+07 4.51701e+06 7.58455e+06 3.56835e+06 1.0304e+06 2.53796e+06 1.71022e+06 865800 4.04393e+08 2.07539e+08 1.36404e+08 3.27193e+07 1.84121e+07 1.32775e+07 7.11355e+07 1.43072e+07 1.03684e+08 2.8524e+07 1.38481e+07 7.51603e+07 7.20964e+07 1.96854e+08 7.18871e+07 4.04894e+07 3.13977e+07 1.962e+07 1.03915e+07 9.22852e+06 1.25012e+07 566040 2.08694e+07 1.65628e+07 3.67132e+07 1.90492e+07 4.28349e+08 7.31555e+07 2.19043e+07 5.12512e+07 2.20977e+07 2.91535e+07 3.55193e+08 1.45029e+07 1.17213e+07 8.23897e+06 1.0183e+07 591148 1.80491e+08
internal_count=16802416 13485470 6293294 2646566 1321245 30096 8615 1291149 7192176 1325321 503452 125042 23700 3316946 131096 47070 15690 31380 11211 2272 8939 5023 1432 3185850 1660564 1079923 269670 146421 102126 580641 123249 810253 230893 106476 579360 548148 1525286 533451 293248 240203 134524 66805 67719 89916 2744 158724 123021 821869 412704 7158289 1190866 336128 854738 382995 471743 5967423 222887 168103 100893 168025 7121 2985041
cat_boundaries=0 2 3 5 6 7 8 10 12 13 14 15 16 18 19 20 22 23 24 26 27 28 30 31 32 34 36 37 38 39 40 41 42 44 45 47 48 49 51 53 55 56 58 59
cat_threshold=840279444 92064 1131 271504 1024 400410 404100 66644 1048576 800 1723363532 67712 1602 272001 283303 1116217480 1141915716 67584 247808 772112 3645065349 95837 115092 578 42771002 32 8296 669736 304922 131232 4 890402 2420310145 13316 1073891329 66065 1954 16708 10449 26 2560 150651 1081364 16416 258 755322882 140360 137655 413380 1349026656 82448 306218392 119441 726913423 238816 19 537133058 139272 577628
is_linear=0
shrinkage=0.05


Tree=83
num_leaves=63
num_cat=47
split_feature=17 0 0 13 14 16 2 13 14 15 13 1 6 13 2 13 13 14 13 14 12 14 13 0 15 16 14 15 13 15 13 13 6 15 2 13 13 14 12 13 13 14 0 15 14 16 13 14 13 15 13 15 2 14 16 13 0 13 13 6 15 13
split_gain=394081 384793 210439 281793 352155 323845 208999 217716 323422 249440 291079 282660 262033 196314 167340 400054 284183 321664 309624 280082 272342 256250 264025 253393 243756 239817 230848 222265 186402 177890 411196 296201 211787 159035 150593 164059 157485 171623 148646 184084 174261 258646 228394 425500 204183 233359 188883 170844 159121 184784 158034 148223 181904 142580 208722 211232 193200 447485 187837 139929 138878 137359
threshold=0 11.804008960723879 14.432618141174318 1 2 3 44.500000000000007 4 5 6 7 9155.9277343750018 15.500000000000002 8 34.500000000000007 9 10 11 12 13 1.0000000180025095e-35 14 15 13.723642349243166 16 17 18 19 20 21 22 23 13.500000000000002 24 18.500000000000004 25 26 27 1.0000000180025095e-35 28 29 30 13.839263916015627 31 32 33 34 35 36 37 38 39 9.5000000000000018 40 41 42 14.432618141174318 43 44 42.500000000000007 45 46
decision_type=1 2 2 1 1 1 2 1 1 1 1 2 2 1 2 1 1 1 1 1 2 1 1 2 1 1 1 1 1 1 1 1 2 1 2 1 1 1 2 1 1 1 2 1 1 1 1 1 1 1 1 1 2 1 1 1 2 1 1 2 1 1
left_child=2 34 14 4 5 -4 38 -8 9 10 -9 13 -13 -11 16 26 19 18 -18 -1 23 22 24 -20 25 -17 -16 -22 -19 31 33 -23 -32 -31 35 -2 -36 -38 39 53 41 50 -43 -44 -42 46 -46 48 49 -41 -40 -30 -53 56 58 -56 59 -58 -55 -3 -24 -10
right_child=1 6 3 -5 -6 -7 7 8 61 11 -12 12 -14 -15 15 21 17 28 20 -21 27 29 60 -25 -26 -27 -28 -29 51 30 32 -33 -34 -35 36 -37 37 -39 40 47 44 42 43 -45 45 -47 -48 -49 -50 -51 -52 52 -54 54 55 -57 57 -59 -60 -61 -62 -63
leaf_value=0.0021059566196429159 -0.00044596896010814548 0.0037154081738951465 0.05569937318311069 0.0031873863814401884 0.0023875858859405442 0.0040351866398949301 -0.00062948928167580074 0.006507576936969444 -0.0031912456769644226 0.0079600748726260835 -0.011532111771248368 0.0030633663114351811 0.014599762310756699 -0.00066881963546217796 -0.0085032782523084584 0.022380231083777929 0.00033695932947584668 -0.0043563969176369883 0.011367454009782386 -0.0049085624393772976 0.010798357725443634 -0.0073756900844403244 -0.0063245943039986919 0.032674879778355335 0.00099155120116265947 0.0029953847603163882 0.00066281576737196543 -0.00056219190329151252 -0.0023486701130816601 0.018551783348965508 0.011198873202296561 0.0072813828294089116 -0.00093245627889547216 0.0091812911477766133 -0.0051118623262731318 -0.0097221739924992709 -0.0047251307978585086 0.003225865500499114 -0.0047911094742308334 -0.0012056484134217549 -0.0047180764772824287 0.00055369964699088648 0.014731892474351808 -0.0019665692425882074 0.0044233109014571101 -0.0027089469834479566 -0.0017479739418811936 -0.0022730654473958698 -0.00062434547737016532 0.011243819560846229 -0.0004780685187154469 -0.003575729374983671 0.0069912806934117142 0.00046031979058772918 -0.0021413816060499072 0.0056076787109829327 0.041098777187589863 -0.01047946533102935 -0.010344635422234873 -0.0095560715520762243 0.00144403739637298 0.0017132463416774666
leaf_weight=22494034.004853249 6623585.1862344742 50376651.902963638 989002.02861022949 5373931.8267364502 1119257.7934417725 437505.40476226807 93125959.756027222 4538664.1785707474 20693691.554506302 11990661.609173775 4407672.4293012619 7303712.7116298676 15095131.828834534 14638330.84060955 8952670.7733268738 3723515.7271432877 21037941.986433029 20984539.364591599 8847955.4014339447 38738678.701127052 7806610.4964694977 5054582.0572814941 9548924.8121299744 1656552.0998306274 7851228.8570013046 2791735.059132576 29514446.703918457 9599644.5129852295 14270867.365956306 9678392.2401199341 5446915.9079532623 10837337.972490311 10596895.933688164 8509025.694521904 26859184.810394287 17000641.521972656 10935531.764585018 17890001.931972504 34746384.529751778 4851341.6041507721 58109136.949603081 98319420.56097126 8354488.9888687134 7020889.8684921265 26662281.98718071 90274842.198219299 23176846.622732162 77121705.540294647 21703187.446676254 7729423.405872345 54632006.546979904 5503170.2358779907 15667468.98789978 8503030.391254425 15691999.8736763 20006667.714670181 1033630.680305481 708935.46347045898 7633098.5302085876 2067654.5356063843 14471151.204335213 46033657.031654358
leaf_count=259441 213704 554284 1321 19590 3891 1432 1191999 53267 267104 174237 62032 57879 105222 234458 110963 31910 245878 256275 84458 480833 86477 60800 114347 4979 86767 30521 334207 121503 169977 86760 53824 112652 119629 85172 882939 602442 352921 531389 512001 55479 856303 1477164 45063 46019 358915 1304667 331414 890125 247521 77611 771504 67747 169021 95277 179898 213870 2449 3308 95462 25762 160014 567616
internal_value=6.8349e-05 -0.000447811 0.00163626 0.0096789 0.0233819 0.0398543 -0.00013225 0.0011997 0.00256572 0.00529755 -0.0023802 0.00669855 0.010838 0.00321665 0.0014193 0.00278668 0.000377177 0.00195132 0.00491733 -0.00233176 0.00836982 0.00463687 0.00156264 0.0147276 0.00692449 0.014074 -0.00147046 0.00453296 -0.000621642 0.00699125 0.00902082 0.00261955 0.00318616 0.0141678 -0.00377636 -0.00712138 -0.00235723 0.000209498 -0.000601176 0.000451693 -0.00117163 -0.000142223 0.00143991 0.00710685 -0.00222623 -0.00119279 0.00155346 -0.000967578 0.00196911 0.00644311 -0.00215479 0.00158967 0.00424445 0.00194304 6.83099e-05 0.00220144 0.00373639 0.0201152 -0.0046509 0.00319217 -0.0016443 0.00019225
internal_weight=1.21736e+09 9.1586e+08 3.01504e+08 7.9197e+06 2.54577e+06 1.42651e+06 8.36551e+08 2.17827e+08 1.24702e+08 5.79742e+07 8.94634e+06 4.90278e+07 2.23988e+07 2.6629e+07 2.93584e+08 1.26977e+08 1.66607e+08 1.05375e+08 4.89487e+07 6.12327e+07 2.79108e+07 8.85097e+07 3.83866e+07 1.05045e+07 1.43665e+07 6.51525e+06 3.84671e+07 1.74063e+07 5.6426e+07 5.01231e+07 3.42312e+07 1.58919e+07 1.60438e+07 1.81874e+07 7.93089e+07 2.36242e+07 5.56847e+07 2.88255e+07 6.18724e+08 2.17427e+08 4.01296e+08 2.03073e+08 1.13695e+08 1.53754e+07 1.98223e+08 1.40114e+08 4.98391e+07 1.11406e+08 3.4284e+07 1.25808e+07 8.93784e+07 3.54415e+07 2.11706e+07 1.06022e+08 5.18348e+07 3.56987e+07 5.41869e+07 1.74257e+06 1.61361e+07 5.24443e+07 2.40201e+07 6.67273e+07
internal_count=16801694 13441305 3360389 26234 6644 2753 10857910 2713814 1521815 687095 115299 571796 163101 408695 3334155 1387566 1946589 1206315 543295 740274 297417 942396 423559 89437 149198 62431 445170 207980 663020 518837 345385 173452 173453 171932 2583395 816146 1767249 884310 8144096 2441046 5703050 2851751 1568246 91082 2851299 1994996 690329 1270736 380611 133090 1283505 406745 236768 1170310 584507 393768 585803 5757 190739 580046 274361 834720
cat_boundaries=0 1 3 4 5 7 8 9 11 13 15 17 18 20 21 22 24 25 26 27 28 30 31 33 35 36 38 40 41 43 45 46 47 48 49 51 52 54 55 57 58 59 60 62 64 66 67 69
cat_threshold=2 2689859625 35464 680325 22 2358085428 43377 284981 513 23076867 218124 1883385931 131072 271594842 197000 3253141664 117073 806474 503853073 5762 12949 791267 88801824 33840 682 86 132674 1347 536923908 12322 523 1145946145 2647 1074102305 1589 1472 48366145 98640 3800604255 164820 528731 3238543042 122219 2597832852 207092 923845 1820 49210 84 2627369 5129 13452 542261257 131076 2245 269484036 206996 3212 117875 6 17307776 69675 1091047490 71712 1090525186 118825 3156 272763009 148480
is_linear=0
shrinkage=0.05


Tree=84
num_leaves=63
num_cat=47
split_feature=17 0 12 0 13 0 13 14 13 15 13 15 14 14 6 15 2 13 14 14 13 13 3 13 15 14 13 13 13 14 13 2 14 13 14 13 15 13 14 2 15 13 13 3 13 15 13 13 2 15 13 2 13 15 13 14 0 13 14 13 6 0
split_gain=385712 373886 234774 181784 189771 163201 155915 188548 157667 274166 154524 196066 196247 175977 152985 151262 203622 256684 232144 146996 204371 143224 148964 247532 164633 142992 157716 151350 136808 217810 126789 126500 260326 247095 170139 271763 186815 138360 125937 237464 322778 281567 281225 183210 405065 181304 392416 228741 181168 168166 161269 143282 301406 260460 226650 340226 165655 126718 122596 260070 277113 171386
threshold=0 13.839263916015627 1.0000000180025095e-35 12.085606575012209 1 10.909216880798342 2 3 4 5 6 7 8 9 35.500000000000007 10 48.500000000000007 11 12 13 14 15 89.149997711181655 16 17 18 19 20 21 22 23 15.500000000000002 24 25 26 27 28 29 30 23.500000000000004 31 32 33 99.549999237060561 34 35 36 37 15.500000000000002 38 39 27.500000000000004 40 41 42 43 13.909818172454836 44 45 46 16.500000000000004 13.012022018432619
decision_type=1 2 2 2 1 2 1 1 1 1 1 1 1 1 2 1 2 1 1 1 1 1 2 1 1 1 1 1 1 1 1 2 1 1 1 1 1 1 1 2 1 1 1 2 1 1 1 1 2 1 1 2 1 1 1 1 2 1 1 1 2 2
left_child=5 2 6 4 25 -1 15 -8 9 -9 11 12 21 -13 -11 16 28 18 -18 20 -6 22 24 -24 -3 26 -4 -27 29 -2 -5 32 33 -15 36 -36 -33 -34 39 40 42 45 48 51 -45 46 -41 -47 -12 57 -42 54 53 -53 55 -40 -56 -43 59 60 -17 -60
right_child=1 10 3 30 19 -7 7 8 -10 14 38 13 -14 31 -16 58 17 -19 -20 -21 -22 -23 23 -25 -26 27 -28 -29 -30 -31 -32 34 37 -35 35 -37 -38 -39 43 41 50 49 -44 44 -46 47 -48 -49 -50 -51 -52 52 -54 -55 56 -57 -58 -59 61 -61 -62 -63
leaf_value=-0.020324019609772259 0.010141430086251542 0.023748388786269364 -0.0096275078720341484 0.00085069661634800623 0.0050312364081706168 -0.0019943638667665946 0.0016808922283559858 -0.0058511021885086093 -0.0038386679456024267 0.001581594835689611 0.023480921270863788 -0.0023800722108925812 -0.0061523503203550576 -0.0084794132929903784 0.01123790077160595 0.019684220197627059 -0.0013809508355053393 -0.00081714871933942957 0.019417315471245783 -0.0063485268560801722 -0.0061104761222632717 -0.0033981016473903398 -0.011569857059670929 0.036301599170197367 -0.0032259300260374848 -0.0021335019748139929 -0.00031046531198941152 0.0048630242237613129 -0.0031540297656158 -0.0010420182426517262 -0.00080779348488938061 0.020857219694879116 -0.00036573108935909163 0.019414235351919822 0.014945537782620373 -0.00259286516904275 0.0059549543740789433 -0.023326306334383401 0.018676532549869864 -0.010123760278838122 -0.0018007490342737626 -0.0082302060126922365 -0.0066026761300673493 0.075506040455725149 -0.011039461799207671 -0.0071985465436054594 0.035889537964717305 0.014501406336773118 -0.0051804181857848641 -0.007221125418891962 -0.020604178253954664 0.039507268296966186 -0.0014336917919713869 0.0082579989379255019 0.026591293712528347 -0.008016495564664201 0.010670864936444381 0.010378881045853793 0.0025876599895134382 -0.0031911514725998925 -0.00028907104167488643 0.0075833837528049113
leaf_weight=1222460.9558238983 5976003.1847467422 754563.84643173218 7053389.8392643929 187722580.49539375 8065316.0013022423 183654259.29556084 80428801.162343025 10979587.456154823 42158408.537220955 18869055.882463455 2015958.2710418701 9273960.2095298767 14099664.602954865 1293205.105884552 5241017.4535293579 3043732.1306772232 1921935.6357297897 6831397.3457317352 4443753.444396019 36349909.247565746 8404885.987446785 3931473.53647995 369627.97054290771 1002165.0538024902 2259395.1782226562 13758213.742456436 12757434.721745014 17640054.165782452 31194395.485448837 16038484.547363281 298443958.93489838 3984230.0512237549 1254745.2737045288 2056515.9268226624 3333288.9652099609 6547189.0547904968 4454122.9072608948 1375277.0490646362 1793417.5054130554 624385.57891082764 1857450.6816253662 1191174.7540550232 2911628.6754722595 291772.98441314697 251937.60915374756 1773734.1060523987 1796715.1553955078 3851122.2876663208 758909.66999053955 4447304.6033782959 2953422.7069969177 759546.11357116699 12289011.244728088 5461105.3171195984 1956018.1882705688 3570030.610370636 9922817.0503120422 3942788.2879600525 45817768.061074257 16235370.6801548 4043714.9299411774 27455514.710678101
leaf_count=78064 64592 3186 204554 2329724 204333 3281735 961207 141428 538333 225414 8268 52238 82266 7913 56165 29565 22717 81561 41679 1036695 239779 22156 2302 3412 12822 375083 341732 443532 391494 195934 3794719 16926 6935 9000 15447 36890 22527 9339 7848 3624 10295 6885 16963 373 1490 10019 5994 17667 4295 25519 19269 2363 65900 26344 9338 20654 46041 18743 651102 201169 48911 188680
internal_value=-1.24925e-05 0.000364522 1.83823e-05 -0.000573319 -0.00247031 -0.00211556 0.00110738 -1.35817e-05 -0.00177783 0.000698168 0.002983 0.0010617 -0.00255926 0.00347946 0.00368067 0.00219173 0.000354703 0.00591415 0.0131379 -0.00457303 -0.000654476 0.00353189 0.00974406 0.0234029 0.00352733 -0.000301441 -0.00362768 0.00179726 -0.00102417 0.00199382 -0.000167404 0.00571585 -0.000598537 0.00864552 0.00777704 0.00332392 0.0129912 -0.0123722 0.00465285 0.00214143 -0.00381214 0.00568691 0.00425226 0.00659889 0.0354049 0.0125828 0.024023 0.00765857 0.0156422 -0.000104003 -0.0133443 0.00616081 0.00310579 0.0120736 0.00944039 0.000909076 0.0132924 0.00606122 0.00345461 0.000297349 0.00828853 0.00445956
internal_weight=1.21616e+09 1.03128e+09 9.10875e+08 5.90196e+08 1.04029e+08 1.84877e+08 3.20679e+08 1.57677e+08 7.72481e+07 3.50897e+07 1.2041e+08 5.59894e+07 2.24169e+07 3.35725e+07 2.41101e+07 1.63002e+08 6.6406e+07 1.31971e+07 6.36569e+06 5.28201e+07 1.64702e+07 8.31723e+06 4.38575e+06 1.37179e+06 3.01396e+06 5.12091e+07 1.98108e+07 3.13983e+07 5.32089e+07 2.20145e+07 4.86167e+08 2.42986e+07 5.97974e+06 3.34972e+06 1.83188e+07 9.88048e+06 8.43835e+06 2.63002e+06 6.44203e+07 2.81246e+07 1.04974e+07 1.76272e+07 5.6865e+06 3.62957e+07 543711 8.04596e+06 2.4211e+06 5.62486e+06 2.77487e+06 9.58127e+06 4.81087e+06 3.57519e+07 1.85097e+07 6.22065e+06 1.72423e+07 5.36345e+06 1.18788e+07 5.13396e+06 9.65961e+07 2.33228e+07 7.08745e+06 7.32733e+07
internal_count=16801152 13441353 12810102 8970151 2845708 3359799 3839951 1922547 961340 423007 631251 303359 126144 177215 281579 1917404 797977 145957 64396 1480807 444112 43878 21722 5714 16008 1364901 546286 818615 652020 260526 6124443 124977 33187 16913 91790 52337 39453 16274 327892 147541 59090 88451 29526 180351 1863 37304 9618 27686 12563 51147 29564 178488 94607 28707 83881 28502 55379 25628 1119427 279645 78476 839782
cat_boundaries=0 1 3 5 6 8 9 11 12 13 14 15 17 18 19 21 23 25 26 27 29 31 33 34 36 37 39 40 42 43 45 46 47 49 51 53 54 55 57 58 60 62 63 65 66 68 69 71
cat_threshold=4 3535012758 56122 2413261154 59553 42951 807438472 131086 3232 3849085761 47736 2888 602274 828672 3408 72511488 18561 283330 533644 83899432 132289 3829399616 43568 2214592512 2096 2048 559389 2415919364 49928 1115947394 4146 59842626 24576 10247 2808910865 198792 198791 3779592193 32880 23136 21774337 8 161 3242721600 560 628964 1986 402818180 196868 33626174 65538 32786 65664 38 268599300 134217728 65796 3876 8388768 148865 311429120 16641 256 276827168 196865 265 1052672 1026 8490 2315264256 8193
is_linear=0
shrinkage=0.05


Tree=85
num_leaves=63
num_cat=50
split_feature=11 11 17 17 13 14 13 13 15 2 13 15 13 16 13 14 15 14 2 13 14 15 15 3 15 13 13 13 15 13 13 2 15 14 13 1 13 14 13 3 15 13 14 14 14 13 2 3 14 13 13 16 13 13 3 2 13 15 14 13 16 17
split_gain=358126 349995 211747 206193 179236 178593 395683 352975 196963 195114 228975 297215 195401 233953 423245 240743 222292 288056 178455 173092 169708 168242 164693 177134 333599 187879 180258 167242 162857 152519 146232 153113 207382 282213 368884 301125 290339 244887 155685 278003 139065 202543 212147 163250 135734 186077 132283 259265 521329 241581 151383 162033 132258 129923 153507 161443 128292 126055 125835 180766 125369 125192
threshold=1.0000000180025095e-35 11.638688087463381 0 1 2 3 4 5 6 15.500000000000002 7 8 9 10 11 12 13 14 34.500000000000007 15 16 17 18 97.350002288818374 19 20 21 22 23 24 25 41.500000000000007 26 27 28 15176.729492187502 29 30 31 87.049999237060561 32 33 34 35 36 37 48.500000000000007 98.450000762939467 38 39 40 41 42 43 84.649997711181655 20.500000000000004 44 45 46 47 48 49
decision_type=2 2 1 1 1 1 1 1 1 2 1 1 1 1 1 1 1 1 2 1 1 1 1 2 1 1 1 1 1 1 1 2 1 1 1 2 1 1 1 2 1 1 1 1 1 1 2 2 1 1 1 1 1 1 2 2 1 1 1 1 1 1
left_child=3 29 4 5 46 7 22 21 19 10 11 -9 16 14 -14 -15 17 -11 -18 -8 -13 53 27 26 25 -25 -24 -7 -6 -2 31 -5 37 34 -34 -36 -35 38 39 -33 41 42 56 -43 45 -42 -3 50 49 -49 51 -48 -46 -1 55 -55 61 -52 59 -21 -40 -32
right_child=1 2 -4 30 28 6 8 9 -10 12 -12 20 13 15 -16 -17 18 -19 -20 58 -22 -23 23 24 -26 -27 -28 -29 -30 -31 40 32 33 36 35 -37 -38 -39 60 -41 44 43 -44 -45 52 -47 47 48 -50 -51 57 -53 -54 54 -56 -57 -58 -59 -60 -61 -62 -63
leaf_value=-0.0015160025159889814 -0.001715467570311097 -0.00091124893301762185 0.00024134049559849065 0.00060926276238152137 -0.0052841070411460576 0.011937057798336634 -0.0061946624708019253 -0.012319688407728142 -0.0064668486812010182 0.052033036827824203 -0.0043796330748851605 -0.014605911507021178 -0.0086416622566875424 0.012335302953533463 0.030920627472451348 -0.001542099885092499 0.021770530745212301 0.017979523583462241 -0.0019286789143136915 0.02756527064059925 0.03465853729497953 -0.0030963694995934932 -0.002494614369244108 0.00031000607457975636 -0.00096237895645639223 0.058747464471660349 0.0094714127443348388 -0.004266048361024951 -0.001572589185021709 -0.0075139021354345822 0.034250610103424096 0.0027569306371865235 0.0015587844605012974 -0.0066529846241379868 0.013082610995414953 0.035197214356289079 0.0076342059671230134 -0.005543372777600448 -0.011679549325976141 0.030204916831024539 0.00020266325933935279 0.0035356573527445274 0.0023763877146100046 -0.0039343393842118102 -0.0035757985782673969 -0.0074109780078171405 0.010434157968377772 0.080645439646160486 -0.0069262470205255612 -0.0012395222305813575 0.0040365153903367604 -0.0028354109689178934 0.00092354115512744089 -0.00027114607174149257 -0.0016431354772702838 0.026123167628732222 0.005228310904428486 -0.0074211235276475914 0.0019866477432922826 0.00075933904599258055 0.0052496034301359332 0.013017161707485646
leaf_weight=3039220.8659543991 20915499.427063942 88638066.595363617 497956527.29079056 102969510.18623543 43737418.746450424 2113749.129732132 4438063.6698093414 671226.7152557373 16517554.296290398 919829.99973106384 4882793.3303565979 202859.6347360611 935259.56583690643 6011779.2528915405 2439066.9953994751 6508709.3335189819 1569606.9441289902 1911607.2239637375 1608183.7786178589 1376991.1855010986 1264396.5651140213 13196257.554927826 4113867.2136831284 175176.89375782013 694335.24758148193 640337.53710174561 13395049.995868683 6458343.2622117996 91154105.556288719 24773522.86225462 1037409.1105566025 2366534.2626781464 5251254.4249382019 5886980.1275215149 6317393.1204814911 2035231.2423629761 8980274.2895736694 9724770.7171363831 1551993.1748409271 1511833.8834114075 13954422.580668449 11588865.912222862 20801026.329198837 19827308.015496254 22846092.587350845 18886546.81835556 7380998.5892791748 413223.04145431519 544254.7075138092 115187.78323841095 4328472.3095445633 3342260.4441785812 57290331.593658447 808026.77983665466 1382782.3388767242 2047095.5193767548 2737505.7177867889 5389576.463552475 5856049.3954601288 1157674.6289930344 3702585.6758842468 2098343.9759902954
leaf_count=30336 729054 1453799 6065073 1296074 753341 18352 46503 7307 174906 4203 50464 2246 9710 49812 15845 63074 11813 14945 15532 9919 7942 131711 41286 1708 6828 2386 117276 66213 1510012 927351 7802 27782 62989 77609 75825 7653 101309 125925 21178 12665 176547 141400 256718 262370 301004 257863 103341 1214 9174 1803 65417 54032 718520 8001 13684 14533 32489 91302 57249 11447 43332 23580
internal_value=1.98126e-05 -0.000611972 -0.00035078 0.00118483 -0.00155404 0.00309335 0.00118471 0.00529325 -0.00285687 0.00884907 0.00159587 0.0152397 0.0111741 0.00827034 0.0199552 0.00512121 0.0188546 0.0290424 0.00977705 0.00179113 0.0278473 0.000269492 0.00548344 0.00807689 0.024509 0.0461949 0.0066599 -0.000270597 -0.00277602 -0.0048595 0.000553329 0.00169121 0.00404512 0.00673873 0.0119428 0.0184711 0.00197691 -2.16588e-05 0.00585787 0.0134564 -0.000446403 0.00154169 0.0047458 -0.00117879 -0.00146864 -0.00417587 -5.76057e-05 0.00345942 0.0274203 0.0627957 0.00220207 0.00629826 -0.000359176 0.0063731 0.0120308 0.0186533 0.0131374 -0.00231783 0.00601502 0.0153221 0.000249394 0.020042
internal_weight=1.21639e+09 7.88689e+08 7.43e+08 4.27702e+08 2.45044e+08 1.06336e+08 5.69372e+07 4.93987e+07 2.93463e+07 2.89253e+07 7.02128e+06 2.13848e+06 2.1904e+07 1.58948e+07 3.37433e+06 1.25205e+07 6.00923e+06 2.83144e+06 3.17779e+06 1.28288e+07 1.46726e+06 2.04734e+07 2.75909e+07 1.90188e+07 1.50985e+06 815514 1.75089e+07 8.57209e+06 1.34892e+08 4.5689e+07 3.21366e+08 1.50298e+08 4.73289e+07 2.84711e+07 1.36039e+07 8.35262e+06 1.48673e+07 1.88577e+07 9.13295e+06 3.87837e+06 1.71068e+08 5.80905e+07 2.66743e+07 3.14162e+07 1.12977e+08 3.2841e+07 1.10152e+08 2.1514e+07 1.07267e+06 528411 2.04413e+07 1.07233e+07 8.01364e+07 7.27713e+06 4.2379e+06 2.85512e+06 5.87326e+06 9.71805e+06 8.39072e+06 2.53467e+06 5.25458e+06 3.13575e+06
internal_count=16800778 11764913 10108508 5035865 4043435 1005231 554073 451158 300024 252893 67959 17495 184934 138441 25555 112886 46493 19148 27345 125118 10188 198265 254049 169484 10922 4094 158562 84565 2263353 1656405 4030634 1852341 556267 325385 146467 83478 178918 230882 104957 40447 2178293 724359 320589 403770 1453934 434410 1780082 326283 12191 3017 314092 157373 1019524 66554 36218 22534 63871 156719 78615 21366 64510 31382
cat_boundaries=0 1 2 4 5 7 9 10 12 13 15 16 18 19 20 21 23 24 25 26 27 29 31 33 34 36 38 39 40 42 44 45 47 48 50 51 52 53 55 56 58 60 61 63 65 67 68 69 71 72 73
cat_threshold=12 2 1838303509 162440 160582 228438629 57638 160215637 150890 234 270532610 74244 842 5246216 16 66 302055554 45056 20740 1222 16386 2151681416 135169 16640 3084 3585 274 142910016 33056 17567744 24576 17305600 8224 99 1276445687 37918 1472263392 214307 665 622711 1161846816 259 1149273280 82176 985892 335569056 196609 2062 539364098 6720 32901 156976 201264 537987090 41484 5251 1224869889 22528 1090668564 151560 43 537004304 4612 159657988 104 395776 4608 220 98305 1342177296 66760 12 1
is_linear=0
shrinkage=0.05


Tree=86
num_leaves=63
num_cat=51
split_feature=0 1 13 14 11 0 13 0 13 14 13 17 17 13 15 0 13 14 13 11 14 13 15 0 14 13 15 14 6 13 14 14 13 13 15 14 13 13 15 13 4 13 14 13 5 13 14 13 13 14 13 13 16 15 15 17 13 15 14 13 13 13
split_gain=340711 215455 448823 209287 199441 166433 211185 151465 188398 285153 346945 355903 203828 188648 207731 150211 129752 164752 132714 130709 149255 217101 156010 304558 140654 135404 139642 146058 129641 428735 255278 185374 267982 199623 177728 128266 304229 187562 121739 120579 131691 124361 115451 171118 114560 328256 299239 311487 302168 185149 446639 336819 199075 157297 133903 125962 111674 122433 213219 344598 142695 126565
threshold=12.392510890960695 4175.7248535156259 0 1 12.393171787261965 10.848378181457521 2 14.096644878387453 3 4 5 6 7 8 9 14.622321128845217 10 11 12 10.904303073883058 13 14 15 11.972311496734621 16 17 18 19 41.500000000000007 20 21 22 23 24 25 26 27 28 29 30 1.5000000000000002 31 32 33 1750.0000000000002 34 35 36 37 38 39 40 41 42 43 44 45 46 47 48 49 50
decision_type=2 2 1 1 2 2 1 2 1 1 1 1 1 1 1 2 1 1 1 2 1 1 1 2 1 1 1 1 2 1 1 1 1 1 1 1 1 1 1 1 2 1 1 1 2 1 1 1 1 1 1 1 1 1 1 1 1 1 1 1 1 1
left_child=5 2 3 -2 7 6 -1 44 9 10 11 -9 -12 -11 -15 35 17 18 -7 24 21 -21 23 -23 25 26 -18 -28 56 30 -30 32 38 34 -33 36 -10 -37 -31 -26 -41 -42 43 -17 45 54 48 -48 -47 50 -46 52 -51 -52 -3 -53 57 58 59 -6 -60 -59
right_child=1 4 -4 -5 28 16 -8 8 15 13 12 -13 -14 14 -16 42 19 -19 -20 20 -22 22 -24 -25 39 -27 27 -29 29 31 -32 33 -34 -35 -36 37 -38 -39 -40 40 41 -43 -44 -45 49 46 47 -49 -50 51 53 55 -54 -55 -56 -57 -58 61 60 -61 -62 -63
leaf_value=-0.00075280317579107508 0.07598332992898868 -0.010649329694342567 -0.016319478249738412 -0.01089648857300405 0.011426615337257818 0.0045245667137645256 -0.018863688843050851 0.073736583450506973 0.023538597830302641 -0.0048762025814431433 0.025022147920140653 0.019162091174789238 -0.015755289182209857 0.022752969652189915 0.0045562296309487899 -0.0077206322579601435 0.0090673175390069468 -0.0033375027738165052 -0.0017129751566983009 -0.0031116379994917532 -0.0030218911427134986 -0.0019143734250203508 0.00076909183540501867 0.015530146731885597 -0.00068874715411582413 -0.0046815611416126789 0.005311966139595399 -0.0075245543209790438 0.0011253357535358595 0.026980415922545992 -0.014028156101248513 0.015538221894053322 -0.00046175127187872943 -0.007205838300684133 -0.0035823455562780586 -0.01654118418830099 -0.0074802136008344875 1.506491946959261e-05 0.0093257004102774918 0.007078007949772468 0.0086298344917547457 -0.011341523219071628 0.0018639568587507838 0.030375743694139618 -0.0057984909020136789 0.015758108366898695 -0.0079149789157971738 0.0049031154783446863 0.0029497134054281395 0.0063354696242560781 -0.0034225864538365222 0.0018194751806759253 0.00045661507549804131 0.0035456366761223096 -0.00017601111574086774 -0.0020703165086423752 -0.00043706851628317689 -0.0019406653985256873 0.004117972655897353 0.0014774102652387782 -0.001454171956467361 0.0013562487486840529
leaf_weight=3398067.1161642075 364155.01296615601 4480758.4432849884 345712.20925521851 85618.253786087036 14318027.851711273 13340250.264387131 3058300.0795145035 547398.60489654541 1489563.4857330322 2929477.401424408 664953.38800811768 657683.38470458984 568398.75116729736 2258635.4489898682 5132149.1719207764 396669.23919677734 4944547.6640634537 106279132.48773956 23638347.751028061 21938846.572007179 60192530.505857468 4231090.0195569992 18951343.781680107 6122539.1484699249 11133337.600241661 13695377.585877419 4228071.0182380676 4656593.4146375656 3834182.2303352356 1591299.8978672028 10101294.450786591 2305523.4202480316 5919067.1862640381 8597910.265625 2570138.2886161804 2397205.6884536743 1684277.2048988342 5972861.3207130432 2527218.2851257324 20767572.696361542 1264664.3169622421 2031777.1260347366 1763585.2723999023 1147305.4705123901 32484915.672927856 10370652.699890137 6294689.4885501862 19183189.376348495 8281952.9072151184 43459422.069564819 10604410.738731384 36552821.517267227 21536367.041072845 34274382.161207199 9569750.6991920471 48331905.868494034 332087473.03363228 49439448.42506218 17179776.061620712 22193101.319677353 34688985.708288193 70791290.196382523
leaf_count=156580 1363 47067 6298 1465 141345 286469 169438 495 5305 13653 1785 2297 2956 7035 20652 1634 85491 2477005 538005 537309 1481792 122661 447267 101913 216504 276824 76286 95681 42712 13108 129473 21820 66620 103533 30129 13176 8611 28589 25762 367967 21726 43406 6739 2903 330643 82178 64258 172993 76482 382870 104861 320928 202343 314378 91588 484968 3756405 565571 183151 243116 392855 781495
internal_value=4.67178e-06 0.000509024 0.0265189 0.0594451 0.000485807 -0.00138436 -0.00933173 0.00150233 0.00503857 0.00949466 0.0248725 0.0439525 0.00622961 0.00586122 0.0101172 0.00121039 -0.00122271 -0.00233733 0.000537256 -0.000305858 -0.00133351 0.000649709 0.0034656 0.0084013 0.00151995 -0.00115756 0.00233234 -0.00141586 -6.45856e-05 -0.00290967 -0.00985885 0.00120924 0.00635304 -0.0026228 0.00545909 -0.00148123 0.00707773 -0.0047267 0.0161471 0.00361378 0.00560436 -0.00367961 0.0106046 0.0205883 0.00116025 0.00313994 0.0052591 0.00173621 0.0100711 0.000653397 -0.0013331 0.00167877 0.00438751 0.00189911 -0.003516 -0.000395305 0.000132453 0.00103908 0.00245188 0.00537904 0.000391413 5.42008e-07
internal_weight=1.21585e+09 8.91976e+08 795485 449773 8.9118e+08 3.23872e+08 6.45637e+06 3.13035e+08 2.76102e+07 1.27587e+07 2.43843e+06 1.20508e+06 1.23335e+06 1.03203e+07 7.39078e+06 1.48515e+07 3.17416e+08 1.43258e+08 3.69786e+07 1.74158e+08 1.11436e+08 5.12438e+07 2.9305e+07 1.03536e+07 6.27219e+07 2.75246e+07 1.38292e+07 8.88466e+06 5.78145e+08 3.74466e+07 1.39355e+07 2.35112e+07 1.00376e+07 1.34736e+07 4.87566e+06 1.15439e+07 3.17384e+06 8.37007e+06 4.11852e+06 3.51974e+07 2.4064e+07 3.29644e+06 3.30756e+06 1.54397e+06 2.85425e+08 5.8181e+07 4.41305e+07 2.54779e+07 1.86526e+07 2.27244e+08 7.73637e+07 1.49881e+08 6.49958e+07 4.48788e+07 1.40505e+07 8.48847e+07 5.40698e+08 2.08611e+08 8.83799e+07 3.65111e+07 5.18688e+07 1.20231e+08
internal_count=16799932 9297608 9126 2828 9288482 7502324 326018 2791387 115830 48873 7533 2792 4741 41340 27687 66957 7176306 3301479 824474 3874827 2690942 1209150 671841 224574 1183885 534282 257458 171967 6497095 433157 172185 260972 105490 155482 51949 55681 13916 41765 38870 649603 433099 65132 11276 4537 2675557 534566 395911 237251 158660 2140991 749882 1391109 585213 419239 138655 805896 6063938 2307533 960467 384461 576006 1347066
cat_boundaries=0 2 3 5 7 8 10 11 12 14 15 17 18 20 21 23 24 25 27 28 29 31 32 33 35 37 38 39 41 43 44 46 48 49 51 53 54 56 58 59 61 63 64 65 66 67 69 70 71 73 75 77
cat_threshold=679485445 142675 203878 2078417462 185640 3458896499 132865 66049 134905936 257 16 3 167936080 1 448 1755955750 178546 156800 540672 43360 402718 2185233856 653 2338 601985 289416513 82949 1313 76032 1477107264 152273 331920 571168 2200182933 32 610271232 106540 1201 14416 268708224 62 272768 4122 1121 2164261121 1165 71312392 512 543845 823198728 57408 2705364560 131329 231596 9199746 584 1285382528 66158 692392 1488528661 193216 1894356353 37321 43 1216 332 10 688508485 72336 412 281379 17985 144 151552000 69632 16827969 16
is_linear=0
shrinkage=0.05


end of trees

feature_importances:
state=1543
occupancy_class=725
log_tiv=721
peril=695
tiv_x_sprinkler=392
equipment_type=385
building_age_winsor=236
sprinkler_flag=177
tiv_per_building_age=166
inspection_score_imputed=131
construction_type_imputed=99
report_lag_days=64
state_mean_loss=17
prior_claim_count=16
deductible=12
state_loss_prob=8
state_freq=5
occ_freq=2

parameters:
[boosting: gbdt]
[objective: tweedie]
[metric: rmse]
[tree_learner: serial]
[device_type: cpu]
[data_sample_strategy: bagging]
[data: ]
[valid: ]
[num_iterations: 1000]
[learning_rate: 0.05]
[num_leaves: 63]
[num_threads: 6]
[seed: 42]
[deterministic: 0]
[force_col_wise: 0]
[force_row_wise: 0]
[histogram_pool_size: -1]
[max_depth: 8]
[min_data_in_leaf: 200]
[min_sum_hessian_in_leaf: 0.001]
[bagging_fraction: 0.8]
[pos_bagging_fraction: 1]
[neg_bagging_fraction: 1]
[bagging_freq: 1]
[bagging_seed: 400]
[bagging_by_query: 0]
[feature_fraction: 0.9]
[feature_fraction_bynode: 1]
[feature_fraction_seed: 30056]
[extra_trees: 0]
[extra_seed: 12879]
[early_stopping_round: 0]
[early_stopping_min_delta: 0]
[first_metric_only: 0]
[max_delta_step: 0]
[lambda_l1: 0]
[lambda_l2: 0]
[linear_lambda: 0]
[min_gain_to_split: 0]
[drop_rate: 0.1]
[max_drop: 50]
[skip_drop: 0.5]
[xgboost_dart_mode: 0]
[uniform_drop: 0]
[drop_seed: 17869]
[top_rate: 0.2]
[other_rate: 0.1]
[min_data_per_group: 100]
[max_cat_threshold: 32]
[cat_l2: 10]
[cat_smooth: 10]
[max_cat_to_onehot: 4]
[top_k: 20]
[monotone_constraints: ]
[monotone_constraints_method: basic]
[monotone_penalty: 0]
[feature_contri: ]
[forcedsplits_filename: ]
[refit_decay_rate: 0.9]
[cegb_tradeoff: 1]
[cegb_penalty_split: 0]
[cegb_penalty_feature_lazy: ]
[cegb_penalty_feature_coupled: ]
[path_smooth: 0]
[interaction_constraints: ]
[verbosity: -1]
[saved_feature_importance_type: 0]
[use_quantized_grad: 0]
[num_grad_quant_bins: 4]
[quant_train_renew_leaf: 0]
[stochastic_rounding: 1]
[linear_tree: 0]
[max_bin: 255]
[max_bin_by_feature: ]
[min_data_in_bin: 3]
[bin_construct_sample_cnt: 200000]
[data_random_seed: 175]
[is_enable_sparse: 1]
[enable_bundle: 1]
[use_missing: 1]
[zero_as_missing: 0]
[feature_pre_filter: 1]
[pre_partition: 0]
[two_round: 0]
[header: 0]
[label_column: ]
[weight_column: ]
[group_column: ]
[ignore_column: ]
[categorical_feature: 13,14,15,16,17]
[forcedbins_filename: ]
[precise_float_parser: 0]
[parser_config_file: ]
[objective_seed: 16083]
[num_class: 1]
[is_unbalance: 0]
[scale_pos_weight: 1]
[sigmoid: 1]
[boost_from_average: 1]
[reg_sqrt: 0]
[alpha: 0.9]
[fair_c: 1]
[poisson_max_delta_step: 0.7]
[tweedie_variance_power: 1.5]
[lambdarank_truncation_level: 30]
[lambdarank_norm: 1]
[label_gain: ]
[lambdarank_position_bias_regularization: 0]
[eval_at: ]
[multi_error_top_k: 1]
[auc_mu_weights: ]
[num_machines: 1]
[local_listen_port: 12400]
[time_out: 120]
[machine_list_filename: ]
[machines: ]
[gpu_platform_id: -1]
[gpu_device_id: -1]
[gpu_use_dp: 0]
[num_gpu: 1]

end of parameters

pandas_categorical:[]
